﻿<?xml version="1.0" encoding="utf-8"?><CatapultTargetIndex><IndexEntry><Entries><IndexEntry Term="Properties"><Entries><IndexEntry Term="Raster Cube Layer"><Entries /><Links><IndexLink Title="Raster Layer and Raster Cube Layer Properties" Link="/Content/Properties/Raster_Layer_Properties.htm#kanchor262" UsedConditions="" /></Links></IndexEntry></Entries><Links /></IndexEntry><IndexEntry Term="pseudocolor layer options"><Entries /><Links><IndexLink Title="Pseudocolor Layer Options" Link="/Content/Options/Pseudocolor_Layer_Options.htm#kanchor237" UsedConditions="" /></Links></IndexEntry><IndexEntry Term="Quick-Look Data Fusion Plug-in"><Entries><IndexEntry Term="starting"><Entries /><Links><IndexLink Title="Starting the Quick-Look Data Fusion Plug-In" Link="/Content/QuickLookDataFusion/starting_the_quick-look_data_fusion_plug-in.htm#kanchor271" UsedConditions="" /></Links></IndexEntry></Entries><Links><IndexLink Title="About the Quick-Look Data Fusion Plug-In" Link="/Content/QuickLookDataFusion/about_the_quick-look_data_fusion_plug-in.htm#kanchor269" UsedConditions="" /><IndexLink Title="Tutorial: Quick-Look Data Fusion Plug-In" Link="/Content/Tutorials/tutorial_quick_look_fusion.htm#kanchor298" UsedConditions="" /></Links></IndexEntry><IndexEntry Term="Raster Cube Layer Properties"><Entries /><Links><IndexLink Title="Raster Layer and Raster Cube Layer Properties" Link="/Content/Properties/Raster_Layer_Properties.htm#kanchor262" UsedConditions="" /></Links></IndexEntry><IndexEntry Term="raster layer options"><Entries /><Links><IndexLink Title="Raster Layer Options" Link="/Content/Options/Raster_Layer_Options.htm#kanchor238" UsedConditions="" /></Links></IndexEntry><IndexEntry Term="Raster Layer Properties"><Entries /><Links><IndexLink Title="Raster Layer and Raster Cube Layer Properties" Link="/Content/Properties/Raster_Layer_Properties.htm#kanchor260" UsedConditions="" /></Links></IndexEntry><IndexEntry Term="remove"><Entries><IndexEntry Term="wizard item"><Entries /><Links><IndexLink Title="Wizard Builder: Item Menu" Link="/Content/Wizard_Builder/Wizard_Builder__Item_Menu.htm#kanchor366" UsedConditions="" /></Links></IndexEntry></Entries><Links /></IndexEntry><IndexEntry Term="results"><Entries><IndexEntry Term="export"><Entries /><Links><IndexLink Title="Export Results" Link="/Content/Importers_Exporters/Export_Results.htm#kanchor48" UsedConditions="" /></Links></IndexEntry></Entries><Links /></IndexEntry><IndexEntry Term="RMS error"><Entries /><Links><IndexLink Title="More About Georeferencing" Link="/Content/Tutorials/More_About_Georeferencing.htm#kanchor349" UsedConditions="" /></Links></IndexEntry><IndexEntry Term="ROI"><Entries><IndexEntry Term="select"><Entries /><Links><IndexLink Title="Selecting a ROI and Output Views" Link="/Content/QuickLookDataFusion/Selecting_a_ROI_and_Output_Views.htm#kanchor277" UsedConditions="" /></Links></IndexEntry></Entries><Links /></IndexEntry><IndexEntry Term="rotate"><Entries /><Links><IndexLink Title="Rotate" Link="/Content/View/Rotate.htm#kanchor63" UsedConditions="" /></Links></IndexEntry><IndexEntry Term="run"><Entries><IndexEntry Term="wizard"><Entries /><Links><IndexLink Title="Run a Wizard" Link="/Content/Wizard_Builder/Run_a_Wizard.htm#kanchor179" UsedConditions="" /></Links></IndexEntry></Entries><Links /></IndexEntry><IndexEntry Term="save"><Entries><IndexEntry Term="Histogram window data"><Entries /><Links><IndexLink Title="Save the Histogram Window Data" Link="/Content/Tools/Histogram_Window/Save_the_Histogram_Window_Data.htm#kanchor140" UsedConditions="" /></Links></IndexEntry><IndexEntry Term="session"><Entries /><Links><IndexLink Title="Save a Session" Link="/Content/Sessions/Save_a_Session.htm#kanchor112" UsedConditions="" /></Links></IndexEntry><IndexEntry Term="template"><Entries /><Links><IndexLink Title="Save a Template" Link="/Content/Products/Save_a_Template.htm#kanchor220" UsedConditions="" /></Links></IndexEntry><IndexEntry Term="wizard"><Entries /><Links><IndexLink Title="Save a Wizard" Link="/Content/Wizard_Builder/Save_a_Wizard.htm#kanchor181" UsedConditions="" /><IndexLink Title="Wizard Builder: File Menu" Link="/Content/Wizard_Builder/Wizard_Builder__File_Menu.htm#kanchor357" UsedConditions="" /></Links></IndexEntry></Entries><Links /></IndexEntry><IndexEntry Term="save as"><Entries><IndexEntry Term="wizard"><Entries /><Links><IndexLink Title="Wizard Builder: File Menu" Link="/Content/Wizard_Builder/Wizard_Builder__File_Menu.htm#kanchor356" UsedConditions="" /></Links></IndexEntry></Entries><Links /></IndexEntry><IndexEntry Term="Save Color Map"><Entries /><Links><IndexLink Title="Color Map" Link="/Content/Tools/Histogram_Window/Color_Map.htm#kanchor134" UsedConditions="" /></Links></IndexEntry><IndexEntry Term="Scale Bar Units"><Entries /><Links><IndexLink Title="Change Scale Bar Unit" Link="/Content/Annotation/Change_Scale_Bar_Unit.htm#kanchor98" UsedConditions="" /></Links></IndexEntry><IndexEntry Term="Scripting Window"><Entries><IndexEntry Term="properties"><Entries /><Links><IndexLink Title="Scripting Window Properties" Link="/Content/Properties/Scripting_Window_Properties.htm#kanchor248" UsedConditions="" /></Links></IndexEntry></Entries><Links><IndexLink Title="Scripting Window" Link="/Content/Tools/Scripting_Window.htm#kanchor142" UsedConditions="" /></Links></IndexEntry><IndexEntry Term="Security Markings"><Entries /><Links><IndexLink Title="Security Markings" Link="/Content/Tools/Security_Markings.htm#kanchor228" UsedConditions="" /></Links></IndexEntry><IndexEntry Term="select product paper size"><Entries /><Links><IndexLink Title="Select Product Paper Size" Link="/Content/Products/Select_Product_Paper_Size.htm#kanchor223" UsedConditions="" /></Links></IndexEntry><IndexEntry Term="session"><Entries><IndexEntry Term="create new"><Entries /><Links><IndexLink Title="Create a New Session" Link="/Content/Sessions/Create_a_New_Session.htm#kanchor111" UsedConditions="" /></Links></IndexEntry><IndexEntry Term="open"><Entries /><Links><IndexLink Title="Open a Session" Link="/Content/Sessions/Open_a_Session.htm#kanchor110" UsedConditions="" /></Links></IndexEntry><IndexEntry Term="save"><Entries /><Links><IndexLink Title="Save a Session" Link="/Content/Sessions/Save_a_Session.htm#kanchor112" UsedConditions="" /></Links></IndexEntry></Entries><Links /></IndexEntry><IndexEntry Term="Session Explorer"><Entries /><Links><IndexLink Title="Session Explorer" Link="/Content/Sessions/session_explorer.htm#kanchor109" UsedConditions="" /></Links></IndexEntry><IndexEntry Term="session options"><Entries /><Links><IndexLink Title="Session Options" Link="/Content/Options/Session_Options.htm#kanchor113" UsedConditions="" /></Links></IndexEntry><IndexEntry Term="Sessions"><Entries /><Links><IndexLink Title="Sessions" Link="/Content/Sessions/Sessions.htm#kanchor108" UsedConditions="" /></Links></IndexEntry><IndexEntry Term="Set Spatial Sampling"><Entries /><Links><IndexLink Title="Set Spatial Sampling" Link="/Content/Tools/Histogram_Window/Set_Spatial_Sampling.htm#kanchor129" UsedConditions="" /></Links></IndexEntry><IndexEntry Term="shape file"><Entries><IndexEntry Term="export"><Entries /><Links><IndexLink Title="Export Shape File" Link="/Content/Importers_Exporters/Export_Shape_File.htm#kanchor53" UsedConditions="" /><IndexLink Title="Tutorial: Export Shape Files" Link="/Content/Tutorials/tutorial_export_shape_files.htm#kanchor302" UsedConditions="" /></Links></IndexEntry><IndexEntry Term="import"><Entries /><Links><IndexLink Title="Import Shape File" Link="/Content/Importers_Exporters/Import_Shape_File.htm#kanchor42" UsedConditions="" /></Links></IndexEntry></Entries><Links><IndexLink Title="Tutorial: Import/Display Shape Files" Link="/Content/Tutorials/tutorial_import_display_shape_files.htm#kanchor300" UsedConditions="" /></Links></IndexEntry><IndexEntry Term="Shape File Exporter Options"><Entries /><Links><IndexLink Title="Shape File Exporter Options" Link="/Content/Importers_Exporters/Export_Data_Options/Shape_File_Exporter_Options.htm#kanchor331" UsedConditions="" /></Links></IndexEntry><IndexEntry Term="shortcut keys"><Entries><IndexEntry Term="create"><Entries /><Links><IndexLink Title="Creating Shortcut Keys" Link="/Content/Options/Creating_Shortcut_Keys.htm#kanchor340" UsedConditions="" /></Links></IndexEntry><IndexEntry Term="default"><Entries /><Links><IndexLink Title="Default Keyboard Shortcuts" Link="/Content/Options/Default_Keyboard_Shortcuts.htm#kanchor338" UsedConditions="" /></Links></IndexEntry></Entries><Links><IndexLink Title="Keyboard Shortcuts" Link="/Content/Options/Keyboard_Shortcuts.htm#kanchor5" UsedConditions="" /></Links></IndexEntry><IndexEntry Term="show layers"><Entries /><Links><IndexLink Title="Show/Hide Layers" Link="/Content/Layers/Show-Hide_Layers.htm#kanchor79" UsedConditions="" /></Links></IndexEntry><IndexEntry Term="snapshot"><Entries><IndexEntry Term="copy"><Entries /><Links><IndexLink Title="Create a Snapshot" Link="/Content/View/Copy_Snapshot.htm#kanchor71" UsedConditions="" /></Links></IndexEntry></Entries><Links /></IndexEntry><IndexEntry Term="Spatial Sampling"><Entries /><Links><IndexLink Title="Set Spatial Sampling" Link="/Content/Tools/Histogram_Window/Set_Spatial_Sampling.htm#kanchor130" UsedConditions="" /></Links></IndexEntry><IndexEntry Term="Standard Toolbar"><Entries /><Links><IndexLink Title="Standard Toolbar" Link="/Content/Toolbars/Standard_Toolbar.htm#kanchor9" UsedConditions="" /></Links></IndexEntry><IndexEntry Term="stretch type"><Entries /><Links><IndexLink Title="Stretch Type" Link="/Content/Tools/Histogram_Window/Stretch_Type.htm#kanchor123" UsedConditions="" /></Links></IndexEntry><IndexEntry Term="stretch units"><Entries /><Links><IndexLink Title="Stretch Units" Link="/Content/Tools/Histogram_Window/Stretch_Units.htm#kanchor346" UsedConditions="" /></Links></IndexEntry><IndexEntry Term="Subset tab"><Entries /><Links><IndexLink Title="Subset Tab" Link="/Content/Importers_Exporters/Options/Subset_Tab.htm#kanchor325" UsedConditions="" /></Links></IndexEntry><IndexEntry Term="template"><Entries><IndexEntry Term="load"><Entries /><Links><IndexLink Title="Load a Template" Link="/Content/Products/Load_a_Template.htm#kanchor216" UsedConditions="" /></Links></IndexEntry><IndexEntry Term="save"><Entries /><Links><IndexLink Title="Save a Template" Link="/Content/Products/Save_a_Template.htm#kanchor219" UsedConditions="" /></Links></IndexEntry></Entries><Links /></IndexEntry><IndexEntry Term="text boxes"><Entries><IndexEntry Term="annotation"><Entries /><Links><IndexLink Title="Working with Annotation Text Boxes" Link="/Content/Annotation/Working_with_Annotation_Text_Boxes.htm#kanchor99" UsedConditions="" /></Links></IndexEntry></Entries><Links /></IndexEntry><IndexEntry Term="threshold layer options"><Entries /><Links><IndexLink Title="Threshold Layer Options" Link="/Content/Options/Threshold_Layer_Options.htm#kanchor239" UsedConditions="" /></Links></IndexEntry><IndexEntry Term="Tie Point Editor"><Entries /><Links><IndexLink Title="Tie Point Editor" Link="/Content/Tie_Points/Tie_Point_Editor.htm#kanchor115" UsedConditions="" /></Links></IndexEntry><IndexEntry Term="Tie Point Layer Options"><Entries /><Links><IndexLink Title="Tie Point Layer Options" Link="/Content/Options/Tie_Point_Layer_Options.htm#kanchor240" UsedConditions="" /></Links></IndexEntry><IndexEntry Term="Tie Point Layer Properties"><Entries /><Links><IndexLink Title="Tie Point Layer Properties" Link="/Content/Properties/Tie_Point_Layer_Properties.htm#kanchor258" UsedConditions="" /></Links></IndexEntry><IndexEntry Term="Tie Point Toolbar"><Entries /><Links><IndexLink Title="Tie Point Toolbar" Link="/Content/Toolbars/Tie_Point_Toolbar.htm#kanchor20" UsedConditions="" /></Links></IndexEntry><IndexEntry Term="tie points"><Entries><IndexEntry Term="create"><Entries /><Links><IndexLink Title="Creating Tie Points" Link="/Content/QuickLookDataFusion/creating_tie_points.htm#kanchor273" UsedConditions="" /></Links></IndexEntry><IndexEntry Term="delete"><Entries /><Links><IndexLink Title="Delete Tie Points" Link="/Content/Tie_Points/Delete_Tie_Points.htm#kanchor116" UsedConditions="" /></Links></IndexEntry></Entries><Links><IndexLink Title="Tie Points" Link="/Content/Tie_Points/Tie_Points.htm#kanchor114" UsedConditions="" /></Links></IndexEntry><IndexEntry Term="toolbars"><Entries><IndexEntry Term="Animation"><Entries /><Links><IndexLink Title="Animation Toolbar" Link="/Content/Animation/Animation_Toolbar.htm#kanchor29" UsedConditions="" /></Links></IndexEntry><IndexEntry Term="Annotation"><Entries /><Links><IndexLink Title="Annotation Toolbar" Link="/Content/Toolbars/Annotation_Toolbar.htm#kanchor23" UsedConditions="" /></Links></IndexEntry><IndexEntry Term="AOI"><Entries /><Links><IndexLink Title="AOI Toolbar" Link="/Content/Toolbars/AOI_Toolbar.htm#kanchor17" UsedConditions="" /></Links></IndexEntry><IndexEntry Term="ASPAM"><Entries /><Links><IndexLink Title="ASPAM Toolbar" Link="/Content/Toolbars/ASPAM_Toolbar.htm#kanchor31" UsedConditions="" /></Links></IndexEntry><IndexEntry Term="Brightness"><Entries /><Links><IndexLink Title="Brightness Toolbar" Link="/Content/Toolbars/Brightness_Toolbar.htm#kanchor26" UsedConditions="" /></Links></IndexEntry><IndexEntry Term="Display"><Entries /><Links><IndexLink Title="Display Toolbar" Link="/Content/Toolbars/Display_Toolbar.htm#kanchor15" UsedConditions="" /></Links></IndexEntry><IndexEntry Term="displaying"><Entries /><Links><IndexLink Title="Toolbars" Link="/Content/Toolbars/Toolbars.htm#kanchor8" UsedConditions="" /></Links></IndexEntry><IndexEntry Term="Geo"><Entries /><Links><IndexLink Title="Geo Toolbar" Link="/Content/Toolbars/Geo_Toolbar.htm#kanchor19" UsedConditions="" /></Links></IndexEntry><IndexEntry Term="Measurement"><Entries /><Links><IndexLink Title="Measurement Toolbar" Link="/Content/Toolbars/Measurement_Toolbar.htm#kanchor28" UsedConditions="" /></Links></IndexEntry><IndexEntry Term="Standard"><Entries /><Links><IndexLink Title="Standard Toolbar" Link="/Content/Toolbars/Standard_Toolbar.htm#kanchor10" UsedConditions="" /></Links></IndexEntry><IndexEntry Term="Tie Point"><Entries /><Links><IndexLink Title="Tie Point Toolbar" Link="/Content/Toolbars/Tie_Point_Toolbar.htm#kanchor21" UsedConditions="" /></Links></IndexEntry><IndexEntry Term="Toolbox"><Entries /><Links><IndexLink Title="Toolbox Toolbar" Link="/Content/Toolbars/Toolbox_Toolbar.htm#kanchor13" UsedConditions="" /></Links></IndexEntry><IndexEntry Term="Wizard Builder"><Entries /><Links><IndexLink Title="Using the Wizard Builder" Link="/Content/Wizard_Builder/Using_the_Wizard_Builder.htm#kanchor155" UsedConditions="" /><IndexLink Title="Wizard Builder Toolbar" Link="/Content/Wizard_Builder/Wizard_Builder_Toolbar.htm#kanchor171" UsedConditions="" /></Links></IndexEntry></Entries><Links><IndexLink Title="Working with the Main Application Window" Link="/Content/Working_with_the_Main_Application_Window.htm#kanchor2" UsedConditions="" /><IndexLink Title="Toolbars" Link="/Content/Toolbars/Toolbars.htm#kanchor7" UsedConditions="" /></Links></IndexEntry><IndexEntry Term="Toolbox Toolbar"><Entries /><Links><IndexLink Title="Toolbox Toolbar" Link="/Content/Toolbars/Toolbox_Toolbar.htm#kanchor12" UsedConditions="" /></Links></IndexEntry><IndexEntry Term="Top + Bottom Tab"><Entries /><Links><IndexLink Title="Security Markings" Link="/Content/Tools/Security_Markings.htm#kanchor229" UsedConditions="" /></Links></IndexEntry><IndexEntry Term="tutorials"><Entries /><Links><IndexLink Title="Tutorials" Link="/Content/Tutorials/Tutorials.htm#kanchor279" UsedConditions="" /><IndexLink Title="Tutorial: Image Manipulation and Export" Link="/Content/Tutorials/Tutorial_Image_Manipulation.htm#kanchor282" UsedConditions="" /><IndexLink Title="Tutorial: Georeference, Measurement Tool, Band Math" Link="/Content/Tutorials/tutorial_georeference.htm#kanchor289" UsedConditions="" /><IndexLink Title="Tutorial: Georeference, Measurement Tool, Band Math" Link="/Content/Tutorials/tutorial_georeference.htm#kanchor290" UsedConditions="" /><IndexLink Title="Tutorial: Subsetting, AOI, and PCA" Link="/Content/Tutorials/tutorial_subsetting_aoi_pca.htm#kanchor296" UsedConditions="" /><IndexLink Title="Tutorial: Quick-Look Data Fusion Plug-In" Link="/Content/Tutorials/tutorial_quick_look_fusion.htm#kanchor298" UsedConditions="" /><IndexLink Title="Tutorial: Quick-Look Data Fusion Plug-In" Link="/Content/Tutorials/tutorial_quick_look_fusion.htm#kanchor299" UsedConditions="" /><IndexLink Title="Tutorial: Import/Display Shape Files" Link="/Content/Tutorials/tutorial_import_display_shape_files.htm#kanchor301" UsedConditions="" /><IndexLink Title="Tutorial: Export Shape Files" Link="/Content/Tutorials/tutorial_export_shape_files.htm#kanchor304" UsedConditions="" /><IndexLink Title="Tutorial: Product Mode" Link="/Content/Tutorials/tutorial_product_mode.htm#kanchor307" UsedConditions="" /><IndexLink Title="Tutorial: Wizard Builder" Link="/Content/Tutorials/tutorial_wizard_builder.htm#kanchor308" UsedConditions="" /><IndexLink Title="Tutorial: Wizard Builder" Link="/Content/Tutorials/tutorial_wizard_builder.htm#kanchor309" UsedConditions="" /><IndexLink Title="Tutorial: Run a Wizard in Batch Mode" Link="/Content/Tutorials/tutorial_batch_mode.htm#kanchor310" UsedConditions="" /><IndexLink Title="Tutorial: Run a Wizard in Batch Mode" Link="/Content/Tutorials/tutorial_batch_mode.htm#kanchor311" UsedConditions="" /></Links></IndexEntry><IndexEntry Term="type"><Entries><IndexEntry Term="wizard item"><Entries /><Links><IndexLink Title="Wizard Items" Link="/Content/Wizard_Builder/Items/Wizard_Items.htm#kanchor189" UsedConditions="" /></Links></IndexEntry></Entries><Links /></IndexEntry><IndexEntry Term="unlink"><Entries /><Links><IndexLink Title="Link/Unlink" Link="/Content/Tools/Link_Unlink.htm#kanchor68" UsedConditions="" /></Links></IndexEntry><IndexEntry Term="Update Wizard List"><Entries /><Links><IndexLink Title="Update Wizard List" Link="/Content/Wizard_Builder/Update_Wizard_List.htm#kanchor183" UsedConditions="" /></Links></IndexEntry><IndexEntry Term="using the Wizard Builder"><Entries /><Links><IndexLink Title="Using the Wizard Builder" Link="/Content/Wizard_Builder/Using_the_Wizard_Builder.htm#kanchor154" UsedConditions="" /></Links></IndexEntry><IndexEntry Term="value item"><Entries><IndexEntry Term="types"><Entries /><Links><IndexLink Title="Value Item Types" Link="/Content/Wizard_Builder/Items/Value_Item_Types.htm#kanchor368" UsedConditions="" /></Links></IndexEntry></Entries><Links><IndexLink Title="Add/Edit a Value Item" Link="/Content/Wizard_Builder/Items/Add_Edit_a_Value_Item.htm#kanchor203" UsedConditions="" /></Links></IndexEntry><IndexEntry Term="View menu"><Entries><IndexEntry Term="Wizard Builder"><Entries /><Links><IndexLink Title="Wizard Builder: View Menu" Link="/Content/Wizard_Builder/Wizard_Builder_View_Menu.htm#kanchor367" UsedConditions="" /></Links></IndexEntry></Entries><Links /></IndexEntry><IndexEntry Term="window"><Entries><IndexEntry Term="close"><Entries /><Links><IndexLink Title="Close a Window" Link="/Content/Close_a_Window.htm#kanchor73" UsedConditions="" /></Links></IndexEntry></Entries><Links /></IndexEntry><IndexEntry Term="windows options"><Entries /><Links><IndexLink Title="Windows Options" Link="/Content/Options/Windows_Options.htm#kanchor144" UsedConditions="" /></Links></IndexEntry><IndexEntry Term="windows overview options"><Entries /><Links><IndexLink Title="Windows Overview Options" Link="/Content/Options/Windows_Overview_Options.htm#kanchor145" UsedConditions="" /></Links></IndexEntry><IndexEntry Term="windows status bar options"><Entries /><Links><IndexLink Title="Windows Status Bar Options" Link="/Content/Options/Windows_Status_Bar_Options.htm#kanchor146" UsedConditions="" /></Links></IndexEntry><IndexEntry Term="windows workspace options"><Entries><IndexEntry Term="all"><Entries /><Links><IndexLink Title="Windows Workspace Options - All" Link="/Content/Options/Windows_Workspace_Options_All.htm#kanchor147" UsedConditions="" /></Links></IndexEntry><IndexEntry Term="cube"><Entries /><Links><IndexLink Title="Windows Workspace Options - Cube" Link="/Content/Options/Windows_Workspace_Options_Cube.htm#kanchor148" UsedConditions="" /></Links></IndexEntry></Entries><Links /></IndexEntry><IndexEntry Term="wizard"><Entries><IndexEntry Term="create"><Entries /><Links><IndexLink Title="Create a Wizard" Link="/Content/Wizard_Builder/Create_a_Wizard.htm#kanchor175" UsedConditions="" /></Links></IndexEntry><IndexEntry Term="execute"><Entries /><Links><IndexLink Title="Create a Wizard" Link="/Content/Wizard_Builder/Create_a_Wizard.htm#kanchor176" UsedConditions="" /></Links></IndexEntry><IndexEntry Term="execution mode"><Entries /><Links><IndexLink Title="Wizard Execution Mode" Link="/Content/Wizard_Builder/Wizard_Execution_Mode.htm#kanchor184" UsedConditions="" /></Links></IndexEntry><IndexEntry Term="menu location"><Entries /><Links><IndexLink Title="Wizard Menu Location" Link="/Content/Wizard_Builder/Wizard_Menu_Location.htm#kanchor187" UsedConditions="" /></Links></IndexEntry><IndexEntry Term="open"><Entries /><Links><IndexLink Title="Open a Wizard" Link="/Content/Wizard_Builder/Open_a_Wizard.htm#kanchor177" UsedConditions="" /></Links></IndexEntry><IndexEntry Term="run"><Entries /><Links><IndexLink Title="Run a Wizard" Link="/Content/Wizard_Builder/Run_a_Wizard.htm#kanchor180" UsedConditions="" /></Links></IndexEntry><IndexEntry Term="save"><Entries /><Links><IndexLink Title="Save a Wizard" Link="/Content/Wizard_Builder/Save_a_Wizard.htm#kanchor182" UsedConditions="" /></Links></IndexEntry></Entries><Links /></IndexEntry><IndexEntry Term="Wizard Builder"><Entries><IndexEntry Term="canvas"><Entries /><Links><IndexLink Title="Using the Wizard Builder" Link="/Content/Wizard_Builder/Using_the_Wizard_Builder.htm#kanchor165" UsedConditions="" /></Links></IndexEntry><IndexEntry Term="drop-down menus"><Entries /><Links><IndexLink Title="Using the Wizard Builder" Link="/Content/Wizard_Builder/Using_the_Wizard_Builder.htm#kanchor163" UsedConditions="" /></Links></IndexEntry><IndexEntry Term="Edit menu"><Entries /><Links><IndexLink Title="Wizard Builder: Edit Menu" Link="/Content/Wizard_Builder/Wizard_Builder__Edit_Menu.htm#kanchor354" UsedConditions="" /></Links></IndexEntry><IndexEntry Term="File menu"><Entries /><Links><IndexLink Title="Wizard Builder: File Menu" Link="/Content/Wizard_Builder/Wizard_Builder__File_Menu.htm#kanchor360" UsedConditions="" /></Links></IndexEntry><IndexEntry Term="Item Menu"><Entries /><Links><IndexLink Title="Wizard Builder: Item Menu" Link="/Content/Wizard_Builder/Wizard_Builder__Item_Menu.htm#kanchor365" UsedConditions="" /></Links></IndexEntry><IndexEntry Term="open"><Entries /><Links><IndexLink Title="Using the Wizard Builder" Link="/Content/Wizard_Builder/Using_the_Wizard_Builder.htm#kanchor161" UsedConditions="" /></Links></IndexEntry><IndexEntry Term="properties"><Entries /><Links><IndexLink Title="Using the Wizard Builder" Link="/Content/Wizard_Builder/Using_the_Wizard_Builder.htm#kanchor169" UsedConditions="" /></Links></IndexEntry><IndexEntry Term="toolbar"><Entries /><Links><IndexLink Title="Using the Wizard Builder" Link="/Content/Wizard_Builder/Using_the_Wizard_Builder.htm#kanchor166" UsedConditions="" /><IndexLink Title="Wizard Builder Toolbar" Link="/Content/Wizard_Builder/Wizard_Builder_Toolbar.htm#kanchor172" UsedConditions="" /></Links></IndexEntry><IndexEntry Term="using"><Entries /><Links><IndexLink Title="Using the Wizard Builder" Link="/Content/Wizard_Builder/Using_the_Wizard_Builder.htm#kanchor160" UsedConditions="" /></Links></IndexEntry><IndexEntry Term="window"><Entries /><Links><IndexLink Title="Using the Wizard Builder" Link="/Content/Wizard_Builder/Using_the_Wizard_Builder.htm#kanchor162" UsedConditions="" /></Links></IndexEntry></Entries><Links><IndexLink Title="Using the Wizard Builder" Link="/Content/Wizard_Builder/Using_the_Wizard_Builder.htm#kanchor159" UsedConditions="" /><IndexLink Title="Tutorial: Wizard Builder" Link="/Content/Tutorials/tutorial_wizard_builder.htm#kanchor308" UsedConditions="" /></Links></IndexEntry><IndexEntry Term="Wizard Builder View Menu"><Entries /><Links><IndexLink Title="Wizard Builder: View Menu" Link="/Content/Wizard_Builder/Wizard_Builder_View_Menu.htm#kanchor367" UsedConditions="" /></Links></IndexEntry><IndexEntry Term="wizard canvas"><Entries /><Links><IndexLink Title="Using the Wizard Builder" Link="/Content/Wizard_Builder/Using_the_Wizard_Builder.htm#kanchor164" UsedConditions="" /></Links></IndexEntry><IndexEntry Term="Wizard Canvas"><Entries /><Links><IndexLink Title="Using the Wizard Builder" Link="/Content/Wizard_Builder/Using_the_Wizard_Builder.htm#kanchor168" UsedConditions="" /></Links></IndexEntry><IndexEntry Term="Wizard Item Palette"><Entries /><Links><IndexLink Title="Using the Wizard Builder" Link="/Content/Wizard_Builder/Using_the_Wizard_Builder.htm#kanchor167" UsedConditions="" /></Links></IndexEntry><IndexEntry Term="Wizard Item Properties"><Entries /><Links><IndexLink Title="Using the Wizard Builder" Link="/Content/Wizard_Builder/Using_the_Wizard_Builder.htm#kanchor170" UsedConditions="" /></Links></IndexEntry><IndexEntry Term="wizard items"><Entries><IndexEntry Term="connect"><Entries /><Links><IndexLink Title="Connect Wizard Items" Link="/Content/Wizard_Builder/Items/Connect_Wizard_Items.htm#kanchor206" UsedConditions="" /></Links></IndexEntry><IndexEntry Term="execution mode"><Entries /><Links><IndexLink Title="Wizard Items" Link="/Content/Wizard_Builder/Items/Wizard_Items.htm#kanchor195" UsedConditions="" /><IndexLink Title="Execution Mode of Wizard Items" Link="/Content/Wizard_Builder/Items/Execution_Mode_of_Wizard_Items.htm#kanchor209" UsedConditions="" /></Links></IndexEntry><IndexEntry Term="name"><Entries /><Links><IndexLink Title="Wizard Items" Link="/Content/Wizard_Builder/Items/Wizard_Items.htm#kanchor194" UsedConditions="" /></Links></IndexEntry><IndexEntry Term="value"><Entries /><Links><IndexLink Title="Add/Edit a Value Item" Link="/Content/Wizard_Builder/Items/Add_Edit_a_Value_Item.htm#kanchor204" UsedConditions="" /></Links></IndexEntry></Entries><Links><IndexLink Title="Wizard Items" Link="/Content/Wizard_Builder/Items/Wizard_Items.htm#kanchor191" UsedConditions="" /></Links></IndexEntry><IndexEntry Term="Wizard List update"><Entries /><Links><IndexLink Title="Update Wizard List" Link="/Content/Wizard_Builder/Update_Wizard_List.htm#kanchor183" UsedConditions="" /></Links></IndexEntry><IndexEntry Term="zoom"><Entries><IndexEntry Term="custom"><Entries /><Links><IndexLink Title="Custom Zoom" Link="/Content/Tools/Histogram_Window/Custom_Zoom.htm#kanchor136" UsedConditions="" /></Links></IndexEntry></Entries><Links><IndexLink Title="Zoom" Link="/Content/View/Zoom.htm#kanchor64" UsedConditions="" /></Links></IndexEntry></Entries></IndexEntry></CatapultTargetIndex>