﻿<?xml version="1.0" encoding="utf-8"?><CatapultTargetIndex><IndexEntry><Entries><IndexEntry Term="distance units"><Entries /><Links><IndexLink Title="Distance Units" Link="/Content/Toolbars/Distance_Units.htm#kanchor356" UsedConditions="" LocalConditions="" /></Links><SeeAlsoLinks /><IndexControlLinks /></IndexEntry><IndexEntry Term="dock window"><Entries /><Links><IndexLink Title="Moving and Hiding a Dock Window" Link="/Content/Tools/Histogram_Window/Moving_and_Hiding_a_Dock_Window.htm#kanchor124" UsedConditions="" LocalConditions="" /></Links><SeeAlsoLinks /><IndexControlLinks /></IndexEntry><IndexEntry Term="drop-down menus"><Entries><IndexEntry Term="Annotation"><Entries /><Links><IndexLink Title="Annotation Drop-Down Menu" Link="/Content/Annotation/Annotation_Drop-Down_Menu.htm#kanchor101" UsedConditions="" LocalConditions="" /></Links><SeeAlsoLinks /><IndexControlLinks /></IndexEntry><IndexEntry Term="Wizard Builder"><Entries /><Links><IndexLink Title="Using the Wizard Builder" Link="/Content/Wizard_Builder/Using_the_Wizard_Builder.htm#kanchor165" UsedConditions="" LocalConditions="" /></Links><SeeAlsoLinks /><IndexControlLinks /></IndexEntry></Entries><Links><IndexLink Title="Working with the Main Application Window" Link="/Content/Working_with_the_Main_Application_Window.htm#kanchor3" UsedConditions="" LocalConditions="" /></Links><SeeAlsoLinks /><IndexControlLinks /></IndexEntry><IndexEntry Term="edit"><Entries><IndexEntry Term="color"><Entries /><Links><IndexLink Title="Edit Color" Link="/Content/Edit_Color.htm#kanchor321" UsedConditions="" LocalConditions="" /></Links><SeeAlsoLinks /><IndexControlLinks /></IndexEntry><IndexEntry Term="Color Map"><Entries /><Links><IndexLink Title="Create/Edit Color Map" Link="/Content/Tools/Histogram_Window/Create_Edit_Color_Map.htm#kanchor141" UsedConditions="" LocalConditions="" /></Links><SeeAlsoLinks /><IndexControlLinks /></IndexEntry><IndexEntry Term="selected view"><Entries /><Links><IndexLink Title="Edit Selected View" Link="/Content/Products/Edit_Selected_View.htm#kanchor225" UsedConditions="" LocalConditions="" /></Links><SeeAlsoLinks /><IndexControlLinks /></IndexEntry><IndexEntry Term="Value item"><Entries /><Links><IndexLink Title="Add/Edit a Value Item" Link="/Content/Wizard_Builder/Items/Add_Edit_a_Value_Item.htm#kanchor208" UsedConditions="" LocalConditions="" /></Links><SeeAlsoLinks /><IndexControlLinks /></IndexEntry></Entries><Links /><SeeAlsoLinks /><IndexControlLinks /></IndexEntry><IndexEntry Term="Edit menu"><Entries><IndexEntry Term="Wizard Builder"><Entries /><Links><IndexLink Title="Wizard Builder: Edit Menu" Link="/Content/Wizard_Builder/Wizard_Builder__Edit_Menu.htm#kanchor366" UsedConditions="" LocalConditions="" /></Links><SeeAlsoLinks /><IndexControlLinks /></IndexEntry></Entries><Links /><SeeAlsoLinks /><IndexControlLinks /></IndexEntry><IndexEntry Term="edit mode off"><Entries /><Links><IndexLink Title="Edit Mode Off" Link="/Content/View/Edit_Mode_Off.htm#kanchor65" UsedConditions="" LocalConditions="" /></Links><SeeAlsoLinks /><IndexControlLinks /></IndexEntry><IndexEntry Term="ENVI"><Entries /><Links><IndexLink Title="ENVI Importer" Link="/Content/Importers_Exporters/ENVI_Importer.htm#kanchor56" UsedConditions="" LocalConditions="" /><IndexLink Title="ENVI Library Importer" Link="/Content/Importers_Exporters/ENVI_Library_Importer.htm#kanchor57" UsedConditions="" LocalConditions="" /><IndexLink Title="ENVI Library Exporter" Link="/Content/Importers_Exporters/ENVI_Library_Exporter.htm#kanchor58" UsedConditions="" LocalConditions="" /><IndexLink Title="ENVI Header Format" Link="/Content/Importers_Exporters/ENVI_Header_Format.htm#kanchor328" UsedConditions="" LocalConditions="" /></Links><SeeAlsoLinks /><IndexControlLinks /></IndexEntry><IndexEntry Term="ENVI Exporter Options"><Entries /><Links><IndexLink Title="ENVI Exporter Options" Link="/Content/Importers_Exporters/Export_Data_Options/ENVI_Exporter_Options.htm#kanchor339" UsedConditions="" LocalConditions="" /></Links><SeeAlsoLinks /><IndexControlLinks /></IndexEntry><IndexEntry Term="execute a wizard"><Entries /><Links><IndexLink Title="Create a Wizard" Link="/Content/Wizard_Builder/Create_a_Wizard.htm#kanchor180" UsedConditions="" LocalConditions="" /></Links><SeeAlsoLinks /><IndexControlLinks /></IndexEntry><IndexEntry Term="execution mode"><Entries><IndexEntry Term="wizard item"><Entries /><Links><IndexLink Title="Wizard Items" Link="/Content/Wizard_Builder/Items/Wizard_Items.htm#kanchor195" UsedConditions="" LocalConditions="" /><IndexLink Title="Execution Mode of Wizard Items" Link="/Content/Wizard_Builder/Items/Execution_Mode_of_Wizard_Items.htm#kanchor217" UsedConditions="" LocalConditions="" /></Links><SeeAlsoLinks /><IndexControlLinks /></IndexEntry><IndexEntry Term="wizards"><Entries /><Links><IndexLink Title="Wizard Execution Mode" Link="/Content/Wizard_Builder/Wizard_Execution_Mode.htm#kanchor192" UsedConditions="" LocalConditions="" /></Links><SeeAlsoLinks /><IndexControlLinks /></IndexEntry></Entries><Links><IndexLink Title="Execution Mode of Wizard Items" Link="/Content/Wizard_Builder/Items/Execution_Mode_of_Wizard_Items.htm#kanchor215" UsedConditions="" LocalConditions="" /></Links><SeeAlsoLinks /><IndexControlLinks /></IndexEntry><IndexEntry Term="execution order number"><Entries /><Links><IndexLink Title="Wizard Items" Link="/Content/Wizard_Builder/Items/Wizard_Items.htm#kanchor199" UsedConditions="" LocalConditions="" /></Links><SeeAlsoLinks /><IndexControlLinks /></IndexEntry><IndexEntry Term="export"><Entries><IndexEntry Term="data set"><Entries /><Links><IndexLink Title="Export Data Set" Link="/Content/Importers_Exporters/Export_Data_Set.htm#kanchor44" UsedConditions="" LocalConditions="" /></Links><SeeAlsoLinks /><IndexControlLinks /></IndexEntry><IndexEntry Term="product data"><Entries /><Links><IndexLink Title="Export Product Data" Link="/Content/Importers_Exporters/Export_Product_Data.htm#kanchor50" UsedConditions="" LocalConditions="" /></Links><SeeAlsoLinks /><IndexControlLinks /></IndexEntry><IndexEntry Term="results"><Entries /><Links><IndexLink Title="Export Results" Link="/Content/Importers_Exporters/Export_Results.htm#kanchor48" UsedConditions="" LocalConditions="" /></Links><SeeAlsoLinks /><IndexControlLinks /></IndexEntry><IndexEntry Term="shape file"><Entries /><Links><IndexLink Title="Export Shape File" Link="/Content/Importers_Exporters/Export_Shape_File.htm#kanchor53" UsedConditions="" LocalConditions="" /><IndexLink Title="Tutorial: Export Shape Files" Link="/Content/Tutorials/tutorial_export_shape_files.htm#kanchor310" UsedConditions="" LocalConditions="" /></Links><SeeAlsoLinks /><IndexControlLinks /></IndexEntry></Entries><Links><IndexLink Title="Tutorial: Image Manipulation and Export" Link="/Content/Tutorials/Tutorial_Image_Manipulation.htm#kanchor288" UsedConditions="" LocalConditions="" /><IndexLink Title="Tutorial: Georeference, Measurement Tool, Band Math" Link="/Content/Tutorials/tutorial_georeference.htm#kanchor295" UsedConditions="" LocalConditions="" /></Links><SeeAlsoLinks /><IndexControlLinks /></IndexEntry><IndexEntry Term="export options"><Entries /><Links><IndexLink Title="Export Options" Link="/Content/Options/Export_Options.htm#kanchor237" UsedConditions="" LocalConditions="" /></Links><SeeAlsoLinks /><IndexControlLinks /></IndexEntry><IndexEntry Term="export primary raster element"><Entries /><Links><IndexLink Title="Export Primary Raster Element" Link="/Content/Importers_Exporters/Export_Primary_Raster_Element.htm#kanchor54" UsedConditions="" LocalConditions="" /></Links><SeeAlsoLinks /><IndexControlLinks /></IndexEntry><IndexEntry Term="Exporters"><Entries><IndexEntry Term="data set"><Entries /><Links><IndexLink Title="Data Set Exporters" Link="/Content/Importers_Exporters/Export_Data_Options/Data_Set_Exporters.htm#kanchor46" UsedConditions="" LocalConditions="" /></Links><SeeAlsoLinks /><IndexControlLinks /></IndexEntry><IndexEntry Term="product data"><Entries /><Links><IndexLink Title="Product Data Exporters" Link="/Content/Importers_Exporters/Export_Product_Options/Product_Data_Exporters.htm#kanchor51" UsedConditions="" LocalConditions="" /></Links><SeeAlsoLinks /><IndexControlLinks /></IndexEntry></Entries><Links /><SeeAlsoLinks /><IndexControlLinks /></IndexEntry><IndexEntry Term="file"><Entries><IndexEntry Term="open"><Entries /><Links><IndexLink Title="Import Data" Link="/Content/Importers_Exporters/Import_Data.htm#kanchor34" UsedConditions="" LocalConditions="" /><IndexLink Title="Open Files When Opticks Starts" Link="/Content/Open_Files_When_Opticks_Starts.htm#kanchor37" UsedConditions="" LocalConditions="" /></Links><SeeAlsoLinks /><IndexControlLinks /></IndexEntry></Entries><Links /><SeeAlsoLinks /><IndexControlLinks /></IndexEntry><IndexEntry Term="File menu"><Entries><IndexEntry Term="Wizard Builder"><Entries /><Links><IndexLink Title="Wizard Builder: File Menu" Link="/Content/Wizard_Builder/Wizard_Builder__File_Menu.htm#kanchor372" UsedConditions="" LocalConditions="" /></Links><SeeAlsoLinks /><IndexControlLinks /></IndexEntry></Entries><Links /><SeeAlsoLinks /><IndexControlLinks /></IndexEntry><IndexEntry Term="File tab"><Entries /><Links><IndexLink Title="File Tab" Link="/Content/Importers_Exporters/Options/File_Tab.htm#kanchor332" UsedConditions="" LocalConditions="" /></Links><SeeAlsoLinks /><IndexControlLinks /></IndexEntry><IndexEntry Term="flatten annotation layer"><Entries /><Links><IndexLink Title="Flatten Annotation Layer" Link="/Content/General_Algorithms/Flatten_Annotation_Layer.htm#kanchor109" UsedConditions="" LocalConditions="" /></Links><SeeAlsoLinks /><IndexControlLinks /></IndexEntry><IndexEntry Term="frame speed"><Entries /><Links><IndexLink Title="Frame Speed" Link="/Content/Animation/Frame_Speed.htm#kanchor234" UsedConditions="" LocalConditions="" /></Links><SeeAlsoLinks /><IndexControlLinks /></IndexEntry><IndexEntry Term="fused views"><Entries /><Links><IndexLink Title="Manipulating Fused Views" Link="/Content/QuickLookDataFusion/manipulating_fused_views.htm#kanchor284" UsedConditions="" LocalConditions="" /></Links><SeeAlsoLinks /><IndexControlLinks /></IndexEntry><IndexEntry Term="GCP"><Entries><IndexEntry Term="GCP Editor"><Entries /><Links><IndexLink Title="GCP Editor" Link="/Content/Geo/GCP_Editor.htm#kanchor112" UsedConditions="" LocalConditions="" /></Links><SeeAlsoLinks /><IndexControlLinks /></IndexEntry><IndexEntry Term="layer properties"><Entries /><Links><IndexLink Title="GCP Layer Properties" Link="/Content/Properties/GCP_Layer_Properties.htm#kanchor258" UsedConditions="" LocalConditions="" /></Links><SeeAlsoLinks /><IndexControlLinks /></IndexEntry></Entries><Links><IndexLink Title="GCP" Link="/Content/Geo/GCP.htm#kanchor111" UsedConditions="" LocalConditions="" /><IndexLink Title="More About Georeferencing" Link="/Content/Tutorials/More_About_Georeferencing.htm#kanchor361" UsedConditions="" LocalConditions="" /></Links><SeeAlsoLinks /><IndexControlLinks /></IndexEntry><IndexEntry Term="GCP Layer options"><Entries /><Links><IndexLink Title="GCP Layer Options" Link="/Content/Options/GCP_Layer_Options.htm#kanchor242" UsedConditions="" LocalConditions="" /></Links><SeeAlsoLinks /><IndexControlLinks /></IndexEntry><IndexEntry Term="GCP lists"><Entries /><Links><IndexLink Title="GCP Lists" Link="/Content/Geo/GCP_Lists.htm#kanchor113" UsedConditions="" LocalConditions="" /></Links><SeeAlsoLinks /><IndexControlLinks /></IndexEntry><IndexEntry Term="GCP polynomial order"><Entries /><Links><IndexLink Title="GCP Polynomial Order" Link="/Content/Geo/gcp_polynomial_order.htm#kanchor324" UsedConditions="" LocalConditions="" /></Links><SeeAlsoLinks /><IndexControlLinks /></IndexEntry><IndexEntry Term="General Algorithms Toolbar"><Entries /><Links><IndexLink Title="General Algorithms Toolbar" Link="/Content/Toolbars/General_Algorithms_Toolbar.htm#kanchor32" UsedConditions="" LocalConditions="" /></Links><SeeAlsoLinks /><IndexControlLinks /></IndexEntry><IndexEntry Term="generate image"><Entries /><Links><IndexLink Title="Generate Full Image" Link="/Content/View/Generate_Full_Image.htm#kanchor70" UsedConditions="" LocalConditions="" /></Links><SeeAlsoLinks /><IndexControlLinks /></IndexEntry><IndexEntry Term="Geo toolbar"><Entries /><Links><IndexLink Title="Geo Toolbar" Link="/Content/Toolbars/Geo_Toolbar.htm#kanchor18" UsedConditions="" LocalConditions="" /></Links><SeeAlsoLinks /><IndexControlLinks /></IndexEntry><IndexEntry Term="Geographic Features"><Entries /><Links><IndexLink Title="Geographic Features" Link="/Content/Geographic_Features/Geographic_Features.htm#kanchor158" UsedConditions="" LocalConditions="" /></Links><SeeAlsoLinks /><IndexControlLinks /></IndexEntry><IndexEntry Term="Geographic Features Toolbar"><Entries /><Links><IndexLink Title="Geographic Features Toolbar" Link="/Content/Toolbars/Geographic_Features_Toolbar.htm#kanchor33" UsedConditions="" LocalConditions="" /></Links><SeeAlsoLinks /><IndexControlLinks /></IndexEntry><IndexEntry Term="georeference"><Entries /><Links><IndexLink Title="Georeference" Link="/Content/Geo/Georeference.htm#kanchor157" UsedConditions="" LocalConditions="" /><IndexLink Title="Tutorial: Georeference, Measurement Tool, Band Math" Link="/Content/Tutorials/tutorial_georeference.htm#kanchor294" UsedConditions="" LocalConditions="" /></Links><SeeAlsoLinks /><IndexControlLinks /></IndexEntry><IndexEntry Term="georeferencing"><Entries /><Links><IndexLink Title="More About Georeferencing" Link="/Content/Tutorials/More_About_Georeferencing.htm#kanchor360" UsedConditions="" LocalConditions="" /></Links><SeeAlsoLinks /><IndexControlLinks /></IndexEntry><IndexEntry Term="GeoTIFF Exporter Options"><Entries /><Links><IndexLink Title="GeoTIFF Exporter Options" Link="/Content/Importers_Exporters/Export_Data_Options/GeoTIFF_Exporter_Options.htm#kanchor340" UsedConditions="" LocalConditions="" /></Links><SeeAlsoLinks /><IndexControlLinks /></IndexEntry><IndexEntry Term="GeoTIFF View Exporter Options"><Entries /><Links><IndexLink Title="GeoTIFF View Exporter Options" Link="/Content/Importers_Exporters/Export_Product_Options/GeoTIFF_View_Exporter_Options.htm#kanchor347" UsedConditions="" LocalConditions="" /></Links><SeeAlsoLinks /><IndexControlLinks /></IndexEntry><IndexEntry Term="gridlines"><Entries /><Links><IndexLink Title="Display Gridlines on a Plot" Link="/Content/Tools/Histogram_Window/Display_Gridlines_on_a_Plot.htm#kanchor125" UsedConditions="" LocalConditions="" /></Links><SeeAlsoLinks /><IndexControlLinks /></IndexEntry><IndexEntry Term="ground control point"><Entries /><Links><IndexLink Title="More About Georeferencing" Link="/Content/Tutorials/More_About_Georeferencing.htm#kanchor361" UsedConditions="" LocalConditions="" /></Links><SeeAlsoLinks /><IndexControlLinks /></IndexEntry><IndexEntry Term="hide layers"><Entries /><Links><IndexLink Title="Show/Hide Layers" Link="/Content/Layers/Show-Hide_Layers.htm#kanchor84" UsedConditions="" LocalConditions="" /></Links><SeeAlsoLinks /><IndexControlLinks /></IndexEntry><IndexEntry Term="histogram plot"><Entries><IndexEntry Term="activate"><Entries /><Links><IndexLink Title="Activate a Histogram Plot" Link="/Content/Tools/Histogram_Window/Activate_a_Histogram_Plot.htm#kanchor127" UsedConditions="" LocalConditions="" /></Links><SeeAlsoLinks /><IndexControlLinks /></IndexEntry></Entries><Links /><SeeAlsoLinks /><IndexControlLinks /></IndexEntry><IndexEntry Term="histogram window"><Entries><IndexEntry Term="mouse mode"><Entries /><Links><IndexLink Title="Histogram Window Mouse Mode" Link="/Content/Tools/Histogram_Window/Histogram_Window_Mouse_Mode.htm#kanchor132" UsedConditions="" LocalConditions="" /></Links><SeeAlsoLinks /><IndexControlLinks /></IndexEntry><IndexEntry Term="print"><Entries /><Links><IndexLink Title="Print the Histogram Window" Link="/Content/Tools/Histogram_Window/Print_the_Histogram_Window.htm#kanchor145" UsedConditions="" LocalConditions="" /></Links><SeeAlsoLinks /><IndexControlLinks /></IndexEntry><IndexEntry Term="properties"><Entries /><Links><IndexLink Title="Histogram Window Properties" Link="/Content/Properties/Histogram_Window_Properties.htm#kanchor254" UsedConditions="" LocalConditions="" /></Links><SeeAlsoLinks /><IndexControlLinks /></IndexEntry><IndexEntry Term="save data"><Entries /><Links><IndexLink Title="Save the Histogram Window Data" Link="/Content/Tools/Histogram_Window/Save_the_Histogram_Window_Data.htm#kanchor147" UsedConditions="" LocalConditions="" /></Links><SeeAlsoLinks /><IndexControlLinks /></IndexEntry><IndexEntry Term="stretch type"><Entries /><Links><IndexLink Title="Stretch Type" Link="/Content/Tools/Histogram_Window/Stretch_Type.htm#kanchor128" UsedConditions="" LocalConditions="" /></Links><SeeAlsoLinks /><IndexControlLinks /></IndexEntry></Entries><Links><IndexLink Title="Histogram Window" Link="/Content/Tools/Histogram_Window/Histogram_Window.htm#kanchor126" UsedConditions="" LocalConditions="" /><IndexLink Title="Working with the Histogram Window Display" Link="/Content/Tools/Histogram_Window/Working_with_the_Histogram_Window_Display.htm#kanchor130" UsedConditions="" LocalConditions="" /><IndexLink Title="Tutorial: Image Manipulation and Export" Link="/Content/Tutorials/Tutorial_Image_Manipulation.htm#kanchor292" UsedConditions="" LocalConditions="" /></Links><SeeAlsoLinks /><IndexControlLinks /></IndexEntry><IndexEntry Term="Ice Exporter options"><Entries /><Links><IndexLink Title="Ice Exporter Options" Link="/Content/Importers_Exporters/Export_Data_Options/Ice_Exporter_Options.htm#kanchor341" UsedConditions="" LocalConditions="" /></Links><SeeAlsoLinks /><IndexControlLinks /></IndexEntry><IndexEntry Term="Image Chipping Window"><Entries /><Links><IndexLink Title="Image Chipping Window" Link="/Content/Tools/Image_Chipping_Window.htm#kanchor75" UsedConditions="" LocalConditions="" /><IndexLink Title="Tutorial: Image Manipulation and Export" Link="/Content/Tutorials/Tutorial_Image_Manipulation.htm#kanchor291" UsedConditions="" LocalConditions="" /></Links><SeeAlsoLinks /><IndexControlLinks /></IndexEntry><IndexEntry Term="Image Display Area"><Entries /><Links><IndexLink Title="Working with the Main Application Window" Link="/Content/Working_with_the_Main_Application_Window.htm#kanchor4" UsedConditions="" LocalConditions="" /></Links><SeeAlsoLinks /><IndexControlLinks /></IndexEntry><IndexEntry Term="image manipulation"><Entries /><Links><IndexLink Title="Tutorial: Image Manipulation and Export" Link="/Content/Tutorials/Tutorial_Image_Manipulation.htm#kanchor287" UsedConditions="" LocalConditions="" /></Links><SeeAlsoLinks /><IndexControlLinks /></IndexEntry><IndexEntry Term="import data file"><Entries /><Links><IndexLink Title="Import Data" Link="/Content/Importers_Exporters/Import_Data.htm#kanchor36" UsedConditions="" LocalConditions="" /></Links><SeeAlsoLinks /><IndexControlLinks /></IndexEntry><IndexEntry Term="Import data options"><Entries><IndexEntry Term="Data tab"><Entries /><Links><IndexLink Title="Data Tab" Link="/Content/Importers_Exporters/Options/Data_Tab.htm#kanchor330" UsedConditions="" LocalConditions="" /></Links><SeeAlsoLinks /><IndexControlLinks /></IndexEntry><IndexEntry Term="Subset tab"><Entries /><Links><IndexLink Title="Subset Tab" Link="/Content/Importers_Exporters/Options/Subset_Tab.htm#kanchor334" UsedConditions="" LocalConditions="" /></Links><SeeAlsoLinks /><IndexControlLinks /></IndexEntry><IndexEntry Term="Wavelengths Tab"><Entries /><Links><IndexLink Title="Wavelengths Tab: Import Options" Link="/Content/Importers_Exporters/Options/Wavelengths_Tab_Import_Options.htm#kanchor331" UsedConditions="" LocalConditions="" /></Links><SeeAlsoLinks /><IndexControlLinks /></IndexEntry></Entries><Links><IndexLink Title="Import Options" Link="/Content/Importers_Exporters/Options/Import_Data_Options.htm#kanchor55" UsedConditions="" LocalConditions="" /></Links><SeeAlsoLinks /><IndexControlLinks /></IndexEntry><IndexEntry Term="Import data set"><Entries /><Links><IndexLink Title="About Importing Data Sets" Link="/Content/Importers_Exporters/Options/About_Importing_Data_Sets.htm#kanchor338" UsedConditions="" LocalConditions="" /></Links><SeeAlsoLinks /><IndexControlLinks /></IndexEntry><IndexEntry Term="Import Options"><Entries /><Links><IndexLink Title="Import Options" Link="/Content/Options/Import_Options.htm#kanchor238" UsedConditions="" LocalConditions="" /></Links><SeeAlsoLinks /><IndexControlLinks /></IndexEntry><IndexEntry Term="import shape file"><Entries /><Links><IndexLink Title="Import Shape File" Link="/Content/Importers_Exporters/Import_Shape_File.htm#kanchor40" UsedConditions="" LocalConditions="" /></Links><SeeAlsoLinks /><IndexControlLinks /></IndexEntry><IndexEntry Term="importer"><Entries><IndexEntry Term="ASPAM file"><Entries /><Links><IndexLink Title="Import ASPAM File" Link="/Content/Importers_Exporters/Import_ASPAM_File.htm#kanchor329" UsedConditions="" LocalConditions="" /></Links><SeeAlsoLinks /><IndexControlLinks /></IndexEntry></Entries><Links /><SeeAlsoLinks /><IndexControlLinks /></IndexEntry><IndexEntry Term="Importers"><Entries /><Links><IndexLink Title="Importers" Link="/Content/Importers_Exporters/Importers.htm#kanchor39" UsedConditions="" LocalConditions="" /></Links><SeeAlsoLinks /><IndexControlLinks /></IndexEntry><IndexEntry Term="increase order of wizard items"><Entries /><Links><IndexLink Title="Wizard Builder: Item Menu" Link="/Content/Wizard_Builder/Wizard_Builder__Item_Menu.htm#kanchor376" UsedConditions="" LocalConditions="" /></Links><SeeAlsoLinks /><IndexControlLinks /></IndexEntry><IndexEntry Term="interactive mode"><Entries /><Links><IndexLink Title="Wizard Items" Link="/Content/Wizard_Builder/Items/Wizard_Items.htm#kanchor204" UsedConditions="" LocalConditions="" /></Links><SeeAlsoLinks /><IndexControlLinks /></IndexEntry><IndexEntry Term="Item menu"><Entries><IndexEntry Term="Wizard Builder"><Entries /><Links><IndexLink Title="Wizard Builder: Item Menu" Link="/Content/Wizard_Builder/Wizard_Builder__Item_Menu.htm#kanchor377" UsedConditions="" LocalConditions="" /></Links><SeeAlsoLinks /><IndexControlLinks /></IndexEntry></Entries><Links /><SeeAlsoLinks /><IndexControlLinks /></IndexEntry><IndexEntry Term="items"><Entries><IndexEntry Term="value"><Entries /><Links><IndexLink Title="Add/Edit a Value Item" Link="/Content/Wizard_Builder/Items/Add_Edit_a_Value_Item.htm#kanchor209" UsedConditions="" LocalConditions="" /></Links><SeeAlsoLinks /><IndexControlLinks /></IndexEntry></Entries><Links /><SeeAlsoLinks /><IndexControlLinks /></IndexEntry><IndexEntry Term="JPEG Exporter"><Entries /><Links><IndexLink Title="Tutorial: Georeference, Measurement Tool, Band Math" Link="/Content/Tutorials/tutorial_georeference.htm#kanchor300" UsedConditions="" LocalConditions="" /><IndexLink Title="JPEG View Exporter Options" Link="/Content/Importers_Exporters/Export_Product_Options/JPEG_View_Exporter_Options.htm#kanchor348" UsedConditions="" LocalConditions="" /></Links><SeeAlsoLinks /><IndexControlLinks /></IndexEntry><IndexEntry Term="keyboard shortcuts"><Entries><IndexEntry Term="default"><Entries /><Links><IndexLink Title="Default Keyboard Shortcuts" Link="/Content/Options/Default_Keyboard_Shortcuts.htm#kanchor350" UsedConditions="" LocalConditions="" /></Links><SeeAlsoLinks /><IndexControlLinks /></IndexEntry></Entries><Links><IndexLink Title="Keyboard Shortcuts" Link="/Content/Options/Keyboard_Shortcuts.htm#kanchor5" UsedConditions="" LocalConditions="" /></Links><SeeAlsoLinks /><IndexControlLinks /></IndexEntry><IndexEntry Term="latitude/longitude layer options"><Entries /><Links><IndexLink Title="Latitude/Longitude Layer Options" Link="/Content/Options/Lat_Lon_Layer_Options.htm#kanchor243" UsedConditions="" LocalConditions="" /></Links><SeeAlsoLinks /><IndexControlLinks /></IndexEntry><IndexEntry Term="Latitude/Longitude Layer Properties"><Entries /><Links><IndexLink Title="Latitude/Longitude Layer Properties" Link="/Content/Properties/Latitude_Longitude_Layer_Properties.htm#kanchor262" UsedConditions="" LocalConditions="" /></Links><SeeAlsoLinks /><IndexControlLinks /></IndexEntry><IndexEntry Term="layer"><Entries><IndexEntry Term="activate"><Entries /><Links><IndexLink Title="Activate a Layer" Link="/Content/Layers/Activate_a_Layer.htm#kanchor82" UsedConditions="" LocalConditions="" /></Links><SeeAlsoLinks /><IndexControlLinks /></IndexEntry><IndexEntry Term="Annotation"><Entries /><Links><IndexLink Title="Annotation Layer" Link="/Content/Annotation/Annotation_Layer.htm#kanchor99" UsedConditions="" LocalConditions="" /></Links><SeeAlsoLinks /><IndexControlLinks /></IndexEntry><IndexEntry Term="AOI"><Entries /><Links><IndexLink Title="AOI" Link="/Content/AOI/AOI.htm#kanchor85" UsedConditions="" LocalConditions="" /></Links><SeeAlsoLinks /><IndexControlLinks /></IndexEntry><IndexEntry Term="create new"><Entries /><Links><IndexLink Title="Create a New Layer" Link="/Content/Layers/Create_a_New_Layer.htm#kanchor83" UsedConditions="" LocalConditions="" /></Links><SeeAlsoLinks /><IndexControlLinks /></IndexEntry></Entries><Links /><SeeAlsoLinks /><IndexControlLinks /></IndexEntry><IndexEntry Term="layer information"><Entries /><Links><IndexLink Title="Working with Layers" Link="/Content/Layers/Working_with_Layers.htm#kanchor80" UsedConditions="" LocalConditions="" /><IndexLink Title="Tutorial: Georeference, Measurement Tool, Band Math" Link="/Content/Tutorials/tutorial_georeference.htm#kanchor296" UsedConditions="" LocalConditions="" /></Links><SeeAlsoLinks /><IndexControlLinks /></IndexEntry></Entries></IndexEntry></CatapultTargetIndex>