﻿<?xml version="1.0" encoding="utf-8"?><index><stem n="(gray,"><phr n="(gray,"><ent r="3" t="86" w="79" /><ent r="3" t="91" w="67" /></phr><phr n="(Gray,"><ent r="3" t="165" w="1453" /></phr></stem><stem n="newli"><phr n="newly"><ent r="3" t="86" w="127" /></phr></stem><stem n=":color"><phr n=":Color"><ent r="100" t="87" w="5" /><ent r="100" t="88" w="45" /><ent r="100" t="88" w="49" /></phr><phr n=":color"><ent r="100" t="174" w="8" /></phr></stem><stem n="-load"><phr n="-loaded"><ent r="4" t="87" w="111" /><ent r="4" t="87" w="111" /></phr></stem><stem n="pre"><phr n="pre"><ent r="4" t="87" w="111" /><ent r="3" t="215" w="246" /></phr></stem><stem n="pre-load"><phr n="pre-loaded"><ent r="4" t="87" w="111" /></phr></stem><stem n="colormap"><phr n="ColorMap"><ent r="4" t="87" w="118" /></phr><phr n="Colormap"><ent r="4" t="88" w="110" /><ent r="3" t="88" w="274" /></phr><phr n="colormap"><ent r="3" t="88" w="288" /><ent r="3" t="88" w="291" /></phr><phr n="Colormaps"><ent r="3" t="88" w="294" /></phr></stem><stem n=".clu"><phr n=".clu"><ent r="4" t="87" w="127" /><ent r="4" t="87" w="250" /></phr></stem><stem n="clu"><phr n="clu"><ent r="4" t="87" w="127" /><ent r="4" t="87" w="250" /></phr></stem><stem n="/edit"><phr n="/Edit"><ent r="64" t="87" w="276" /><ent r="1000" t="88" w="2" /><ent r="102" t="88" w="7" /><ent r="5" t="88" w="105" /><ent r="68" t="106" w="220" /><ent r="64" t="115" w="284" /><ent r="1000" t="116" w="2" /><ent r="102" t="116" w="25" /><ent r="68" t="218" w="107" /></phr></stem><stem n="create/edit"><phr n="Create/Edit"><ent r="64" t="87" w="276" /><ent r="64" t="87" w="275" /><ent r="1000" t="88" w="2" /><ent r="1000" t="88" w="1" /><ent r="102" t="88" w="7" /><ent r="102" t="88" w="6" /><ent r="5" t="88" w="105" /><ent r="5" t="88" w="104" /></phr></stem><stem n="abil"><phr n="ability"><ent r="3" t="88" w="14" /><ent r="3" t="131" w="10" /><ent r="3" t="143" w="10" /><ent r="3" t="172" w="106" /></phr></stem><stem n=":edit"><phr n=":edit"><ent r="100" t="88" w="42" /><ent r="100" t="174" w="5" /></phr><phr n=":Edit"><ent r="100" t="216" w="25" /></phr></stem><stem n="...."><phr n="...."><ent r="5" t="88" w="108" /><ent r="4" t="145" w="341" /><ent r="4" t="167" w="403" /><ent r="5" t="169" w="798" /><ent r="4" t="171" w="516" /><ent r="5" t="171" w="918" /><ent r="6" t="177" w="81" /><ent r="6" t="177" w="141" /></phr></stem><stem n="-color"><phr n="-Colors"><ent r="5" t="88" w="120" /><ent r="5" t="88" w="120" /></phr></stem><stem n="control-color"><phr n="Control-Colors"><ent r="5" t="88" w="120" /></phr></stem><stem n="20"><phr n="20"><ent r="4" t="88" w="140" /><ent r="3" t="181" w="713" /></phr></stem><stem n="gradient"><phr n="Gradient"><ent r="4" t="88" w="145" /></phr><phr n="gradient"><ent r="3" t="88" w="156" /></phr></stem><stem n="(far"><phr n="(far"><ent r="3" t="88" w="168" /></phr></stem><stem n="far"><phr n="far"><ent r="3" t="88" w="168" /><ent r="4" t="120" w="162" /><ent r="3" t="169" w="748" /></phr></stem><stem n="slide"><phr n="slide"><ent r="3" t="88" w="189" /><ent r="3" t="163" w="239" /><ent r="4" t="163" w="247" /><ent r="4" t="163" w="273" /><ent r="3" t="168" w="1374" /><ent r="3" t="168" w="1382" /><ent r="3" t="168" w="1399" /><ent r="3" t="168" w="1425" /></phr></stem><stem n="evenli"><phr n="evenly"><ent r="3" t="88" w="215" /></phr></stem><stem n="across"><phr n="across"><ent r="3" t="88" w="216" /><ent r="3" t="100" w="201" /><ent r="7" t="106" w="88" /><ent r="7" t="106" w="124" /><ent r="7" t="106" w="162" /><ent r="3" t="166" w="1396" /><ent r="4" t="167" w="1355" /><ent r="3" t="215" w="92" /></phr></stem><stem n="colormap'"><phr n="colormap's"><ent r="3" t="88" w="292" /><ent r="3" t="88" w="291" /></phr></stem><stem n="cgr"><phr n="cgr"><ent r="3" t="88" w="300" /></phr></stem><stem n=".cgr."><phr n=".cgr."><ent r="3" t="88" w="301" /></phr></stem><stem n=":custom"><phr n=":custom"><ent r="100" t="89" w="11" /></phr></stem><stem n="minimum"><phr n="minimum"><ent r="4" t="89" w="81" /><ent r="4" t="140" w="540" /><ent r="4" t="140" w="941" /><ent r="4" t="141" w="414" /><ent r="3" t="143" w="280" /><ent r="5" t="148" w="310" /><ent r="5" t="153" w="463" /><ent r="3" t="155" w="675" /><ent r="3" t="165" w="1329" /><ent r="4" t="166" w="1608" /><ent r="3" t="178" w="66" /><ent r="3" t="178" w="93" /><ent r="3" t="178" w="109" /><ent r="3" t="178" w="129" /><ent r="7" t="181" w="513" /><ent r="4" t="214" w="73" /></phr></stem><stem n=":print"><phr n=":print"><ent r="100" t="90" w="8" /></phr></stem><stem n="hst"><phr n="hst"><ent r="3" t="91" w="32" /><ent r="4" t="165" w="1506" /></phr></stem><stem n=".hst."><phr n=".hst."><ent r="3" t="91" w="33" /></phr></stem><stem n="bin"><phr n="bin"><ent r="3" t="91" w="47" /><ent r="3" t="91" w="58" /><ent r="3" t="173" w="1676" /></phr></stem><stem n="count"><phr n="count"><ent r="3" t="91" w="55" /></phr></stem><stem n="(threshold,"><phr n="(threshold,"><ent r="3" t="91" w="75" /></phr></stem><stem n="perform"><phr n="performed"><ent r="3" t="92" w="21" /><ent r="3" t="93" w="71" /><ent r="3" t="155" w="416" /><ent r="4" t="156" w="212" /><ent r="3" t="166" w="246" /><ent r="3" t="166" w="259" /><ent r="7" t="181" w="88" /></phr><phr n="perform"><ent r="3" t="92" w="50" /><ent r="3" t="93" w="32" /><ent r="3" t="105" w="59" /><ent r="7" t="115" w="399" /><ent r="3" t="155" w="140" /><ent r="3" t="163" w="92" /><ent r="3" t="164" w="45" /><ent r="3" t="164" w="206" /><ent r="3" t="166" w="53" /><ent r="3" t="166" w="826" /><ent r="3" t="166" w="1846" /><ent r="3" t="166" w="2955" /><ent r="3" t="167" w="87" /><ent r="4" t="167" w="535" /><ent r="3" t="168" w="70" /><ent r="3" t="171" w="44" /><ent r="3" t="172" w="33" /><ent r="3" t="172" w="47" /><ent r="3" t="172" w="97" /><ent r="3" t="172" w="2111" /><ent r="3" t="173" w="66" /><ent r="3" t="173" w="1760" /><ent r="3" t="190" w="244" /><ent r="4" t="190" w="393" /></phr><phr n="performance"><ent r="3" t="158" w="70" /><ent r="3" t="190" w="214" /><ent r="3" t="190" w="323" /></phr><phr n="Perform"><ent r="4" t="166" w="108" /></phr><phr n="performing"><ent r="3" t="171" w="1301" /></phr><phr n="Performance"><ent r="92" t="190" w="179" /></phr></stem><stem n="-ins,"><phr n="-ins,"><ent r="3" t="92" w="37" /><ent r="3" t="92" w="37" /><ent r="82" t="164" w="212" /><ent r="82" t="164" w="212" /><ent r="3" t="164" w="226" /><ent r="3" t="164" w="226" /><ent r="3" t="172" w="196" /><ent r="3" t="172" w="196" /></phr></stem><stem n="(such"><phr n="(such"><ent r="3" t="92" w="53" /><ent r="3" t="144" w="316" /></phr></stem><stem n="sub-step"><phr n="sub-steps"><ent r="3" t="92" w="68" /><ent r="3" t="92" w="84" /><ent r="3" t="92" w="132" /></phr></stem><stem n="-steps."><phr n="-steps."><ent r="3" t="92" w="70" /><ent r="3" t="92" w="70" /></phr></stem><stem n="error"><phr n="Errors"><ent r="3" t="92" w="70" /></phr><phr n="error"><ent r="3" t="100" w="137" /><ent r="3" t="100" w="139" /><ent r="3" t="100" w="148" /><ent r="3" t="100" w="162" /><ent r="3" t="105" w="70" /><ent r="3" t="147" w="155" /><ent r="4" t="166" w="1030" /><ent r="4" t="166" w="1040" /><ent r="3" t="178" w="102" /><ent r="3" t="215" w="56" /><ent r="3" t="215" w="58" /><ent r="3" t="215" w="66" /><ent r="100" t="215" w="316" /><ent r="3" t="215" w="351" /><ent r="3" t="215" w="357" /><ent r="3" t="215" w="359" /><ent r="3" t="215" w="406" /><ent r="3" t="215" w="422" /><ent r="3" t="215" w="424" /><ent r="3" t="215" w="434" /><ent r="3" t="215" w="477" /><ent r="3" t="215" w="503" /><ent r="3" t="215" w="529" /><ent r="3" t="215" w="536" /></phr><phr n="Error"><ent r="4" t="147" w="201" /><ent r="4" t="147" w="238" /><ent r="93" t="215" w="313" /></phr></stem><stem n="-step"><phr n="-steps"><ent r="3" t="92" w="84" /><ent r="3" t="92" w="84" /></phr><phr n="-step"><ent r="3" t="215" w="191" /><ent r="3" t="215" w="191" /></phr></stem><stem n="sub-messag"><phr n="sub-messages"><ent r="3" t="92" w="87" /></phr></stem><stem n="-messages."><phr n="-messages."><ent r="3" t="92" w="89" /><ent r="3" t="92" w="89" /></phr></stem><stem n="(messag"><phr n="(Message"><ent r="3" t="92" w="102" /></phr></stem><stem n="brief"><phr n="brief"><ent r="3" t="92" w="106" /><ent r="3" t="172" w="956" /></phr></stem><stem n="summari"><phr n="summary"><ent r="3" t="92" w="107" /></phr><phr n="Summary"><ent r="4" t="165" w="2377" /><ent r="5" t="166" w="2945" /><ent r="4" t="167" w="1571" /><ent r="4" t="169" w="1206" /><ent r="4" t="170" w="1300" /><ent r="4" t="171" w="1285" /><ent r="4" t="172" w="2095" /><ent r="4" t="173" w="1743" /></phr></stem><stem n="(success"><phr n="(success"><ent r="3" t="92" w="115" /></phr></stem><stem n="failur"><phr n="failure"><ent r="3" t="92" w="117" /></phr></stem><stem n="date"><phr n="date"><ent r="3" t="92" w="122" /><ent r="4" t="130" w="471" /><ent r="4" t="130" w="481" /><ent r="4" t="130" w="516" /><ent r="4" t="130" w="526" /></phr><phr n="Date"><ent r="5" t="130" w="466" /><ent r="5" t="130" w="511" /></phr></stem><stem n="-steps,"><phr n="-steps,"><ent r="3" t="92" w="134" /><ent r="3" t="92" w="134" /></phr></stem><stem n="sign"><phr n="sign"><ent r="3" t="92" w="137" /><ent r="4" t="96" w="157" /><ent r="4" t="97" w="99" /><ent r="4" t="98" w="112" /><ent r="4" t="98" w="128" /><ent r="4" t="99" w="113" /><ent r="4" t="99" w="129" /><ent r="4" t="132" w="69" /><ent r="4" t="134" w="108" /><ent r="4" t="135" w="108" /><ent r="4" t="136" w="122" /><ent r="4" t="137" w="117" /><ent r="4" t="138" w="103" /><ent r="4" t="139" w="108" /><ent r="4" t="140" w="104" /><ent r="4" t="141" w="105" /><ent r="4" t="142" w="115" /><ent r="3" t="166" w="1436" /><ent r="4" t="208" w="124" /><ent r="3" t="208" w="187" /><ent r="4" t="209" w="109" /></phr><phr n="signed"><ent r="7" t="181" w="199" /><ent r="7" t="181" w="205" /></phr></stem><stem n="(+)"><phr n="(+)"><ent r="3" t="92" w="139" /><ent r="4" t="96" w="159" /><ent r="4" t="97" w="101" /><ent r="4" t="98" w="114" /><ent r="4" t="98" w="130" /><ent r="4" t="99" w="115" /><ent r="4" t="99" w="131" /><ent r="4" t="132" w="71" /><ent r="4" t="134" w="110" /><ent r="4" t="135" w="110" /><ent r="4" t="136" w="124" /><ent r="4" t="137" w="119" /><ent r="4" t="138" w="105" /><ent r="4" t="139" w="110" /><ent r="4" t="140" w="106" /><ent r="4" t="141" w="107" /><ent r="4" t="142" w="117" /><ent r="4" t="208" w="126" /><ent r="3" t="208" w="189" /><ent r="4" t="209" w="111" /></phr></stem><stem n="interfac"><phr n="interface"><ent r="3" t="93" w="23" /><ent r="3" t="100" w="53" /><ent r="4" t="112" w="42" /><ent r="4" t="115" w="650" /><ent r="4" t="118" w="57" /><ent r="3" t="172" w="124" /><ent r="4" t="173" w="1713" /></phr><phr n="interfaces"><ent r="4" t="158" w="179" /><ent r="3" t="172" w="238" /></phr></stem><stem n="interact"><phr n="interactive"><ent r="3" t="93" w="33" /><ent r="4" t="107" w="145" /><ent r="4" t="107" w="169" /><ent r="4" t="107" w="180" /><ent r="4" t="112" w="50" /><ent r="4" t="112" w="97" /><ent r="4" t="112" w="160" /><ent r="3" t="112" w="169" /><ent r="4" t="112" w="222" /><ent r="100" t="115" w="627" /><ent r="100" t="115" w="632" /><ent r="4" t="115" w="659" /><ent r="3" t="115" w="702" /><ent r="3" t="115" w="769" /><ent r="3" t="115" w="777" /><ent r="3" t="117" w="218" /><ent r="3" t="117" w="226" /><ent r="4" t="118" w="66" /><ent r="4" t="118" w="150" /><ent r="3" t="118" w="159" /><ent r="3" t="118" w="210" /><ent r="3" t="118" w="310" /></phr><phr n="Interactive"><ent r="5" t="112" w="24" /><ent r="4" t="112" w="27" /><ent r="3" t="114" w="22" /><ent r="5" t="115" w="629" /><ent r="4" t="115" w="635" /><ent r="4" t="116" w="222" /><ent r="5" t="118" w="39" /><ent r="4" t="118" w="42" /><ent r="3" t="118" w="226" /></phr><phr n="interacts"><ent r="3" t="158" w="76" /></phr><phr n="interaction"><ent r="3" t="172" w="743" /></phr><phr n="interactively"><ent r="4" t="173" w="192" /></phr><phr n="interacting"><ent r="4" t="173" w="530" /></phr></stem><stem n="interpret"><phr n="interpretive"><ent r="3" t="93" w="47" /></phr><phr n="interpretation"><ent r="3" t="164" w="192" /></phr><phr n="interpret"><ent r="4" t="166" w="1036" /></phr></stem><stem n="languag"><phr n="language"><ent r="3" t="93" w="48" /><ent r="3" t="93" w="58" /></phr></stem><stem n="dismiss"><phr n="dismiss"><ent r="3" t="94" w="40" /><ent r="3" t="94" w="215" /><ent r="4" t="94" w="255" /></phr><phr n="Dismiss"><ent r="4" t="94" w="243" /><ent r="5" t="94" w="251" /></phr></stem><stem n="statu"><phr n="status"><ent r="3" t="94" w="83" /><ent r="3" t="94" w="105" /><ent r="4" t="95" w="51" /><ent r="100" t="97" w="12" /><ent r="3" t="97" w="28" /><ent r="3" t="97" w="35" /><ent r="4" t="99" w="390" /><ent r="3" t="100" w="239" /><ent r="3" t="100" w="485" /><ent r="3" t="129" w="536" /><ent r="5" t="131" w="256" /><ent r="3" t="166" w="956" /><ent r="3" t="215" w="122" /></phr><phr n="Status"><ent r="65" t="95" w="41" /><ent r="1000" t="97" w="2" /><ent r="102" t="97" w="7" /><ent r="3" t="97" w="18" /><ent r="4" t="97" w="61" /><ent r="5" t="97" w="114" /></phr></stem><stem n="much"><phr n="much"><ent r="3" t="94" w="92" /><ent r="3" t="143" w="300" /><ent r="3" t="144" w="339" /><ent r="3" t="166" w="2450" /><ent r="3" t="204" w="188" /><ent r="3" t="204" w="203" /></phr></stem><stem n="grayed-out"><phr n="grayed-out"><ent r="3" t="94" w="113" /></phr></stem><stem n="-out."><phr n="-out."><ent r="3" t="94" w="115" /><ent r="3" t="94" w="115" /></phr></stem><stem n="plugin"><phr n="PlugIns"><ent r="4" t="94" w="135" /></phr></stem><stem n="-in:"><phr n="-in:"><ent r="3" t="94" w="172" /><ent r="3" t="94" w="172" /><ent r="3" t="156" w="63" /><ent r="3" t="156" w="63" /></phr><phr n="-In:"><ent r="3" t="159" w="124" /><ent r="3" t="159" w="124" /></phr></stem><stem n="(s)"><phr n="(s)"><ent r="4" t="94" w="178" /><ent r="4" t="94" w="226" /><ent r="7" t="106" w="81" /><ent r="7" t="106" w="120" /><ent r="7" t="106" w="154" /><ent r="5" t="106" w="230" /><ent r="4" t="172" w="1325" /><ent r="3" t="172" w="1576" /><ent r="3" t="173" w="1001" /><ent r="3" t="173" w="1295" /><ent r="5" t="206" w="70" /><ent r="7" t="216" w="71" /><ent r="7" t="216" w="110" /><ent r="7" t="216" w="145" /><ent r="5" t="218" w="121" /></phr></stem><stem n="abort"><phr n="Abort"><ent r="4" t="94" w="196" /><ent r="5" t="94" w="204" /></phr><phr n="aborted"><ent r="4" t="94" w="241" /></phr></stem><stem n="–all"><phr n="–All"><ent r="65" t="95" w="59" /><ent r="102" t="98" w="9" /><ent r="3" t="98" w="19" /></phr></stem><stem n="–cube"><phr n="–Cube"><ent r="65" t="95" w="75" /><ent r="102" t="99" w="9" /><ent r="3" t="99" w="19" /></phr></stem><stem n="&quot;default&quot;"><phr n="&quot;Default&quot;"><ent r="6" t="96" w="42" /><ent r="6" t="96" w="69" /><ent r="6" t="98" w="38" /><ent r="6" t="98" w="65" /><ent r="6" t="99" w="39" /><ent r="6" t="99" w="66" /><ent r="6" t="131" w="49" /><ent r="6" t="131" w="76" /><ent r="6" t="134" w="36" /><ent r="6" t="134" w="63" /><ent r="6" t="135" w="36" /><ent r="6" t="135" w="63" /><ent r="6" t="136" w="36" /><ent r="6" t="136" w="63" /><ent r="6" t="137" w="43" /><ent r="6" t="137" w="70" /><ent r="6" t="138" w="31" /><ent r="6" t="138" w="58" /><ent r="6" t="139" w="35" /><ent r="6" t="139" w="62" /><ent r="6" t="140" w="32" /><ent r="6" t="140" w="59" /><ent r="6" t="141" w="32" /><ent r="6" t="141" w="59" /><ent r="6" t="142" w="42" /><ent r="6" t="142" w="69" /><ent r="6" t="209" w="36" /><ent r="6" t="209" w="63" /></phr></stem><stem n="immedi"><phr n="immediately"><ent r="6" t="96" w="72" /><ent r="6" t="98" w="68" /><ent r="6" t="99" w="69" /><ent r="4" t="113" w="281" /><ent r="4" t="113" w="561" /><ent r="6" t="131" w="79" /><ent r="6" t="134" w="66" /><ent r="6" t="135" w="66" /><ent r="6" t="136" w="66" /><ent r="6" t="137" w="73" /><ent r="6" t="138" w="61" /><ent r="6" t="139" w="65" /><ent r="6" t="140" w="62" /><ent r="6" t="141" w="62" /><ent r="6" t="142" w="72" /><ent r="3" t="172" w="1731" /><ent r="6" t="209" w="66" /><ent r="3" t="215" w="200" /></phr><phr n="immediate"><ent r="3" t="99" w="184" /><ent r="4" t="99" w="287" /></phr></stem><stem n="accept"><phr n="accept"><ent r="4" t="96" w="253" /><ent r="4" t="97" w="131" /><ent r="4" t="98" w="150" /><ent r="4" t="99" w="150" /><ent r="4" t="132" w="104" /><ent r="3" t="134" w="243" /><ent r="4" t="135" w="225" /><ent r="4" t="136" w="205" /><ent r="4" t="137" w="196" /><ent r="3" t="138" w="198" /><ent r="4" t="139" w="155" /><ent r="4" t="140" w="153" /><ent r="4" t="141" w="145" /><ent r="4" t="142" w="262" /><ent r="3" t="160" w="172" /><ent r="4" t="169" w="712" /><ent r="4" t="209" w="154" /></phr><phr n="accepts"><ent r="3" t="115" w="498" /><ent r="3" t="168" w="881" /></phr><phr n="acceptable"><ent r="4" t="166" w="1043" /><ent r="3" t="215" w="473" /></phr><phr n="Accept"><ent r="4" t="167" w="983" /><ent r="4" t="170" w="738" /></phr><phr n="accepted"><ent r="3" t="169" w="174" /><ent r="3" t="170" w="164" /><ent r="6" t="220" w="198" /><ent r="6" t="220" w="210" /></phr></stem><stem n=":all"><phr n=":all"><ent r="100" t="98" w="14" /></phr></stem><stem n="upon"><phr n="upon"><ent r="3" t="98" w="181" /><ent r="3" t="215" w="486" /></phr></stem><stem n="fix"><phr n="Fixed"><ent r="5" t="98" w="184" /><ent r="3" t="98" w="368" /><ent r="4" t="98" w="374" /><ent r="3" t="132" w="180" /><ent r="3" t="132" w="283" /><ent r="3" t="132" w="487" /><ent r="3" t="132" w="651" /></phr><phr n="fixed"><ent r="4" t="98" w="192" /></phr></stem><stem n="450"><phr n="450"><ent r="4" t="98" w="197" /></phr></stem><stem n="250"><phr n="250"><ent r="4" t="98" w="200" /></phr></stem><stem n="given"><phr n="given"><ent r="4" t="98" w="287" /><ent r="4" t="171" w="287" /><ent r="3" t="215" w="49" /></phr></stem><stem n="largest"><phr n="largest"><ent r="3" t="98" w="395" /><ent r="3" t="132" w="202" /><ent r="3" t="132" w="305" /><ent r="3" t="132" w="509" /><ent r="3" t="132" w="673" /></phr></stem><stem n="possibl"><phr n="possible"><ent r="3" t="98" w="397" /><ent r="4" t="107" w="165" /><ent r="3" t="132" w="204" /><ent r="3" t="132" w="307" /><ent r="3" t="132" w="511" /><ent r="3" t="132" w="675" /><ent r="3" t="166" w="434" /><ent r="3" t="166" w="2076" /><ent r="3" t="190" w="690" /></phr><phr n="possibly"><ent r="3" t="100" w="132" /><ent r="4" t="167" w="1333" /></phr></stem><stem n="be"><phr n="being"><ent r="3" t="98" w="411" /><ent r="3" t="165" w="1276" /><ent r="3" t="165" w="1303" /><ent r="4" t="167" w="445" /><ent r="5" t="167" w="1170" /><ent r="4" t="172" w="1310" /><ent r="3" t="208" w="48" /></phr></stem><stem n="isn"><phr n="isn"><ent r="4" t="98" w="506" /><ent r="3" t="169" w="366" /><ent r="3" t="170" w="353" /></phr></stem><stem n="isn't"><phr n="isn't"><ent r="4" t="98" w="507" /><ent r="4" t="98" w="506" /></phr></stem><stem n=":cube"><phr n=":cube"><ent r="100" t="99" w="14" /></phr><phr n=":Cube"><ent r="100" t="148" w="10" /></phr></stem><stem n="(right-mous"><phr n="(right-mouse"><ent r="3" t="99" w="177" /></phr></stem><stem n="right-mous"><phr n="right-mouse"><ent r="3" t="99" w="177" /></phr></stem><stem n="rel"><phr n="relative"><ent r="4" t="99" w="207" /><ent r="4" t="140" w="535" /><ent r="4" t="140" w="936" /><ent r="4" t="141" w="409" /><ent r="5" t="148" w="305" /><ent r="5" t="153" w="458" /><ent r="4" t="214" w="68" /></phr><phr n="Relative"><ent r="4" t="99" w="221" /></phr></stem><stem n="absolut"><phr n="Absolute"><ent r="4" t="99" w="215" /><ent r="7" t="179" w="98" /></phr></stem><stem n="multipli"><phr n="multiplied"><ent r="4" t="99" w="225" /></phr><phr n="multiplier"><ent r="3" t="177" w="60" /><ent r="3" t="177" w="121" /><ent r="7" t="181" w="670" /></phr><phr n="Multiply"><ent r="7" t="179" w="17" /></phr></stem><stem n="-pan"><phr n="-pan"><ent r="3" t="99" w="244" /><ent r="3" t="99" w="244" /></phr><phr n="-panning"><ent r="3" t="99" w="315" /><ent r="3" t="99" w="315" /></phr></stem><stem n="smooth-pan"><phr n="smooth-pan"><ent r="3" t="99" w="244" /></phr><phr n="smooth-panning"><ent r="3" t="99" w="315" /></phr></stem><stem n="shirt"><phr n="Shirt"><ent r="4" t="99" w="259" /></phr></stem><stem n="overlai"><phr n="overlays"><ent r="3" t="99" w="296" /></phr><phr n="Overlay"><ent r="4" t="156" w="225" /></phr><phr n="overlay"><ent r="3" t="165" w="1268" /><ent r="3" t="165" w="1338" /><ent r="3" t="165" w="1349" /><ent r="3" t="165" w="1361" /><ent r="4" t="165" w="1369" /><ent r="4" t="165" w="1380" /><ent r="4" t="165" w="1389" /><ent r="3" t="165" w="1406" /><ent r="3" t="165" w="1419" /><ent r="3" t="165" w="1438" /><ent r="4" t="165" w="1572" /><ent r="3" t="165" w="1613" /><ent r="3" t="165" w="1629" /><ent r="3" t="165" w="1747" /><ent r="4" t="165" w="1850" /><ent r="4" t="165" w="1867" /><ent r="3" t="169" w="1167" /><ent r="3" t="169" w="1185" /></phr><phr n="overlaying"><ent r="3" t="166" w="396" /></phr><phr n="Overlaying"><ent r="3" t="169" w="123" /><ent r="3" t="170" w="113" /></phr></stem><stem n="(especi"><phr n="(especially"><ent r="3" t="99" w="297" /></phr></stem><stem n="sensit"><phr n="Sensitivity"><ent r="4" t="99" w="327" /></phr></stem><stem n="quickli"><phr n="quickly"><ent r="3" t="99" w="331" /><ent r="3" t="101" w="39" /><ent r="3" t="135" w="188" /><ent r="3" t="141" w="227" /><ent r="3" t="142" w="201" /><ent r="3" t="172" w="129" /></phr></stem><stem n="higher"><phr n="higher"><ent r="3" t="99" w="340" /><ent r="4" t="140" w="571" /><ent r="4" t="140" w="594" /><ent r="4" t="140" w="972" /><ent r="4" t="140" w="995" /><ent r="4" t="141" w="445" /><ent r="4" t="141" w="468" /><ent r="5" t="148" w="341" /><ent r="5" t="148" w="364" /><ent r="5" t="153" w="494" /><ent r="5" t="153" w="517" /><ent r="3" t="155" w="504" /><ent r="4" t="159" w="69" /><ent r="4" t="159" w="83" /><ent r="4" t="159" w="111" /><ent r="3" t="168" w="473" /><ent r="3" t="168" w="487" /><ent r="3" t="168" w="515" /><ent r="3" t="168" w="524" /><ent r="3" t="168" w="608" /><ent r="3" t="168" w="1212" /><ent r="3" t="173" w="1249" /><ent r="3" t="178" w="41" /><ent r="3" t="178" w="56" /><ent r="3" t="178" w="142" /><ent r="4" t="204" w="104" /><ent r="4" t="204" w="107" /><ent r="4" t="204" w="116" /><ent r="4" t="214" w="104" /><ent r="4" t="214" w="127" /></phr></stem><stem n="faster"><phr n="faster"><ent r="3" t="99" w="344" /><ent r="3" t="158" w="69" /><ent r="4" t="167" w="1330" /></phr></stem><stem n="tip"><phr n="Tip"><ent r="5" t="99" w="354" /></phr><phr n="tip"><ent r="4" t="99" w="360" /><ent r="3" t="115" w="559" /><ent r="3" t="115" w="589" /></phr><phr n="tips"><ent r="3" t="198" w="261" /></phr></stem><stem n="/lon"><phr n="/Lon"><ent r="4" t="99" w="378" /><ent r="64" t="133" w="38" /><ent r="102" t="137" w="7" /><ent r="3" t="137" w="18" /><ent r="4" t="137" w="79" /><ent r="5" t="137" w="133" /></phr></stem><stem n="lat/lon"><phr n="Lat/Lon"><ent r="4" t="99" w="378" /><ent r="4" t="99" w="377" /><ent r="64" t="133" w="38" /><ent r="64" t="133" w="37" /><ent r="102" t="137" w="7" /><ent r="102" t="137" w="6" /><ent r="3" t="137" w="18" /><ent r="3" t="137" w="17" /><ent r="4" t="137" w="79" /><ent r="4" t="137" w="78" /><ent r="5" t="137" w="133" /><ent r="5" t="137" w="132" /></phr></stem><stem n="lon"><phr n="Lon"><ent r="4" t="99" w="378" /><ent r="64" t="133" w="38" /><ent r="102" t="137" w="7" /><ent r="3" t="137" w="18" /><ent r="4" t="137" w="79" /><ent r="5" t="137" w="133" /></phr></stem><stem n="-undoabl"><phr n="-undoable"><ent r="5" t="99" w="394" /><ent r="5" t="99" w="394" /></phr></stem><stem n="non-undo"><phr n="non-undoable"><ent r="5" t="99" w="394" /></phr></stem><stem n="undoabl"><phr n="undoable"><ent r="5" t="99" w="395" /></phr></stem><stem n="receiv"><phr n="receive"><ent r="4" t="99" w="405" /></phr></stem><stem n="undon"><phr n="undone"><ent r="4" t="99" w="418" /></phr></stem><stem n="brought"><phr n="brought"><ent r="4" t="99" w="436" /></phr></stem><stem n="raw"><phr n="raw"><ent r="4" t="99" w="471" /><ent r="4" t="140" w="541" /><ent r="4" t="140" w="942" /><ent r="4" t="141" w="415" /><ent r="5" t="148" w="311" /><ent r="5" t="153" w="464" /><ent r="4" t="214" w="74" /></phr><phr n="Raw"><ent r="5" t="140" w="484" /><ent r="5" t="140" w="885" /><ent r="5" t="141" w="384" /><ent r="6" t="148" w="254" /><ent r="6" t="153" w="407" /><ent r="5" t="214" w="16" /></phr></stem><stem n="&quot;no"><phr n="&quot;No"><ent r="3" t="99" w="499" /></phr></stem><stem n="boundari"><phr n="boundary"><ent r="3" t="99" w="506" /><ent r="3" t="99" w="521" /><ent r="3" t="169" w="274" /><ent r="3" t="169" w="356" /><ent r="3" t="170" w="263" /><ent r="3" t="170" w="343" /></phr></stem><stem n="&quot;limit"><phr n="&quot;Limit"><ent r="3" t="99" w="510" /><ent r="3" t="99" w="523" /></phr></stem><stem n="crosshair"><phr n="crosshair"><ent r="3" t="99" w="517" /><ent r="3" t="143" w="229" /><ent r="3" t="145" w="250" /><ent r="4" t="166" w="2830" /><ent r="4" t="167" w="1359" /></phr><phr n="Crosshair"><ent r="4" t="143" w="223" /><ent r="3" t="145" w="246" /></phr><phr n="crosshairs"><ent r="3" t="166" w="2788" /></phr></stem><stem n="can't"><phr n="can't"><ent r="4" t="99" w="547" /><ent r="4" t="99" w="546" /><ent r="4" t="99" w="562" /><ent r="4" t="99" w="561" /></phr><phr n="Can't"><ent r="92" t="194" w="98" /><ent r="92" t="194" w="97" /></phr></stem><stem n="further"><phr n="further"><ent r="4" t="99" w="566" /><ent r="3" t="100" w="409" /><ent r="3" t="157" w="148" /></phr></stem><stem n="suppli"><phr n="supplies"><ent r="3" t="100" w="27" /></phr><phr n="supplied"><ent r="3" t="100" w="43" /></phr></stem><stem n="(gcps)"><phr n="(GCPs)"><ent r="3" t="100" w="34" /><ent r="3" t="165" w="728" /></phr></stem><stem n="rapid"><phr n="Rapid"><ent r="3" t="100" w="35" /></phr></stem><stem n="coeffici"><phr n="Coefficients"><ent r="3" t="100" w="37" /></phr><phr n="coefficient"><ent r="3" t="155" w="99" /><ent r="3" t="155" w="275" /><ent r="3" t="155" w="278" /><ent r="5" t="155" w="359" /></phr><phr n="coefficients"><ent r="5" t="155" w="192" /><ent r="3" t="155" w="254" /><ent r="5" t="155" w="322" /><ent r="5" t="155" w="347" /></phr></stem><stem n="rpc"><phr n="RPCs"><ent r="3" t="100" w="38" /></phr><phr n="RPC"><ent r="3" t="100" w="175" /><ent r="3" t="100" w="405" /><ent r="3" t="168" w="605" /></phr></stem><stem n="(rpcs)."><phr n="(RPCs)."><ent r="3" t="100" w="39" /></phr></stem><stem n="(utm),"><phr n="(UTM),"><ent r="3" t="100" w="74" /><ent r="7" t="181" w="430" /></phr></stem><stem n="(mgrs)"><phr n="(MGRS)"><ent r="3" t="100" w="80" /></phr></stem><stem n="(use"><phr n="(using"><ent r="3" t="100" w="93" /><ent r="3" t="190" w="626" /></phr><phr n="(used"><ent r="3" t="161" w="31" /></phr><phr n="(Use"><ent r="6" t="173" w="1444" /></phr></stem><stem n="calcul"><phr n="calculates"><ent r="3" t="100" w="108" /><ent r="3" t="215" w="19" /><ent r="3" t="215" w="322" /></phr><phr n="calculations"><ent r="3" t="100" w="159" /><ent r="4" t="166" w="919" /><ent r="3" t="215" w="77" /></phr><phr n="Calculate"><ent r="6" t="155" w="175" /><ent r="5" t="155" w="180" /><ent r="6" t="167" w="1075" /><ent r="6" t="167" w="1113" /><ent r="4" t="167" w="1141" /></phr><phr n="calculate"><ent r="5" t="155" w="189" /><ent r="3" t="155" w="251" /><ent r="5" t="155" w="344" /><ent r="4" t="167" w="1276" /><ent r="4" t="167" w="1288" /><ent r="3" t="178" w="31" /></phr><phr n="calculating"><ent r="3" t="155" w="540" /><ent r="3" t="166" w="1857" /></phr><phr n="calculation"><ent r="4" t="155" w="723" /></phr><phr n="calculated"><ent r="3" t="165" w="273" /><ent r="3" t="166" w="217" /><ent r="5" t="167" w="1101" /><ent r="3" t="215" w="393" /></phr></stem></index>