<?xml version="1.0" encoding="utf-8"?><index><stem n="onlin"><phr n="online"><ent r="3" t="0" w="110" /><ent r="7" t="5" w="277" /></phr></stem><stem n="tutori"><phr n="Tutorials"><ent r="64" t="0" w="112" /><ent r="1000" t="209" w="1" /><ent r="102" t="209" w="3" /><ent r="100" t="209" w="5" /><ent r="3" t="209" w="12" /><ent r="3" t="209" w="14" /><ent r="3" t="209" w="22" /><ent r="3" t="209" w="39" /><ent r="3" t="209" w="77" /><ent r="3" t="209" w="220" /><ent r="7" t="209" w="276" /><ent r="92" t="209" w="306" /><ent r="100" t="210" w="18" /><ent r="7" t="210" w="493" /><ent r="100" t="211" w="18" /><ent r="100" t="211" w="35" /><ent r="7" t="211" w="642" /><ent r="100" t="212" w="24" /><ent r="7" t="212" w="358" /><ent r="100" t="213" w="16" /><ent r="100" t="213" w="26" /><ent r="7" t="213" w="317" /><ent r="100" t="214" w="16" /><ent r="7" t="214" w="556" /><ent r="100" t="215" w="19" /><ent r="7" t="215" w="545" /><ent r="7" t="216" w="202" /><ent r="100" t="217" w="16" /><ent r="7" t="217" w="469" /><ent r="100" t="218" w="8" /><ent r="7" t="218" w="388" /><ent r="100" t="219" w="12" /><ent r="7" t="219" w="378" /></phr><phr n="Tutorial"><ent r="64" t="30" w="535" /><ent r="7" t="209" w="291" /><ent r="3" t="209" w="316" /><ent r="64" t="209" w="318" /><ent r="64" t="209" w="324" /><ent r="64" t="209" w="339" /><ent r="64" t="209" w="352" /><ent r="64" t="209" w="360" /><ent r="64" t="209" w="366" /><ent r="64" t="209" w="371" /><ent r="64" t="209" w="380" /><ent r="64" t="209" w="384" /><ent r="64" t="209" w="388" /><ent r="1000" t="210" w="1" /><ent r="103" t="210" w="12" /><ent r="3" t="210" w="27" /><ent r="3" t="210" w="44" /><ent r="3" t="210" w="316" /><ent r="7" t="210" w="508" /><ent r="4" t="210" w="2313" /><ent r="1000" t="211" w="1" /><ent r="102" t="211" w="20" /><ent r="3" t="211" w="47" /><ent r="3" t="211" w="84" /><ent r="3" t="211" w="460" /><ent r="7" t="211" w="657" /><ent r="4" t="211" w="843" /><ent r="1000" t="212" w="1" /><ent r="102" t="212" w="11" /><ent r="3" t="212" w="37" /><ent r="3" t="212" w="69" /><ent r="3" t="212" w="185" /><ent r="7" t="212" w="373" /><ent r="1000" t="213" w="1" /><ent r="102" t="213" w="18" /><ent r="3" t="213" w="35" /><ent r="3" t="213" w="67" /><ent r="3" t="213" w="141" /><ent r="7" t="213" w="332" /><ent r="3" t="213" w="848" /><ent r="1000" t="214" w="1" /><ent r="102" t="214" w="10" /><ent r="3" t="214" w="25" /><ent r="3" t="214" w="39" /><ent r="3" t="214" w="383" /><ent r="7" t="214" w="571" /><ent r="1000" t="215" w="1" /><ent r="102" t="215" w="14" /><ent r="3" t="215" w="28" /><ent r="3" t="215" w="42" /><ent r="3" t="215" w="373" /><ent r="7" t="215" w="560" /><ent r="1000" t="216" w="1" /><ent r="102" t="216" w="16" /><ent r="3" t="216" w="32" /><ent r="3" t="216" w="56" /><ent r="7" t="216" w="217" /><ent r="1000" t="217" w="1" /><ent r="103" t="217" w="10" /><ent r="3" t="217" w="25" /><ent r="3" t="217" w="41" /><ent r="4" t="217" w="291" /><ent r="3" t="217" w="297" /><ent r="7" t="217" w="484" /><ent r="1000" t="218" w="1" /><ent r="102" t="218" w="10" /><ent r="3" t="218" w="21" /><ent r="3" t="218" w="42" /><ent r="3" t="218" w="303" /><ent r="7" t="218" w="403" /><ent r="1000" t="219" w="1" /><ent r="103" t="219" w="14" /><ent r="3" t="219" w="29" /><ent r="64" t="219" w="54" /><ent r="3" t="219" w="61" /><ent r="4" t="219" w="210" /><ent r="7" t="219" w="393" /><ent r="4" t="219" w="471" /><ent r="65" t="219" w="473" /><ent r="6" t="219" w="1333" /></phr></stem><stem n="toolbar"><phr n="toolbars"><ent r="100" t="1" w="20" /><ent r="3" t="1" w="57" /><ent r="3" t="1" w="60" /><ent r="3" t="1" w="66" /><ent r="3" t="1" w="188" /><ent r="3" t="1" w="211" /><ent r="3" t="1" w="258" /><ent r="3" t="1" w="273" /><ent r="5" t="1" w="287" /><ent r="4" t="1" w="292" /><ent r="4" t="1" w="296" /><ent r="4" t="1" w="340" /><ent r="4" t="1" w="344" /><ent r="4" t="1" w="377" /><ent r="3" t="1" w="406" /><ent r="3" t="1" w="422" /><ent r="3" t="1" w="477" /><ent r="64" t="1" w="480" /><ent r="3" t="1" w="541" /><ent r="1000" t="4" w="1" /><ent r="100" t="4" w="3" /><ent r="102" t="4" w="5" /><ent r="3" t="4" w="8" /><ent r="3" t="4" w="56" /><ent r="3" t="4" w="88" /><ent r="100" t="4" w="114" /><ent r="92" t="4" w="119" /><ent r="3" t="4" w="128" /><ent r="5" t="4" w="142" /><ent r="4" t="4" w="147" /><ent r="4" t="4" w="151" /><ent r="4" t="4" w="197" /><ent r="4" t="4" w="201" /><ent r="92" t="4" w="220" /><ent r="100" t="5" w="7" /><ent r="100" t="6" w="7" /><ent r="100" t="7" w="7" /><ent r="100" t="8" w="7" /><ent r="100" t="9" w="7" /><ent r="100" t="10" w="9" /><ent r="100" t="11" w="7" /><ent r="100" t="12" w="10" /><ent r="100" t="13" w="7" /><ent r="100" t="14" w="12" /><ent r="3" t="64" w="36" /><ent r="3" t="108" w="143" /><ent r="3" t="108" w="186" /><ent r="4" t="108" w="292" /><ent r="4" t="108" w="297" /><ent r="5" t="122" w="228" /><ent r="5" t="122" w="239" /><ent r="5" t="123" w="320" /><ent r="100" t="150" w="11" /><ent r="100" t="151" w="5" /><ent r="4" t="152" w="124" /><ent r="3" t="158" w="94" /><ent r="3" t="158" w="612" /><ent r="82" t="209" w="212" /><ent r="3" t="210" w="312" /><ent r="3" t="210" w="339" /><ent r="5" t="210" w="353" /><ent r="4" t="210" w="358" /><ent r="4" t="210" w="362" /><ent r="4" t="210" w="408" /><ent r="4" t="210" w="412" /><ent r="5" t="210" w="447" /><ent r="5" t="210" w="1881" /><ent r="3" t="211" w="456" /><ent r="3" t="211" w="488" /><ent r="5" t="211" w="502" /><ent r="4" t="211" w="507" /><ent r="4" t="211" w="511" /><ent r="4" t="211" w="557" /><ent r="4" t="211" w="561" /><ent r="5" t="211" w="596" /><ent r="4" t="211" w="1944" /><ent r="5" t="211" w="2048" /><ent r="3" t="212" w="181" /><ent r="3" t="212" w="204" /><ent r="5" t="212" w="218" /><ent r="4" t="212" w="223" /><ent r="4" t="212" w="227" /><ent r="4" t="212" w="273" /><ent r="4" t="212" w="277" /><ent r="5" t="212" w="312" /><ent r="5" t="212" w="1036" /><ent r="3" t="213" w="137" /><ent r="3" t="213" w="163" /><ent r="5" t="213" w="177" /><ent r="4" t="213" w="182" /><ent r="4" t="213" w="186" /><ent r="4" t="213" w="232" /><ent r="4" t="213" w="236" /><ent r="5" t="213" w="271" /><ent r="3" t="214" w="379" /><ent r="3" t="214" w="402" /><ent r="5" t="214" w="416" /><ent r="4" t="214" w="421" /><ent r="4" t="214" w="425" /><ent r="4" t="214" w="471" /><ent r="4" t="214" w="475" /><ent r="5" t="214" w="510" /><ent r="3" t="215" w="369" /><ent r="3" t="215" w="391" /><ent r="5" t="215" w="405" /><ent r="4" t="215" w="410" /><ent r="4" t="215" w="414" /><ent r="4" t="215" w="460" /><ent r="4" t="215" w="464" /><ent r="5" t="215" w="499" /><ent r="3" t="217" w="293" /><ent r="3" t="217" w="315" /><ent r="5" t="217" w="329" /><ent r="4" t="217" w="334" /><ent r="4" t="217" w="338" /><ent r="4" t="217" w="384" /><ent r="4" t="217" w="388" /><ent r="5" t="217" w="423" /><ent r="3" t="218" w="299" /><ent r="4" t="218" w="329" /><ent r="3" t="218" w="334" /><ent r="3" t="218" w="338" /><ent r="4" t="219" w="206" /><ent r="3" t="219" w="224" /><ent r="5" t="219" w="238" /><ent r="4" t="219" w="243" /><ent r="4" t="219" w="247" /><ent r="4" t="219" w="293" /><ent r="4" t="219" w="297" /><ent r="5" t="219" w="332" /><ent r="7" t="256" w="58" /></phr><phr n="toolbar"><ent r="3" t="1" w="113" /><ent r="3" t="1" w="205" /><ent r="92" t="1" w="207" /><ent r="4" t="1" w="306" /><ent r="4" t="1" w="325" /><ent r="4" t="1" w="354" /><ent r="4" t="1" w="389" /><ent r="3" t="1" w="409" /><ent r="3" t="1" w="440" /><ent r="4" t="1" w="451" /><ent r="4" t="1" w="462" /><ent r="3" t="1" w="636" /><ent r="3" t="4" w="34" /><ent r="3" t="4" w="65" /><ent r="3" t="4" w="82" /><ent r="4" t="4" w="161" /><ent r="4" t="4" w="180" /><ent r="4" t="4" w="211" /><ent r="64" t="4" w="223" /><ent r="64" t="4" w="226" /><ent r="64" t="4" w="229" /><ent r="64" t="4" w="233" /><ent r="64" t="4" w="236" /><ent r="64" t="4" w="240" /><ent r="64" t="4" w="243" /><ent r="64" t="4" w="246" /><ent r="64" t="4" w="249" /><ent r="64" t="4" w="252" /><ent r="64" t="4" w="256" /><ent r="64" t="4" w="260" /><ent r="1000" t="5" w="2" /><ent r="100" t="5" w="5" /><ent r="102" t="5" w="11" /><ent r="68" t="5" w="98" /><ent r="68" t="5" w="134" /><ent r="68" t="5" w="171" /><ent r="1000" t="6" w="2" /><ent r="100" t="6" w="5" /><ent r="102" t="6" w="11" /><ent r="1000" t="7" w="2" /><ent r="100" t="7" w="5" /><ent r="102" t="7" w="11" /><ent r="1000" t="8" w="2" /><ent r="100" t="8" w="5" /><ent r="102" t="8" w="11" /><ent r="3" t="8" w="15" /><ent r="1000" t="9" w="2" /><ent r="100" t="9" w="5" /><ent r="102" t="9" w="11" /><ent r="1000" t="10" w="3" /><ent r="100" t="10" w="7" /><ent r="102" t="10" w="15" /><ent r="4" t="10" w="31" /><ent r="3" t="10" w="49" /><ent r="1000" t="11" w="2" /><ent r="100" t="11" w="5" /><ent r="102" t="11" w="11" /><ent r="4" t="11" w="15" /><ent r="3" t="11" w="53" /><ent r="3" t="11" w="72" /><ent r="1000" t="12" w="2" /><ent r="100" t="12" w="8" /><ent r="102" t="12" w="14" /><ent r="1000" t="13" w="2" /><ent r="100" t="13" w="5" /><ent r="102" t="13" w="11" /><ent r="3" t="13" w="16" /><ent r="5" t="13" w="60" /><ent r="6" t="13" w="206" /><ent r="1000" t="14" w="2" /><ent r="102" t="14" w="5" /><ent r="100" t="14" w="10" /><ent r="3" t="14" w="18" /><ent r="4" t="14" w="38" /><ent r="3" t="14" w="69" /><ent r="1000" t="15" w="3" /><ent r="102" t="15" w="7" /><ent r="100" t="15" w="11" /><ent r="3" t="15" w="16" /><ent r="1000" t="16" w="3" /><ent r="102" t="16" w="7" /><ent r="100" t="16" w="11" /><ent r="3" t="16" w="14" /><ent r="64" t="17" w="55" /><ent r="64" t="22" w="140" /><ent r="65" t="30" w="475" /><ent r="64" t="43" w="145" /><ent r="66" t="46" w="175" /><ent r="64" t="47" w="31" /><ent r="3" t="47" w="296" /><ent r="64" t="56" w="32" /><ent r="64" t="61" w="47" /><ent r="6" t="64" w="62" /><ent r="67" t="64" w="72" /><ent r="67" t="64" w="82" /><ent r="67" t="64" w="90" /><ent r="67" t="64" w="97" /><ent r="67" t="64" w="105" /><ent r="67" t="64" w="114" /><ent r="67" t="64" w="124" /><ent r="67" t="64" w="127" /><ent r="64" t="64" w="146" /><ent r="64" t="65" w="64" /><ent r="64" t="66" w="76" /><ent r="64" t="67" w="38" /><ent r="64" t="68" w="19" /><ent r="65" t="68" w="51" /><ent r="64" t="69" w="190" /><ent r="3" t="70" w="95" /><ent r="64" t="72" w="68" /><ent r="64" t="73" w="60" /><ent r="65" t="74" w="101" /><ent r="64" t="74" w="142" /><ent r="64" t="75" w="150" /><ent r="64" t="77" w="79" /><ent r="3" t="77" w="126" /><ent r="64" t="78" w="66" /><ent r="4" t="80" w="84" /><ent r="64" t="82" w="19" /><ent r="3" t="82" w="58" /><ent r="64" t="82" w="79" /><ent r="4" t="84" w="212" /><ent r="4" t="84" w="224" /><ent r="65" t="84" w="230" /><ent r="64" t="84" w="264" /><ent r="64" t="85" w="63" /><ent r="65" t="86" w="34" /><ent r="65" t="87" w="30" /><ent r="64" t="89" w="34" /><ent r="64" t="90" w="67" /><ent r="65" t="91" w="43" /><ent r="65" t="91" w="195" /><ent r="65" t="91" w="224" /><ent r="65" t="91" w="269" /><ent r="65" t="93" w="75" /><ent r="65" t="93" w="183" /><ent r="65" t="93" w="200" /><ent r="65" t="93" w="230" /><ent r="65" t="93" w="276" /><ent r="3" t="95" w="55" /><ent r="3" t="95" w="80" /><ent r="3" t="95" w="131" /><ent r="3" t="95" w="146" /><ent r="65" t="97" w="65" /><ent r="64" t="98" w="43" /><ent r="64" t="98" w="50" /><ent r="4" t="98" w="71" /><ent r="4" t="98" w="112" /><ent r="64" t="100" w="76" /><ent r="65" t="101" w="60" /><ent r="65" t="108" w="67" /><ent r="64" t="113" w="81" /><ent r="64" t="114" w="106" /><ent r="3" t="115" w="21" /><ent r="65" t="115" w="70" /><ent r="64" t="116" w="254" /><ent r="64" t="118" w="80" /><ent r="64" t="118" w="204" /><ent r="64" t="121" w="103" /><ent r="66" t="122" w="245" /><ent r="3" t="123" w="52" /><ent r="65" t="123" w="144" /><ent r="4" t="123" w="152" /><ent r="3" t="123" w="250" /><ent r="4" t="123" w="274" /><ent r="3" t="123" w="328" /><ent r="64" t="134" w="181" /><ent r="3" t="134" w="257" /><ent r="64" t="135" w="114" /><ent r="3" t="136" w="145" /><ent r="4" t="140" w="232" /><ent r="4" t="140" w="505" /><ent r="65" t="142" w="322" /><ent r="65" t="143" w="98" /><ent r="64" t="143" w="267" /><ent r="65" t="144" w="74" /><ent r="3" t="145" w="80" /><ent r="3" t="145" w="101" /><ent r="3" t="145" w="183" /><ent r="3" t="146" w="25" /><ent r="100" t="150" w="228" /><ent r="92" t="150" w="232" /><ent r="3" t="150" w="237" /><ent r="3" t="150" w="254" /><ent r="64" t="150" w="259" /><ent r="1000" t="151" w="3" /><ent r="100" t="151" w="11" /><ent r="102" t="151" w="15" /><ent r="64" t="153" w="95" /><ent r="64" t="155" w="56" /><ent r="3" t="156" w="102" /><ent r="4" t="158" w="70" /><ent r="3" t="158" w="466" /><ent r="3" t="158" w="473" /><ent r="3" t="158" w="477" /><ent r="3" t="158" w="480" /><ent r="3" t="158" w="495" /><ent r="3" t="158" w="501" /><ent r="3" t="158" w="533" /><ent r="3" t="158" w="589" /><ent r="3" t="158" w="606" /><ent r="65" t="161" w="388" /><ent r="64" t="163" w="170" /><ent r="64" t="172" w="86" /><ent r="64" t="173" w="24" /><ent r="4" t="178" w="76" /><ent r="65" t="178" w="101" /><ent r="4" t="178" w="146" /><ent r="4" t="178" w="364" /><ent r="3" t="178" w="483" /><ent r="3" t="178" w="583" /><ent r="3" t="178" w="657" /><ent r="64" t="179" w="85" /><ent r="65" t="185" w="97" /><ent r="65" t="195" w="151" /><ent r="3" t="196" w="39" /><ent r="3" t="197" w="51" /><ent r="3" t="198" w="304" /><ent r="4" t="198" w="336" /><ent r="65" t="199" w="69" /><ent r="65" t="200" w="69" /><ent r="65" t="202" w="131" /><ent r="65" t="203" w="91" /><ent r="65" t="205" w="102" /><ent r="65" t="207" w="176" /><ent r="65" t="208" w="43" /><ent r="65" t="210" w="321" /><ent r="64" t="210" w="324" /><ent r="64" t="210" w="327" /><ent r="64" t="210" w="330" /><ent r="4" t="210" w="372" /><ent r="4" t="210" w="391" /><ent r="4" t="210" w="422" /><ent r="4" t="210" w="456" /><ent r="3" t="210" w="660" /><ent r="3" t="210" w="810" /><ent r="4" t="210" w="876" /><ent r="4" t="210" w="919" /><ent r="4" t="210" w="973" /><ent r="4" t="210" w="1015" /><ent r="4" t="210" w="1036" /><ent r="4" t="210" w="1098" /><ent r="3" t="210" w="1198" /><ent r="64" t="210" w="1508" /><ent r="92" t="210" w="1834" /><ent r="3" t="210" w="1839" /><ent r="3" t="210" w="1851" /><ent r="4" t="210" w="1870" /><ent r="4" t="210" w="1894" /><ent r="4" t="210" w="1931" /><ent r="4" t="210" w="1978" /><ent r="4" t="210" w="2002" /><ent r="3" t="210" w="2076" /><ent r="3" t="210" w="2215" /><ent r="3" t="210" w="2451" /><ent r="100" t="211" w="41" /><ent r="3" t="211" w="62" /><ent r="4" t="211" w="107" /><ent r="65" t="211" w="463" /><ent r="65" t="211" w="466" /><ent r="65" t="211" w="469" /><ent r="65" t="211" w="472" /><ent r="64" t="211" w="475" /><ent r="64" t="211" w="479" /><ent r="4" t="211" w="521" /><ent r="4" t="211" w="540" /><ent r="4" t="211" w="571" /><ent r="4" t="211" w="605" /><ent r="4" t="211" w="816" /><ent r="4" t="211" w="847" /><ent r="4" t="211" w="853" /><ent r="4" t="211" w="864" /><ent r="3" t="211" w="1148" /><ent r="3" t="211" w="1372" /><ent r="4" t="211" w="1774" /><ent r="92" t="211" w="1840" /><ent r="4" t="211" w="1879" /><ent r="65" t="211" w="1925" /><ent r="4" t="211" w="1932" /><ent r="4" t="211" w="1954" /><ent r="4" t="211" w="2003" /><ent r="4" t="211" w="2035" /><ent r="4" t="211" w="2061" /><ent r="4" t="211" w="2346" /><ent r="4" t="211" w="2446" /><ent r="4" t="211" w="2465" /><ent r="4" t="211" w="2849" /><ent r="4" t="211" w="2882" /><ent r="4" t="211" w="2941" /><ent r="4" t="211" w="3154" /><ent r="3" t="212" w="145" /><ent r="3" t="212" w="179" /><ent r="64" t="212" w="188" /><ent r="64" t="212" w="191" /><ent r="64" t="212" w="195" /><ent r="4" t="212" w="237" /><ent r="4" t="212" w="256" /><ent r="4" t="212" w="287" /><ent r="4" t="212" w="321" /><ent r="4" t="212" w="638" /><ent r="4" t="212" w="656" /><ent r="4" t="212" w="715" /><ent r="4" t="212" w="728" /><ent r="4" t="212" w="890" /><ent r="4" t="212" w="948" /><ent r="4" t="212" w="984" /><ent r="4" t="212" w="1045" /><ent r="64" t="213" w="144" /><ent r="64" t="213" w="147" /><ent r="64" t="213" w="150" /><ent r="64" t="213" w="154" /><ent r="4" t="213" w="196" /><ent r="4" t="213" w="215" /><ent r="4" t="213" w="246" /><ent r="4" t="213" w="280" /><ent r="4" t="213" w="501" /><ent r="4" t="213" w="562" /><ent r="4" t="213" w="1243" /><ent r="64" t="214" w="386" /><ent r="64" t="214" w="389" /><ent r="64" t="214" w="393" /><ent r="4" t="214" w="435" /><ent r="4" t="214" w="454" /><ent r="4" t="214" w="485" /><ent r="4" t="214" w="519" /><ent r="4" t="214" w="780" /><ent r="4" t="214" w="785" /><ent r="4" t="214" w="798" /><ent r="3" t="214" w="988" /><ent r="4" t="214" w="1041" /><ent r="64" t="215" w="376" /><ent r="64" t="215" w="379" /><ent r="64" t="215" w="382" /><ent r="4" t="215" w="424" /><ent r="4" t="215" w="443" /><ent r="4" t="215" w="474" /><ent r="4" t="215" w="508" /><ent r="4" t="215" w="898" /><ent r="4" t="215" w="958" /><ent r="4" t="215" w="970" /><ent r="4" t="217" w="279" /><ent r="64" t="217" w="300" /><ent r="64" t="217" w="303" /><ent r="64" t="217" w="306" /><ent r="4" t="217" w="348" /><ent r="4" t="217" w="367" /><ent r="4" t="217" w="398" /><ent r="4" t="217" w="432" /><ent r="3" t="217" w="576" /><ent r="4" t="217" w="624" /><ent r="3" t="217" w="642" /><ent r="5" t="217" w="684" /><ent r="3" t="217" w="958" /><ent r="4" t="217" w="1000" /><ent r="3" t="217" w="1005" /><ent r="4" t="217" w="1137" /><ent r="64" t="218" w="307" /><ent r="3" t="218" w="312" /><ent r="3" t="218" w="348" /><ent r="6" t="218" w="1212" /><ent r="4" t="218" w="1241" /><ent r="4" t="218" w="1451" /><ent r="3" t="218" w="1468" /><ent r="3" t="218" w="1481" /><ent r="3" t="218" w="1495" /><ent r="3" t="218" w="1504" /><ent r="3" t="218" w="1512" /><ent r="3" t="218" w="1523" /><ent r="3" t="218" w="1531" /><ent r="3" t="218" w="1616" /><ent r="3" t="218" w="1685" /><ent r="3" t="218" w="1711" /><ent r="64" t="219" w="215" /><ent r="4" t="219" w="257" /><ent r="4" t="219" w="276" /><ent r="4" t="219" w="307" /><ent r="4" t="219" w="341" /><ent r="3" t="219" w="1098" /><ent r="4" t="219" w="1217" /><ent r="64" t="223" w="14" /><ent r="64" t="249" w="14" /><ent r="64" t="250" w="14" /><ent r="6" t="256" w="52" /><ent r="7" t="256" w="66" /><ent r="6" t="257" w="61" /><ent r="6" t="258" w="67" /><ent r="6" t="259" w="64" /></phr></stem><stem n="open"><phr n="open"><ent r="3" t="1" w="24" /><ent r="3" t="1" w="132" /><ent r="5" t="6" w="135" /><ent r="3" t="11" w="50" /><ent r="100" t="17" w="5" /><ent r="100" t="17" w="7" /><ent r="5" t="17" w="184" /><ent r="3" t="17" w="189" /><ent r="64" t="17" w="260" /><ent r="1000" t="18" w="1" /><ent r="100" t="18" w="8" /><ent r="100" t="18" w="10" /><ent r="102" t="18" w="13" /><ent r="3" t="18" w="21" /><ent r="3" t="18" w="32" /><ent r="92" t="18" w="37" /><ent r="3" t="18" w="46" /><ent r="3" t="18" w="65" /><ent r="3" t="18" w="111" /><ent r="3" t="18" w="134" /><ent r="3" t="18" w="146" /><ent r="3" t="18" w="158" /><ent r="3" t="19" w="40" /><ent r="5" t="30" w="439" /><ent r="4" t="42" w="96" /><ent r="3" t="43" w="112" /><ent r="5" t="43" w="136" /><ent r="3" t="43" w="149" /><ent r="4" t="43" w="169" /><ent r="4" t="43" w="207" /><ent r="5" t="43" w="237" /><ent r="3" t="47" w="71" /><ent r="4" t="48" w="30" /><ent r="4" t="49" w="28" /><ent r="4" t="50" w="69" /><ent r="4" t="52" w="69" /><ent r="4" t="53" w="69" /><ent r="4" t="54" w="82" /><ent r="4" t="55" w="76" /><ent r="4" t="56" w="72" /><ent r="4" t="57" w="68" /><ent r="4" t="58" w="65" /><ent r="4" t="59" w="65" /><ent r="4" t="60" w="75" /><ent r="5" t="70" w="255" /><ent r="4" t="78" w="29" /><ent r="4" t="88" w="34" /><ent r="3" t="88" w="215" /><ent r="3" t="100" w="45" /><ent r="64" t="107" w="134" /><ent r="4" t="108" w="35" /><ent r="64" t="108" w="405" /><ent r="1000" t="109" w="1" /><ent r="102" t="109" w="5" /><ent r="100" t="109" w="10" /><ent r="100" t="109" w="12" /><ent r="3" t="109" w="19" /><ent r="3" t="109" w="29" /><ent r="4" t="109" w="68" /><ent r="5" t="109" w="88" /><ent r="4" t="109" w="93" /><ent r="5" t="109" w="118" /><ent r="3" t="110" w="115" /><ent r="64" t="110" w="124" /><ent r="64" t="111" w="247" /><ent r="3" t="112" w="25" /><ent r="3" t="114" w="58" /><ent r="3" t="114" w="95" /><ent r="4" t="124" w="166" /><ent r="4" t="124" w="252" /><ent r="5" t="127" w="136" /><ent r="4" t="128" w="237" /><ent r="65" t="130" w="21" /><ent r="3" t="134" w="148" /><ent r="3" t="135" w="83" /><ent r="3" t="136" w="117" /><ent r="3" t="138" w="76" /><ent r="4" t="138" w="117" /><ent r="4" t="139" w="47" /><ent r="4" t="140" w="68" /><ent r="4" t="141" w="69" /><ent r="3" t="148" w="319" /><ent r="4" t="148" w="332" /><ent r="100" t="150" w="15" /><ent r="100" t="150" w="74" /><ent r="3" t="150" w="77" /><ent r="64" t="150" w="564" /><ent r="7" t="151" w="40" /><ent r="64" t="152" w="268" /><ent r="1000" t="153" w="1" /><ent r="100" t="153" w="6" /><ent r="102" t="153" w="8" /><ent r="100" t="153" w="12" /><ent r="3" t="153" w="18" /><ent r="3" t="153" w="29" /><ent r="5" t="153" w="74" /><ent r="3" t="153" w="99" /><ent r="4" t="153" w="104" /><ent r="4" t="153" w="114" /><ent r="5" t="153" w="118" /><ent r="4" t="154" w="24" /><ent r="65" t="154" w="95" /><ent r="3" t="158" w="102" /><ent r="4" t="158" w="234" /><ent r="4" t="158" w="298" /><ent r="4" t="158" w="375" /><ent r="4" t="158" w="419" /><ent r="4" t="158" w="514" /><ent r="4" t="158" w="576" /><ent r="5" t="168" w="72" /><ent r="3" t="179" w="56" /><ent r="3" t="179" w="193" /><ent r="3" t="180" w="70" /><ent r="3" t="180" w="150" /><ent r="4" t="181" w="85" /><ent r="3" t="181" w="185" /><ent r="4" t="181" w="809" /><ent r="4" t="182" w="44" /><ent r="3" t="182" w="215" /><ent r="3" t="183" w="89" /><ent r="4" t="184" w="68" /><ent r="4" t="184" w="103" /><ent r="3" t="184" w="260" /><ent r="4" t="185" w="57" /><ent r="3" t="185" w="189" /><ent r="4" t="186" w="47" /><ent r="3" t="186" w="123" /><ent r="4" t="187" w="63" /><ent r="3" t="187" w="220" /><ent r="3" t="188" w="84" /><ent r="3" t="188" w="155" /><ent r="3" t="189" w="18" /><ent r="5" t="192" w="325" /><ent r="4" t="192" w="437" /><ent r="4" t="192" w="521" /><ent r="5" t="192" w="647" /><ent r="4" t="193" w="80" /><ent r="4" t="193" w="145" /><ent r="4" t="193" w="231" /><ent r="5" t="194" w="313" /><ent r="4" t="194" w="422" /><ent r="4" t="194" w="508" /><ent r="3" t="199" w="127" /><ent r="4" t="206" w="395" /><ent r="5" t="207" w="131" /><ent r="4" t="207" w="133" /><ent r="4" t="210" w="56" /><ent r="5" t="210" w="594" /><ent r="4" t="210" w="699" /><ent r="4" t="210" w="1167" /><ent r="4" t="210" w="1916" /><ent r="5" t="210" w="2402" /><ent r="4" t="211" w="96" /><ent r="5" t="211" w="796" /><ent r="92" t="212" w="388" /><ent r="3" t="212" w="432" /><ent r="4" t="212" w="531" /><ent r="5" t="212" w="593" /><ent r="3" t="212" w="1451" /><ent r="4" t="213" w="1200" /><ent r="4" t="213" w="1209" /><ent r="3" t="213" w="1886" /><ent r="4" t="214" w="61" /><ent r="5" t="214" w="735" /><ent r="5" t="214" w="847" /><ent r="4" t="215" w="53" /><ent r="92" t="215" w="689" /><ent r="4" t="215" w="708" /><ent r="5" t="215" w="730" /><ent r="4" t="215" w="1080" /><ent r="92" t="216" w="232" /><ent r="5" t="216" w="506" /><ent r="5" t="217" w="547" /><ent r="5" t="217" w="874" /><ent r="4" t="218" w="1844" /><ent r="5" t="219" w="446" /><ent r="4" t="219" w="450" /><ent r="5" t="219" w="486" /><ent r="4" t="219" w="749" /><ent r="3" t="219" w="1507" /><ent r="3" t="243" w="26" /><ent r="3" t="244" w="22" /><ent r="3" t="254" w="188" /><ent r="3" t="254" w="194" /><ent r="3" t="254" w="201" /><ent r="3" t="254" w="204" /><ent r="3" t="254" w="211" /><ent r="3" t="254" w="215" /><ent r="4" t="254" w="513" /><ent r="7" t="258" w="92" /><ent r="7" t="258" w="112" /><ent r="100" t="258" w="114" /><ent r="7" t="258" w="128" /><ent r="7" t="258" w="205" /></phr><phr n="Opens"><ent r="5" t="3" w="132" /><ent r="7" t="5" w="265" /><ent r="7" t="5" w="274" /><ent r="7" t="6" w="72" /><ent r="7" t="9" w="67" /><ent r="3" t="18" w="168" /><ent r="6" t="75" w="356" /><ent r="3" t="128" w="277" /><ent r="7" t="151" w="56" /><ent r="4" t="153" w="53" /><ent r="4" t="154" w="89" /><ent r="3" t="162" w="53" /><ent r="4" t="192" w="384" /><ent r="4" t="194" w="369" /><ent r="6" t="198" w="488" /><ent r="4" t="212" w="808" /><ent r="4" t="215" w="737" /><ent r="4" t="219" w="429" /><ent r="7" t="258" w="118" /><ent r="7" t="259" w="88" /></phr><phr n="opened"><ent r="4" t="101" w="37" /><ent r="4" t="179" w="275" /><ent r="7" t="228" w="487" /><ent r="3" t="243" w="523" /><ent r="3" t="254" w="235" /></phr><phr n="opening"><ent r="3" t="140" w="179" /><ent r="3" t="156" w="77" /><ent r="3" t="158" w="145" /><ent r="3" t="198" w="630" /><ent r="4" t="207" w="147" /></phr></stem><stem n="displai"><phr n="displayed"><ent r="3" t="1" w="33" /><ent r="3" t="1" w="171" /><ent r="4" t="1" w="294" /><ent r="4" t="1" w="342" /><ent r="3" t="1" w="507" /><ent r="3" t="1" w="544" /><ent r="4" t="4" w="149" /><ent r="4" t="4" w="199" /><ent r="6" t="7" w="201" /><ent r="4" t="10" w="35" /><ent r="4" t="10" w="39" /><ent r="7" t="10" w="106" /><ent r="6" t="14" w="274" /><ent r="7" t="14" w="398" /><ent r="7" t="14" w="435" /><ent r="7" t="14" w="505" /><ent r="4" t="17" w="100" /><ent r="3" t="17" w="245" /><ent r="3" t="19" w="31" /><ent r="3" t="20" w="148" /><ent r="3" t="20" w="171" /><ent r="3" t="22" w="43" /><ent r="4" t="22" w="185" /><ent r="3" t="22" w="448" /><ent r="4" t="22" w="518" /><ent r="3" t="22" w="813" /><ent r="3" t="25" w="121" /><ent r="4" t="30" w="347" /><ent r="4" t="30" w="478" /><ent r="4" t="33" w="54" /><ent r="4" t="37" w="190" /><ent r="3" t="38" w="63" /><ent r="4" t="40" w="55" /><ent r="4" t="40" w="159" /><ent r="4" t="41" w="48" /><ent r="4" t="43" w="174" /><ent r="4" t="46" w="133" /><ent r="5" t="46" w="265" /><ent r="3" t="47" w="49" /><ent r="3" t="47" w="117" /><ent r="3" t="47" w="285" /><ent r="3" t="49" w="151" /><ent r="3" t="50" w="26" /><ent r="4" t="51" w="46" /><ent r="4" t="51" w="91" /><ent r="4" t="51" w="173" /><ent r="3" t="51" w="183" /><ent r="3" t="51" w="196" /><ent r="4" t="58" w="355" /><ent r="4" t="58" w="790" /><ent r="7" t="65" w="147" /><ent r="3" t="69" w="87" /><ent r="4" t="70" w="155" /><ent r="4" t="70" w="220" /><ent r="4" t="70" w="275" /><ent r="3" t="70" w="344" /><ent r="3" t="70" w="643" /><ent r="4" t="70" w="675" /><ent r="4" t="73" w="79" /><ent r="4" t="73" w="248" /><ent r="4" t="73" w="313" /><ent r="4" t="74" w="157" /><ent r="3" t="75" w="104" /><ent r="3" t="75" w="166" /><ent r="3" t="75" w="249" /><ent r="4" t="75" w="483" /><ent r="3" t="75" w="624" /><ent r="4" t="75" w="641" /><ent r="3" t="76" w="70" /><ent r="4" t="76" w="143" /><ent r="4" t="76" w="198" /><ent r="3" t="76" w="227" /><ent r="4" t="77" w="103" /><ent r="3" t="79" w="27" /><ent r="5" t="79" w="53" /><ent r="4" t="79" w="90" /><ent r="4" t="80" w="52" /><ent r="4" t="80" w="69" /><ent r="3" t="81" w="113" /><ent r="4" t="83" w="57" /><ent r="4" t="83" w="79" /><ent r="3" t="83" w="94" /><ent r="3" t="83" w="96" /><ent r="4" t="84" w="215" /><ent r="3" t="86" w="48" /><ent r="3" t="88" w="74" /><ent r="4" t="93" w="116" /><ent r="4" t="96" w="116" /><ent r="3" t="98" w="53" /><ent r="3" t="100" w="90" /><ent r="3" t="105" w="15" /><ent r="3" t="106" w="23" /><ent r="3" t="108" w="82" /><ent r="3" t="108" w="121" /><ent r="3" t="108" w="150" /><ent r="3" t="108" w="155" /><ent r="4" t="109" w="99" /><ent r="4" t="110" w="69" /><ent r="4" t="110" w="83" /><ent r="4" t="111" w="140" /><ent r="4" t="111" w="188" /><ent r="4" t="111" w="236" /><ent r="4" t="112" w="52" /><ent r="3" t="114" w="136" /><ent r="4" t="116" w="92" /><ent r="4" t="116" w="120" /><ent r="4" t="116" w="175" /><ent r="4" t="116" w="203" /><ent r="4" t="116" w="275" /><ent r="4" t="117" w="75" /><ent r="3" t="118" w="33" /><ent r="3" t="118" w="42" /><ent r="3" t="118" w="126" /><ent r="4" t="119" w="59" /><ent r="3" t="119" w="78" /><ent r="3" t="122" w="58" /><ent r="3" t="122" w="100" /><ent r="6" t="122" w="483" /><ent r="5" t="122" w="590" /><ent r="5" t="122" w="602" /><ent r="5" t="122" w="607" /><ent r="5" t="122" w="619" /><ent r="5" t="122" w="630" /><ent r="66" t="122" w="632" /><ent r="4" t="123" w="210" /><ent r="3" t="123" w="237" /><ent r="4" t="123" w="317" /><ent r="3" t="123" w="331" /><ent r="4" t="124" w="81" /><ent r="3" t="124" w="118" /><ent r="3" t="125" w="125" /><ent r="4" t="125" w="139" /><ent r="1000" t="126" w="1" /><ent r="100" t="126" w="4" /><ent r="102" t="126" w="7" /><ent r="3" t="126" w="18" /><ent r="4" t="126" w="65" /><ent r="5" t="126" w="68" /><ent r="4" t="126" w="102" /><ent r="3" t="126" w="158" /><ent r="4" t="127" w="122" /><ent r="4" t="127" w="242" /><ent r="4" t="128" w="116" /><ent r="4" t="129" w="64" /><ent r="4" t="129" w="77" /><ent r="3" t="130" w="44" /><ent r="3" t="131" w="54" /><ent r="3" t="131" w="136" /><ent r="3" t="131" w="141" /><ent r="3" t="132" w="132" /><ent r="4" t="132" w="172" /><ent r="3" t="133" w="136" /><ent r="4" t="133" w="177" /><ent r="4" t="137" w="28" /><ent r="4" t="137" w="48" /><ent r="4" t="137" w="55" /><ent r="4" t="137" w="70" /><ent r="4" t="137" w="87" /><ent r="3" t="138" w="23" /><ent r="3" t="139" w="29" /><ent r="5" t="139" w="99" /><ent r="3" t="140" w="27" /><ent r="4" t="140" w="300" /><ent r="3" t="141" w="28" /><ent r="4" t="141" w="478" /><ent r="4" t="141" w="567" /><ent r="3" t="142" w="235" /><ent r="3" t="142" w="345" /><ent r="3" t="142" w="590" /><ent r="4" t="143" w="101" /><ent r="3" t="143" w="120" /><ent r="3" t="143" w="244" /><ent r="3" t="144" w="16" /><ent r="4" t="144" w="90" /><ent r="3" t="144" w="108" /><ent r="3" t="145" w="136" /><ent r="3" t="146" w="48" /><ent r="3" t="146" w="70" /><ent r="3" t="148" w="107" /><ent r="3" t="148" w="290" /><ent r="3" t="150" w="111" /><ent r="3" t="150" w="160" /><ent r="3" t="150" w="340" /><ent r="3" t="150" w="390" /><ent r="7" t="151" w="256" /><ent r="7" t="151" w="290" /><ent r="3" t="152" w="44" /><ent r="4" t="153" w="126" /><ent r="4" t="155" w="75" /><ent r="4" t="157" w="46" /><ent r="3" t="159" w="36" /><ent r="3" t="159" w="73" /><ent r="3" t="160" w="51" /><ent r="3" t="160" w="149" /><ent r="3" t="160" w="232" /><ent r="3" t="160" w="263" /><ent r="3" t="160" w="566" /><ent r="3" t="160" w="590" /><ent r="3" t="160" w="697" /><ent r="3" t="160" w="714" /><ent r="4" t="160" w="763" /><ent r="4" t="160" w="801" /><ent r="3" t="161" w="88" /><ent r="3" t="161" w="193" /><ent r="4" t="161" w="352" /><ent r="4" t="164" w="61" /><ent r="3" t="172" w="23" /><ent r="3" t="175" w="40" /><ent r="3" t="175" w="218" /><ent r="3" t="177" w="89" /><ent r="4" t="178" w="95" /><ent r="4" t="178" w="141" /><ent r="3" t="178" w="200" /><ent r="4" t="178" w="250" /><ent r="3" t="178" w="413" /><ent r="4" t="179" w="129" /><ent r="3" t="179" w="326" /><ent r="4" t="179" w="396" /><ent r="3" t="179" w="687" /><ent r="4" t="179" w="909" /><ent r="3" t="180" w="61" /><ent r="3" t="180" w="318" /><ent r="4" t="180" w="388" /><ent r="3" t="180" w="676" /><ent r="3" t="181" w="137" /><ent r="3" t="181" w="231" /><ent r="3" t="181" w="315" /><ent r="4" t="181" w="386" /><ent r="3" t="181" w="674" /><ent r="3" t="181" w="777" /><ent r="4" t="181" w="854" /><ent r="3" t="182" w="94" /><ent r="3" t="183" w="59" /><ent r="3" t="183" w="162" /><ent r="3" t="183" w="217" /><ent r="3" t="183" w="254" /><ent r="3" t="184" w="124" /><ent r="3" t="184" w="154" /><ent r="3" t="186" w="34" /><ent r="4" t="186" w="86" /><ent r="3" t="187" w="106" /><ent r="3" t="188" w="65" /><ent r="3" t="188" w="118" /><ent r="3" t="188" w="246" /><ent r="5" t="188" w="264" /><ent r="5" t="188" w="269" /><ent r="4" t="188" w="290" /><ent r="4" t="188" w="406" /><ent r="4" t="188" w="795" /><ent r="3" t="189" w="54" /><ent r="3" t="190" w="161" /><ent r="3" t="192" w="129" /><ent r="3" t="193" w="97" /><ent r="3" t="194" w="107" /><ent r="4" t="195" w="166" /><ent r="4" t="195" w="776" /><ent r="3" t="195" w="1027" /><ent r="3" t="195" w="1053" /><ent r="3" t="198" w="126" /><ent r="3" t="198" w="349" /><ent r="3" t="198" w="405" /><ent r="3" t="199" w="83" /><ent r="4" t="202" w="134" /><ent r="4" t="202" w="166" /><ent r="4" t="205" w="128" /><ent r="3" t="208" w="58" /><ent r="4" t="208" w="118" /><ent r="3" t="210" w="160" /><ent r="3" t="210" w="174" /><ent r="4" t="210" w="360" /><ent r="4" t="210" w="410" /><ent r="3" t="210" w="732" /><ent r="4" t="210" w="1066" /><ent r="4" t="210" w="1204" /><ent r="3" t="210" w="1219" /><ent r="3" t="210" w="1263" /><ent r="3" t="210" w="1315" /><ent r="3" t="210" w="1342" /><ent r="3" t="210" w="1359" /><ent r="4" t="210" w="1660" /><ent r="4" t="210" w="1747" /><ent r="4" t="210" w="1901" /><ent r="4" t="210" w="1984" /><ent r="4" t="210" w="2137" /><ent r="3" t="210" w="2162" /><ent r="4" t="210" w="2224" /><ent r="4" t="210" w="2310" /><ent r="3" t="211" w="196" /><ent r="3" t="211" w="221" /><ent r="3" t="211" w="369" /><ent r="3" t="211" w="378" /><ent r="4" t="211" w="509" /><ent r="4" t="211" w="559" /><ent r="4" t="211" w="887" /><ent r="4" t="211" w="1066" /><ent r="3" t="211" w="1077" /><ent r="3" t="211" w="1091" /><ent r="3" t="211" w="1272" /><ent r="3" t="211" w="1380" /><ent r="3" t="211" w="1444" /><ent r="4" t="211" w="1752" /><ent r="3" t="211" w="2074" /><ent r="3" t="211" w="2080" /><ent r="3" t="211" w="2991" /><ent r="5" t="211" w="3109" /><ent r="4" t="212" w="225" /><ent r="4" t="212" w="275" /><ent r="3" t="212" w="1213" /><ent r="3" t="212" w="1513" /><ent r="3" t="212" w="1522" /><ent r="4" t="213" w="184" /><ent r="4" t="213" w="234" /><ent r="4" t="213" w="564" /><ent r="3" t="213" w="595" /><ent r="4" t="213" w="613" /><ent r="3" t="213" w="692" /><ent r="4" t="213" w="1357" /><ent r="3" t="213" w="1431" /><ent r="3" t="213" w="1449" /><ent r="3" t="213" w="1488" /><ent r="3" t="214" w="53" /><ent r="4" t="214" w="80" /><ent r="4" t="214" w="423" /><ent r="4" t="214" w="473" /><ent r="3" t="214" w="1178" /><ent r="4" t="215" w="412" /><ent r="4" t="215" w="462" /><ent r="4" t="216" w="577" /><ent r="4" t="217" w="197" /><ent r="4" t="217" w="213" /><ent r="4" t="217" w="336" /><ent r="4" t="217" w="386" /><ent r="3" t="217" w="599" /><ent r="4" t="217" w="705" /><ent r="4" t="217" w="894" /><ent r="3" t="217" w="1065" /><ent r="3" t="218" w="336" /><ent r="4" t="218" w="438" /><ent r="3" t="218" w="474" /><ent r="3" t="218" w="518" /><ent r="4" t="218" w="618" /><ent r="3" t="218" w="667" /><ent r="4" t="218" w="703" /><ent r="4" t="218" w="750" /><ent r="3" t="218" w="860" /><ent r="3" t="218" w="948" /><ent r="4" t="219" w="245" /><ent r="4" t="219" w="295" /><ent r="4" t="219" w="454" /><ent r="4" t="219" w="492" /><ent r="3" t="219" w="888" /><ent r="4" t="219" w="1445" /><ent r="3" t="219" w="1499" /><ent r="4" t="221" w="47" /><ent r="4" t="221" w="56" /><ent r="4" t="221" w="105" /><ent r="3" t="222" w="25" /><ent r="3" t="226" w="82" /><ent r="7" t="228" w="581" /><ent r="3" t="234" w="524" /><ent r="3" t="234" w="713" /><ent r="3" t="234" w="898" /><ent r="4" t="241" w="88" /><ent r="4" t="243" w="53" /><ent r="3" t="243" w="178" /><ent r="4" t="243" w="580" /><ent r="4" t="243" w="603" /><ent r="4" t="244" w="50" /><ent r="4" t="248" w="44" /><ent r="3" t="248" w="72" /><ent r="3" t="248" w="118" /><ent r="4" t="248" w="179" /><ent r="3" t="248" w="217" /><ent r="4" t="248" w="261" /><ent r="4" t="248" w="329" /><ent r="3" t="252" w="119" /><ent r="3" t="252" w="408" /><ent r="3" t="254" w="179" /><ent r="3" t="254" w="301" /><ent r="4" t="254" w="732" /><ent r="7" t="259" w="158" /><ent r="7" t="259" w="196" /></phr><phr n="display"><ent r="3" t="1" w="49" /><ent r="4" t="1" w="393" /><ent r="100" t="1" w="484" /><ent r="92" t="1" w="488" /><ent r="3" t="1" w="493" /><ent r="3" t="1" w="519" /><ent r="3" t="1" w="560" /><ent r="3" t="4" w="126" /><ent r="64" t="4" w="228" /><ent r="1000" t="7" w="1" /><ent r="100" t="7" w="4" /><ent r="100" t="7" w="8" /><ent r="102" t="7" w="10" /><ent r="6" t="7" w="132" /><ent r="6" t="7" w="140" /><ent r="6" t="7" w="150" /><ent r="6" t="7" w="160" /><ent r="6" t="7" w="172" /><ent r="6" t="7" w="184" /><ent r="6" t="7" w="225" /><ent r="6" t="7" w="234" /><ent r="5" t="7" w="246" /><ent r="5" t="7" w="256" /><ent r="6" t="7" w="274" /><ent r="6" t="7" w="284" /><ent r="7" t="7" w="306" /><ent r="7" t="8" w="83" /><ent r="7" t="8" w="105" /><ent r="7" t="10" w="88" /><ent r="7" t="10" w="100" /><ent r="6" t="13" w="91" /><ent r="5" t="13" w="104" /><ent r="5" t="13" w="121" /><ent r="7" t="13" w="137" /><ent r="3" t="20" w="55" /><ent r="3" t="20" w="72" /><ent r="3" t="20" w="83" /><ent r="3" t="20" w="91" /><ent r="4" t="20" w="156" /><ent r="3" t="20" w="184" /><ent r="4" t="20" w="512" /><ent r="3" t="20" w="694" /><ent r="3" t="21" w="47" /><ent r="3" t="29" w="13" /><ent r="4" t="29" w="268" /><ent r="5" t="30" w="318" /><ent r="4" t="30" w="329" /><ent r="3" t="30" w="337" /><ent r="64" t="30" w="537" /><ent r="3" t="46" w="14" /><ent r="5" t="46" w="248" /><ent r="5" t="46" w="301" /><ent r="4" t="48" w="76" /><ent r="4" t="49" w="138" /><ent r="4" t="50" w="124" /><ent r="3" t="51" w="22" /><ent r="4" t="51" w="149" /><ent r="4" t="52" w="115" /><ent r="4" t="53" w="115" /><ent r="4" t="54" w="129" /><ent r="4" t="55" w="126" /><ent r="4" t="56" w="117" /><ent r="5" t="56" w="145" /><ent r="4" t="57" w="117" /><ent r="4" t="58" w="111" /><ent r="4" t="58" w="577" /><ent r="5" t="58" w="693" /><ent r="4" t="58" w="1012" /><ent r="5" t="58" w="1128" /><ent r="3" t="58" w="1162" /><ent r="4" t="59" w="114" /><ent r="4" t="60" w="122" /><ent r="3" t="61" w="16" /><ent r="64" t="61" w="46" /><ent r="3" t="62" w="20" /><ent r="4" t="62" w="67" /><ent r="4" t="62" w="78" /><ent r="4" t="62" w="84" /><ent r="67" t="64" w="71" /><ent r="67" t="64" w="81" /><ent r="67" t="64" w="89" /><ent r="67" t="64" w="96" /><ent r="67" t="64" w="104" /><ent r="3" t="65" w="19" /><ent r="64" t="65" w="63" /><ent r="7" t="65" w="80" /><ent r="7" t="65" w="93" /><ent r="7" t="65" w="104" /><ent r="7" t="65" w="117" /><ent r="7" t="65" w="130" /><ent r="7" t="65" w="172" /><ent r="7" t="65" w="179" /><ent r="7" t="65" w="186" /><ent r="3" t="66" w="23" /><ent r="64" t="66" w="75" /><ent r="4" t="66" w="100" /><ent r="4" t="66" w="125" /><ent r="4" t="66" w="149" /><ent r="4" t="66" w="172" /><ent r="64" t="68" w="18" /><ent r="3" t="68" w="32" /><ent r="65" t="68" w="50" /><ent r="4" t="68" w="62" /><ent r="3" t="69" w="15" /><ent r="64" t="69" w="189" /><ent r="3" t="70" w="19" /><ent r="3" t="70" w="63" /><ent r="3" t="70" w="101" /><ent r="5" t="70" w="127" /><ent r="5" t="70" w="178" /><ent r="5" t="70" w="226" /><ent r="4" t="70" w="400" /><ent r="3" t="70" w="646" /><ent r="3" t="72" w="20" /><ent r="64" t="72" w="67" /><ent r="4" t="73" w="29" /><ent r="3" t="73" w="94" /><ent r="3" t="73" w="113" /><ent r="3" t="74" w="51" /><ent r="4" t="74" w="358" /><ent r="4" t="74" w="555" /><ent r="3" t="78" w="19" /><ent r="4" t="79" w="58" /><ent r="4" t="79" w="71" /><ent r="3" t="83" w="85" /><ent r="64" t="84" w="263" /><ent r="3" t="88" w="182" /><ent r="3" t="93" w="49" /><ent r="3" t="94" w="31" /><ent r="3" t="100" w="272" /><ent r="3" t="102" w="13" /><ent r="3" t="104" w="18" /><ent r="3" t="105" w="31" /><ent r="3" t="106" w="82" /><ent r="4" t="106" w="126" /><ent r="4" t="106" w="132" /><ent r="4" t="106" w="140" /><ent r="3" t="108" w="215" /><ent r="3" t="108" w="272" /><ent r="92" t="116" w="55" /><ent r="3" t="116" w="64" /><ent r="3" t="116" w="72" /><ent r="4" t="116" w="86" /><ent r="92" t="116" w="141" /><ent r="3" t="116" w="155" /><ent r="4" t="116" w="169" /><ent r="3" t="116" w="221" /><ent r="4" t="116" w="269" /><ent r="1000" t="117" w="1" /><ent r="102" t="117" w="9" /><ent r="3" t="117" w="22" /><ent r="3" t="117" w="34" /><ent r="3" t="117" w="90" /><ent r="3" t="117" w="94" /><ent r="4" t="117" w="114" /><ent r="3" t="117" w="151" /><ent r="3" t="118" w="20" /><ent r="3" t="118" w="49" /><ent r="3" t="118" w="102" /><ent r="64" t="118" w="234" /><ent r="3" t="120" w="45" /><ent r="4" t="120" w="95" /><ent r="64" t="121" w="102" /><ent r="1000" t="122" w="6" /><ent r="102" t="122" w="16" /><ent r="3" t="122" w="29" /><ent r="3" t="122" w="120" /><ent r="7" t="122" w="201" /><ent r="68" t="122" w="203" /><ent r="5" t="122" w="232" /><ent r="5" t="122" w="258" /><ent r="5" t="122" w="272" /><ent r="5" t="122" w="289" /><ent r="7" t="122" w="338" /><ent r="7" t="122" w="466" /><ent r="7" t="122" w="702" /><ent r="4" t="123" w="128" /><ent r="3" t="123" w="246" /><ent r="3" t="124" w="102" /><ent r="4" t="125" w="73" /><ent r="3" t="126" w="96" /><ent r="3" t="126" w="168" /><ent r="5" t="127" w="68" /><ent r="3" t="127" w="84" /><ent r="4" t="127" w="146" /><ent r="5" t="127" w="190" /><ent r="3" t="127" w="207" /><ent r="64" t="127" w="288" /><ent r="5" t="128" w="70" /><ent r="3" t="128" w="87" /><ent r="3" t="130" w="58" /><ent r="3" t="130" w="72" /><ent r="4" t="132" w="91" /><ent r="4" t="133" w="95" /><ent r="4" t="137" w="66" /><ent r="4" t="137" w="82" /><ent r="4" t="138" w="166" /><ent r="3" t="140" w="23" /><ent r="4" t="140" w="117" /><ent r="3" t="141" w="23" /><ent r="4" t="141" w="118" /><ent r="5" t="141" w="480" /><ent r="5" t="141" w="510" /><ent r="5" t="141" w="555" /><ent r="4" t="141" w="589" /><ent r="4" t="142" w="330" /><ent r="4" t="142" w="500" /><ent r="64" t="145" w="146" /><ent r="3" t="146" w="92" /><ent r="1000" t="148" w="1" /><ent r="102" t="148" w="4" /><ent r="100" t="148" w="7" /><ent r="3" t="148" w="11" /><ent r="3" t="148" w="21" /><ent r="3" t="148" w="66" /><ent r="92" t="148" w="92" /><ent r="3" t="148" w="95" /><ent r="3" t="148" w="162" /><ent r="3" t="148" w="183" /><ent r="3" t="148" w="255" /><ent r="3" t="148" w="260" /><ent r="3" t="148" w="432" /><ent r="3" t="158" w="601" /><ent r="3" t="160" w="78" /><ent r="3" t="160" w="139" /><ent r="3" t="166" w="188" /><ent r="3" t="167" w="39" /><ent r="3" t="172" w="28" /><ent r="3" t="172" w="176" /><ent r="3" t="179" w="14" /><ent r="3" t="179" w="228" /><ent r="4" t="179" w="254" /><ent r="4" t="179" w="824" /><ent r="5" t="179" w="853" /><ent r="5" t="179" w="867" /><ent r="4" t="179" w="915" /><ent r="3" t="180" w="211" /><ent r="3" t="180" w="228" /><ent r="3" t="180" w="239" /><ent r="3" t="180" w="270" /><ent r="4" t="180" w="1121" /><ent r="5" t="180" w="1129" /><ent r="4" t="181" w="871" /><ent r="65" t="182" w="135" /><ent r="3" t="182" w="150" /><ent r="3" t="187" w="44" /><ent r="3" t="187" w="179" /><ent r="4" t="187" w="188" /><ent r="3" t="188" w="77" /><ent r="92" t="188" w="179" /><ent r="5" t="188" w="182" /><ent r="5" t="188" w="213" /><ent r="5" t="188" w="251" /><ent r="5" t="188" w="280" /><ent r="3" t="188" w="313" /><ent r="5" t="188" w="725" /><ent r="3" t="189" w="59" /><ent r="4" t="189" w="65" /><ent r="4" t="189" w="75" /><ent r="3" t="190" w="120" /><ent r="4" t="193" w="51" /><ent r="3" t="194" w="121" /><ent r="3" t="196" w="70" /><ent r="4" t="196" w="281" /><ent r="4" t="196" w="328" /><ent r="4" t="202" w="103" /><ent r="65" t="203" w="90" /><ent r="68" t="209" w="268" /><ent r="64" t="209" w="362" /><ent r="3" t="210" w="130" /><ent r="3" t="210" w="151" /><ent r="3" t="210" w="190" /><ent r="3" t="210" w="217" /><ent r="4" t="210" w="460" /><ent r="68" t="210" w="485" /><ent r="3" t="210" w="659" /><ent r="3" t="210" w="693" /><ent r="3" t="210" w="809" /><ent r="4" t="210" w="875" /><ent r="4" t="210" w="918" /><ent r="4" t="210" w="972" /><ent r="3" t="210" w="1010" /><ent r="4" t="210" w="1014" /><ent r="4" t="210" w="1035" /><ent r="4" t="210" w="1097" /><ent r="4" t="210" w="1437" /><ent r="3" t="210" w="1453" /><ent r="4" t="210" w="1550" /><ent r="4" t="210" w="1867" /><ent r="4" t="210" w="2265" /><ent r="4" t="210" w="2413" /><ent r="65" t="211" w="471" /><ent r="4" t="211" w="609" /><ent r="68" t="211" w="634" /><ent r="4" t="211" w="810" /><ent r="4" t="211" w="815" /><ent r="5" t="211" w="1034" /><ent r="4" t="211" w="1042" /><ent r="3" t="211" w="1346" /><ent r="5" t="211" w="1816" /><ent r="5" t="211" w="1891" /><ent r="65" t="211" w="1924" /><ent r="4" t="211" w="2369" /><ent r="4" t="211" w="2445" /><ent r="4" t="211" w="3153" /><ent r="64" t="212" w="190" /><ent r="4" t="212" w="325" /><ent r="68" t="212" w="350" /><ent r="4" t="212" w="637" /><ent r="4" t="212" w="655" /><ent r="4" t="212" w="1041" /><ent r="3" t="212" w="1459" /><ent r="4" t="212" w="1487" /><ent r="3" t="212" w="1507" /><ent r="64" t="213" w="143" /><ent r="4" t="213" w="284" /><ent r="68" t="213" w="309" /><ent r="5" t="213" w="400" /><ent r="4" t="213" w="410" /><ent r="4" t="213" w="500" /><ent r="1000" t="214" w="3" /><ent r="102" t="214" w="12" /><ent r="3" t="214" w="44" /><ent r="4" t="214" w="70" /><ent r="4" t="214" w="523" /><ent r="68" t="214" w="548" /><ent r="5" t="214" w="639" /><ent r="4" t="214" w="649" /><ent r="5" t="214" w="884" /><ent r="4" t="214" w="978" /><ent r="3" t="214" w="1167" /><ent r="4" t="215" w="512" /><ent r="68" t="215" w="537" /><ent r="5" t="215" w="628" /><ent r="4" t="215" w="638" /><ent r="4" t="215" w="750" /><ent r="3" t="215" w="789" /><ent r="4" t="215" w="917" /><ent r="4" t="215" w="926" /><ent r="68" t="216" w="194" /><ent r="64" t="217" w="305" /><ent r="4" t="217" w="436" /><ent r="68" t="217" w="461" /><ent r="3" t="217" w="591" /><ent r="5" t="217" w="683" /><ent r="4" t="217" w="919" /><ent r="68" t="218" w="380" /><ent r="4" t="218" w="467" /><ent r="3" t="218" w="483" /><ent r="4" t="218" w="510" /><ent r="3" t="218" w="527" /><ent r="4" t="218" w="609" /><ent r="3" t="218" w="676" /><ent r="4" t="218" w="694" /><ent r="5" t="218" w="713" /><ent r="4" t="218" w="747" /><ent r="4" t="218" w="759" /><ent r="5" t="218" w="1170" /><ent r="5" t="218" w="1172" /><ent r="5" t="218" w="1177" /><ent r="3" t="218" w="1381" /><ent r="4" t="218" w="1875" /><ent r="4" t="219" w="345" /><ent r="68" t="219" w="370" /><ent r="4" t="219" w="564" /><ent r="4" t="219" w="600" /><ent r="4" t="219" w="650" /><ent r="7" t="219" w="981" /><ent r="7" t="219" w="988" /><ent r="3" t="219" w="1259" /><ent r="3" t="221" w="24" /><ent r="4" t="221" w="115" /><ent r="3" t="232" w="203" /><ent r="3" t="234" w="949" /><ent r="4" t="243" w="59" /><ent r="6" t="246" w="393" /><ent r="6" t="246" w="662" /><ent r="7" t="256" w="103" /><ent r="7" t="256" w="118" /></phr><phr n="displaying"><ent r="3" t="1" w="54" /><ent r="100" t="4" w="115" /><ent r="92" t="4" w="117" /><ent r="3" t="18" w="212" /><ent r="4" t="49" w="82" /><ent r="5" t="51" w="109" /><ent r="4" t="51" w="139" /><ent r="3" t="55" w="29" /><ent r="3" t="106" w="72" /><ent r="4" t="106" w="119" /><ent r="4" t="142" w="513" /><ent r="3" t="214" w="33" /></phr><phr n="displays"><ent r="3" t="2" w="101" /><ent r="7" t="6" w="22" /><ent r="7" t="6" w="34" /><ent r="7" t="6" w="46" /><ent r="7" t="6" w="60" /><ent r="7" t="6" w="84" /><ent r="7" t="6" w="106" /><ent r="7" t="9" w="22" /><ent r="7" t="11" w="99" /><ent r="3" t="18" w="205" /><ent r="3" t="25" w="65" /><ent r="3" t="30" w="386" /><ent r="4" t="66" w="189" /><ent r="3" t="70" w="425" /><ent r="3" t="73" w="18" /><ent r="100" t="74" w="10" /><ent r="3" t="74" w="222" /><ent r="3" t="74" w="231" /><ent r="4" t="75" w="188" /><ent r="4" t="79" w="181" /><ent r="4" t="79" w="239" /><ent r="4" t="84" w="221" /><ent r="4" t="87" w="43" /><ent r="3" t="114" w="17" /><ent r="3" t="118" w="13" /><ent r="4" t="123" w="140" /><ent r="4" t="126" w="120" /><ent r="3" t="134" w="17" /><ent r="3" t="134" w="94" /><ent r="4" t="141" w="352" /><ent r="4" t="141" w="520" /><ent r="3" t="148" w="451" /><ent r="3" t="150" w="523" /><ent r="7" t="151" w="43" /><ent r="5" t="151" w="198" /><ent r="4" t="155" w="77" /><ent r="3" t="160" w="68" /><ent r="3" t="160" w="638" /><ent r="3" t="175" w="75" /><ent r="6" t="175" w="80" /><ent r="6" t="175" w="140" /><ent r="3" t="180" w="22" /><ent r="3" t="181" w="248" /><ent r="3" t="190" w="80" /><ent r="3" t="190" w="108" /><ent r="64" t="209" w="331" /><ent r="3" t="210" w="140" /><ent r="102" t="211" w="27" /><ent r="100" t="211" w="114" /><ent r="4" t="211" w="117" /><ent r="3" t="211" w="335" /><ent r="3" t="211" w="2265" /><ent r="92" t="211" w="2402" /><ent r="4" t="211" w="2844" /><ent r="4" t="212" w="1357" /><ent r="4" t="212" w="1432" /><ent r="4" t="213" w="881" /><ent r="4" t="216" w="474" /><ent r="4" t="221" w="64" /><ent r="5" t="223" w="201" /><ent r="7" t="249" w="42" /><ent r="7" t="250" w="39" /><ent r="7" t="250" w="45" /><ent r="7" t="250" w="55" /><ent r="7" t="250" w="68" /><ent r="7" t="250" w="82" /><ent r="7" t="250" w="90" /><ent r="3" t="254" w="245" /><ent r="3" t="254" w="541" /><ent r="7" t="256" w="127" /><ent r="7" t="258" w="95" /><ent r="7" t="258" w="131" /><ent r="7" t="258" w="208" /></phr></stem></index>