﻿<?xml version="1.0" encoding="utf-8"?><index><stem n="behavior"><phr n="behavior"><ent r="6" t="14" w="267" /><ent r="3" t="191" w="15" /><ent r="3" t="227" w="39" /></phr><phr n="Behavior"><ent r="3" t="178" w="61" /></phr></stem><stem n="player"><phr n="player"><ent r="6" t="14" w="271" /><ent r="6" t="14" w="364" /><ent r="3" t="140" w="21" /><ent r="3" t="191" w="19" /><ent r="3" t="227" w="43" /><ent r="3" t="227" w="61" /></phr><phr n="players"><ent r="6" t="14" w="367" /><ent r="6" t="14" w="404" /><ent r="3" t="140" w="46" /><ent r="3" t="140" w="106" /></phr></stem><stem n="final"><phr n="final"><ent r="6" t="14" w="274" /><ent r="3" t="191" w="22" /><ent r="3" t="227" w="46" /></phr></stem><stem n="bumper"><phr n="Bumpers"><ent r="6" t="14" w="297" /><ent r="66" t="14" w="315" /><ent r="64" t="137" w="147" /><ent r="1000" t="142" w="2" /><ent r="100" t="142" w="5" /><ent r="102" t="142" w="8" /><ent r="3" t="142" w="11" /><ent r="92" t="142" w="67" /><ent r="4" t="142" w="110" /><ent r="4" t="142" w="154" /><ent r="4" t="142" w="291" /><ent r="4" t="142" w="293" /><ent r="4" t="142" w="297" /><ent r="4" t="142" w="300" /><ent r="4" t="142" w="317" /><ent r="3" t="142" w="335" /><ent r="92" t="142" w="348" /><ent r="4" t="142" w="372" /><ent r="5" t="142" w="379" /><ent r="4" t="142" w="404" /><ent r="92" t="142" w="461" /><ent r="4" t="142" w="498" /><ent r="4" t="142" w="519" /><ent r="92" t="142" w="538" /><ent r="4" t="142" w="598" /><ent r="4" t="142" w="619" /><ent r="92" t="142" w="633" /><ent r="4" t="142" w="672" /><ent r="4" t="142" w="693" /></phr><phr n="bumpers"><ent r="5" t="14" w="303" /><ent r="3" t="137" w="128" /><ent r="4" t="142" w="72" /><ent r="4" t="142" w="173" /><ent r="4" t="142" w="274" /><ent r="3" t="142" w="332" /><ent r="3" t="142" w="341" /><ent r="3" t="142" w="354" /><ent r="3" t="142" w="465" /><ent r="3" t="142" w="468" /><ent r="3" t="142" w="523" /><ent r="3" t="142" w="542" /><ent r="3" t="142" w="549" /><ent r="3" t="142" w="557" /><ent r="3" t="142" w="577" /><ent r="3" t="142" w="623" /><ent r="3" t="142" w="637" /><ent r="3" t="142" w="643" /><ent r="3" t="142" w="697" /><ent r="3" t="142" w="705" /></phr><phr n="bumper"><ent r="3" t="142" w="36" /><ent r="3" t="142" w="44" /><ent r="4" t="142" w="93" /><ent r="4" t="142" w="139" /><ent r="3" t="142" w="198" /><ent r="4" t="142" w="248" /></phr><phr n="Bumper"><ent r="5" t="142" w="118" /><ent r="5" t="142" w="164" /><ent r="5" t="142" w="227" /><ent r="5" t="142" w="265" /><ent r="4" t="142" w="304" /><ent r="4" t="142" w="311" /><ent r="3" t="142" w="409" /><ent r="3" t="142" w="491" /><ent r="3" t="142" w="591" /><ent r="3" t="142" w="665" /></phr></stem><stem n="limit"><phr n="limit"><ent r="5" t="14" w="305" /><ent r="3" t="22" w="39" /><ent r="3" t="22" w="76" /><ent r="3" t="40" w="251" /><ent r="3" t="109" w="313" /><ent r="4" t="109" w="555" /><ent r="4" t="109" w="570" /><ent r="3" t="142" w="15" /><ent r="4" t="156" w="802" /><ent r="3" t="167" w="402" /></phr><phr n="limits"><ent r="3" t="40" w="235" /><ent r="4" t="48" w="299" /><ent r="4" t="109" w="496" /><ent r="3" t="109" w="508" /><ent r="3" t="109" w="530" /></phr><phr n="Limits"><ent r="92" t="109" w="489" /></phr><phr n="Limit"><ent r="5" t="109" w="492" /><ent r="3" t="109" w="501" /><ent r="3" t="109" w="511" /><ent r="3" t="109" w="524" /><ent r="5" t="156" w="798" /></phr><phr n="limitations"><ent r="3" t="140" w="211" /><ent r="3" t="183" w="326" /><ent r="3" t="184" w="313" /></phr><phr n="limited"><ent r="3" t="167" w="532" /><ent r="3" t="185" w="300" /></phr><phr n="limitation"><ent r="3" t="183" w="346" /></phr></stem><stem n="progress"><phr n="Progress"><ent r="7" t="14" w="318" /><ent r="4" t="81" w="509" /></phr><phr n="progress"><ent r="6" t="14" w="323" /><ent r="3" t="81" w="522" /><ent r="3" t="104" w="42" /><ent r="3" t="104" w="58" /><ent r="3" t="104" w="71" /><ent r="3" t="104" w="87" /><ent r="3" t="104" w="218" /></phr></stem><stem n="channel"><phr n="channel"><ent r="6" t="14" w="343" /><ent r="3" t="137" w="167" /><ent r="3" t="157" w="911" /><ent r="3" t="193" w="138" /><ent r="3" t="193" w="155" /><ent r="3" t="193" w="209" /><ent r="3" t="193" w="221" /><ent r="3" t="195" w="143" /><ent r="3" t="195" w="628" /><ent r="3" t="195" w="673" /><ent r="4" t="237" w="33" /><ent r="4" t="237" w="64" /></phr><phr n="channels"><ent r="5" t="90" w="616" /><ent r="5" t="165" w="278" /><ent r="3" t="193" w="128" /><ent r="4" t="237" w="36" /><ent r="3" t="237" w="77" /></phr><phr n="Channel"><ent r="3" t="193" w="73" /><ent r="3" t="195" w="620" /><ent r="5" t="237" w="56" /></phr><phr n="Channels"><ent r="4" t="237" w="69" /></phr></stem><stem n="increment"><phr n="increment"><ent r="6" t="14" w="345" /></phr><phr n="incrementally"><ent r="4" t="179" w="874" /><ent r="3" t="179" w="1794" /></phr></stem><stem n="small"><phr n="small"><ent r="6" t="14" w="351" /><ent r="3" t="21" w="195" /><ent r="3" t="46" w="28" /><ent r="3" t="47" w="15" /><ent r="4" t="65" w="96" /><ent r="4" t="156" w="456" /><ent r="4" t="157" w="429" /><ent r="4" t="158" w="426" /><ent r="3" t="179" w="1445" /><ent r="3" t="180" w="3085" /><ent r="4" t="183" w="842" /><ent r="4" t="186" w="1198" /><ent r="3" t="208" w="690" /><ent r="4" t="213" w="557" /></phr></stem><stem n="movi"><phr n="movie"><ent r="6" t="14" w="363" /><ent r="3" t="140" w="127" /><ent r="6" t="140" w="147" /><ent r="6" t="140" w="161" /><ent r="6" t="140" w="177" /><ent r="5" t="143" w="192" /><ent r="3" t="144" w="26" /><ent r="3" t="144" w="562" /><ent r="3" t="191" w="18" /><ent r="3" t="227" w="42" /></phr><phr n="Movie"><ent r="4" t="144" w="90" /><ent r="92" t="144" w="551" /></phr></stem><stem n="/y"><phr n="/y"><ent r="6" t="14" w="382" /><ent r="3" t="176" w="60" /><ent r="3" t="182" w="1386" /></phr></stem><stem n="x/y"><phr n="x/y"><ent r="6" t="14" w="382" /><ent r="6" t="14" w="381" /><ent r="3" t="176" w="60" /><ent r="3" t="176" w="59" /><ent r="3" t="182" w="1386" /><ent r="3" t="182" w="1385" /></phr></stem><stem n="yyyi"><phr n="yyyy"><ent r="6" t="14" w="417" /><ent r="7" t="14" w="425" /></phr><phr n="YYYY"><ent r="6" t="243" w="267" /></phr></stem><stem n="yyyy/mm"><phr n="yyyy/MM"><ent r="6" t="14" w="418" /><ent r="6" t="14" w="417" /></phr></stem><stem n="mm"><phr n="MM"><ent r="6" t="14" w="418" /><ent r="7" t="14" w="431" /><ent r="6" t="243" w="265" /><ent r="6" t="243" w="270" /></phr><phr n="mm"><ent r="6" t="14" w="421" /><ent r="7" t="14" w="449" /></phr></stem><stem n="/mm/dd"><phr n="/MM/dd"><ent r="6" t="14" w="419" /></phr></stem><stem n="yyyy/mm/dd"><phr n="yyyy/MM/dd"><ent r="6" t="14" w="419" /><ent r="6" t="14" w="417" /></phr></stem><stem n="dd"><phr n="dd"><ent r="6" t="14" w="419" /><ent r="7" t="14" w="437" /></phr><phr n="DD"><ent r="6" t="243" w="266" /></phr></stem><stem n="hh"><phr n="hh"><ent r="6" t="14" w="420" /><ent r="7" t="14" w="443" /></phr><phr n="HH"><ent r="6" t="243" w="269" /></phr></stem><stem n="hh.mm"><phr n="hh.mm"><ent r="6" t="14" w="421" /><ent r="6" t="14" w="420" /></phr></stem><stem n="hh.mm.ss"><phr n="hh.mm.ss"><ent r="6" t="14" w="422" /><ent r="6" t="14" w="420" /></phr></stem><stem n="ss"><phr n="ss"><ent r="6" t="14" w="422" /><ent r="7" t="14" w="455" /></phr><phr n="SS"><ent r="6" t="243" w="271" /></phr></stem><stem n=".mm.ss.zzzz"><phr n=".mm.ss.zzzZ"><ent r="6" t="14" w="423" /></phr></stem><stem n="hh.mm.ss.zzzz"><phr n="hh.mm.ss.zzzZ"><ent r="6" t="14" w="423" /><ent r="6" t="14" w="420" /></phr></stem><stem n="zzzz"><phr n="zzzZ"><ent r="6" t="14" w="423" /></phr></stem><stem n="year"><phr n="year"><ent r="6" t="14" w="429" /><ent r="4" t="156" w="577" /><ent r="4" t="156" w="622" /><ent r="4" t="157" w="550" /><ent r="4" t="157" w="595" /><ent r="4" t="158" w="547" /><ent r="4" t="158" w="592" /><ent r="4" t="213" w="677" /><ent r="4" t="213" w="722" /></phr></stem><stem n="month"><phr n="month"><ent r="6" t="14" w="435" /><ent r="4" t="156" w="574" /><ent r="4" t="156" w="619" /><ent r="4" t="157" w="547" /><ent r="4" t="157" w="592" /><ent r="4" t="158" w="544" /><ent r="4" t="158" w="589" /><ent r="3" t="182" w="54" /><ent r="4" t="213" w="674" /><ent r="4" t="213" w="719" /></phr></stem><stem n="dai"><phr n="day"><ent r="6" t="14" w="441" /></phr></stem><stem n="hour"><phr n="hour"><ent r="6" t="14" w="447" /></phr></stem><stem n="minut"><phr n="minute"><ent r="6" t="14" w="453" /><ent r="3" t="180" w="1574" /></phr><phr n="minutes"><ent r="3" t="76" w="117" /><ent r="3" t="80" w="60" /><ent r="4" t="81" w="688" /><ent r="3" t="150" w="165" /><ent r="4" t="180" w="1494" /><ent r="7" t="235" w="54" /><ent r="7" t="235" w="63" /><ent r="7" t="235" w="66" /><ent r="7" t="235" w="74" /></phr></stem><stem n="second"><phr n="second"><ent r="6" t="14" w="459" /><ent r="5" t="26" w="458" /><ent r="5" t="26" w="499" /><ent r="4" t="50" w="218" /><ent r="3" t="101" w="51" /><ent r="3" t="125" w="939" /><ent r="3" t="140" w="43" /><ent r="3" t="140" w="66" /><ent r="6" t="140" w="87" /><ent r="6" t="140" w="94" /><ent r="3" t="140" w="125" /><ent r="3" t="140" w="132" /><ent r="6" t="140" w="151" /><ent r="6" t="140" w="159" /><ent r="6" t="140" w="165" /><ent r="6" t="140" w="181" /><ent r="3" t="145" w="211" /><ent r="4" t="154" w="304" /><ent r="4" t="154" w="324" /><ent r="4" t="154" w="346" /><ent r="4" t="154" w="366" /><ent r="3" t="154" w="382" /><ent r="3" t="167" w="94" /><ent r="3" t="167" w="238" /><ent r="5" t="167" w="350" /><ent r="3" t="180" w="1576" /><ent r="4" t="182" w="1215" /><ent r="4" t="182" w="1456" /><ent r="4" t="194" w="104" /><ent r="4" t="194" w="129" /><ent r="4" t="194" w="195" /></phr><phr n="Second"><ent r="6" t="26" w="475" /><ent r="6" t="26" w="516" /><ent r="4" t="154" w="541" /><ent r="3" t="167" w="199" /><ent r="3" t="167" w="206" /><ent r="3" t="167" w="222" /><ent r="3" t="167" w="263" /><ent r="3" t="167" w="303" /><ent r="92" t="188" w="571" /></phr><phr n="seconds"><ent r="6" t="140" w="103" /><ent r="6" t="140" w="145" /><ent r="6" t="140" w="175" /><ent r="3" t="150" w="166" /><ent r="4" t="180" w="1496" /><ent r="7" t="235" w="67" /><ent r="7" t="235" w="77" /></phr></stem><stem n="zzz"><phr n="zzz"><ent r="7" t="14" w="461" /></phr></stem><stem n="millisecond"><phr n="millisecond"><ent r="6" t="14" w="465" /></phr></stem><stem n="zulu"><phr n="Zulu"><ent r="6" t="14" w="470" /></phr></stem><stem n=":aspam"><phr n=":ASPAM"><ent r="100" t="15" w="8" /><ent r="100" t="200" w="13" /></phr></stem><stem n="viewer"><phr n="Viewer"><ent r="64" t="15" w="22" /><ent r="8" t="125" w="421" /><ent r="1000" t="198" w="2" /><ent r="102" t="198" w="5" /><ent r="100" t="198" w="8" /><ent r="3" t="198" w="37" /><ent r="3" t="198" w="63" /><ent r="92" t="198" w="72" /><ent r="3" t="198" w="219" /><ent r="4" t="198" w="247" /><ent r="64" t="200" w="182" /></phr><phr n="viewer"><ent r="8" t="125" w="424" /><ent r="3" t="198" w="14" /></phr></stem><stem n="band"><phr n="Band"><ent r="64" t="16" w="21" /><ent r="4" t="26" w="308" /><ent r="4" t="26" w="313" /><ent r="6" t="49" w="358" /><ent r="6" t="49" w="391" /><ent r="6" t="49" w="396" /><ent r="68" t="90" w="340" /><ent r="5" t="90" w="620" /><ent r="66" t="90" w="633" /><ent r="1000" t="92" w="1" /><ent r="102" t="92" w="12" /><ent r="3" t="92" w="16" /><ent r="4" t="92" w="114" /><ent r="1000" t="94" w="2" /><ent r="100" t="94" w="5" /><ent r="102" t="94" w="8" /><ent r="5" t="94" w="70" /><ent r="4" t="94" w="104" /><ent r="3" t="94" w="133" /><ent r="3" t="94" w="136" /><ent r="1000" t="169" w="1" /><ent r="102" t="169" w="4" /><ent r="3" t="169" w="11" /><ent r="3" t="169" w="166" /><ent r="3" t="169" w="295" /><ent r="4" t="169" w="325" /><ent r="4" t="169" w="337" /><ent r="3" t="169" w="341" /><ent r="4" t="169" w="433" /><ent r="4" t="169" w="453" /><ent r="4" t="169" w="473" /><ent r="3" t="169" w="554" /><ent r="3" t="169" w="589" /><ent r="1000" t="170" w="1" /><ent r="102" t="170" w="7" /><ent r="3" t="170" w="11" /><ent r="3" t="170" w="59" /><ent r="5" t="170" w="73" /><ent r="3" t="170" w="78" /><ent r="3" t="170" w="109" /><ent r="3" t="170" w="235" /><ent r="64" t="178" w="328" /><ent r="4" t="179" w="1935" /><ent r="1000" t="180" w="5" /><ent r="102" t="180" w="24" /><ent r="4" t="180" w="226" /><ent r="92" t="180" w="1955" /><ent r="5" t="180" w="1992" /><ent r="3" t="180" w="1997" /><ent r="3" t="180" w="2015" /><ent r="4" t="180" w="2065" /><ent r="3" t="180" w="2082" /><ent r="4" t="180" w="2095" /><ent r="4" t="180" w="2129" /><ent r="4" t="180" w="2142" /><ent r="4" t="180" w="2545" /><ent r="4" t="180" w="2590" /><ent r="4" t="180" w="2604" /><ent r="4" t="180" w="2745" /><ent r="5" t="181" w="483" /><ent r="5" t="181" w="487" /><ent r="5" t="187" w="510" /><ent r="4" t="187" w="543" /><ent r="3" t="187" w="1001" /><ent r="3" t="187" w="1028" /><ent r="3" t="187" w="1049" /><ent r="4" t="187" w="1112" /><ent r="7" t="187" w="1141" /><ent r="7" t="187" w="1177" /><ent r="3" t="187" w="1384" /><ent r="7" t="188" w="1040" /><ent r="7" t="188" w="1053" /><ent r="7" t="188" w="1063" /><ent r="7" t="188" w="1081" /><ent r="7" t="188" w="1084" /><ent r="7" t="188" w="1101" /><ent r="3" t="188" w="1110" /><ent r="3" t="188" w="1344" /><ent r="3" t="193" w="187" /><ent r="3" t="193" w="193" /><ent r="3" t="193" w="197" /><ent r="3" t="193" w="206" /><ent r="3" t="193" w="211" /><ent r="3" t="193" w="218" /><ent r="3" t="193" w="223" /><ent r="1000" t="196" w="1" /><ent r="102" t="196" w="9" /><ent r="3" t="199" w="800" /><ent r="3" t="199" w="806" /><ent r="3" t="199" w="812" /><ent r="3" t="199" w="818" /><ent r="3" t="199" w="824" /><ent r="3" t="199" w="830" /><ent r="3" t="199" w="836" /><ent r="3" t="208" w="291" /><ent r="4" t="212" w="81" /><ent r="4" t="212" w="86" /><ent r="4" t="215" w="239" /><ent r="4" t="215" w="244" /><ent r="4" t="216" w="170" /><ent r="4" t="216" w="175" /><ent r="4" t="217" w="129" /><ent r="4" t="217" w="134" /><ent r="4" t="218" w="168" /><ent r="4" t="218" w="173" /><ent r="5" t="226" w="246" /><ent r="5" t="226" w="256" /></phr><phr n="bands"><ent r="3" t="26" w="213" /><ent r="4" t="26" w="258" /><ent r="3" t="49" w="279" /><ent r="4" t="92" w="154" /><ent r="4" t="92" w="191" /><ent r="3" t="93" w="46" /><ent r="3" t="94" w="145" /><ent r="3" t="99" w="113" /><ent r="3" t="137" w="20" /><ent r="3" t="165" w="244" /><ent r="4" t="165" w="288" /><ent r="3" t="167" w="22" /><ent r="3" t="167" w="33" /><ent r="3" t="167" w="89" /><ent r="3" t="167" w="538" /><ent r="3" t="169" w="24" /><ent r="3" t="169" w="44" /><ent r="3" t="169" w="201" /><ent r="3" t="169" w="217" /><ent r="4" t="169" w="419" /><ent r="3" t="170" w="137" /><ent r="4" t="170" w="151" /><ent r="3" t="179" w="212" /><ent r="4" t="179" w="1994" /><ent r="3" t="180" w="240" /><ent r="3" t="180" w="2007" /><ent r="4" t="181" w="94" /><ent r="4" t="181" w="439" /><ent r="4" t="181" w="444" /><ent r="3" t="181" w="502" /><ent r="4" t="181" w="1181" /><ent r="3" t="181" w="1422" /><ent r="4" t="181" w="1507" /><ent r="4" t="181" w="1518" /><ent r="3" t="181" w="1600" /><ent r="4" t="194" w="52" /><ent r="3" t="195" w="339" /><ent r="3" t="195" w="482" /><ent r="7" t="199" w="114" /><ent r="7" t="199" w="118" /><ent r="7" t="199" w="472" /><ent r="7" t="199" w="682" /><ent r="7" t="199" w="687" /><ent r="3" t="199" w="725" /><ent r="3" t="208" w="111" /><ent r="3" t="208" w="173" /><ent r="3" t="209" w="157" /><ent r="3" t="212" w="37" /><ent r="4" t="215" w="189" /><ent r="4" t="216" w="120" /><ent r="4" t="217" w="79" /><ent r="4" t="218" w="118" /></phr><phr n="Bands"><ent r="5" t="26" w="253" /><ent r="5" t="26" w="289" /><ent r="4" t="26" w="339" /><ent r="5" t="44" w="227" /><ent r="7" t="49" w="340" /><ent r="6" t="49" w="372" /><ent r="5" t="49" w="422" /><ent r="4" t="92" w="162" /><ent r="5" t="165" w="281" /><ent r="4" t="169" w="439" /><ent r="4" t="169" w="459" /><ent r="3" t="180" w="2011" /><ent r="4" t="181" w="465" /><ent r="3" t="195" w="255" /><ent r="3" t="195" w="262" /><ent r="7" t="199" w="486" /><ent r="4" t="208" w="158" /><ent r="3" t="209" w="73" /><ent r="3" t="209" w="80" /><ent r="4" t="212" w="62" /><ent r="3" t="212" w="112" /><ent r="5" t="215" w="184" /><ent r="5" t="215" w="220" /><ent r="4" t="215" w="270" /><ent r="5" t="216" w="115" /><ent r="5" t="216" w="151" /><ent r="4" t="216" w="201" /><ent r="5" t="217" w="74" /><ent r="5" t="217" w="110" /><ent r="4" t="217" w="160" /><ent r="5" t="218" w="113" /><ent r="5" t="218" w="149" /><ent r="4" t="218" w="199" /></phr><phr n="band"><ent r="3" t="44" w="433" /><ent r="3" t="44" w="469" /><ent r="3" t="44" w="474" /><ent r="3" t="77" w="167" /><ent r="3" t="87" w="89" /><ent r="5" t="90" w="416" /><ent r="6" t="90" w="494" /><ent r="5" t="90" w="627" /><ent r="100" t="92" w="8" /><ent r="3" t="92" w="31" /><ent r="4" t="92" w="178" /><ent r="3" t="94" w="17" /><ent r="4" t="94" w="109" /><ent r="3" t="94" w="164" /><ent r="4" t="99" w="108" /><ent r="3" t="101" w="65" /><ent r="4" t="153" w="323" /><ent r="4" t="153" w="365" /><ent r="4" t="153" w="758" /><ent r="4" t="153" w="800" /><ent r="4" t="159" w="73" /><ent r="4" t="165" w="296" /><ent r="4" t="165" w="392" /><ent r="3" t="167" w="122" /><ent r="100" t="169" w="7" /><ent r="3" t="169" w="51" /><ent r="3" t="169" w="178" /><ent r="3" t="169" w="182" /><ent r="3" t="169" w="191" /><ent r="3" t="169" w="194" /><ent r="3" t="169" w="210" /><ent r="3" t="169" w="235" /><ent r="3" t="169" w="244" /><ent r="3" t="169" w="247" /><ent r="3" t="169" w="251" /><ent r="3" t="169" w="254" /><ent r="3" t="169" w="262" /><ent r="3" t="169" w="266" /><ent r="3" t="169" w="269" /><ent r="3" t="169" w="285" /><ent r="3" t="169" w="288" /><ent r="3" t="169" w="291" /><ent r="4" t="169" w="353" /><ent r="3" t="169" w="537" /><ent r="3" t="169" w="583" /><ent r="100" t="170" w="4" /><ent r="3" t="170" w="22" /><ent r="3" t="170" w="163" /><ent r="3" t="170" w="178" /><ent r="3" t="170" w="265" /><ent r="4" t="171" w="130" /><ent r="4" t="179" w="1124" /><ent r="3" t="179" w="1194" /><ent r="3" t="179" w="1223" /><ent r="3" t="179" w="1243" /><ent r="3" t="179" w="1259" /><ent r="3" t="179" w="1324" /><ent r="3" t="179" w="1352" /><ent r="3" t="179" w="1363" /><ent r="3" t="179" w="1375" /><ent r="4" t="179" w="1591" /><ent r="3" t="179" w="1793" /><ent r="4" t="179" w="1915" /><ent r="4" t="179" w="1963" /><ent r="4" t="179" w="1978" /><ent r="100" t="180" w="8" /><ent r="3" t="180" w="65" /><ent r="4" t="180" w="110" /><ent r="3" t="180" w="250" /><ent r="3" t="180" w="256" /><ent r="3" t="180" w="2241" /><ent r="3" t="180" w="2255" /><ent r="4" t="180" w="2706" /><ent r="4" t="180" w="2718" /><ent r="3" t="180" w="3160" /><ent r="3" t="181" w="1543" /><ent r="3" t="181" w="1552" /><ent r="3" t="181" w="1562" /><ent r="3" t="184" w="705" /><ent r="3" t="184" w="711" /><ent r="3" t="184" w="716" /><ent r="3" t="193" w="136" /><ent r="4" t="194" w="54" /><ent r="4" t="194" w="66" /><ent r="4" t="194" w="73" /><ent r="4" t="194" w="85" /><ent r="4" t="194" w="93" /><ent r="4" t="194" w="146" /><ent r="4" t="194" w="158" /><ent r="4" t="194" w="165" /><ent r="4" t="194" w="177" /><ent r="4" t="194" w="185" /><ent r="100" t="196" w="5" /><ent r="7" t="199" w="101" /><ent r="7" t="199" w="112" /><ent r="7" t="199" w="305" /><ent r="7" t="199" w="308" /><ent r="7" t="199" w="314" /><ent r="7" t="199" w="478" /><ent r="7" t="199" w="599" /><ent r="7" t="199" w="609" /><ent r="7" t="199" w="623" /><ent r="7" t="199" w="649" /><ent r="7" t="199" w="669" /><ent r="7" t="199" w="674" /><ent r="3" t="199" w="796" /><ent r="3" t="208" w="305" /><ent r="5" t="226" w="266" /><ent r="5" t="226" w="276" /><ent r="5" t="226" w="296" /><ent r="5" t="226" w="316" /></phr></stem><stem n="math"><phr n="Math"><ent r="64" t="16" w="22" /><ent r="1000" t="170" w="2" /><ent r="102" t="170" w="8" /><ent r="3" t="170" w="12" /><ent r="3" t="170" w="60" /><ent r="5" t="170" w="74" /><ent r="3" t="170" w="79" /><ent r="3" t="170" w="110" /><ent r="3" t="170" w="236" /><ent r="64" t="178" w="329" /><ent r="1000" t="180" w="6" /><ent r="102" t="180" w="25" /><ent r="92" t="180" w="1956" /><ent r="5" t="180" w="1993" /><ent r="3" t="180" w="1998" /><ent r="3" t="180" w="2016" /><ent r="3" t="180" w="2083" /><ent r="4" t="180" w="2546" /><ent r="4" t="180" w="2591" /><ent r="4" t="180" w="2605" /><ent r="4" t="180" w="2746" /><ent r="5" t="187" w="511" /><ent r="4" t="187" w="544" /><ent r="3" t="187" w="1002" /><ent r="3" t="187" w="1029" /><ent r="3" t="187" w="1050" /><ent r="4" t="187" w="1113" /><ent r="7" t="187" w="1142" /><ent r="7" t="187" w="1178" /><ent r="3" t="187" w="1385" /><ent r="7" t="188" w="1041" /><ent r="7" t="188" w="1054" /><ent r="7" t="188" w="1064" /><ent r="7" t="188" w="1082" /><ent r="7" t="188" w="1085" /><ent r="7" t="188" w="1102" /><ent r="3" t="188" w="1111" /><ent r="3" t="188" w="1345" /><ent r="1000" t="196" w="2" /><ent r="102" t="196" w="10" /><ent r="3" t="208" w="292" /></phr><phr n="math"><ent r="100" t="170" w="5" /><ent r="100" t="180" w="9" /><ent r="3" t="180" w="66" /><ent r="4" t="180" w="111" /><ent r="4" t="180" w="227" /><ent r="3" t="180" w="251" /><ent r="3" t="180" w="263" /><ent r="3" t="180" w="2242" /><ent r="3" t="180" w="2256" /><ent r="4" t="180" w="2707" /><ent r="4" t="180" w="2719" /><ent r="3" t="180" w="3161" /><ent r="100" t="196" w="6" /></phr></stem><stem n="fusion"><phr n="Fusion"><ent r="64" t="16" w="25" /><ent r="1000" t="171" w="6" /><ent r="100" t="171" w="13" /><ent r="100" t="171" w="22" /><ent r="102" t="171" w="29" /><ent r="3" t="171" w="38" /><ent r="64" t="171" w="318" /><ent r="1000" t="172" w="6" /><ent r="100" t="172" w="13" /><ent r="102" t="172" w="23" /><ent r="3" t="172" w="31" /><ent r="4" t="172" w="59" /><ent r="5" t="172" w="144" /><ent r="4" t="172" w="152" /><ent r="5" t="172" w="161" /><ent r="4" t="172" w="279" /><ent r="3" t="173" w="168" /><ent r="3" t="174" w="17" /><ent r="4" t="174" w="119" /><ent r="5" t="175" w="115" /><ent r="5" t="175" w="184" /><ent r="4" t="176" w="391" /><ent r="64" t="178" w="356" /><ent r="1000" t="182" w="5" /><ent r="100" t="182" w="12" /><ent r="102" t="182" w="22" /><ent r="3" t="182" w="61" /><ent r="4" t="182" w="82" /><ent r="4" t="182" w="111" /><ent r="5" t="182" w="490" /><ent r="4" t="182" w="498" /><ent r="3" t="182" w="506" /><ent r="4" t="182" w="516" /><ent r="3" t="182" w="679" /><ent r="3" t="182" w="741" /><ent r="4" t="182" w="795" /><ent r="4" t="182" w="886" /><ent r="3" t="182" w="945" /><ent r="4" t="182" w="957" /><ent r="4" t="182" w="993" /><ent r="4" t="182" w="1011" /><ent r="4" t="182" w="1645" /><ent r="3" t="182" w="1714" /></phr><phr n="fusion"><ent r="4" t="175" w="313" /><ent r="4" t="175" w="336" /><ent r="64" t="176" w="17" /><ent r="4" t="176" w="106" /><ent r="3" t="182" w="74" /><ent r="4" t="182" w="1047" /><ent r="4" t="182" w="1269" /><ent r="4" t="182" w="1308" /><ent r="3" t="182" w="1361" /></phr></stem><stem n="princip"><phr n="Principal"><ent r="64" t="16" w="27" /><ent r="1000" t="167" w="1" /><ent r="100" t="167" w="5" /><ent r="102" t="167" w="9" /><ent r="3" t="167" w="55" /><ent r="3" t="167" w="77" /><ent r="5" t="167" w="155" /><ent r="4" t="167" w="160" /><ent r="3" t="167" w="411" /><ent r="4" t="167" w="569" /><ent r="100" t="181" w="29" /><ent r="3" t="181" w="61" /><ent r="92" t="181" w="1021" /><ent r="5" t="181" w="1057" /><ent r="4" t="181" w="1064" /><ent r="3" t="181" w="1084" /><ent r="4" t="181" w="1469" /><ent r="3" t="208" w="294" /></phr><phr n="principal"><ent r="3" t="167" w="102" /><ent r="3" t="167" w="132" /><ent r="3" t="167" w="142" /><ent r="3" t="167" w="501" /></phr></stem><stem n="analysi"><phr n="Analysis"><ent r="64" t="16" w="29" /><ent r="1000" t="167" w="3" /><ent r="100" t="167" w="7" /><ent r="102" t="167" w="11" /><ent r="3" t="167" w="79" /><ent r="5" t="167" w="157" /><ent r="4" t="167" w="162" /><ent r="3" t="167" w="413" /><ent r="4" t="167" w="571" /><ent r="100" t="181" w="31" /><ent r="3" t="181" w="63" /><ent r="92" t="181" w="1023" /><ent r="5" t="181" w="1059" /><ent r="4" t="181" w="1066" /><ent r="3" t="181" w="1086" /><ent r="4" t="181" w="1471" /><ent r="5" t="200" w="23" /></phr><phr n="analysis"><ent r="3" t="76" w="74" /><ent r="3" t="130" w="15" /><ent r="3" t="167" w="57" /><ent r="3" t="167" w="144" /><ent r="4" t="167" w="707" /><ent r="3" t="167" w="910" /><ent r="3" t="178" w="190" /><ent r="3" t="179" w="1540" /><ent r="4" t="181" w="1327" /><ent r="4" t="186" w="260" /><ent r="64" t="197" w="19" /></phr></stem><stem n="flatten"><phr n="Flatten"><ent r="64" t="16" w="31" /><ent r="64" t="69" w="161" /><ent r="1000" t="71" w="1" /><ent r="102" t="71" w="13" /><ent r="3" t="71" w="17" /><ent r="5" t="71" w="68" /></phr><phr n="flatten"><ent r="100" t="71" w="5" /><ent r="100" t="71" w="11" /><ent r="3" t="71" w="99" /></phr><phr n="flattening"><ent r="4" t="71" w="80" /><ent r="3" t="71" w="114" /></phr></stem><stem n="qt"><phr n="QT"><ent r="64" t="16" w="39" /><ent r="1000" t="177" w="1" /><ent r="102" t="177" w="4" /><ent r="100" t="177" w="7" /><ent r="64" t="177" w="12" /><ent r="5" t="177" w="48" /><ent r="3" t="177" w="53" /><ent r="64" t="197" w="20" /><ent r="3" t="197" w="25" /><ent r="3" t="197" w="30" /></phr></stem><stem n="cluster"><phr n="Cluster"><ent r="64" t="16" w="40" /><ent r="1000" t="177" w="2" /><ent r="102" t="177" w="5" /><ent r="100" t="177" w="8" /><ent r="64" t="177" w="13" /><ent r="3" t="177" w="19" /><ent r="5" t="177" w="49" /><ent r="3" t="177" w="54" /><ent r="5" t="177" w="62" /><ent r="64" t="197" w="18" /></phr><phr n="cluster"><ent r="3" t="177" w="35" /><ent r="4" t="177" w="73" /><ent r="4" t="197" w="95" /><ent r="4" t="197" w="115" /><ent r="4" t="197" w="123" /><ent r="4" t="197" w="132" /><ent r="4" t="197" w="139" /><ent r="4" t="197" w="151" /></phr><phr n="clusters"><ent r="3" t="177" w="145" /><ent r="3" t="177" w="162" /><ent r="3" t="197" w="65" /><ent r="4" t="197" w="90" /></phr><phr n="Clustering"><ent r="1000" t="197" w="3" /><ent r="102" t="197" w="8" /></phr><phr n="clustering"><ent r="64" t="197" w="21" /><ent r="3" t="197" w="26" /><ent r="3" t="197" w="33" /><ent r="3" t="197" w="48" /></phr></stem><stem n=":open"><phr n=":open"><ent r="100" t="18" w="5" /><ent r="100" t="19" w="8" /><ent r="100" t="78" w="10" /><ent r="100" t="115" w="74" /><ent r="100" t="118" w="6" /></phr></stem><stem n=":file"><phr n=":file"><ent r="100" t="18" w="8" /><ent r="100" t="19" w="11" /></phr><phr n=":File"><ent r="100" t="240" w="28" /></phr></stem><stem n=":import"><phr n=":import"><ent r="100" t="18" w="19" /><ent r="100" t="21" w="11" /><ent r="100" t="31" w="13" /><ent r="100" t="145" w="11" /><ent r="100" t="214" w="12" /></phr><phr n=":Import"><ent r="100" t="209" w="11" /></phr></stem></index>