﻿<?xml version="1.0" encoding="utf-8"?><index PreMerged="False"><stem n="immedi"><phr n="immediately"><ent r="51" t="89" w="68" /><ent r="51" t="91" w="65" /><ent r="51" t="92" w="66" /><ent r="1" t="102" w="273" /><ent r="1" t="102" w="553" /><ent r="51" t="120" w="77" /><ent r="51" t="123" w="58" /><ent r="51" t="124" w="58" /><ent r="51" t="125" w="71" /><ent r="51" t="126" w="68" /><ent r="51" t="127" w="61" /><ent r="51" t="128" w="58" /><ent r="51" t="129" w="58" /><ent r="51" t="130" w="62" /><ent r="1" t="159" w="1693" /><ent r="1" t="194" w="194" /></phr><phr n="immediate"><ent r="1" t="92" w="181" /><ent r="1" t="92" w="317" /></phr></stem><stem n="accept"><phr n="accept"><ent r="1" t="89" w="249" /><ent r="1" t="90" w="126" /><ent r="1" t="91" w="147" /><ent r="1" t="92" w="147" /><ent r="1" t="121" w="95" /><ent r="1" t="123" w="235" /><ent r="1" t="124" w="217" /><ent r="1" t="125" w="197" /><ent r="1" t="126" w="191" /><ent r="1" t="127" w="151" /><ent r="1" t="128" w="150" /><ent r="1" t="129" w="141" /><ent r="1" t="130" w="252" /><ent r="1" t="147" w="164" /><ent r="1" t="156" w="677" /></phr><phr n="accepts"><ent r="1" t="103" w="546" /><ent r="1" t="155" w="839" /></phr><phr n="acceptable"><ent r="1" t="153" w="990" /><ent r="1" t="194" w="464" /></phr><phr n="Accept"><ent r="1" t="154" w="943" /><ent r="1" t="157" w="697" /></phr><phr n="accepted"><ent r="1" t="156" w="169" /><ent r="1" t="157" w="153" /><ent r="51" t="199" w="144" /><ent r="51" t="199" w="156" /></phr></stem><stem n="upon"><phr n="upon"><ent r="1" t="91" w="177" /><ent r="1" t="194" w="477" /></phr></stem><stem n="fix"><phr n="Fixed"><ent r="51" t="91" w="180" /></phr><phr n="fixed"><ent r="1" t="91" w="188" /></phr></stem><stem n="450"><phr n="450"><ent r="1" t="91" w="193" /></phr></stem><stem n="250"><phr n="250"><ent r="1" t="91" w="196" /></phr></stem><stem n="initi"><phr n="initial"><ent r="1" t="91" w="248" /><ent r="1" t="180" w="468" /><ent r="1" t="180" w="650" /></phr><phr n="initially"><ent r="1" t="91" w="259" /><ent r="1" t="91" w="277" /><ent r="1" t="180" w="382" /><ent r="1" t="180" w="573" /></phr><phr n="initialized"><ent r="1" t="110" w="179" /><ent r="1" t="111" w="30" /></phr></stem><stem n="given"><phr n="given"><ent r="1" t="91" w="281" /><ent r="51" t="158" w="280" /><ent r="1" t="194" w="49" /></phr></stem><stem n="0,0"><phr n="0,0"><ent r="1" t="91" w="361" /><ent r="1" t="91" w="360" /></phr></stem><stem n="isn"><phr n="isn"><ent r="1" t="91" w="394" /><ent r="1" t="156" w="361" /><ent r="1" t="157" w="342" /></phr></stem><stem n="isn't"><phr n="isn't"><ent r="1" t="91" w="395" /><ent r="1" t="91" w="394" /></phr></stem><stem n="don't"><phr n="don't"><ent r="1" t="91" w="399" /><ent r="1" t="91" w="398" /><ent r="1" t="148" w="91" /><ent r="1" t="148" w="90" /><ent r="1" t="159" w="1154" /><ent r="1" t="159" w="1153" /><ent r="51" t="160" w="1492" /><ent r="51" t="160" w="1491" /><ent r="1" t="171" w="158" /><ent r="1" t="171" w="157" /></phr></stem><stem n="right-mous"><phr n="right-mouse"><ent r="1" t="92" w="174" /></phr></stem><stem n="take"><phr n="take"><ent r="1" t="92" w="180" /><ent r="1" t="92" w="316" /><ent r="1" t="180" w="376" /><ent r="1" t="180" w="565" /><ent r="1" t="180" w="597" /></phr><phr n="takes"><ent r="1" t="195" w="21" /></phr></stem><stem n="rel"><phr n="relative"><ent r="1" t="92" w="204" /><ent r="1" t="128" w="532" /><ent r="1" t="128" w="933" /><ent r="1" t="129" w="405" /><ent r="1" t="136" w="297" /><ent r="1" t="141" w="436" /><ent r="1" t="193" w="65" /></phr><phr n="Relative"><ent r="1" t="92" w="218" /></phr></stem><stem n="absolut"><phr n="Absolute"><ent r="1" t="92" w="212" /><ent r="51" t="187" w="95" /></phr></stem><stem n="smooth"><phr n="smooth"><ent r="1" t="92" w="241" /><ent r="1" t="92" w="305" /><ent r="1" t="195" w="33" /><ent r="1" t="195" w="79" /><ent r="1" t="195" w="95" /><ent r="1" t="195" w="131" /><ent r="1" t="195" w="144" /></phr><phr n="Smooth"><ent r="51" t="131" w="304" /></phr><phr n="smoothed"><ent r="1" t="131" w="326" /></phr><phr n="smoothing"><ent r="1" t="150" w="184" /><ent r="1" t="150" w="193" /><ent r="1" t="150" w="202" /></phr></stem><stem n="smooth-pan"><phr n="smooth-pan"><ent r="1" t="92" w="241" /></phr><phr n="smooth-panning"><ent r="1" t="92" w="305" /></phr></stem><stem n="shirt"><phr n="Shirt"><ent r="51" t="92" w="256" /></phr></stem><stem n="overlai"><phr n="overlays"><ent r="1" t="92" w="286" /></phr><phr n="Overlay"><ent r="1" t="144" w="222" /></phr><phr n="overlay"><ent r="1" t="152" w="1218" /><ent r="1" t="152" w="1288" /><ent r="1" t="152" w="1299" /><ent r="1" t="152" w="1311" /><ent r="1" t="152" w="1319" /><ent r="1" t="152" w="1330" /><ent r="1" t="152" w="1339" /><ent r="1" t="152" w="1356" /><ent r="1" t="152" w="1369" /><ent r="1" t="152" w="1388" /><ent r="1" t="152" w="1522" /><ent r="1" t="152" w="1563" /><ent r="1" t="152" w="1579" /><ent r="1" t="152" w="1697" /><ent r="1" t="152" w="1800" /><ent r="1" t="152" w="1817" /><ent r="1" t="156" w="1132" /><ent r="1" t="156" w="1150" /></phr><phr n="overlaying"><ent r="1" t="153" w="376" /></phr><phr n="Overlaying"><ent r="1" t="156" w="118" /><ent r="1" t="157" w="102" /></phr></stem><stem n="maximum"><phr n="maximum"><ent r="1" t="92" w="304" /><ent r="1" t="128" w="535" /><ent r="1" t="128" w="936" /><ent r="1" t="129" w="408" /><ent r="1" t="136" w="300" /><ent r="1" t="141" w="439" /><ent r="1" t="143" w="523" /><ent r="1" t="143" w="654" /><ent r="1" t="143" w="660" /><ent r="1" t="143" w="680" /><ent r="1" t="152" w="1277" /><ent r="51" t="169" w="516" /><ent r="1" t="192" w="77" /><ent r="1" t="193" w="68" /></phr></stem><stem n="tip"><phr n="Tip"><ent r="51" t="92" w="326" /></phr><phr n="tip"><ent r="1" t="92" w="332" /><ent r="1" t="103" w="607" /><ent r="1" t="103" w="637" /></phr><phr n="tips"><ent r="1" t="179" w="45" /></phr></stem><stem n="lat/lon"><phr n="Lat/Lon"><ent r="1" t="92" w="350" /><ent r="1" t="92" w="349" /><ent r="51" t="122" w="35" /><ent r="51" t="122" w="34" /><ent r="100" t="126" w="7" /><ent r="100" t="126" w="6" /><ent r="1" t="126" w="13" /><ent r="1" t="126" w="12" /><ent r="51" t="126" w="74" /><ent r="51" t="126" w="73" /><ent r="51" t="126" w="128" /><ent r="51" t="126" w="127" /></phr></stem><stem n="lon"><phr n="Lon"><ent r="1" t="92" w="350" /><ent r="51" t="122" w="35" /><ent r="100" t="126" w="7" /><ent r="1" t="126" w="13" /><ent r="51" t="126" w="74" /><ent r="51" t="126" w="128" /></phr></stem><stem n="non-undo"><phr n="non-undoable"><ent r="51" t="92" w="366" /></phr></stem><stem n="receiv"><phr n="receive"><ent r="1" t="92" w="377" /></phr></stem><stem n="undon"><phr n="undone"><ent r="1" t="92" w="390" /></phr></stem><stem n="brought"><phr n="brought"><ent r="1" t="92" w="408" /></phr></stem><stem n="it'"><phr n="it's"><ent r="1" t="92" w="436" /><ent r="1" t="92" w="435" /><ent r="1" t="153" w="2710" /><ent r="1" t="153" w="2709" /><ent r="1" t="155" w="886" /><ent r="1" t="155" w="885" /></phr></stem><stem n="raw"><phr n="raw"><ent r="1" t="92" w="443" /><ent r="1" t="128" w="538" /><ent r="1" t="128" w="939" /><ent r="1" t="129" w="411" /><ent r="1" t="136" w="303" /><ent r="1" t="141" w="442" /><ent r="1" t="193" w="71" /></phr><phr n="Raw"><ent r="51" t="128" w="481" /><ent r="51" t="128" w="882" /><ent r="51" t="129" w="380" /><ent r="51" t="136" w="246" /><ent r="51" t="141" w="385" /><ent r="51" t="193" w="13" /></phr></stem><stem n="boundari"><phr n="boundary"><ent r="1" t="92" w="478" /><ent r="1" t="92" w="493" /><ent r="1" t="156" w="269" /><ent r="1" t="156" w="351" /><ent r="1" t="157" w="252" /><ent r="1" t="157" w="332" /></phr></stem><stem n="crosshair"><phr n="crosshair"><ent r="1" t="92" w="489" /><ent r="1" t="131" w="227" /><ent r="1" t="133" w="242" /><ent r="1" t="153" w="2781" /><ent r="1" t="154" w="1319" /></phr><phr n="Crosshair"><ent r="51" t="131" w="221" /><ent r="1" t="133" w="238" /></phr><phr n="crosshairs"><ent r="1" t="153" w="2739" /></phr></stem><stem n="can't"><phr n="can't"><ent r="1" t="92" w="519" /><ent r="1" t="92" w="518" /><ent r="1" t="92" w="534" /><ent r="1" t="92" w="533" /></phr></stem><stem n="closer"><phr n="closer"><ent r="1" t="92" w="523" /><ent r="1" t="153" w="2004" /></phr></stem><stem n="further"><phr n="further"><ent r="1" t="92" w="538" /><ent r="1" t="93" w="407" /></phr></stem><stem n="suppli"><phr n="supplies"><ent r="1" t="93" w="25" /></phr><phr n="supplied"><ent r="1" t="93" w="41" /></phr></stem><stem n="rapid"><phr n="Rapid"><ent r="1" t="93" w="33" /></phr></stem><stem n="coeffici"><phr n="Coefficients"><ent r="1" t="93" w="35" /></phr><phr n="coefficient"><ent r="1" t="143" w="93" /><ent r="1" t="143" w="269" /><ent r="1" t="143" w="272" /><ent r="1" t="143" w="353" /></phr><phr n="coefficients"><ent r="1" t="143" w="186" /><ent r="1" t="143" w="248" /><ent r="1" t="143" w="316" /><ent r="1" t="143" w="341" /></phr></stem><stem n="rpc"><phr n="RPCs"><ent r="1" t="93" w="36" /></phr><phr n="RPC"><ent r="1" t="93" w="173" /><ent r="1" t="93" w="403" /><ent r="1" t="155" w="564" /></phr></stem><stem n="calcul"><phr n="calculates"><ent r="1" t="93" w="106" /><ent r="1" t="194" w="19" /><ent r="1" t="194" w="313" /></phr><phr n="calculations"><ent r="1" t="93" w="157" /><ent r="1" t="153" w="866" /><ent r="1" t="194" w="77" /></phr><phr n="Calculate"><ent r="51" t="143" w="169" /><ent r="1" t="143" w="174" /><ent r="51" t="154" w="1035" /><ent r="51" t="154" w="1073" /><ent r="1" t="154" w="1101" /></phr><phr n="calculate"><ent r="1" t="143" w="183" /><ent r="1" t="143" w="245" /><ent r="1" t="143" w="338" /><ent r="1" t="154" w="1236" /><ent r="1" t="154" w="1248" /><ent r="1" t="163" w="27" /></phr><phr n="calculating"><ent r="1" t="143" w="534" /><ent r="1" t="153" w="1807" /></phr><phr n="calculation"><ent r="1" t="143" w="717" /></phr><phr n="calculated"><ent r="1" t="152" w="256" /><ent r="1" t="153" w="197" /><ent r="1" t="154" w="1061" /><ent r="1" t="194" w="384" /></phr></stem><stem n="mathemat"><phr n="mathematical"><ent r="1" t="93" w="115" /><ent r="1" t="144" w="13" /><ent r="1" t="153" w="213" /><ent r="1" t="153" w="1800" /><ent r="1" t="163" w="22" /><ent r="1" t="194" w="29" /><ent r="1" t="194" w="356" /></phr></stem><stem n="polynomi"><phr n="polynomial"><ent r="1" t="93" w="116" /><ent r="1" t="163" w="23" /><ent r="1" t="194" w="30" /></phr><phr n="Polynomial"><ent r="51" t="93" w="502" /><ent r="1000" t="163" w="2" /><ent r="100" t="163" w="6" /><ent r="1" t="169" w="709" /></phr></stem><stem n="equat"><phr n="equation"><ent r="1" t="93" w="118" /><ent r="1" t="163" w="24" /><ent r="1" t="194" w="32" /></phr></stem><stem n="tend"><phr n="tends"><ent r="1" t="93" w="121" /><ent r="1" t="194" w="41" /></phr></stem><stem n="possibl"><phr n="possibly"><ent r="1" t="93" w="130" /><ent r="1" t="154" w="1293" /></phr><phr n="possible"><ent r="1" t="96" w="178" /><ent r="1" t="153" w="414" /><ent r="1" t="153" w="2027" /><ent r="1" t="180" w="682" /></phr></stem><stem n="introduc"><phr n="introducing"><ent r="1" t="93" w="131" /><ent r="1" t="194" w="52" /></phr></stem><stem n="root"><phr n="root"><ent r="1" t="93" w="142" /><ent r="1" t="163" w="94" /><ent r="51" t="169" w="591" /><ent r="51" t="187" w="21" /><ent r="1" t="194" w="62" /><ent r="1" t="194" w="344" /></phr></stem><stem n="squar"><phr n="square"><ent r="1" t="93" w="144" /><ent r="1" t="154" w="575" /><ent r="1" t="163" w="96" /><ent r="51" t="169" w="590" /><ent r="1" t="194" w="64" /><ent r="1" t="194" w="346" /></phr><phr n="squares"><ent r="1" t="158" w="579" /><ent r="1" t="158" w="660" /><ent r="1" t="158" w="1169" /><ent r="1" t="159" w="1279" /><ent r="1" t="160" w="1033" /><ent r="1" t="194" w="389" /></phr><phr n="Square"><ent r="51" t="187" w="20" /></phr></stem><stem n="rm"><phr n="RMS"><ent r="1" t="93" w="145" /><ent r="1" t="93" w="159" /><ent r="1" t="153" w="976" /><ent r="1" t="153" w="986" /><ent r="1" t="163" w="97" /><ent r="1" t="194" w="65" /><ent r="140" t="194" w="306" /><ent r="1" t="194" w="347" /><ent r="1" t="194" w="396" /><ent r="1" t="194" w="412" /><ent r="1" t="194" w="424" /><ent r="1" t="194" w="467" /><ent r="1" t="194" w="493" /><ent r="1" t="194" w="519" /></phr></stem><stem n="accuraci"><phr n="accuracy"><ent r="1" t="93" w="153" /><ent r="1" t="153" w="798" /><ent r="1" t="155" w="540" /><ent r="1" t="163" w="45" /><ent r="1" t="194" w="73" /><ent r="1" t="194" w="454" /><ent r="1" t="194" w="458" /><ent r="1" t="194" w="532" /></phr></stem><stem n="transform"><phr n="transformation"><ent r="1" t="93" w="191" /><ent r="1" t="194" w="82" /><ent r="1" t="194" w="357" /></phr><phr n="transforms"><ent r="1" t="143" w="101" /></phr><phr n="Transform"><ent r="51" t="143" w="165" /><ent r="1" t="143" w="801" /><ent r="1" t="154" w="1024" /><ent r="1" t="154" w="1057" /></phr><phr n="transform"><ent r="1" t="143" w="185" /><ent r="1" t="143" w="247" /><ent r="1" t="143" w="315" /><ent r="1" t="143" w="322" /><ent r="1" t="143" w="340" /><ent r="1" t="143" w="438" /><ent r="1" t="143" w="537" /><ent r="1" t="143" w="547" /><ent r="1" t="143" w="828" /><ent r="1" t="143" w="840" /><ent r="1" t="143" w="859" /><ent r="1" t="154" w="1068" /><ent r="1" t="154" w="1079" /></phr></stem><stem n="interpol"><phr n="interpolated"><ent r="1" t="93" w="198" /><ent r="1" t="194" w="91" /></phr></stem><stem n="across"><phr n="across"><ent r="1" t="93" w="199" /><ent r="51" t="95" w="90" /><ent r="51" t="95" w="126" /><ent r="51" t="95" w="164" /><ent r="1" t="153" w="1343" /><ent r="1" t="154" w="1315" /><ent r="1" t="191" w="192" /><ent r="1" t="194" w="92" /></phr></stem><stem n="precis"><phr n="precise"><ent r="1" t="93" w="219" /><ent r="1" t="194" w="110" /></phr><phr n="precision"><ent r="51" t="169" w="222" /><ent r="1" t="169" w="236" /><ent r="1" t="169" w="243" /><ent r="1" t="169" w="250" /><ent r="51" t="169" w="354" /></phr></stem><stem n="instal"><phr n="installed"><ent r="1" t="93" w="357" /><ent r="1" t="151" w="236" /></phr><phr n="installation"><ent r="1" t="151" w="241" /><ent r="1" t="160" w="1667" /></phr><phr n="Installation"><ent r="1" t="152" w="433" /><ent r="1" t="153" w="577" /><ent r="1" t="154" w="302" /><ent r="1" t="155" w="261" /><ent r="1" t="156" w="545" /><ent r="1" t="157" w="524" /><ent r="1" t="158" w="419" /><ent r="1" t="159" w="433" /><ent r="1" t="160" w="330" /></phr></stem><stem n="oper"><phr n="operate"><ent r="1" t="93" w="363" /><ent r="1" t="101" w="12" /><ent r="1" t="103" w="666" /><ent r="1" t="108" w="16" /></phr><phr n="operating"><ent r="1" t="101" w="44" /><ent r="1" t="103" w="701" /><ent r="1" t="108" w="49" /><ent r="1" t="151" w="173" /></phr><phr n="operational"><ent r="1" t="142" w="167" /><ent r="1" t="145" w="293" /></phr><phr n="operators"><ent r="1" t="144" w="145" /><ent r="1" t="144" w="207" /><ent r="1" t="151" w="97" /></phr><phr n="operator"><ent r="1" t="144" w="187" /></phr><phr n="operations"><ent r="1" t="153" w="1801" /><ent r="1" t="159" w="162" /></phr><phr n="Operators"><ent r="1000" t="187" w="3" /><ent r="100" t="187" w="7" /></phr></stem><stem n="builder"><phr n="Builder"><ent r="1000" t="94" w="4" /><ent r="100" t="94" w="9" /><ent r="1" t="94" w="13" /><ent r="1" t="94" w="47" /><ent r="51" t="94" w="66" /><ent r="1" t="94" w="71" /><ent r="1" t="94" w="82" /><ent r="90" t="94" w="92" /><ent r="90" t="94" w="163" /><ent r="1" t="94" w="168" /><ent r="51" t="94" w="190" /><ent r="1000" t="95" w="2" /><ent r="100" t="95" w="6" /><ent r="51" t="95" w="24" /><ent r="51" t="95" w="93" /><ent r="51" t="95" w="129" /><ent r="51" t="95" w="167" /><ent r="51" t="96" w="26" /><ent r="1" t="96" w="31" /><ent r="51" t="96" w="46" /><ent r="1" t="96" w="223" /><ent r="51" t="96" w="272" /><ent r="51" t="97" w="43" /><ent r="1" t="97" w="49" /><ent r="1" t="97" w="55" /><ent r="51" t="97" w="87" /><ent r="1" t="97" w="123" /><ent r="51" t="97" w="155" /><ent r="1" t="98" w="24" /><ent r="90" t="98" w="61" /><ent r="51" t="98" w="80" /><ent r="1" t="98" w="86" /><ent r="51" t="98" w="189" /><ent r="1" t="99" w="17" /><ent r="51" t="99" w="49" /><ent r="1" t="99" w="111" /><ent r="51" t="99" w="144" /><ent r="1" t="101" w="213" /><ent r="51" t="101" w="223" /><ent r="1" t="102" w="15" /><ent r="1" t="102" w="140" /><ent r="1" t="102" w="221" /><ent r="1" t="102" w="364" /><ent r="1" t="102" w="503" /><ent r="1" t="104" w="47" /><ent r="51" t="104" w="69" /><ent r="1" t="104" w="113" /><ent r="1" t="105" w="45" /><ent r="51" t="105" w="68" /><ent r="1" t="105" w="113" /><ent r="1" t="106" w="22" /><ent r="51" t="106" w="43" /><ent r="1" t="106" w="119" /><ent r="1" t="106" w="135" /><ent r="51" t="106" w="159" /><ent r="1" t="107" w="110" /><ent r="51" t="107" w="281" /><ent r="1" t="108" w="168" /><ent r="1" t="108" w="324" /><ent r="1" t="108" w="366" /><ent r="51" t="151" w="314" /><ent r="1000" t="159" w="3" /><ent r="100" t="159" w="7" /><ent r="1" t="159" w="24" /><ent r="1" t="159" w="46" /><ent r="51" t="159" w="79" /><ent r="1" t="159" w="110" /><ent r="1" t="159" w="131" /><ent r="1" t="159" w="154" /><ent r="1" t="159" w="266" /><ent r="51" t="159" w="312" /><ent r="51" t="159" w="491" /><ent r="1" t="159" w="495" /><ent r="1" t="159" w="508" /><ent r="1" t="159" w="562" /><ent r="1" t="159" w="574" /><ent r="1" t="159" w="586" /><ent r="1" t="159" w="630" /><ent r="1" t="159" w="687" /><ent r="1" t="159" w="729" /><ent r="1" t="159" w="801" /><ent r="1" t="159" w="835" /><ent r="1" t="159" w="1030" /><ent r="1" t="159" w="1138" /><ent r="1" t="159" w="1436" /><ent r="1" t="159" w="1464" /><ent r="1" t="159" w="1573" /><ent r="1" t="159" w="2010" /><ent r="1" t="159" w="2071" /><ent r="51" t="160" w="51" /><ent r="1" t="160" w="113" /><ent r="51" t="160" w="209" /><ent r="51" t="160" w="388" /><ent r="1" t="160" w="392" /><ent r="1" t="160" w="402" /><ent r="1" t="160" w="438" /><ent r="51" t="160" w="443" /><ent r="1" t="160" w="464" /><ent r="1" t="160" w="470" /><ent r="1" t="160" w="510" /><ent r="1" t="160" w="564" /><ent r="1" t="160" w="606" /><ent r="1" t="160" w="647" /><ent r="1" t="160" w="770" /><ent r="1" t="160" w="865" /><ent r="1" t="160" w="997" /><ent r="1" t="160" w="1026" /><ent r="1" t="160" w="1045" /><ent r="1" t="160" w="1264" /><ent r="1" t="160" w="1383" /><ent r="51" t="160" w="1475" /><ent r="1" t="160" w="1579" /><ent r="1000" t="196" w="2" /><ent r="100" t="196" w="7" /><ent r="51" t="196" w="25" /><ent r="1000" t="197" w="2" /><ent r="100" t="197" w="7" /><ent r="51" t="197" w="25" /><ent r="51" t="197" w="59" /><ent r="51" t="197" w="177" /><ent r="1000" t="198" w="2" /><ent r="100" t="198" w="7" /><ent r="51" t="198" w="25" /></phr><phr n="builder"><ent r="1" t="159" w="1252" /><ent r="1" t="159" w="1290" /></phr></stem><stem n="autom"><phr n="Automating"><ent r="1" t="94" w="33" /></phr><phr n="automated"><ent r="1" t="150" w="64" /><ent r="1" t="150" w="151" /><ent r="1" t="155" w="1211" /><ent r="1" t="155" w="1241" /><ent r="1" t="159" w="27" /><ent r="1" t="159" w="30" /><ent r="1" t="159" w="2074" /><ent r="1" t="159" w="2077" /></phr><phr n="automate"><ent r="1" t="159" w="101" /></phr></stem><stem n="procedur"><phr n="procedures"><ent r="1" t="94" w="35" /><ent r="1" t="159" w="2067" /><ent r="1" t="160" w="1793" /></phr><phr n="procedure"><ent r="1" t="158" w="1141" /></phr></stem><stem n="potenti"><phr n="potential"><ent r="1" t="94" w="40" /></phr></stem><stem n="untitl"><phr n="untitled"><ent r="1" t="94" w="85" /></phr></stem><stem n="readi"><phr n="ready"><ent r="1" t="94" w="87" /><ent r="1" t="157" w="1272" /></phr></stem><stem n="canva"><phr n="canvas"><ent r="1" t="94" w="114" /><ent r="1" t="94" w="199" /><ent r="1" t="94" w="225" /><ent r="1" t="94" w="248" /><ent r="1" t="94" w="263" /><ent r="1" t="94" w="272" /><ent r="1" t="94" w="278" /><ent r="1" t="94" w="292" /><ent r="1" t="94" w="391" /><ent r="51" t="95" w="76" /><ent r="51" t="95" w="162" /><ent r="51" t="95" w="198" /><ent r="51" t="95" w="215" /><ent r="51" t="95" w="232" /><ent r="1" t="103" w="186" /><ent r="1" t="104" w="114" /><ent r="1" t="105" w="114" /><ent r="1" t="106" w="120" /><ent r="1" t="106" w="136" /><ent r="1" t="108" w="222" /><ent r="1" t="108" w="309" /><ent r="1" t="108" w="348" /><ent r="1" t="158" w="66" /><ent r="51" t="158" w="224" /><ent r="1" t="158" w="938" /><ent r="1" t="158" w="946" /><ent r="1" t="158" w="986" /><ent r="1" t="158" w="1000" /><ent r="1" t="158" w="1075" /><ent r="51" t="196" w="129" /><ent r="51" t="197" w="167" /><ent r="51" t="198" w="58" /><ent r="51" t="198" w="80" /><ent r="51" t="198" w="101" /><ent r="51" t="198" w="120" /></phr><phr n="Canvas"><ent r="90" t="94" w="195" /><ent r="90" t="158" w="973" /></phr></stem><stem n="here"><phr n="here"><ent r="51" t="94" w="131" /><ent r="51" t="94" w="145" /><ent r="51" t="94" w="159" /><ent r="1" t="120" w="30" /><ent r="51" t="144" w="191" /></phr><phr n="Here"><ent r="1" t="159" w="915" /></phr></stem><stem n="task"><phr n="tasks"><ent r="1" t="94" w="175" /><ent r="1" t="151" w="46" /><ent r="1" t="151" w="54" /><ent r="1" t="159" w="107" /></phr></stem><stem n="5000"><phr n="5000"><ent r="1" t="94" w="228" /><ent r="1" t="94" w="230" /></phr></stem><stem n="serv"><phr n="serves"><ent r="1" t="94" w="294" /></phr></stem><stem n="flow"><phr n="flow"><ent r="1" t="94" w="298" /><ent r="1" t="94" w="304" /><ent r="1" t="159" w="141" /><ent r="1" t="159" w="145" /></phr></stem><stem n="diagram"><phr n="diagram"><ent r="1" t="94" w="299" /><ent r="1" t="94" w="305" /></phr></stem><stem n="unsav"><phr n="unsaved"><ent r="51" t="95" w="30" /><ent r="51" t="197" w="65" /><ent r="51" t="197" w="97" /><ent r="51" t="197" w="183" /></phr></stem><stem n="ask"><phr n="asking"><ent r="51" t="95" w="39" /><ent r="51" t="197" w="74" /><ent r="51" t="197" w="106" /><ent r="51" t="197" w="192" /></phr><phr n="asks"><ent r="1" t="143" w="721" /><ent r="1" t="160" w="1604" /></phr><phr n="asked"><ent r="1" t="153" w="1019" /></phr></stem><stem n="setup"><phr n="setup"><ent r="51" t="95" w="59" /></phr><phr n="Setup"><ent r="51" t="197" w="145" /></phr></stem><stem n="non-select"><phr n="non-selected"><ent r="51" t="95" w="110" /><ent r="51" t="95" w="146" /><ent r="51" t="95" w="184" /><ent r="51" t="196" w="70" /><ent r="51" t="196" w="106" /><ent r="51" t="196" w="145" /></phr></stem><stem n="add/edit"><phr n="Add/Edit"><ent r="51" t="95" w="236" /><ent r="51" t="95" w="235" /><ent r="51" t="95" w="258" /><ent r="51" t="95" w="257" /><ent r="51" t="103" w="896" /><ent r="51" t="103" w="895" /><ent r="1000" t="106" w="2" /><ent r="1000" t="106" w="1" /><ent r="100" t="106" w="8" /><ent r="100" t="106" w="7" /><ent r="51" t="198" w="159" /><ent r="51" t="198" w="158" /></phr></stem><stem n="decreas"><phr n="Decreases"><ent r="51" t="95" w="298" /><ent r="51" t="198" w="207" /></phr><phr n="decreases"><ent r="1" t="152" w="781" /></phr><phr n="decrease"><ent r="1" t="152" w="1373" /></phr><phr n="Decrease"><ent r="51" t="198" w="204" /></phr></stem><stem n="earlier"><phr n="earlier"><ent r="51" t="95" w="313" /><ent r="1" t="159" w="1494" /><ent r="51" t="198" w="222" /></phr></stem><stem n="best"><phr n="best"><ent r="1" t="96" w="104" /><ent r="1" t="180" w="237" /><ent r="1" t="180" w="371" /></phr></stem><stem n="test"><phr n="test"><ent r="1" t="96" w="232" /><ent r="1" t="165" w="156" /></phr><phr n="Test"><ent r="1" t="102" w="257" /><ent r="1" t="102" w="399" /><ent r="1" t="102" w="537" /><ent r="1" t="159" w="1973" /><ent r="1" t="165" w="150" /></phr><phr n="tested"><ent r="1" t="145" w="283" /></phr></stem><stem n="correctli"><phr n="correctly"><ent r="1" t="96" w="248" /><ent r="1" t="155" w="1492" /></phr></stem><stem n="scan"><phr n="scan"><ent r="1" t="100" w="20" /></phr></stem><stem n="sinc"><phr n="since"><ent r="1" t="100" w="68" /><ent r="1" t="143" w="516" /><ent r="1" t="163" w="103" /><ent r="1" t="180" w="581" /></phr><phr n="Since"><ent r="1" t="103" w="293" /><ent r="1" t="143" w="196" /><ent r="1" t="159" w="1522" /></phr></stem><stem n="my"><phr n="My"><ent r="1" t="102" w="182" /><ent r="1" t="102" w="254" /><ent r="1" t="102" w="256" /><ent r="1" t="102" w="398" /><ent r="1" t="102" w="534" /><ent r="1" t="102" w="536" /></phr></stem><stem n="layout"><phr n="Layout"><ent r="1" t="102" w="213" /><ent r="1" t="102" w="397" /><ent r="1" t="109" w="58" /><ent r="1" t="109" w="66" /><ent r="51" t="110" w="37" /><ent r="1" t="110" w="195" /><ent r="1" t="111" w="84" /><ent r="1" t="112" w="20" /><ent r="1" t="112" w="36" /><ent r="1" t="113" w="33" /><ent r="51" t="113" w="72" /><ent r="51" t="114" w="40" /><ent r="1" t="115" w="30" /><ent r="1" t="133" w="49" /><ent r="90" t="133" w="365" /><ent r="1" t="133" w="369" /><ent r="1" t="133" w="403" /><ent r="1" t="138" w="32" /><ent r="51" t="158" w="106" /><ent r="51" t="158" w="113" /><ent r="51" t="158" w="265" /><ent r="51" t="158" w="633" /><ent r="51" t="158" w="677" /><ent r="51" t="158" w="731" /><ent r="51" t="158" w="824" /><ent r="51" t="158" w="926" /></phr><phr n="layout"><ent r="1" t="114" w="21" /><ent r="1" t="133" w="56" /></phr></stem><stem n="like"><phr n="like"><ent r="1" t="102" w="260" /><ent r="1" t="102" w="402" /><ent r="1" t="102" w="540" /><ent r="1" t="152" w="1962" /><ent r="1" t="153" w="1530" /><ent r="1" t="156" w="149" /><ent r="51" t="156" w="942" /><ent r="1" t="157" w="133" /><ent r="1" t="160" w="773" /><ent r="51" t="160" w="1233" /><ent r="1" t="160" w="1455" /></phr></stem><stem n="otherwis"><phr n="Otherwise"><ent r="1" t="102" w="281" /><ent r="1" t="102" w="561" /></phr></stem><stem n="put"><phr n="put"><ent r="1" t="102" w="351" /></phr></stem><stem n="ampersand"><phr n="ampersand"><ent r="1" t="102" w="353" /><ent r="1" t="159" w="1675" /></phr></stem><stem n="enclos"><phr n="enclose"><ent r="1" t="102" w="493" /></phr></stem><stem n="bracket"><phr n="brackets"><ent r="1" t="102" w="498" /></phr><phr n="Bracket"><ent r="1" t="159" w="1662" /></phr></stem><stem n="would"><phr n="would"><ent r="1" t="102" w="605" /><ent r="1" t="152" w="1289" /><ent r="1" t="152" w="1300" /><ent r="1" t="152" w="1312" /><ent r="1" t="156" w="291" /><ent r="1" t="159" w="1139" /><ent r="1" t="194" w="528" /></phr></stem><stem n="basic"><phr n="basic"><ent r="1" t="103" w="12" /><ent r="1" t="132" w="174" /><ent r="1" t="152" w="28" /><ent r="1" t="152" w="98" /><ent r="1" t="155" w="1472" /><ent r="1" t="180" w="13" /></phr><phr n="basically"><ent r="1" t="143" w="99" /></phr></stem><stem n="built"><phr n="built"><ent r="1" t="103" w="45" /></phr></stem><stem n="obtain"><phr n="obtains"><ent r="1" t="103" w="53" /><ent r="1" t="104" w="14" /></phr><phr n="obtained"><ent r="1" t="152" w="245" /></phr><phr n="obtain"><ent r="1" t="159" w="196" /></phr></stem><stem n="actual"><phr n="actual"><ent r="1" t="103" w="92" /><ent r="1" t="105" w="27" /><ent r="1" t="194" w="334" /><ent r="1" t="194" w="451" /></phr><phr n="actually"><ent r="1" t="152" w="474" /><ent r="1" t="153" w="618" /><ent r="1" t="154" w="343" /><ent r="1" t="155" w="302" /><ent r="1" t="156" w="586" /><ent r="1" t="157" w="565" /><ent r="1" t="158" w="460" /><ent r="1" t="159" w="474" /><ent r="1" t="160" w="371" /></phr></stem><stem n="extern"><phr n="external"><ent r="1" t="103" w="102" /></phr></stem><stem n="hard"><phr n="hard"><ent r="1" t="103" w="119" /><ent r="1" t="103" w="142" /><ent r="1" t="103" w="532" /></phr></stem><stem n="hard-cod"><phr n="hard-coded"><ent r="1" t="103" w="119" /><ent r="1" t="103" w="142" /><ent r="1" t="103" w="532" /></phr></stem><stem n="code"><phr n="coded"><ent r="1" t="103" w="120" /><ent r="1" t="103" w="143" /><ent r="1" t="103" w="327" /><ent r="1" t="103" w="533" /><ent r="1" t="103" w="590" /></phr><phr n="code"><ent r="1" t="119" w="75" /></phr></stem><stem n="node"><phr n="nodes"><ent r="1" t="103" w="134" /><ent r="1" t="103" w="159" /><ent r="1" t="103" w="516" /><ent r="1" t="103" w="523" /><ent r="1" t="103" w="538" /><ent r="1" t="103" w="548" /><ent r="1" t="103" w="563" /><ent r="1" t="103" w="573" /><ent r="1" t="103" w="587" /><ent r="1" t="103" w="612" /><ent r="1" t="103" w="618" /><ent r="1" t="107" w="29" /><ent r="1" t="107" w="91" /><ent r="1" t="107" w="151" /><ent r="1" t="107" w="210" /><ent r="1" t="108" w="164" /><ent r="1" t="108" w="194" /><ent r="1" t="108" w="255" /><ent r="1" t="159" w="1172" /></phr><phr n="node"><ent r="1" t="103" w="139" /><ent r="1" t="103" w="528" /><ent r="1" t="103" w="594" /><ent r="1" t="103" w="604" /><ent r="1" t="103" w="640" /><ent r="1" t="103" w="652" /><ent r="1" t="107" w="17" /><ent r="1" t="107" w="24" /><ent r="1" t="107" w="116" /><ent r="1" t="107" w="125" /><ent r="1" t="107" w="165" /><ent r="1" t="107" w="169" /><ent r="1" t="107" w="185" /><ent r="1" t="107" w="189" /><ent r="1" t="159" w="1182" /><ent r="1" t="159" w="1194" /><ent r="1" t="160" w="1204" /></phr><phr n="Nodes"><ent r="80" t="103" w="498" /></phr></stem><stem n="anatomi"><phr n="Anatomy"><ent r="90" t="103" w="200" /></phr></stem><stem n="beneath"><phr n="beneath"><ent r="1" t="103" w="218" /></phr></stem><stem n="alwai"><phr n="always"><ent r="1" t="103" w="272" /><ent r="1" t="103" w="298" /><ent r="1" t="103" w="550" /><ent r="1" t="103" w="575" /><ent r="1" t="153" w="795" /><ent r="1" t="156" w="1143" /><ent r="1" t="159" w="1548" /><ent r="1" t="160" w="1344" /><ent r="1" t="163" w="100" /><ent r="1" t="194" w="51" /></phr></stem><stem n="typic"><phr n="typically"><ent r="1" t="103" w="285" /><ent r="1" t="154" w="107" /><ent r="1" t="155" w="563" /><ent r="1" t="162" w="190" /><ent r="51" t="169" w="679" /><ent r="1" t="180" w="369" /><ent r="1" t="180" w="462" /></phr><phr n="typical"><ent r="90" t="169" w="694" /></phr></stem><stem n="flexibl"><phr n="flexibility"><ent r="1" t="103" w="313" /></phr></stem></index>