﻿<?xml version="1.0" encoding="utf-8"?><index><stem n="onlin"><phr n="online"><ent r="54" t="0" w="109" /><ent r="7" t="5" w="215" /></phr></stem><stem n="tutori"><phr n="Tutorials"><ent r="115" t="0" w="111" /><ent r="1000" t="161" w="1" /><ent r="102" t="161" w="3" /><ent r="92" t="161" w="308" /></phr><phr n="Tutorial"><ent r="64" t="21" w="531" /><ent r="64" t="161" w="320" /><ent r="64" t="161" w="326" /><ent r="64" t="161" w="341" /><ent r="64" t="161" w="354" /><ent r="64" t="161" w="362" /><ent r="64" t="161" w="368" /><ent r="64" t="161" w="373" /><ent r="64" t="161" w="377" /><ent r="64" t="161" w="381" /><ent r="1000" t="162" w="1" /><ent r="103" t="162" w="12" /><ent r="1000" t="163" w="1" /><ent r="102" t="163" w="20" /><ent r="1000" t="164" w="1" /><ent r="102" t="164" w="11" /><ent r="1000" t="165" w="1" /><ent r="102" t="165" w="18" /><ent r="1000" t="166" w="1" /><ent r="102" t="166" w="10" /><ent r="1000" t="167" w="1" /><ent r="102" t="167" w="14" /><ent r="1000" t="168" w="1" /><ent r="103" t="168" w="10" /><ent r="1000" t="169" w="1" /><ent r="102" t="169" w="10" /><ent r="1000" t="170" w="1" /><ent r="103" t="170" w="14" /><ent r="64" t="170" w="56" /><ent r="65" t="170" w="477" /><ent r="6" t="170" w="1461" /></phr><phr n="tutorials"><ent r="100" t="161" w="5" /><ent r="3" t="161" w="12" /><ent r="3" t="161" w="14" /><ent r="3" t="161" w="22" /><ent r="3" t="161" w="39" /><ent r="3" t="161" w="77" /><ent r="3" t="161" w="220" /><ent r="7" t="161" w="269" /><ent r="100" t="162" w="18" /><ent r="7" t="162" w="486" /><ent r="100" t="163" w="18" /><ent r="100" t="163" w="35" /><ent r="7" t="163" w="636" /><ent r="100" t="164" w="24" /><ent r="7" t="164" w="348" /><ent r="100" t="165" w="16" /><ent r="100" t="165" w="26" /><ent r="7" t="165" w="308" /><ent r="100" t="166" w="16" /><ent r="7" t="166" w="586" /><ent r="100" t="167" w="19" /><ent r="7" t="167" w="571" /><ent r="100" t="168" w="16" /><ent r="7" t="168" w="462" /><ent r="100" t="169" w="8" /><ent r="100" t="169" w="14" /><ent r="7" t="169" w="476" /><ent r="100" t="170" w="12" /><ent r="100" t="170" w="22" /><ent r="7" t="170" w="373" /></phr><phr n="tutorial"><ent r="7" t="161" w="292" /><ent r="3" t="161" w="318" /><ent r="3" t="162" w="27" /><ent r="3" t="162" w="44" /><ent r="3" t="162" w="316" /><ent r="7" t="162" w="509" /><ent r="4" t="162" w="2271" /><ent r="3" t="163" w="47" /><ent r="3" t="163" w="83" /><ent r="3" t="163" w="461" /><ent r="7" t="163" w="659" /><ent r="3" t="164" w="37" /><ent r="3" t="164" w="69" /><ent r="3" t="164" w="182" /><ent r="7" t="164" w="371" /><ent r="3" t="165" w="35" /><ent r="3" t="165" w="67" /><ent r="3" t="165" w="142" /><ent r="7" t="165" w="331" /><ent r="3" t="165" w="666" /><ent r="3" t="166" w="25" /><ent r="3" t="166" w="39" /><ent r="3" t="166" w="420" /><ent r="7" t="166" w="609" /><ent r="3" t="167" w="28" /><ent r="3" t="167" w="42" /><ent r="3" t="167" w="406" /><ent r="7" t="167" w="594" /><ent r="3" t="168" w="25" /><ent r="3" t="168" w="41" /><ent r="4" t="168" w="291" /><ent r="3" t="168" w="297" /><ent r="7" t="168" w="485" /><ent r="3" t="169" w="23" /><ent r="3" t="169" w="44" /><ent r="3" t="169" w="316" /><ent r="7" t="169" w="499" /><ent r="3" t="170" w="31" /><ent r="3" t="170" w="63" /><ent r="4" t="170" w="212" /><ent r="7" t="170" w="396" /><ent r="4" t="170" w="475" /></phr></stem><stem n="toolbar"><phr n="toolbars"><ent r="100" t="1" w="20" /><ent r="3" t="1" w="57" /><ent r="3" t="1" w="60" /><ent r="3" t="1" w="66" /><ent r="3" t="1" w="188" /><ent r="3" t="1" w="211" /><ent r="3" t="1" w="273" /><ent r="4" t="1" w="292" /><ent r="4" t="1" w="296" /><ent r="4" t="1" w="340" /><ent r="4" t="1" w="344" /><ent r="3" t="1" w="366" /><ent r="3" t="1" w="437" /><ent r="3" t="1" w="501" /><ent r="100" t="4" w="3" /><ent r="3" t="4" w="8" /><ent r="3" t="4" w="88" /><ent r="100" t="4" w="114" /><ent r="3" t="4" w="128" /><ent r="4" t="4" w="147" /><ent r="4" t="4" w="151" /><ent r="4" t="4" w="197" /><ent r="4" t="4" w="201" /><ent r="100" t="5" w="7" /><ent r="100" t="6" w="7" /><ent r="100" t="7" w="7" /><ent r="100" t="8" w="7" /><ent r="100" t="9" w="7" /><ent r="100" t="10" w="9" /><ent r="100" t="11" w="7" /><ent r="100" t="12" w="10" /><ent r="100" t="13" w="7" /><ent r="100" t="14" w="4" /><ent r="100" t="15" w="7" /><ent r="3" t="67" w="142" /><ent r="4" t="67" w="319" /><ent r="100" t="103" w="11" /><ent r="100" t="104" w="5" /><ent r="4" t="105" w="147" /><ent r="3" t="111" w="94" /><ent r="3" t="111" w="616" /><ent r="3" t="162" w="339" /><ent r="4" t="162" w="358" /><ent r="4" t="162" w="362" /><ent r="4" t="162" w="408" /><ent r="4" t="162" w="412" /><ent r="3" t="163" w="489" /><ent r="4" t="163" w="508" /><ent r="4" t="163" w="512" /><ent r="4" t="163" w="558" /><ent r="4" t="163" w="562" /><ent r="4" t="163" w="1702" /><ent r="3" t="164" w="201" /><ent r="4" t="164" w="220" /><ent r="4" t="164" w="224" /><ent r="4" t="164" w="270" /><ent r="4" t="164" w="274" /><ent r="3" t="165" w="161" /><ent r="4" t="165" w="180" /><ent r="4" t="165" w="184" /><ent r="4" t="165" w="230" /><ent r="4" t="165" w="234" /><ent r="3" t="166" w="439" /><ent r="4" t="166" w="458" /><ent r="4" t="166" w="462" /><ent r="4" t="166" w="508" /><ent r="4" t="166" w="512" /><ent r="3" t="167" w="424" /><ent r="4" t="167" w="443" /><ent r="4" t="167" w="447" /><ent r="4" t="167" w="493" /><ent r="4" t="167" w="497" /><ent r="3" t="168" w="315" /><ent r="4" t="168" w="334" /><ent r="4" t="168" w="338" /><ent r="4" t="168" w="384" /><ent r="4" t="168" w="388" /><ent r="3" t="169" w="329" /><ent r="4" t="169" w="348" /><ent r="4" t="169" w="352" /><ent r="4" t="169" w="398" /><ent r="4" t="169" w="402" /><ent r="3" t="170" w="226" /><ent r="4" t="170" w="245" /><ent r="4" t="170" w="249" /><ent r="4" t="170" w="295" /><ent r="4" t="170" w="299" /><ent r="100" t="205" w="7" /></phr><phr n="toolbar"><ent r="3" t="1" w="113" /><ent r="3" t="1" w="205" /><ent r="4" t="1" w="306" /><ent r="4" t="1" w="325" /><ent r="4" t="1" w="354" /><ent r="3" t="1" w="400" /><ent r="4" t="1" w="411" /><ent r="4" t="1" w="422" /><ent r="3" t="1" w="596" /><ent r="3" t="4" w="65" /><ent r="3" t="4" w="82" /><ent r="4" t="4" w="161" /><ent r="4" t="4" w="180" /><ent r="4" t="4" w="211" /><ent r="100" t="9" w="5" /><ent r="3" t="11" w="54" /><ent r="7" t="13" w="55" /><ent r="6" t="13" w="167" /><ent r="3" t="14" w="71" /><ent r="3" t="17" w="14" /><ent r="65" t="21" w="473" /><ent r="4" t="47" w="85" /><ent r="3" t="59" w="55" /><ent r="3" t="67" w="174" /><ent r="3" t="74" w="21" /><ent r="3" t="90" w="248" /><ent r="3" t="92" w="145" /><ent r="4" t="96" w="233" /><ent r="100" t="103" w="214" /><ent r="3" t="103" w="223" /><ent r="3" t="103" w="240" /><ent r="100" t="104" w="11" /><ent r="3" t="109" w="102" /><ent r="4" t="111" w="70" /><ent r="3" t="111" w="468" /><ent r="3" t="111" w="475" /><ent r="3" t="111" w="479" /><ent r="3" t="111" w="482" /><ent r="3" t="111" w="497" /><ent r="3" t="111" w="503" /><ent r="3" t="111" w="610" /><ent r="3" t="154" w="40" /><ent r="4" t="162" w="372" /><ent r="4" t="162" w="391" /><ent r="4" t="162" w="422" /><ent r="4" t="162" w="456" /><ent r="3" t="162" w="1753" /><ent r="4" t="162" w="1796" /><ent r="4" t="162" w="1907" /><ent r="3" t="163" w="61" /><ent r="4" t="163" w="522" /><ent r="4" t="163" w="541" /><ent r="4" t="163" w="572" /><ent r="4" t="163" w="606" /><ent r="4" t="163" w="741" /><ent r="4" t="164" w="234" /><ent r="4" t="164" w="253" /><ent r="4" t="164" w="284" /><ent r="4" t="164" w="318" /><ent r="4" t="165" w="194" /><ent r="4" t="165" w="213" /><ent r="4" t="165" w="244" /><ent r="4" t="165" w="278" /><ent r="4" t="166" w="472" /><ent r="4" t="166" w="491" /><ent r="4" t="166" w="522" /><ent r="4" t="166" w="556" /><ent r="4" t="166" w="687" /><ent r="4" t="166" w="770" /><ent r="4" t="167" w="457" /><ent r="4" t="167" w="476" /><ent r="4" t="167" w="507" /><ent r="4" t="167" w="541" /><ent r="4" t="167" w="915" /><ent r="4" t="168" w="279" /><ent r="4" t="168" w="348" /><ent r="4" t="168" w="367" /><ent r="4" t="168" w="398" /><ent r="4" t="168" w="432" /><ent r="4" t="169" w="362" /><ent r="4" t="169" w="381" /><ent r="4" t="169" w="412" /><ent r="4" t="169" w="446" /><ent r="4" t="169" w="624" /><ent r="4" t="169" w="1703" /><ent r="3" t="169" w="1720" /><ent r="3" t="169" w="1733" /><ent r="3" t="169" w="1747" /><ent r="3" t="169" w="1756" /><ent r="3" t="169" w="1764" /><ent r="3" t="169" w="1775" /><ent r="3" t="169" w="1783" /><ent r="3" t="169" w="1868" /><ent r="3" t="169" w="1923" /><ent r="3" t="169" w="1953" /><ent r="4" t="170" w="259" /><ent r="4" t="170" w="278" /><ent r="4" t="170" w="309" /><ent r="4" t="170" w="343" /><ent r="4" t="170" w="684" /><ent r="3" t="170" w="1226" /></phr><phr n="Toolbar"><ent r="92" t="1" w="207" /><ent r="3" t="1" w="369" /><ent r="3" t="4" w="34" /><ent r="64" t="4" w="223" /><ent r="64" t="4" w="226" /><ent r="64" t="4" w="229" /><ent r="64" t="4" w="233" /><ent r="64" t="4" w="236" /><ent r="64" t="4" w="240" /><ent r="64" t="4" w="243" /><ent r="64" t="4" w="246" /><ent r="64" t="4" w="249" /><ent r="64" t="4" w="252" /><ent r="64" t="4" w="255" /><ent r="64" t="4" w="259" /><ent r="64" t="4" w="263" /><ent r="1000" t="5" w="2" /><ent r="100" t="5" w="5" /><ent r="102" t="5" w="11" /><ent r="68" t="5" w="98" /><ent r="68" t="5" w="134" /><ent r="68" t="5" w="171" /><ent r="1000" t="6" w="2" /><ent r="100" t="6" w="5" /><ent r="102" t="6" w="11" /><ent r="1000" t="7" w="2" /><ent r="100" t="7" w="5" /><ent r="102" t="7" w="11" /><ent r="1000" t="8" w="2" /><ent r="100" t="8" w="5" /><ent r="102" t="8" w="11" /><ent r="3" t="8" w="15" /><ent r="1000" t="9" w="2" /><ent r="102" t="9" w="11" /><ent r="1000" t="10" w="3" /><ent r="100" t="10" w="7" /><ent r="102" t="10" w="15" /><ent r="4" t="10" w="31" /><ent r="3" t="10" w="49" /><ent r="1000" t="11" w="2" /><ent r="100" t="11" w="5" /><ent r="102" t="11" w="11" /><ent r="4" t="11" w="15" /><ent r="1000" t="12" w="2" /><ent r="100" t="12" w="8" /><ent r="102" t="12" w="14" /><ent r="1000" t="13" w="2" /><ent r="100" t="13" w="5" /><ent r="102" t="13" w="11" /><ent r="3" t="13" w="16" /><ent r="1000" t="14" w="2" /><ent r="100" t="14" w="8" /><ent r="102" t="14" w="13" /><ent r="3" t="14" w="20" /><ent r="4" t="14" w="40" /><ent r="1000" t="15" w="2" /><ent r="102" t="15" w="5" /><ent r="100" t="15" w="11" /><ent r="3" t="15" w="15" /><ent r="1000" t="16" w="3" /><ent r="102" t="16" w="7" /><ent r="100" t="16" w="11" /><ent r="3" t="16" w="16" /><ent r="1000" t="17" w="3" /><ent r="102" t="17" w="7" /><ent r="100" t="17" w="11" /><ent r="64" t="18" w="57" /><ent r="64" t="32" w="121" /><ent r="64" t="35" w="47" /><ent r="64" t="37" w="64" /><ent r="64" t="38" w="76" /><ent r="64" t="39" w="68" /><ent r="64" t="40" w="60" /><ent r="64" t="41" w="103" /><ent r="64" t="42" w="150" /><ent r="64" t="44" w="79" /><ent r="3" t="44" w="126" /><ent r="64" t="45" w="66" /><ent r="4" t="50" w="213" /><ent r="4" t="50" w="225" /><ent r="65" t="50" w="231" /><ent r="64" t="50" w="265" /><ent r="64" t="51" w="47" /><ent r="65" t="52" w="34" /><ent r="65" t="53" w="30" /><ent r="64" t="55" w="34" /><ent r="64" t="56" w="67" /><ent r="65" t="57" w="43" /><ent r="65" t="57" w="195" /><ent r="65" t="57" w="223" /><ent r="65" t="57" w="265" /><ent r="65" t="58" w="52" /><ent r="65" t="58" w="219" /><ent r="65" t="58" w="236" /><ent r="65" t="58" w="266" /><ent r="65" t="58" w="312" /><ent r="3" t="59" w="80" /><ent r="3" t="59" w="131" /><ent r="3" t="59" w="146" /><ent r="3" t="61" w="62" /><ent r="4" t="62" w="51" /><ent r="4" t="62" w="92" /><ent r="64" t="64" w="76" /><ent r="65" t="65" w="60" /><ent r="65" t="67" w="66" /><ent r="64" t="72" w="81" /><ent r="64" t="73" w="106" /><ent r="65" t="74" w="70" /><ent r="64" t="75" w="258" /><ent r="64" t="77" w="80" /><ent r="64" t="77" w="204" /><ent r="64" t="90" w="181" /><ent r="64" t="91" w="114" /><ent r="65" t="98" w="292" /><ent r="3" t="99" w="80" /><ent r="3" t="99" w="101" /><ent r="92" t="103" w="218" /><ent r="64" t="103" w="245" /><ent r="1000" t="104" w="3" /><ent r="102" t="104" w="15" /><ent r="64" t="106" w="95" /><ent r="64" t="108" w="56" /><ent r="3" t="111" w="535" /><ent r="3" t="111" w="593" /><ent r="64" t="113" w="83" /><ent r="64" t="114" w="86" /><ent r="64" t="115" w="61" /><ent r="64" t="115" w="177" /><ent r="64" t="116" w="290" /><ent r="64" t="125" w="81" /><ent r="64" t="126" w="24" /><ent r="64" t="140" w="85" /><ent r="65" t="147" w="98" /><ent r="65" t="152" w="151" /><ent r="65" t="153" w="69" /><ent r="65" t="156" w="131" /><ent r="65" t="157" w="91" /><ent r="65" t="159" w="103" /><ent r="65" t="162" w="321" /><ent r="64" t="162" w="324" /><ent r="64" t="162" w="327" /><ent r="64" t="162" w="330" /><ent r="3" t="162" w="626" /><ent r="3" t="162" w="776" /><ent r="4" t="162" w="842" /><ent r="4" t="162" w="885" /><ent r="4" t="162" w="939" /><ent r="4" t="162" w="981" /><ent r="4" t="162" w="1002" /><ent r="4" t="162" w="1060" /><ent r="3" t="162" w="1160" /><ent r="92" t="162" w="1736" /><ent r="3" t="162" w="1741" /><ent r="4" t="162" w="1772" /><ent r="4" t="162" w="1836" /><ent r="4" t="162" w="1883" /><ent r="3" t="162" w="1980" /><ent r="3" t="162" w="2101" /><ent r="3" t="162" w="2160" /><ent r="100" t="163" w="41" /><ent r="4" t="163" w="106" /><ent r="65" t="163" w="464" /><ent r="65" t="163" w="467" /><ent r="65" t="163" w="470" /><ent r="65" t="163" w="473" /><ent r="64" t="163" w="476" /><ent r="64" t="163" w="480" /><ent r="4" t="163" w="735" /><ent r="4" t="163" w="752" /><ent r="3" t="163" w="1010" /><ent r="4" t="163" w="1101" /><ent r="4" t="163" w="1112" /><ent r="3" t="163" w="1234" /><ent r="4" t="163" w="1623" /><ent r="92" t="163" w="1662" /><ent r="65" t="163" w="1683" /><ent r="4" t="163" w="1690" /><ent r="4" t="163" w="1712" /><ent r="4" t="163" w="1733" /><ent r="4" t="163" w="1789" /><ent r="4" t="163" w="1815" /><ent r="4" t="163" w="2108" /><ent r="4" t="163" w="2196" /><ent r="4" t="163" w="2215" /><ent r="4" t="163" w="2567" /><ent r="4" t="163" w="2586" /><ent r="4" t="163" w="2646" /><ent r="4" t="163" w="2860" /><ent r="3" t="164" w="142" /><ent r="3" t="164" w="176" /><ent r="64" t="164" w="185" /><ent r="64" t="164" w="188" /><ent r="64" t="164" w="192" /><ent r="4" t="164" w="631" /><ent r="4" t="164" w="649" /><ent r="4" t="164" w="701" /><ent r="4" t="164" w="714" /><ent r="4" t="164" w="872" /><ent r="4" t="164" w="930" /><ent r="4" t="164" w="966" /><ent r="4" t="164" w="1027" /><ent r="64" t="165" w="145" /><ent r="64" t="165" w="148" /><ent r="64" t="165" w="152" /><ent r="4" t="165" w="379" /><ent r="4" t="165" w="810" /><ent r="4" t="165" w="1047" /><ent r="64" t="166" w="423" /><ent r="64" t="166" w="426" /><ent r="64" t="166" w="430" /><ent r="4" t="166" w="682" /><ent r="4" t="166" w="698" /><ent r="4" t="166" w="765" /><ent r="4" t="166" w="783" /><ent r="3" t="166" w="1001" /><ent r="4" t="166" w="1052" /><ent r="64" t="167" w="409" /><ent r="64" t="167" w="412" /><ent r="64" t="167" w="415" /><ent r="3" t="167" w="723" /><ent r="4" t="167" w="855" /><ent r="4" t="167" w="927" /><ent r="64" t="168" w="300" /><ent r="64" t="168" w="303" /><ent r="64" t="168" w="306" /><ent r="3" t="168" w="574" /><ent r="4" t="168" w="623" /><ent r="3" t="168" w="641" /><ent r="5" t="168" w="731" /><ent r="3" t="168" w="1041" /><ent r="4" t="168" w="1083" /><ent r="3" t="168" w="1088" /><ent r="4" t="168" w="1215" /><ent r="64" t="169" w="320" /><ent r="4" t="169" w="546" /><ent r="4" t="169" w="612" /><ent r="4" t="169" w="767" /><ent r="4" t="169" w="873" /><ent r="6" t="169" w="1474" /><ent r="4" t="169" w="1502" /><ent r="64" t="170" w="217" /><ent r="4" t="170" w="547" /><ent r="4" t="170" w="601" /><ent r="4" t="170" w="1345" /><ent r="64" t="172" w="14" /><ent r="3" t="177" w="43" /><ent r="3" t="177" w="49" /><ent r="64" t="199" w="31" /><ent r="3" t="199" w="184" /><ent r="64" t="203" w="14" /><ent r="64" t="204" w="14" /><ent r="1000" t="205" w="2" /><ent r="100" t="205" w="5" /><ent r="102" t="205" w="11" /><ent r="3" t="205" w="15" /><ent r="3" t="205" w="43" /><ent r="6" t="208" w="61" /><ent r="6" t="209" w="67" /><ent r="6" t="210" w="64" /></phr><phr n="Toolbars"><ent r="3" t="1" w="258" /><ent r="5" t="1" w="287" /><ent r="3" t="1" w="382" /><ent r="64" t="1" w="440" /><ent r="1000" t="4" w="1" /><ent r="102" t="4" w="5" /><ent r="3" t="4" w="56" /><ent r="92" t="4" w="119" /><ent r="5" t="4" w="142" /><ent r="92" t="4" w="220" /><ent r="3" t="67" w="208" /><ent r="4" t="67" w="313" /><ent r="82" t="161" w="212" /><ent r="3" t="162" w="312" /><ent r="5" t="162" w="353" /><ent r="5" t="162" w="447" /><ent r="5" t="162" w="1783" /><ent r="3" t="163" w="457" /><ent r="5" t="163" w="503" /><ent r="5" t="163" w="597" /><ent r="5" t="163" w="1802" /><ent r="3" t="164" w="178" /><ent r="5" t="164" w="215" /><ent r="5" t="164" w="309" /><ent r="5" t="164" w="1018" /><ent r="3" t="165" w="138" /><ent r="5" t="165" w="175" /><ent r="5" t="165" w="269" /><ent r="3" t="166" w="416" /><ent r="5" t="166" w="453" /><ent r="5" t="166" w="547" /><ent r="3" t="167" w="402" /><ent r="5" t="167" w="438" /><ent r="5" t="167" w="532" /><ent r="3" t="168" w="293" /><ent r="5" t="168" w="329" /><ent r="5" t="168" w="423" /><ent r="3" t="169" w="312" /><ent r="5" t="169" w="343" /><ent r="5" t="169" w="437" /><ent r="4" t="170" w="208" /><ent r="5" t="170" w="240" /><ent r="5" t="170" w="334" /></phr></stem><stem n="open"><phr n="open"><ent r="3" t="1" w="24" /><ent r="3" t="1" w="132" /><ent r="100" t="18" w="5" /><ent r="100" t="18" w="7" /><ent r="3" t="18" w="145" /><ent r="100" t="19" w="8" /><ent r="100" t="19" w="10" /><ent r="3" t="19" w="21" /><ent r="3" t="19" w="32" /><ent r="3" t="19" w="46" /><ent r="3" t="19" w="65" /><ent r="3" t="19" w="131" /><ent r="3" t="19" w="134" /><ent r="3" t="19" w="144" /><ent r="3" t="19" w="158" /><ent r="3" t="32" w="88" /><ent r="4" t="32" w="183" /><ent r="4" t="45" w="29" /><ent r="4" t="54" w="34" /><ent r="3" t="54" w="210" /><ent r="3" t="64" w="45" /><ent r="4" t="67" w="34" /><ent r="100" t="68" w="10" /><ent r="100" t="68" w="12" /><ent r="3" t="68" w="19" /><ent r="3" t="68" w="29" /><ent r="4" t="68" w="40" /><ent r="3" t="69" w="115" /><ent r="3" t="71" w="25" /><ent r="3" t="73" w="58" /><ent r="3" t="73" w="95" /><ent r="4" t="86" w="237" /><ent r="3" t="90" w="148" /><ent r="3" t="91" w="83" /><ent r="3" t="92" w="117" /><ent r="3" t="94" w="76" /><ent r="4" t="94" w="117" /><ent r="4" t="95" w="58" /><ent r="4" t="96" w="71" /><ent r="4" t="97" w="72" /><ent r="100" t="103" w="15" /><ent r="100" t="103" w="74" /><ent r="3" t="103" w="77" /><ent r="7" t="104" w="40" /><ent r="100" t="106" w="6" /><ent r="100" t="106" w="12" /><ent r="3" t="106" w="18" /><ent r="3" t="106" w="29" /><ent r="4" t="106" w="114" /><ent r="3" t="111" w="102" /><ent r="4" t="111" w="234" /><ent r="4" t="111" w="300" /><ent r="4" t="111" w="377" /><ent r="4" t="111" w="421" /><ent r="4" t="111" w="516" /><ent r="4" t="111" w="580" /><ent r="4" t="130" w="30" /><ent r="4" t="132" w="69" /><ent r="4" t="133" w="69" /><ent r="4" t="134" w="82" /><ent r="4" t="135" w="76" /><ent r="4" t="136" w="68" /><ent r="4" t="137" w="65" /><ent r="4" t="138" w="65" /><ent r="4" t="139" w="75" /><ent r="3" t="140" w="56" /><ent r="3" t="140" w="359" /><ent r="3" t="141" w="74" /><ent r="3" t="141" w="151" /><ent r="4" t="142" w="85" /><ent r="3" t="142" w="185" /><ent r="4" t="142" w="308" /><ent r="4" t="143" w="44" /><ent r="3" t="143" w="189" /><ent r="3" t="144" w="88" /><ent r="3" t="145" w="106" /><ent r="4" t="146" w="68" /><ent r="3" t="146" w="261" /><ent r="4" t="147" w="57" /><ent r="3" t="147" w="190" /><ent r="4" t="148" w="47" /><ent r="3" t="148" w="124" /><ent r="4" t="149" w="63" /><ent r="3" t="149" w="220" /><ent r="3" t="150" w="130" /><ent r="3" t="150" w="201" /><ent r="3" t="153" w="127" /><ent r="4" t="160" w="394" /><ent r="4" t="162" w="1129" /><ent r="4" t="163" w="692" /><ent r="3" t="163" w="1495" /><ent r="3" t="164" w="428" /><ent r="3" t="164" w="1465" /><ent r="4" t="165" w="1018" /><ent r="3" t="165" w="1561" /><ent r="4" t="167" w="1030" /><ent r="4" t="169" w="2031" /><ent r="3" t="170" w="1612" /><ent r="3" t="177" w="34" /><ent r="3" t="199" w="71" /><ent r="7" t="209" w="92" /><ent r="100" t="209" w="114" /><ent r="7" t="209" w="128" /><ent r="7" t="209" w="218" /></phr><phr n="Opens"><ent r="7" t="5" w="203" /><ent r="7" t="5" w="212" /><ent r="7" t="6" w="73" /><ent r="7" t="9" w="65" /><ent r="7" t="104" w="56" /><ent r="7" t="209" w="118" /><ent r="7" t="210" w="177" /></phr><phr n="Open"><ent r="5" t="18" w="140" /><ent r="64" t="18" w="199" /><ent r="1000" t="19" w="1" /><ent r="102" t="19" w="13" /><ent r="92" t="19" w="37" /><ent r="3" t="19" w="108" /><ent r="5" t="21" w="437" /><ent r="3" t="31" w="41" /><ent r="5" t="32" w="112" /><ent r="3" t="32" w="125" /><ent r="4" t="32" w="145" /><ent r="5" t="32" w="188" /><ent r="64" t="66" w="133" /><ent r="64" t="67" w="432" /><ent r="1000" t="68" w="1" /><ent r="102" t="68" w="5" /><ent r="4" t="68" w="67" /><ent r="5" t="68" w="92" /><ent r="64" t="69" w="124" /><ent r="64" t="70" w="247" /><ent r="5" t="85" w="137" /><ent r="64" t="103" w="467" /><ent r="64" t="105" w="291" /><ent r="1000" t="106" w="1" /><ent r="102" t="106" w="8" /><ent r="5" t="106" w="74" /><ent r="3" t="106" w="99" /><ent r="4" t="106" w="104" /><ent r="5" t="106" w="118" /><ent r="4" t="107" w="24" /><ent r="65" t="107" w="95" /><ent r="5" t="121" w="72" /><ent r="4" t="146" w="104" /><ent r="4" t="162" w="56" /><ent r="5" t="162" w="575" /><ent r="4" t="162" w="665" /><ent r="5" t="162" w="2359" /><ent r="4" t="163" w="95" /><ent r="92" t="163" w="675" /><ent r="5" t="163" w="687" /><ent r="92" t="164" w="387" /><ent r="4" t="164" w="526" /><ent r="5" t="164" w="588" /><ent r="4" t="166" w="61" /><ent r="5" t="166" w="655" /><ent r="5" t="166" w="830" /><ent r="4" t="167" w="53" /><ent r="92" t="167" w="610" /><ent r="4" t="167" w="629" /><ent r="5" t="168" w="548" /><ent r="5" t="168" w="957" /><ent r="5" t="170" w="450" /><ent r="4" t="170" w="454" /><ent r="5" t="170" w="490" /><ent r="4" t="170" w="770" /><ent r="5" t="179" w="119" /><ent r="7" t="209" w="112" /></phr><phr n="opens"><ent r="3" t="19" w="168" /><ent r="3" t="86" w="277" /><ent r="4" t="106" w="53" /><ent r="4" t="107" w="89" /><ent r="4" t="164" w="794" /><ent r="4" t="167" w="658" /><ent r="4" t="170" w="433" /></phr><phr n="opened"><ent r="4" t="65" w="37" /><ent r="3" t="140" w="218" /><ent r="7" t="178" w="503" /></phr><phr n="opening"><ent r="4" t="96" w="180" /><ent r="3" t="109" w="77" /><ent r="3" t="111" w="145" /></phr></stem><stem n="displai"><phr n="displayed"><ent r="3" t="1" w="33" /><ent r="3" t="1" w="171" /><ent r="4" t="1" w="294" /><ent r="4" t="1" w="342" /><ent r="3" t="1" w="467" /><ent r="3" t="1" w="504" /><ent r="4" t="4" w="149" /><ent r="4" t="4" w="199" /><ent r="6" t="7" w="217" /><ent r="4" t="10" w="35" /><ent r="4" t="10" w="39" /><ent r="7" t="10" w="106" /><ent r="6" t="14" w="282" /><ent r="6" t="14" w="360" /><ent r="6" t="14" w="397" /><ent r="4" t="18" w="86" /><ent r="3" t="18" w="174" /><ent r="4" t="21" w="476" /><ent r="4" t="24" w="55" /><ent r="4" t="26" w="190" /><ent r="3" t="27" w="64" /><ent r="4" t="29" w="53" /><ent r="4" t="30" w="48" /><ent r="3" t="31" w="32" /><ent r="4" t="32" w="150" /><ent r="7" t="37" w="147" /><ent r="4" t="40" w="79" /><ent r="4" t="40" w="245" /><ent r="4" t="40" w="310" /><ent r="4" t="41" w="118" /><ent r="3" t="42" w="104" /><ent r="3" t="42" w="166" /><ent r="4" t="42" w="285" /><ent r="3" t="42" w="415" /><ent r="4" t="42" w="432" /><ent r="3" t="43" w="71" /><ent r="4" t="44" w="103" /><ent r="3" t="46" w="28" /><ent r="4" t="46" w="67" /><ent r="4" t="47" w="53" /><ent r="4" t="47" w="70" /><ent r="3" t="48" w="114" /><ent r="4" t="49" w="58" /><ent r="3" t="49" w="95" /><ent r="3" t="49" w="116" /><ent r="4" t="50" w="216" /><ent r="3" t="52" w="48" /><ent r="3" t="54" w="75" /><ent r="4" t="58" w="93" /><ent r="4" t="60" w="116" /><ent r="3" t="64" w="90" /><ent r="3" t="67" w="80" /><ent r="3" t="67" w="120" /><ent r="3" t="67" w="147" /><ent r="3" t="67" w="166" /><ent r="3" t="67" w="191" /><ent r="4" t="68" w="73" /><ent r="4" t="69" w="69" /><ent r="4" t="69" w="83" /><ent r="4" t="70" w="140" /><ent r="4" t="70" w="188" /><ent r="4" t="70" w="236" /><ent r="4" t="71" w="52" /><ent r="4" t="71" w="156" /><ent r="4" t="71" w="182" /><ent r="3" t="73" w="136" /><ent r="4" t="75" w="93" /><ent r="4" t="75" w="122" /><ent r="4" t="75" w="177" /><ent r="4" t="75" w="206" /><ent r="4" t="75" w="279" /><ent r="4" t="76" w="76" /><ent r="3" t="77" w="33" /><ent r="3" t="77" w="42" /><ent r="3" t="77" w="126" /><ent r="4" t="78" w="60" /><ent r="3" t="78" w="79" /><ent r="3" t="80" w="58" /><ent r="3" t="80" w="100" /><ent r="6" t="80" w="309" /><ent r="5" t="80" w="336" /><ent r="4" t="81" w="61" /><ent r="3" t="81" w="88" /><ent r="5" t="81" w="195" /><ent r="4" t="82" w="82" /><ent r="4" t="82" w="120" /><ent r="3" t="83" w="126" /><ent r="4" t="83" w="140" /><ent r="3" t="84" w="18" /><ent r="4" t="84" w="66" /><ent r="4" t="85" w="123" /><ent r="4" t="85" w="244" /><ent r="4" t="86" w="115" /><ent r="4" t="87" w="65" /><ent r="4" t="87" w="78" /><ent r="3" t="88" w="132" /><ent r="4" t="88" w="151" /><ent r="3" t="89" w="135" /><ent r="4" t="89" w="158" /><ent r="4" t="93" w="28" /><ent r="4" t="93" w="48" /><ent r="4" t="93" w="55" /><ent r="4" t="93" w="70" /><ent r="4" t="93" w="87" /><ent r="3" t="94" w="23" /><ent r="3" t="95" w="25" /><ent r="3" t="95" w="32" /><ent r="3" t="96" w="30" /><ent r="4" t="96" w="299" /><ent r="3" t="97" w="31" /><ent r="4" t="97" w="459" /><ent r="3" t="98" w="236" /><ent r="3" t="98" w="315" /><ent r="3" t="98" w="482" /><ent r="3" t="99" w="136" /><ent r="3" t="103" w="111" /><ent r="3" t="103" w="160" /><ent r="3" t="103" w="273" /><ent r="3" t="103" w="323" /><ent r="7" t="104" w="294" /><ent r="7" t="104" w="328" /><ent r="3" t="105" w="44" /><ent r="4" t="106" w="126" /><ent r="4" t="108" w="75" /><ent r="4" t="110" w="46" /><ent r="3" t="112" w="268" /><ent r="3" t="112" w="295" /><ent r="3" t="112" w="685" /><ent r="3" t="112" w="709" /><ent r="4" t="112" w="782" /><ent r="4" t="112" w="820" /><ent r="3" t="113" w="99" /><ent r="3" t="114" w="103" /><ent r="3" t="115" w="77" /><ent r="4" t="117" w="61" /><ent r="3" t="125" w="23" /><ent r="3" t="128" w="38" /><ent r="3" t="128" w="192" /><ent r="3" t="128" w="205" /><ent r="3" t="128" w="282" /><ent r="4" t="128" w="339" /><ent r="3" t="128" w="601" /><ent r="4" t="129" w="133" /><ent r="4" t="137" w="462" /><ent r="4" t="137" w="879" /><ent r="4" t="140" w="130" /><ent r="3" t="140" w="231" /><ent r="3" t="140" w="270" /><ent r="3" t="141" w="65" /><ent r="3" t="142" w="138" /><ent r="3" t="142" w="231" /><ent r="4" t="142" w="354" /><ent r="3" t="143" w="94" /><ent r="3" t="144" w="58" /><ent r="3" t="144" w="161" /><ent r="3" t="144" w="216" /><ent r="3" t="144" w="253" /><ent r="4" t="145" w="69" /><ent r="4" t="145" w="183" /><ent r="4" t="145" w="241" /><ent r="4" t="145" w="614" /><ent r="3" t="146" w="125" /><ent r="3" t="146" w="155" /><ent r="3" t="148" w="34" /><ent r="4" t="148" w="87" /><ent r="3" t="149" w="106" /><ent r="3" t="150" w="100" /><ent r="3" t="150" w="111" /><ent r="4" t="150" w="164" /><ent r="3" t="150" w="292" /><ent r="5" t="150" w="310" /><ent r="5" t="150" w="315" /><ent r="4" t="150" w="336" /><ent r="4" t="150" w="390" /><ent r="4" t="150" w="763" /><ent r="3" t="151" w="160" /><ent r="4" t="152" w="166" /><ent r="4" t="152" w="714" /><ent r="3" t="152" w="984" /><ent r="3" t="153" w="83" /><ent r="4" t="156" w="134" /><ent r="4" t="156" w="166" /><ent r="4" t="159" w="129" /><ent r="3" t="162" w="160" /><ent r="3" t="162" w="174" /><ent r="4" t="162" w="360" /><ent r="4" t="162" w="410" /><ent r="3" t="162" w="698" /><ent r="4" t="162" w="1166" /><ent r="3" t="162" w="1181" /><ent r="3" t="162" w="1225" /><ent r="3" t="162" w="1277" /><ent r="3" t="162" w="1304" /><ent r="3" t="162" w="1321" /><ent r="4" t="162" w="1662" /><ent r="4" t="162" w="1803" /><ent r="4" t="162" w="1889" /><ent r="4" t="162" w="2071" /><ent r="3" t="162" w="2107" /><ent r="4" t="162" w="2169" /><ent r="4" t="162" w="2253" /><ent r="3" t="163" w="194" /><ent r="3" t="163" w="219" /><ent r="3" t="163" w="368" /><ent r="3" t="163" w="377" /><ent r="4" t="163" w="510" /><ent r="4" t="163" w="560" /><ent r="4" t="163" w="709" /><ent r="4" t="163" w="775" /><ent r="4" t="163" w="926" /><ent r="3" t="163" w="937" /><ent r="3" t="163" w="953" /><ent r="3" t="163" w="1134" /><ent r="3" t="163" w="1242" /><ent r="4" t="163" w="1601" /><ent r="3" t="163" w="1828" /><ent r="3" t="163" w="1834" /><ent r="3" t="163" w="2698" /><ent r="4" t="164" w="222" /><ent r="4" t="164" w="272" /><ent r="4" t="164" w="1195" /><ent r="3" t="164" w="1527" /><ent r="3" t="164" w="1536" /><ent r="4" t="165" w="182" /><ent r="4" t="165" w="232" /><ent r="4" t="165" w="381" /><ent r="3" t="165" w="410" /><ent r="4" t="165" w="428" /><ent r="3" t="165" w="507" /><ent r="3" t="165" w="1218" /><ent r="3" t="166" w="53" /><ent r="4" t="166" w="80" /><ent r="4" t="166" w="460" /><ent r="4" t="166" w="510" /><ent r="3" t="166" w="1228" /><ent r="4" t="167" w="445" /><ent r="4" t="167" w="495" /><ent r="4" t="167" w="737" /><ent r="4" t="168" w="197" /><ent r="4" t="168" w="213" /><ent r="4" t="168" w="336" /><ent r="4" t="168" w="386" /><ent r="3" t="168" w="598" /><ent r="4" t="168" w="752" /><ent r="4" t="168" w="801" /><ent r="4" t="168" w="977" /><ent r="3" t="168" w="1148" /><ent r="4" t="169" w="350" /><ent r="4" t="169" w="400" /><ent r="4" t="169" w="535" /><ent r="4" t="169" w="561" /><ent r="3" t="169" w="590" /><ent r="4" t="169" w="632" /><ent r="4" t="169" w="658" /><ent r="4" t="169" w="782" /><ent r="3" t="169" w="829" /><ent r="4" t="169" w="888" /><ent r="3" t="169" w="1046" /><ent r="3" t="169" w="1134" /><ent r="4" t="170" w="247" /><ent r="4" t="170" w="297" /><ent r="4" t="170" w="458" /><ent r="4" t="170" w="496" /><ent r="4" t="170" w="555" /><ent r="4" t="170" w="609" /><ent r="3" t="170" w="893" /><ent r="4" t="170" w="1563" /><ent r="3" t="170" w="1622" /><ent r="4" t="171" w="47" /><ent r="4" t="171" w="56" /><ent r="4" t="171" w="105" /><ent r="3" t="173" w="25" /><ent r="3" t="174" w="40" /><ent r="3" t="174" w="207" /><ent r="3" t="175" w="81" /><ent r="3" t="177" w="45" /><ent r="3" t="177" w="66" /><ent r="3" t="177" w="81" /><ent r="3" t="177" w="172" /><ent r="3" t="177" w="307" /><ent r="3" t="177" w="392" /><ent r="7" t="178" w="597" /><ent r="3" t="187" w="148" /><ent r="3" t="195" w="57" /><ent r="3" t="195" w="193" /><ent r="3" t="195" w="273" /><ent r="3" t="199" w="49" /><ent r="3" t="199" w="117" /><ent r="3" t="199" w="173" /><ent r="4" t="200" w="88" /><ent r="4" t="202" w="44" /><ent r="3" t="202" w="97" /><ent r="4" t="202" w="158" /><ent r="3" t="202" w="196" /><ent r="4" t="202" w="219" /><ent r="4" t="202" w="287" /><ent r="3" t="207" w="119" /><ent r="3" t="207" w="408" /><ent r="7" t="210" w="232" /><ent r="7" t="210" w="270" /></phr><phr n="display"><ent r="3" t="1" w="49" /><ent r="3" t="1" w="520" /><ent r="3" t="4" w="126" /><ent r="6" t="7" w="148" /><ent r="6" t="7" w="156" /><ent r="6" t="7" w="166" /><ent r="6" t="7" w="176" /><ent r="6" t="7" w="188" /><ent r="6" t="7" w="200" /><ent r="6" t="7" w="241" /><ent r="6" t="7" w="250" /><ent r="6" t="7" w="257" /><ent r="6" t="7" w="267" /><ent r="7" t="7" w="278" /><ent r="7" t="8" w="83" /><ent r="7" t="8" w="105" /><ent r="7" t="10" w="88" /><ent r="7" t="10" w="100" /><ent r="6" t="13" w="86" /><ent r="7" t="13" w="97" /><ent r="3" t="20" w="13" /><ent r="4" t="20" w="277" /><ent r="3" t="21" w="339" /><ent r="3" t="35" w="16" /><ent r="3" t="36" w="20" /><ent r="4" t="36" w="67" /><ent r="4" t="36" w="78" /><ent r="4" t="36" w="84" /><ent r="3" t="37" w="19" /><ent r="7" t="37" w="80" /><ent r="7" t="37" w="93" /><ent r="7" t="37" w="104" /><ent r="7" t="37" w="117" /><ent r="7" t="37" w="130" /><ent r="7" t="37" w="172" /><ent r="7" t="37" w="179" /><ent r="7" t="37" w="186" /><ent r="3" t="38" w="23" /><ent r="4" t="38" w="100" /><ent r="4" t="38" w="125" /><ent r="4" t="38" w="149" /><ent r="4" t="38" w="172" /><ent r="3" t="39" w="20" /><ent r="4" t="40" w="29" /><ent r="3" t="40" w="94" /><ent r="3" t="40" w="110" /><ent r="3" t="41" w="51" /><ent r="3" t="45" w="19" /><ent r="4" t="46" w="59" /><ent r="3" t="49" w="86" /><ent r="3" t="54" w="177" /><ent r="3" t="64" w="272" /><ent r="3" t="67" w="237" /><ent r="3" t="67" w="293" /><ent r="3" t="75" w="65" /><ent r="3" t="75" w="73" /><ent r="4" t="75" w="87" /><ent r="3" t="75" w="157" /><ent r="4" t="75" w="171" /><ent r="3" t="75" w="225" /><ent r="4" t="75" w="273" /><ent r="3" t="76" w="22" /><ent r="3" t="76" w="34" /><ent r="3" t="76" w="91" /><ent r="3" t="76" w="95" /><ent r="4" t="76" w="115" /><ent r="3" t="76" w="152" /><ent r="3" t="77" w="20" /><ent r="3" t="77" w="49" /><ent r="3" t="77" w="102" /><ent r="4" t="79" w="123" /><ent r="3" t="80" w="29" /><ent r="3" t="80" w="120" /><ent r="7" t="80" w="167" /><ent r="7" t="80" w="237" /><ent r="7" t="80" w="292" /><ent r="7" t="80" w="420" /><ent r="5" t="81" w="155" /><ent r="3" t="82" w="103" /><ent r="4" t="83" w="73" /><ent r="3" t="84" w="97" /><ent r="3" t="84" w="119" /><ent r="5" t="85" w="68" /><ent r="3" t="85" w="84" /><ent r="4" t="85" w="147" /><ent r="5" t="85" w="192" /><ent r="3" t="85" w="209" /><ent r="5" t="86" w="69" /><ent r="3" t="86" w="86" /><ent r="4" t="88" w="92" /><ent r="4" t="89" w="95" /><ent r="4" t="93" w="66" /><ent r="4" t="93" w="82" /><ent r="4" t="94" w="165" /><ent r="4" t="95" w="107" /><ent r="3" t="96" w="26" /><ent r="4" t="96" w="120" /><ent r="3" t="97" w="26" /><ent r="4" t="97" w="121" /><ent r="4" t="98" w="300" /><ent r="3" t="101" w="21" /><ent r="3" t="111" w="605" /><ent r="3" t="112" w="258" /><ent r="3" t="119" w="188" /><ent r="3" t="120" w="39" /><ent r="3" t="125" w="28" /><ent r="3" t="128" w="151" /><ent r="3" t="129" w="14" /><ent r="5" t="129" w="184" /><ent r="5" t="129" w="217" /><ent r="4" t="130" w="75" /><ent r="3" t="131" w="22" /><ent r="4" t="132" w="114" /><ent r="4" t="133" w="114" /><ent r="4" t="134" w="128" /><ent r="4" t="135" w="125" /><ent r="4" t="136" w="116" /><ent r="4" t="137" w="110" /><ent r="4" t="137" w="313" /><ent r="5" t="137" w="429" /><ent r="5" t="137" w="846" /><ent r="4" t="138" w="113" /><ent r="4" t="139" w="121" /><ent r="3" t="140" w="14" /><ent r="3" t="140" w="171" /><ent r="3" t="140" w="197" /><ent r="3" t="140" w="237" /><ent r="3" t="140" w="303" /><ent r="3" t="141" w="212" /><ent r="3" t="141" w="229" /><ent r="3" t="141" w="240" /><ent r="3" t="141" w="271" /><ent r="4" t="142" w="371" /><ent r="3" t="145" w="31" /><ent r="4" t="145" w="172" /><ent r="5" t="145" w="560" /><ent r="3" t="149" w="44" /><ent r="3" t="149" w="179" /><ent r="3" t="150" w="123" /><ent r="5" t="150" w="259" /><ent r="5" t="150" w="709" /><ent r="3" t="151" w="119" /><ent r="3" t="154" w="71" /><ent r="4" t="154" w="268" /><ent r="4" t="154" w="315" /><ent r="4" t="156" w="103" /><ent r="3" t="162" w="130" /><ent r="3" t="162" w="151" /><ent r="3" t="162" w="190" /><ent r="3" t="162" w="217" /><ent r="4" t="162" w="460" /><ent r="3" t="162" w="659" /><ent r="3" t="162" w="976" /><ent r="4" t="162" w="1399" /><ent r="3" t="162" w="1415" /><ent r="4" t="162" w="1465" /><ent r="4" t="162" w="1769" /><ent r="4" t="162" w="1824" /><ent r="4" t="162" w="1944" /><ent r="4" t="162" w="2220" /><ent r="4" t="162" w="2370" /><ent r="4" t="163" w="610" /><ent r="3" t="163" w="1208" /><ent r="4" t="164" w="322" /><ent r="4" t="164" w="1023" /><ent r="3" t="164" w="1473" /><ent r="4" t="164" w="1501" /><ent r="3" t="164" w="1521" /><ent r="4" t="165" w="282" /><ent r="3" t="166" w="44" /><ent r="4" t="166" w="560" /><ent r="4" t="166" w="991" /><ent r="3" t="166" w="1146" /><ent r="3" t="166" w="1217" /><ent r="4" t="167" w="545" /><ent r="4" t="167" w="671" /><ent r="3" t="167" w="708" /><ent r="4" t="167" w="874" /><ent r="4" t="167" w="883" /><ent r="4" t="168" w="436" /><ent r="3" t="168" w="590" /><ent r="4" t="168" w="687" /><ent r="4" t="168" w="1002" /><ent r="4" t="169" w="450" /><ent r="3" t="169" w="600" /><ent r="4" t="169" w="668" /><ent r="3" t="169" w="839" /><ent r="3" t="169" w="898" /><ent r="4" t="169" w="932" /><ent r="3" t="169" w="1639" /><ent r="4" t="169" w="2057" /><ent r="4" t="170" w="347" /><ent r="7" t="170" w="1109" /><ent r="3" t="170" w="1387" /><ent r="3" t="171" w="24" /><ent r="4" t="171" w="115" /><ent r="3" t="187" w="55" /><ent r="3" t="187" w="72" /><ent r="3" t="187" w="83" /><ent r="3" t="187" w="91" /><ent r="3" t="187" w="163" /><ent r="3" t="187" w="168" /><ent r="4" t="187" w="477" /><ent r="3" t="187" w="659" /><ent r="3" t="188" w="35" /><ent r="6" t="201" w="393" /><ent r="6" t="201" w="641" /></phr><phr n="displaying"><ent r="3" t="1" w="54" /><ent r="100" t="4" w="115" /><ent r="3" t="135" w="29" /><ent r="3" t="166" w="33" /></phr><phr n="Display"><ent r="100" t="1" w="444" /><ent r="92" t="1" w="448" /><ent r="3" t="1" w="453" /><ent r="3" t="1" w="479" /><ent r="64" t="4" w="228" /><ent r="1000" t="7" w="1" /><ent r="100" t="7" w="4" /><ent r="100" t="7" w="8" /><ent r="102" t="7" w="10" /><ent r="4" t="21" w="326" /><ent r="4" t="21" w="331" /><ent r="64" t="21" w="533" /><ent r="64" t="35" w="46" /><ent r="64" t="37" w="63" /><ent r="64" t="38" w="75" /><ent r="64" t="39" w="67" /><ent r="64" t="50" w="264" /><ent r="92" t="75" w="56" /><ent r="92" t="75" w="143" /><ent r="1000" t="76" w="1" /><ent r="102" t="76" w="9" /><ent r="64" t="77" w="234" /><ent r="1000" t="80" w="6" /><ent r="102" t="80" w="16" /><ent r="68" t="80" w="169" /><ent r="64" t="85" w="290" /><ent r="64" t="99" w="146" /><ent r="1000" t="101" w="1" /><ent r="102" t="101" w="4" /><ent r="100" t="101" w="7" /><ent r="3" t="101" w="11" /><ent r="65" t="143" w="129" /><ent r="92" t="145" w="130" /><ent r="5" t="145" w="133" /><ent r="5" t="145" w="162" /><ent r="5" t="145" w="174" /><ent r="4" t="149" w="188" /><ent r="92" t="150" w="225" /><ent r="5" t="150" w="228" /><ent r="5" t="150" w="297" /><ent r="5" t="150" w="326" /><ent r="65" t="157" w="90" /><ent r="64" t="161" w="364" /><ent r="3" t="162" w="625" /><ent r="3" t="162" w="775" /><ent r="4" t="162" w="841" /><ent r="4" t="162" w="884" /><ent r="4" t="162" w="938" /><ent r="4" t="162" w="980" /><ent r="4" t="162" w="1001" /><ent r="4" t="162" w="1059" /><ent r="65" t="163" w="472" /><ent r="65" t="163" w="1682" /><ent r="4" t="163" w="2195" /><ent r="4" t="163" w="2859" /><ent r="64" t="164" w="187" /><ent r="4" t="164" w="630" /><ent r="4" t="164" w="648" /><ent r="64" t="165" w="144" /><ent r="4" t="165" w="809" /><ent r="1000" t="166" w="3" /><ent r="102" t="166" w="12" /><ent r="4" t="166" w="70" /><ent r="5" t="166" w="837" /><ent r="64" t="168" w="305" /><ent r="5" t="168" w="730" /><ent r="7" t="170" w="1116" /><ent r="3" t="187" w="157" /></phr><phr n="displays"><ent r="3" t="2" w="96" /><ent r="3" t="21" w="390" /><ent r="3" t="40" w="18" /><ent r="100" t="41" w="10" /><ent r="3" t="41" w="183" /><ent r="3" t="41" w="192" /><ent r="4" t="41" w="291" /><ent r="4" t="42" w="188" /><ent r="4" t="46" w="132" /><ent r="4" t="50" w="222" /><ent r="4" t="53" w="43" /><ent r="3" t="73" w="17" /><ent r="3" t="77" w="13" /><ent r="3" t="90" w="17" /><ent r="3" t="90" w="94" /><ent r="7" t="104" w="43" /><ent r="4" t="108" w="77" /><ent r="3" t="141" w="22" /><ent r="3" t="142" w="248" /><ent r="3" t="150" w="84" /><ent r="3" t="151" w="81" /><ent r="3" t="151" w="107" /><ent r="3" t="162" w="140" /><ent r="100" t="163" w="113" /><ent r="4" t="163" w="116" /><ent r="3" t="163" w="333" /><ent r="3" t="163" w="2019" /><ent r="4" t="163" w="2562" /><ent r="4" t="164" w="1344" /><ent r="4" t="164" w="1447" /><ent r="4" t="165" w="702" /><ent r="4" t="171" w="64" /><ent r="5" t="172" w="199" /><ent r="3" t="174" w="75" /><ent r="7" t="209" w="95" /><ent r="7" t="209" w="131" /><ent r="7" t="209" w="221" /></phr><phr n="Displaying"><ent r="92" t="4" w="117" /></phr><phr n="Displays"><ent r="7" t="6" w="22" /><ent r="7" t="6" w="35" /><ent r="7" t="6" w="47" /><ent r="7" t="6" w="61" /><ent r="7" t="6" w="85" /><ent r="7" t="6" w="107" /><ent r="7" t="9" w="22" /><ent r="7" t="11" w="81" /><ent r="4" t="38" w="189" /><ent r="4" t="46" w="179" /><ent r="4" t="97" w="333" /><ent r="64" t="161" w="333" /><ent r="102" t="163" w="27" /><ent r="92" t="163" w="2151" /><ent r="6" t="174" w="80" /><ent r="6" t="174" w="140" /><ent r="7" t="203" w="42" /><ent r="7" t="204" w="39" /><ent r="7" t="204" w="45" /><ent r="7" t="204" w="55" /><ent r="7" t="204" w="68" /><ent r="7" t="204" w="82" /><ent r="7" t="204" w="90" /></phr><phr n="Displayed"><ent r="4" t="21" w="349" /><ent r="5" t="46" w="54" /><ent r="4" t="49" w="80" /><ent r="3" t="49" w="97" /><ent r="5" t="80" w="325" /><ent r="1000" t="84" w="1" /><ent r="100" t="84" w="4" /><ent r="102" t="84" w="7" /><ent r="5" t="84" w="69" /><ent r="4" t="84" w="103" /><ent r="5" t="95" w="121" /><ent r="6" t="112" w="417" /><ent r="5" t="163" w="2815" /></phr></stem></index>