﻿<?xml version="1.0" encoding="utf-8"?><index><stem n=":export"><phr n=":export"><ent r="100" t="24" w="11" /><ent r="100" t="26" w="5" /><ent r="100" t="27" w="7" /><ent r="100" t="29" w="7" /><ent r="100" t="144" w="11" /><ent r="100" t="184" w="8" /></phr></stem><stem n="hdr"><phr n="hdr"><ent r="4" t="25" w="48" /><ent r="4" t="32" w="168" /><ent r="5" t="181" w="419" /><ent r="5" t="185" w="278" /></phr></stem><stem n="(.hdr)"><phr n="(.hdr)"><ent r="4" t="25" w="49" /></phr></stem><stem n="correspond"><phr n="corresponding"><ent r="4" t="25" w="62" /><ent r="3" t="33" w="91" /><ent r="3" t="34" w="22" /><ent r="4" t="95" w="155" /><ent r="4" t="109" w="433" /><ent r="3" t="169" w="208" /><ent r="3" t="170" w="174" /><ent r="3" t="179" w="241" /><ent r="4" t="179" w="1139" /><ent r="4" t="180" w="2715" /><ent r="3" t="215" w="33" /><ent r="4" t="215" w="312" /></phr><phr n="correspond"><ent r="3" t="110" w="217" /><ent r="5" t="153" w="411" /><ent r="5" t="153" w="846" /><ent r="5" t="165" w="449" /><ent r="3" t="180" w="1433" /><ent r="4" t="236" w="47" /><ent r="3" t="238" w="538" /></phr></stem><stem n="ice.h5"><phr n="ice.h5"><ent r="4" t="25" w="136" /><ent r="4" t="25" w="135" /></phr></stem><stem n="h5"><phr n="h5"><ent r="4" t="25" w="136" /><ent r="6" t="179" w="2336" /><ent r="5" t="180" w="795" /><ent r="6" t="180" w="1218" /><ent r="5" t="180" w="1792" /><ent r="5" t="180" w="2399" /><ent r="5" t="180" w="2571" /><ent r="4" t="188" w="694" /><ent r="4" t="188" w="715" /><ent r="4" t="188" w="740" /></phr></stem><stem n="(.ice.h5)"><phr n="(.ice.h5)"><ent r="4" t="25" w="137" /></phr></stem><stem n="dimens"><phr n="dimensions"><ent r="4" t="25" w="140" /></phr></stem><stem n="simpl"><phr n="simple"><ent r="4" t="25" w="202" /><ent r="3" t="187" w="226" /></phr></stem><stem n="ascii"><phr n="ASCII"><ent r="4" t="25" w="203" /><ent r="4" t="26" w="76" /><ent r="3" t="101" w="40" /><ent r="3" t="179" w="1514" /><ent r="3" t="194" w="34" /></phr></stem><stem n="e"><phr n="e"><ent r="4" t="25" w="211" /><ent r="4" t="25" w="232" /><ent r="7" t="196" w="76" /><ent r="7" t="196" w="94" /><ent r="3" t="197" w="183" /></phr><phr n="E"><ent r="4" t="154" w="124" /><ent r="3" t="198" w="108" /><ent r="3" t="200" w="159" /><ent r="5" t="226" w="374" /><ent r="7" t="242" w="141" /></phr></stem><stem n="e.g"><phr n="e.g"><ent r="4" t="25" w="212" /><ent r="4" t="25" w="211" /><ent r="4" t="25" w="233" /><ent r="4" t="25" w="232" /></phr></stem><stem n="g"><phr n="g"><ent r="4" t="25" w="212" /><ent r="4" t="25" w="233" /></phr><phr n="G"><ent r="5" t="90" w="613" /><ent r="5" t="165" w="275" /><ent r="64" t="198" w="142" /><ent r="7" t="199" w="493" /><ent r="1000" t="205" w="2" /><ent r="102" t="205" w="5" /><ent r="5" t="226" w="298" /></phr></stem><stem n="e.g."><phr n="e.g."><ent r="4" t="25" w="212" /><ent r="4" t="25" w="211" /><ent r="4" t="25" w="233" /><ent r="4" t="25" w="232" /></phr></stem><stem n="(e.g.,"><phr n="(e.g.,"><ent r="4" t="25" w="213" /><ent r="4" t="25" w="234" /></phr></stem><stem n=":result"><phr n=":results"><ent r="100" t="26" w="8" /></phr></stem><stem n="separ"><phr n="separate"><ent r="3" t="26" w="21" /><ent r="4" t="92" w="137" /><ent r="4" t="122" w="112" /><ent r="3" t="123" w="185" /><ent r="3" t="125" w="835" /><ent r="3" t="127" w="56" /><ent r="4" t="129" w="102" /><ent r="3" t="137" w="175" /><ent r="3" t="178" w="223" /><ent r="4" t="179" w="683" /><ent r="3" t="180" w="318" /><ent r="4" t="198" w="341" /><ent r="6" t="243" w="386" /><ent r="6" t="243" w="405" /><ent r="6" t="243" w="423" /><ent r="6" t="243" w="442" /><ent r="6" t="243" w="460" /><ent r="6" t="243" w="479" /><ent r="6" t="243" w="497" /><ent r="6" t="243" w="516" /><ent r="5" t="243" w="535" /><ent r="5" t="243" w="553" /><ent r="5" t="243" w="571" /><ent r="5" t="243" w="590" /><ent r="6" t="243" w="608" /><ent r="6" t="243" w="626" /><ent r="6" t="243" w="644" /><ent r="6" t="243" w="659" /><ent r="6" t="243" w="683" /></phr><phr n="separately"><ent r="4" t="48" w="154" /><ent r="3" t="81" w="242" /><ent r="3" t="213" w="413" /></phr><phr n="separators"><ent r="6" t="243" w="247" /><ent r="6" t="243" w="678" /></phr></stem><stem n="replac"><phr n="replace"><ent r="3" t="26" w="41" /></phr><phr n="Replacements"><ent r="92" t="68" w="142" /></phr><phr n="replacements"><ent r="3" t="68" w="146" /></phr><phr n="Replace"><ent r="4" t="68" w="179" /><ent r="4" t="180" w="1471" /><ent r="4" t="180" w="1634" /></phr></stem><stem n="content"><phr n="contents"><ent r="3" t="26" w="43" /><ent r="4" t="110" w="348" /><ent r="3" t="156" w="744" /><ent r="3" t="157" w="717" /><ent r="3" t="158" w="714" /><ent r="3" t="213" w="849" /></phr><phr n="Contents"><ent r="5" t="181" w="520" /></phr></stem><stem n="rl"><phr n="rls"><ent r="4" t="26" w="73" /></phr></stem><stem n="(*.rls)"><phr n="(*.rls)"><ent r="4" t="26" w="74" /></phr></stem><stem n="pass"><phr n="pass"><ent r="4" t="26" w="86" /><ent r="6" t="154" w="133" /><ent r="3" t="154" w="281" /></phr><phr n="Pass"><ent r="5" t="26" w="384" /><ent r="92" t="154" w="260" /><ent r="3" t="154" w="265" /><ent r="4" t="154" w="276" /><ent r="4" t="154" w="371" /></phr><phr n="passed"><ent r="3" t="81" w="214" /><ent r="3" t="177" w="26" /></phr></stem><stem n="user"><phr n="user"><ent r="4" t="26" w="88" /><ent r="4" t="122" w="58" /><ent r="4" t="122" w="77" /><ent r="3" t="125" w="244" /><ent r="4" t="125" w="771" /><ent r="4" t="125" w="792" /><ent r="4" t="129" w="74" /><ent r="4" t="129" w="89" /><ent r="4" t="143" w="302" /><ent r="3" t="187" w="582" /><ent r="4" t="188" w="197" /><ent r="4" t="188" w="1663" /><ent r="4" t="197" w="84" /><ent r="4" t="208" w="398" /></phr><phr n="users"><ent r="3" t="163" w="27" /><ent r="3" t="178" w="98" /></phr><phr n="User"><ent r="5" t="199" w="57" /></phr></stem><stem n="user-defin"><phr n="user-defined"><ent r="4" t="26" w="88" /><ent r="3" t="125" w="244" /></phr></stem><stem n="threshold"><phr n="threshold"><ent r="4" t="26" w="90" /><ent r="4" t="26" w="395" /><ent r="5" t="26" w="419" /><ent r="5" t="26" w="436" /><ent r="5" t="26" w="453" /><ent r="5" t="26" w="459" /><ent r="5" t="26" w="494" /><ent r="5" t="26" w="500" /><ent r="3" t="47" w="153" /><ent r="3" t="47" w="289" /><ent r="5" t="47" w="302" /><ent r="4" t="47" w="324" /><ent r="3" t="47" w="329" /><ent r="4" t="53" w="141" /><ent r="3" t="87" w="122" /><ent r="3" t="87" w="146" /><ent r="3" t="89" w="39" /><ent r="3" t="89" w="61" /><ent r="4" t="91" w="108" /><ent r="4" t="91" w="129" /><ent r="3" t="101" w="74" /><ent r="4" t="105" w="36" /><ent r="3" t="106" w="33" /><ent r="3" t="106" w="111" /><ent r="3" t="109" w="301" /><ent r="100" t="154" w="9" /><ent r="3" t="154" w="25" /><ent r="3" t="154" w="272" /><ent r="3" t="154" w="286" /><ent r="4" t="154" w="395" /><ent r="3" t="197" w="32" /><ent r="4" t="197" w="118" /></phr><phr n="Threshold"><ent r="5" t="26" w="390" /><ent r="6" t="26" w="476" /><ent r="6" t="26" w="517" /><ent r="4" t="47" w="309" /><ent r="5" t="91" w="91" /><ent r="4" t="91" w="106" /><ent r="4" t="106" w="246" /><ent r="64" t="146" w="54" /><ent r="1000" t="154" w="1" /><ent r="102" t="154" w="5" /><ent r="3" t="154" w="15" /><ent r="4" t="154" w="67" /><ent r="5" t="154" w="121" /><ent r="3" t="177" w="18" /><ent r="1000" t="197" w="2" /><ent r="102" t="197" w="7" /></phr><phr n="thresholds"><ent r="3" t="154" w="546" /><ent r="3" t="179" w="197" /></phr></stem><stem n="subset"><phr n="Subset"><ent r="92" t="26" w="193" /><ent r="3" t="26" w="198" /><ent r="5" t="26" w="284" /><ent r="3" t="26" w="303" /><ent r="65" t="31" w="85" /><ent r="5" t="49" w="299" /><ent r="6" t="49" w="367" /><ent r="5" t="49" w="386" /><ent r="5" t="99" w="42" /><ent r="64" t="178" w="341" /><ent r="64" t="178" w="343" /><ent r="102" t="181" w="13" /><ent r="102" t="181" w="15" /><ent r="5" t="181" w="452" /><ent r="4" t="181" w="476" /><ent r="64" t="208" w="742" /><ent r="64" t="209" w="238" /><ent r="64" t="210" w="47" /><ent r="64" t="211" w="63" /><ent r="1000" t="212" w="1" /><ent r="102" t="212" w="4" /><ent r="100" t="212" w="10" /><ent r="100" t="212" w="13" /><ent r="3" t="212" w="19" /><ent r="4" t="212" w="57" /><ent r="3" t="212" w="76" /><ent r="64" t="213" w="888" /><ent r="3" t="215" w="78" /><ent r="92" t="215" w="128" /><ent r="3" t="215" w="133" /><ent r="5" t="215" w="215" /><ent r="3" t="215" w="234" /><ent r="3" t="216" w="22" /><ent r="92" t="216" w="59" /><ent r="3" t="216" w="64" /><ent r="5" t="216" w="146" /><ent r="3" t="216" w="165" /><ent r="92" t="217" w="33" /><ent r="5" t="217" w="105" /><ent r="3" t="217" w="124" /><ent r="3" t="218" w="22" /><ent r="92" t="218" w="57" /><ent r="3" t="218" w="62" /><ent r="5" t="218" w="144" /><ent r="3" t="218" w="163" /><ent r="92" t="220" w="106" /><ent r="92" t="222" w="111" /></phr><phr n="subset"><ent r="3" t="26" w="204" /><ent r="4" t="26" w="297" /><ent r="3" t="49" w="28" /><ent r="3" t="49" w="286" /><ent r="5" t="49" w="380" /><ent r="100" t="99" w="9" /><ent r="4" t="99" w="49" /><ent r="4" t="99" w="92" /><ent r="3" t="99" w="98" /><ent r="4" t="99" w="109" /><ent r="3" t="99" w="120" /><ent r="3" t="179" w="306" /><ent r="4" t="181" w="101" /><ent r="4" t="181" w="543" /><ent r="3" t="181" w="1599" /><ent r="7" t="199" w="411" /><ent r="3" t="212" w="26" /><ent r="3" t="212" w="42" /><ent r="3" t="212" w="70" /><ent r="3" t="215" w="89" /><ent r="3" t="215" w="139" /><ent r="4" t="215" w="228" /><ent r="4" t="215" w="340" /><ent r="3" t="216" w="33" /><ent r="3" t="216" w="70" /><ent r="4" t="216" w="159" /><ent r="3" t="217" w="23" /><ent r="4" t="217" w="118" /><ent r="3" t="218" w="33" /><ent r="3" t="218" w="68" /><ent r="4" t="218" w="157" /></phr><phr n="Subsetting"><ent r="1000" t="181" w="2" /></phr><phr n="subsetting"><ent r="3" t="181" w="43" /></phr></stem><stem n="column"><phr n="columns"><ent r="3" t="26" w="211" /><ent r="4" t="49" w="232" /><ent r="3" t="49" w="277" /><ent r="3" t="101" w="38" /><ent r="3" t="157" w="208" /><ent r="3" t="167" w="768" /><ent r="3" t="170" w="135" /><ent r="5" t="194" w="58" /><ent r="4" t="194" w="61" /><ent r="5" t="194" w="108" /><ent r="4" t="194" w="111" /><ent r="5" t="194" w="150" /><ent r="4" t="194" w="153" /><ent r="3" t="194" w="218" /><ent r="3" t="195" w="675" /><ent r="4" t="198" w="283" /><ent r="4" t="198" w="336" /><ent r="3" t="208" w="52" /><ent r="3" t="212" w="35" /></phr><phr n="Columns"><ent r="5" t="26" w="235" /><ent r="5" t="215" w="166" /><ent r="5" t="216" w="97" /><ent r="5" t="217" w="56" /><ent r="5" t="218" w="95" /></phr><phr n="Column"><ent r="4" t="26" w="241" /><ent r="4" t="26" w="244" /><ent r="7" t="49" w="325" /><ent r="7" t="49" w="329" /><ent r="4" t="215" w="172" /><ent r="4" t="215" w="175" /><ent r="4" t="216" w="103" /><ent r="4" t="216" w="106" /><ent r="4" t="217" w="62" /><ent r="4" t="217" w="65" /><ent r="4" t="218" w="101" /><ent r="4" t="218" w="104" /></phr><phr n="column"><ent r="4" t="26" w="560" /><ent r="3" t="49" w="259" /><ent r="3" t="49" w="261" /><ent r="3" t="49" w="266" /><ent r="4" t="81" w="286" /><ent r="3" t="101" w="44" /><ent r="3" t="101" w="52" /><ent r="3" t="170" w="161" /><ent r="5" t="194" w="40" /><ent r="4" t="194" w="43" /><ent r="4" t="194" w="71" /><ent r="4" t="194" w="105" /><ent r="4" t="194" w="121" /><ent r="4" t="194" w="130" /><ent r="4" t="194" w="140" /><ent r="4" t="194" w="163" /><ent r="4" t="194" w="196" /><ent r="4" t="194" w="205" /><ent r="4" t="194" w="215" /><ent r="3" t="194" w="231" /><ent r="4" t="198" w="261" /><ent r="4" t="198" w="266" /><ent r="4" t="198" w="326" /><ent r="3" t="219" w="160" /><ent r="4" t="228" w="142" /></phr></stem><stem n="skip"><phr n="Skip"><ent r="4" t="26" w="229" /><ent r="4" t="26" w="247" /><ent r="4" t="26" w="330" /><ent r="7" t="49" w="317" /><ent r="7" t="49" w="333" /><ent r="6" t="49" w="413" /><ent r="3" t="167" w="745" /><ent r="4" t="167" w="757" /><ent r="4" t="180" w="1484" /><ent r="4" t="212" w="103" /><ent r="4" t="215" w="160" /><ent r="4" t="215" w="178" /><ent r="4" t="215" w="261" /><ent r="4" t="216" w="91" /><ent r="4" t="216" w="109" /><ent r="4" t="216" w="192" /><ent r="4" t="217" w="50" /><ent r="4" t="217" w="68" /><ent r="4" t="217" w="151" /><ent r="4" t="218" w="89" /><ent r="4" t="218" w="107" /><ent r="4" t="218" w="190" /></phr><phr n="skip"><ent r="3" t="49" w="267" /></phr><phr n="skipped"><ent r="3" t="167" w="772" /><ent r="7" t="199" w="153" /></phr></stem><stem n="factor"><phr n="Factor"><ent r="4" t="26" w="230" /><ent r="4" t="26" w="248" /><ent r="4" t="26" w="331" /><ent r="7" t="49" w="318" /><ent r="7" t="49" w="334" /><ent r="6" t="49" w="414" /><ent r="5" t="109" w="199" /><ent r="5" t="109" w="212" /><ent r="4" t="109" w="220" /><ent r="4" t="212" w="104" /><ent r="4" t="215" w="161" /><ent r="4" t="215" w="179" /><ent r="4" t="215" w="262" /><ent r="4" t="216" w="92" /><ent r="4" t="216" w="110" /><ent r="4" t="216" w="193" /><ent r="4" t="217" w="51" /><ent r="4" t="217" w="69" /><ent r="4" t="217" w="152" /><ent r="4" t="218" w="90" /><ent r="4" t="218" w="108" /><ent r="4" t="218" w="191" /></phr><phr n="factors"><ent r="3" t="49" w="268" /></phr><phr n="factor"><ent r="3" t="93" w="41" /><ent r="4" t="109" w="230" /><ent r="3" t="193" w="148" /><ent r="4" t="195" w="558" /><ent r="4" t="195" w="575" /><ent r="3" t="195" w="645" /><ent r="5" t="226" w="353" /></phr><phr n="Factors"><ent r="3" t="167" w="746" /><ent r="4" t="167" w="758" /></phr></stem><stem n="bad"><phr n="Bad"><ent r="5" t="26" w="288" /><ent r="4" t="26" w="338" /><ent r="6" t="49" w="371" /><ent r="5" t="49" w="421" /><ent r="7" t="90" w="323" /><ent r="68" t="90" w="341" /><ent r="1000" t="92" w="2" /><ent r="102" t="92" w="13" /><ent r="3" t="92" w="17" /><ent r="5" t="92" w="85" /><ent r="4" t="92" w="109" /><ent r="4" t="92" w="115" /><ent r="5" t="92" w="127" /><ent r="4" t="92" w="158" /><ent r="3" t="169" w="56" /><ent r="3" t="208" w="99" /><ent r="4" t="212" w="61" /><ent r="3" t="212" w="111" /><ent r="5" t="215" w="219" /><ent r="4" t="215" w="269" /><ent r="5" t="216" w="150" /><ent r="4" t="216" w="200" /><ent r="5" t="217" w="109" /><ent r="4" t="217" w="159" /><ent r="5" t="218" w="148" /><ent r="4" t="218" w="198" /></phr><phr n="bad"><ent r="7" t="90" w="333" /><ent r="100" t="92" w="5" /><ent r="100" t="92" w="9" /><ent r="3" t="92" w="24" /><ent r="4" t="92" w="135" /><ent r="4" t="92" w="150" /><ent r="4" t="92" w="173" /><ent r="4" t="92" w="181" /><ent r="3" t="169" w="71" /><ent r="3" t="169" w="84" /><ent r="4" t="181" w="443" /><ent r="7" t="199" w="668" /><ent r="7" t="199" w="681" /></phr></stem><stem n="radio"><phr n="radio"><ent r="4" t="26" w="292" /><ent r="5" t="49" w="375" /><ent r="3" t="74" w="227" /><ent r="3" t="167" w="750" /><ent r="4" t="179" w="2163" /><ent r="3" t="212" w="65" /><ent r="4" t="215" w="223" /><ent r="4" t="216" w="154" /><ent r="4" t="217" w="113" /><ent r="4" t="218" w="152" /></phr></stem><stem n="brows"><phr n="browse"><ent r="4" t="26" w="341" /><ent r="5" t="49" w="424" /><ent r="4" t="70" w="104" /><ent r="4" t="81" w="288" /><ent r="4" t="81" w="301" /><ent r="4" t="81" w="308" /><ent r="4" t="131" w="158" /><ent r="3" t="167" w="366" /><ent r="3" t="188" w="709" /><ent r="3" t="212" w="114" /><ent r="4" t="215" w="272" /><ent r="4" t="216" w="203" /><ent r="4" t="217" w="162" /><ent r="4" t="218" w="201" /><ent r="6" t="243" w="238" /><ent r="6" t="243" w="669" /></phr><phr n="Browse"><ent r="4" t="70" w="135" /><ent r="4" t="81" w="311" /><ent r="3" t="167" w="363" /><ent r="4" t="183" w="813" /><ent r="3" t="188" w="685" /></phr></stem><stem n="written"><phr n="written"><ent r="4" t="26" w="399" /></phr></stem><stem n="less"><phr n="Less"><ent r="6" t="26" w="407" /><ent r="5" t="154" w="289" /></phr><phr n="less"><ent r="5" t="26" w="416" /><ent r="5" t="26" w="455" /><ent r="5" t="26" w="490" /><ent r="5" t="153" w="542" /><ent r="5" t="153" w="977" /><ent r="4" t="154" w="298" /><ent r="4" t="154" w="343" /><ent r="4" t="154" w="357" /><ent r="4" t="154" w="518" /><ent r="5" t="165" w="580" /><ent r="3" t="194" w="261" /><ent r="3" t="194" w="268" /><ent r="4" t="208" w="456" /><ent r="4" t="236" w="178" /><ent r="3" t="238" w="505" /><ent r="3" t="238" w="531" /></phr></stem><stem n="greater"><phr n="Greater"><ent r="6" t="26" w="424" /><ent r="5" t="154" w="309" /></phr><phr n="greater"><ent r="5" t="26" w="433" /><ent r="5" t="26" w="449" /><ent r="5" t="26" w="496" /><ent r="3" t="125" w="337" /><ent r="5" t="153" w="554" /><ent r="5" t="153" w="989" /><ent r="4" t="154" w="318" /><ent r="4" t="154" w="337" /><ent r="4" t="154" w="363" /><ent r="4" t="154" w="529" /><ent r="5" t="165" w="592" /><ent r="3" t="192" w="48" /><ent r="4" t="236" w="190" /></phr></stem><stem n="latitude/longitude,"><phr n="latitude/longitude,"><ent r="4" t="26" w="545" /><ent r="4" t="26" w="544" /><ent r="3" t="73" w="25" /><ent r="3" t="73" w="24" /><ent r="3" t="73" w="86" /><ent r="3" t="73" w="85" /><ent r="3" t="110" w="83" /><ent r="3" t="110" w="82" /><ent r="3" t="110" w="254" /><ent r="3" t="110" w="253" /><ent r="3" t="192" w="34" /><ent r="3" t="192" w="33" /></phr><phr n="Latitude/Longitude,"><ent r="6" t="230" w="155" /><ent r="6" t="230" w="154" /><ent r="6" t="230" w="208" /><ent r="6" t="230" w="207" /><ent r="6" t="230" w="380" /><ent r="6" t="230" w="379" /><ent r="6" t="230" w="496" /><ent r="6" t="230" w="495" /><ent r="6" t="230" w="577" /><ent r="6" t="230" w="576" /></phr></stem><stem n="(latitude/longitude,"><phr n="(latitude/longitude,"><ent r="4" t="26" w="546" /></phr></stem><stem n="utm"><phr n="UTM"><ent r="4" t="26" w="546" /><ent r="5" t="73" w="27" /><ent r="3" t="73" w="87" /><ent r="5" t="74" w="245" /><ent r="3" t="110" w="87" /><ent r="3" t="110" w="255" /><ent r="5" t="163" w="174" /><ent r="3" t="180" w="1018" /><ent r="3" t="192" w="35" /><ent r="7" t="199" w="429" /><ent r="7" t="199" w="456" /><ent r="3" t="199" w="755" /><ent r="7" t="235" w="84" /></phr></stem><stem n="mgr"><phr n="MGRS"><ent r="4" t="26" w="548" /><ent r="5" t="73" w="35" /><ent r="3" t="73" w="89" /><ent r="5" t="74" w="253" /><ent r="3" t="110" w="93" /><ent r="3" t="110" w="257" /><ent r="5" t="163" w="182" /><ent r="3" t="180" w="1020" /><ent r="3" t="192" w="37" /><ent r="7" t="235" w="92" /></phr></stem><stem n="checkbox"><phr n="checkbox"><ent r="4" t="26" w="572" /><ent r="4" t="26" w="589" /><ent r="4" t="48" w="141" /><ent r="4" t="48" w="165" /><ent r="3" t="48" w="179" /><ent r="3" t="48" w="238" /><ent r="4" t="57" w="43" /><ent r="3" t="62" w="174" /><ent r="4" t="70" w="194" /><ent r="3" t="74" w="324" /><ent r="3" t="81" w="517" /><ent r="3" t="108" w="322" /><ent r="3" t="108" w="340" /><ent r="4" t="109" w="450" /><ent r="4" t="117" w="161" /><ent r="3" t="144" w="128" /><ent r="3" t="144" w="154" /><ent r="3" t="144" w="231" /><ent r="3" t="144" w="257" /><ent r="3" t="144" w="344" /><ent r="3" t="144" w="435" /><ent r="3" t="144" w="461" /><ent r="3" t="144" w="599" /><ent r="3" t="144" w="625" /><ent r="4" t="145" w="94" /><ent r="3" t="145" w="254" /><ent r="3" t="155" w="249" /><ent r="4" t="156" w="279" /><ent r="4" t="156" w="862" /><ent r="3" t="158" w="247" /><ent r="3" t="164" w="191" /><ent r="4" t="167" w="385" /><ent r="4" t="172" w="226" /><ent r="3" t="172" w="237" /><ent r="4" t="172" w="291" /><ent r="4" t="172" w="293" /><ent r="3" t="172" w="320" /><ent r="3" t="172" w="338" /><ent r="4" t="175" w="278" /><ent r="4" t="179" w="451" /><ent r="4" t="180" w="602" /><ent r="4" t="180" w="759" /><ent r="4" t="181" w="313" /><ent r="4" t="182" w="276" /><ent r="4" t="182" w="671" /><ent r="3" t="182" w="752" /><ent r="3" t="182" w="754" /><ent r="3" t="182" w="775" /><ent r="3" t="182" w="782" /><ent r="4" t="183" w="551" /><ent r="4" t="184" w="553" /><ent r="4" t="186" w="427" /><ent r="4" t="188" w="338" /><ent r="4" t="216" w="261" /><ent r="4" t="216" w="274" /><ent r="3" t="220" w="30" /><ent r="3" t="220" w="56" /><ent r="3" t="222" w="35" /><ent r="3" t="222" w="61" /><ent r="4" t="223" w="106" /><ent r="3" t="227" w="133" /><ent r="6" t="230" w="406" /><ent r="3" t="231" w="83" /><ent r="3" t="232" w="29" /></phr><phr n="checkboxes"><ent r="4" t="107" w="125" /><ent r="4" t="229" w="129" /><ent r="4" t="229" w="140" /><ent r="3" t="232" w="74" /></phr></stem><stem n=":product"><phr n=":product"><ent r="100" t="27" w="10" /><ent r="100" t="28" w="10" /><ent r="100" t="131" w="10" /></phr><phr n=":Product"><ent r="100" t="158" w="10" /></phr></stem><stem n="pictur"><phr n="picture"><ent r="4" t="27" w="23" /></phr></stem><stem n="i"><phr n="I"><ent r="4" t="27" w="25" /><ent r="4" t="184" w="995" /></phr><phr n="i"><ent r="3" t="197" w="182" /></phr></stem><stem n="n"><phr n="n"><ent r="5" t="27" w="27" /><ent r="6" t="184" w="997" /></phr><phr n="N"><ent r="3" t="193" w="116" /><ent r="3" t="193" w="120" /><ent r="3" t="193" w="130" /><ent r="3" t="193" w="188" /><ent r="3" t="193" w="198" /><ent r="3" t="193" w="207" /><ent r="3" t="193" w="212" /><ent r="3" t="193" w="219" /><ent r="3" t="193" w="224" /><ent r="5" t="226" w="338" /><ent r="7" t="240" w="110" /></phr></stem><stem n="avi"><phr n="AVI"><ent r="67" t="27" w="117" /><ent r="5" t="28" w="30" /><ent r="65" t="28" w="44" /><ent r="4" t="180" w="3110" /><ent r="1000" t="220" w="1" /><ent r="100" t="220" w="5" /><ent r="102" t="220" w="9" /></phr><phr n="AVIs"><ent r="3" t="220" w="18" /></phr></stem><stem n="-1"><phr n="-1"><ent r="67" t="27" w="131" /><ent r="67" t="27" w="131" /><ent r="5" t="28" w="235" /><ent r="5" t="28" w="235" /><ent r="65" t="28" w="245" /><ent r="65" t="28" w="245" /><ent r="3" t="180" w="2219" /><ent r="3" t="180" w="2219" /><ent r="1000" t="222" w="1" /><ent r="1000" t="222" w="1" /><ent r="100" t="222" w="6" /><ent r="100" t="222" w="6" /><ent r="102" t="222" w="11" /><ent r="102" t="222" w="11" /><ent r="3" t="222" w="21" /><ent r="3" t="222" w="21" /></phr></stem><stem n="mpeg"><phr n="MPEG"><ent r="67" t="27" w="131" /><ent r="5" t="28" w="235" /><ent r="65" t="28" w="245" /><ent r="1000" t="222" w="1" /><ent r="100" t="222" w="6" /><ent r="102" t="222" w="11" /><ent r="3" t="222" w="21" /></phr></stem><stem n="mpeg-1"><phr n="MPEG-1"><ent r="67" t="27" w="131" /><ent r="5" t="28" w="235" /><ent r="65" t="28" w="245" /><ent r="1000" t="222" w="1" /><ent r="100" t="222" w="6" /><ent r="102" t="222" w="11" /><ent r="3" t="222" w="21" /></phr></stem><stem n="1"><phr n="1"><ent r="67" t="27" w="132" /><ent r="5" t="28" w="236" /><ent r="65" t="28" w="246" /><ent r="82" t="44" w="112" /><ent r="4" t="58" w="203" /><ent r="4" t="58" w="256" /><ent r="3" t="68" w="134" /><ent r="3" t="81" w="491" /><ent r="4" t="92" w="143" /><ent r="3" t="125" w="926" /><ent r="3" t="137" w="99" /><ent r="3" t="138" w="33" /><ent r="3" t="138" w="88" /><ent r="6" t="140" w="89" /><ent r="6" t="140" w="91" /><ent r="6" t="140" w="99" /><ent r="6" t="140" w="150" /><ent r="6" t="140" w="156" /><ent r="6" t="140" w="158" /><ent r="6" t="140" w="164" /><ent r="6" t="140" w="180" /><ent r="4" t="169" w="420" /><ent r="4" t="169" w="434" /><ent r="3" t="169" w="606" /><ent r="4" t="179" w="1936" /><ent r="84" t="180" w="845" /><ent r="5" t="180" w="1279" /><ent r="4" t="180" w="1396" /><ent r="4" t="180" w="1405" /><ent r="4" t="180" w="1409" /><ent r="8" t="180" w="1669" /><ent r="8" t="180" w="1671" /><ent r="3" t="180" w="2219" /><ent r="3" t="180" w="2221" /><ent r="3" t="180" w="2229" /><ent r="4" t="180" w="2386" /><ent r="4" t="181" w="764" /><ent r="4" t="181" w="908" /><ent r="4" t="181" w="968" /><ent r="3" t="184" w="717" /><ent r="4" t="184" w="913" /><ent r="4" t="184" w="923" /><ent r="5" t="184" w="1114" /><ent r="5" t="185" w="321" /><ent r="5" t="186" w="722" /><ent r="5" t="186" w="725" /><ent r="5" t="186" w="732" /><ent r="4" t="186" w="741" /><ent r="4" t="186" w="745" /><ent r="4" t="187" w="1251" /><ent r="3" t="187" w="1293" /><ent r="3" t="187" w="1370" /><ent r="4" t="187" w="1583" /><ent r="4" t="188" w="663" /><ent r="3" t="188" w="1222" /><ent r="3" t="188" w="1322" /><ent r="3" t="193" w="118" /><ent r="3" t="193" w="170" /><ent r="3" t="193" w="181" /><ent r="3" t="193" w="191" /><ent r="4" t="194" w="77" /><ent r="4" t="194" w="79" /><ent r="4" t="194" w="169" /><ent r="4" t="194" w="171" /><ent r="3" t="195" w="658" /><ent r="4" t="197" w="150" /><ent r="7" t="199" w="191" /><ent r="7" t="199" w="375" /><ent r="3" t="199" w="739" /><ent r="3" t="199" w="756" /><ent r="3" t="199" w="757" /><ent r="3" t="199" w="801" /><ent r="3" t="199" w="852" /><ent r="4" t="213" w="98" /><ent r="1000" t="222" w="2" /><ent r="100" t="222" w="7" /><ent r="102" t="222" w="12" /><ent r="3" t="222" w="22" /><ent r="6" t="230" w="94" /><ent r="3" t="238" w="507" /><ent r="3" t="238" w="533" /></phr></stem><stem n="-dimension"><phr n="-dimensional"><ent r="4" t="28" w="58" /><ent r="4" t="28" w="58" /><ent r="4" t="28" w="106" /><ent r="4" t="28" w="106" /><ent r="4" t="28" w="148" /><ent r="4" t="28" w="148" /><ent r="4" t="28" w="260" /><ent r="4" t="28" w="260" /><ent r="4" t="179" w="1100" /><ent r="4" t="179" w="1100" /><ent r="3" t="223" w="25" /><ent r="3" t="223" w="25" /></phr></stem><stem n="two-dimension"><phr n="two-dimensional"><ent r="4" t="28" w="58" /><ent r="4" t="28" w="106" /><ent r="4" t="28" w="148" /><ent r="4" t="28" w="260" /><ent r="4" t="179" w="1100" /><ent r="3" t="223" w="25" /></phr></stem><stem n="dimension"><phr n="dimensional"><ent r="4" t="28" w="59" /><ent r="4" t="28" w="107" /><ent r="4" t="28" w="149" /><ent r="4" t="28" w="261" /><ent r="4" t="179" w="1101" /><ent r="3" t="223" w="26" /></phr><phr n="dimensionality"><ent r="3" t="169" w="32" /></phr></stem><stem n="-bit"><phr n="-bit"><ent r="4" t="28" w="60" /><ent r="4" t="28" w="60" /><ent r="4" t="28" w="150" /><ent r="4" t="28" w="150" /><ent r="3" t="78" w="56" /><ent r="3" t="78" w="56" /><ent r="3" t="78" w="63" /><ent r="3" t="78" w="63" /><ent r="7" t="199" w="192" /><ent r="7" t="199" w="192" /><ent r="7" t="199" w="197" /><ent r="7" t="199" w="197" /><ent r="7" t="199" w="203" /><ent r="7" t="199" w="203" /><ent r="7" t="199" w="210" /><ent r="7" t="199" w="210" /><ent r="7" t="199" w="216" /><ent r="7" t="199" w="216" /><ent r="6" t="199" w="224" /><ent r="6" t="199" w="224" /><ent r="6" t="199" w="235" /><ent r="6" t="199" w="235" /><ent r="6" t="199" w="256" /><ent r="6" t="199" w="256" /><ent r="6" t="199" w="262" /><ent r="6" t="199" w="262" /><ent r="6" t="199" w="269" /><ent r="6" t="199" w="269" /><ent r="7" t="199" w="283" /><ent r="7" t="199" w="283" /></phr></stem></index>