﻿<?xml version="1.0" encoding="utf-8"?><index PreMerged="False"><stem n="first"><phr n="first"><ent r="51" t="14" w="63" /><ent r="1" t="14" w="681" /><ent r="1" t="14" w="718" /><ent r="1" t="27" w="292" /><ent r="1" t="27" w="333" /><ent r="1" t="33" w="51" /><ent r="1" t="42" w="102" /><ent r="1" t="43" w="71" /><ent r="1" t="64" w="371" /><ent r="1" t="84" w="33" /><ent r="1" t="98" w="122" /><ent r="1" t="103" w="865" /><ent r="1" t="129" w="296" /><ent r="1" t="129" w="316" /><ent r="1" t="129" w="335" /><ent r="1" t="129" w="355" /><ent r="1" t="129" w="375" /><ent r="1" t="143" w="419" /><ent r="1" t="145" w="115" /><ent r="1" t="146" w="28" /><ent r="1" t="154" w="455" /><ent r="1" t="154" w="1457" /><ent r="51" t="159" w="1404" /><ent r="1" t="159" w="1518" /><ent r="1" t="159" w="1687" /><ent r="51" t="160" w="1135" /><ent r="1" t="160" w="1314" /><ent r="1" t="168" w="262" /><ent r="1" t="194" w="303" /></phr><phr n="First"><ent r="51" t="27" w="229" /><ent r="51" t="129" w="531" /><ent r="51" t="169" w="366" /><ent r="51" t="169" w="381" /></phr></stem><stem n="forward"><phr n="forward"><ent r="51" t="14" w="68" /><ent r="1" t="14" w="91" /><ent r="51" t="14" w="144" /><ent r="51" t="14" w="198" /><ent r="1" t="14" w="203" /><ent r="51" t="117" w="59" /></phr><phr n="Forward"><ent r="1" t="117" w="71" /><ent r="51" t="117" w="110" /></phr></stem><stem n="last"><phr n="last"><ent r="51" t="14" w="72" /><ent r="1" t="14" w="304" /><ent r="1" t="100" w="77" /><ent r="1" t="144" w="287" /><ent r="1" t="157" w="926" /><ent r="1" t="159" w="1771" /></phr></stem><stem n="backward"><phr n="backward"><ent r="51" t="14" w="77" /></phr><phr n="Backward"><ent r="1" t="117" w="77" /><ent r="51" t="117" w="115" /></phr></stem><stem n="remain"><phr n="remains"><ent r="51" t="14" w="81" /><ent r="51" t="14" w="114" /><ent r="1" t="14" w="164" /><ent r="1" t="87" w="102" /><ent r="51" t="171" w="127" /></phr></stem><stem n="depress"><phr n="depressed"><ent r="51" t="14" w="82" /><ent r="51" t="14" w="115" /><ent r="1" t="14" w="165" /></phr></stem><stem n="player"><phr n="player"><ent r="51" t="14" w="99" /><ent r="51" t="14" w="222" /><ent r="1" t="14" w="268" /><ent r="1" t="14" w="387" /><ent r="1" t="14" w="450" /><ent r="1" t="14" w="657" /></phr><phr n="players"><ent r="1" t="14" w="271" /><ent r="1" t="14" w="308" /><ent r="1" t="14" w="476" /><ent r="1" t="14" w="537" /></phr></stem><stem n="lowest"><phr n="lowest"><ent r="51" t="14" w="101" /></phr></stem><stem n="highest"><phr n="highest"><ent r="51" t="14" w="105" /><ent r="1" t="143" w="513" /><ent r="1" t="143" w="1000" /></phr></stem><stem n="increas"><phr n="increasing"><ent r="51" t="14" w="108" /></phr><phr n="increase"><ent r="1" t="43" w="275" /><ent r="1" t="152" w="1381" /></phr><phr n="Increases"><ent r="51" t="95" w="264" /><ent r="51" t="198" w="169" /></phr><phr n="increases"><ent r="1" t="152" w="779" /><ent r="1" t="155" w="537" /></phr><phr n="Increase"><ent r="51" t="198" w="166" /></phr></stem><stem n="paus"><phr n="Pause"><ent r="51" t="14" w="126" /><ent r="51" t="14" w="153" /></phr></stem><stem n="rewind"><phr n="Rewind"><ent r="51" t="14" w="134" /></phr></stem><stem n="begin"><phr n="beginning"><ent r="1" t="14" w="138" /><ent r="1" t="14" w="699" /><ent r="1" t="14" w="715" /><ent r="1" t="51" w="185" /></phr><phr n="Begin"><ent r="90" t="21" w="193" /></phr><phr n="begin"><ent r="1" t="56" w="44" /><ent r="1" t="143" w="699" /><ent r="1" t="144" w="271" /></phr><phr n="begins"><ent r="1" t="103" w="273" /><ent r="1" t="155" w="1160" /></phr></stem><stem n="fast"><phr n="Fast"><ent r="51" t="14" w="143" /><ent r="51" t="92" w="264" /><ent r="51" t="128" w="233" /></phr><phr n="fast"><ent r="1" t="14" w="447" /><ent r="1" t="92" w="239" /><ent r="1" t="195" w="101" /></phr></stem><stem n="tep"><phr n="tep"><ent r="51" t="14" w="187" /></phr></stem><stem n="back"><phr n="Back"><ent r="51" t="14" w="188" /><ent r="1" t="57" w="125" /><ent r="90" t="72" w="136" /></phr><phr n="back"><ent r="1" t="14" w="193" /><ent r="1" t="72" w="146" /><ent r="1" t="72" w="214" /><ent r="51" t="117" w="61" /><ent r="1" t="152" w="1665" /><ent r="1" t="152" w="1867" /><ent r="1" t="152" w="1890" /><ent r="1" t="153" w="1465" /><ent r="1" t="153" w="2031" /><ent r="1" t="155" w="844" /><ent r="1" t="155" w="1038" /></phr></stem><stem n="step"><phr n="Steps"><ent r="1" t="14" w="190" /><ent r="1" t="14" w="200" /><ent r="1" t="21" w="499" /><ent r="1" t="85" w="60" /><ent r="1" t="93" w="394" /></phr><phr n="Step"><ent r="51" t="14" w="197" /><ent r="1" t="85" w="100" /><ent r="1" t="117" w="70" /><ent r="1" t="117" w="76" /><ent r="51" t="117" w="109" /><ent r="51" t="117" w="114" /><ent r="51" t="146" w="216" /><ent r="1" t="146" w="228" /><ent r="1" t="146" w="311" /><ent r="1" t="146" w="329" /><ent r="1" t="153" w="2170" /><ent r="1" t="153" w="2197" /><ent r="1" t="153" w="2318" /><ent r="1" t="155" w="530" /><ent r="51" t="155" w="633" /><ent r="51" t="191" w="121" /></phr><phr n="steps"><ent r="1" t="30" w="13" /><ent r="1" t="65" w="11" /><ent r="1" t="66" w="13" /><ent r="1" t="67" w="11" /><ent r="1" t="72" w="17" /><ent r="1" t="73" w="15" /><ent r="1" t="85" w="48" /><ent r="1" t="85" w="52" /><ent r="1" t="85" w="65" /><ent r="1" t="85" w="81" /><ent r="1" t="85" w="115" /><ent r="1" t="85" w="129" /><ent r="1" t="102" w="160" /><ent r="1" t="102" w="329" /><ent r="1" t="153" w="2041" /><ent r="1" t="154" w="793" /><ent r="1" t="157" w="916" /><ent r="1" t="159" w="150" /><ent r="1" t="191" w="133" /></phr><phr n="step"><ent r="51" t="77" w="345" /><ent r="1" t="80" w="17" /><ent r="1" t="80" w="136" /><ent r="1" t="85" w="108" /><ent r="1" t="146" w="194" /><ent r="1" t="146" w="202" /><ent r="1" t="146" w="249" /><ent r="1" t="146" w="262" /><ent r="1" t="146" w="295" /><ent r="1" t="147" w="28" /><ent r="1" t="147" w="288" /><ent r="1" t="148" w="67" /><ent r="1" t="155" w="513" /><ent r="1" t="155" w="517" /><ent r="1" t="155" w="547" /><ent r="1" t="155" w="592" /><ent r="1" t="155" w="621" /><ent r="1" t="194" w="186" /></phr></stem><stem n="speed"><phr n="speed"><ent r="51" t="14" w="208" /><ent r="1" t="14" w="219" /><ent r="1" t="14" w="421" /><ent r="1" t="14" w="441" /><ent r="1" t="14" w="486" /><ent r="1" t="14" w="548" /><ent r="1" t="14" w="623" /><ent r="1" t="14" w="643" /><ent r="1" t="92" w="248" /><ent r="1" t="92" w="307" /><ent r="1" t="116" w="90" /><ent r="1" t="195" w="81" /><ent r="1" t="195" w="85" /></phr><phr n="Speed"><ent r="90" t="14" w="437" /><ent r="1" t="14" w="508" /><ent r="90" t="92" w="229" /><ent r="1" t="92" w="233" /></phr><phr n="speeds"><ent r="1" t="14" w="502" /></phr></stem><stem n="progress"><phr n="progress"><ent r="1" t="14" w="227" /><ent r="1" t="68" w="326" /><ent r="1" t="87" w="37" /><ent r="1" t="87" w="53" /><ent r="1" t="87" w="66" /><ent r="1" t="87" w="82" /><ent r="1" t="87" w="213" /></phr><phr n="Progress"><ent r="51" t="68" w="313" /></phr></stem><stem n="channel"><phr n="channel"><ent r="1" t="14" w="247" /></phr><phr n="channels"><ent r="51" t="141" w="306" /></phr></stem><stem n="increment"><phr n="increment"><ent r="1" t="14" w="249" /></phr><phr n="incrementally"><ent r="1" t="152" w="810" /><ent r="1" t="152" w="1716" /></phr></stem><stem n="small"><phr n="small"><ent r="1" t="14" w="255" /><ent r="1" t="21" w="187" /><ent r="1" t="41" w="12" /><ent r="1" t="58" w="93" /><ent r="1" t="59" w="108" /><ent r="1" t="119" w="372" /><ent r="1" t="152" w="1379" /><ent r="1" t="156" w="807" /><ent r="1" t="158" w="1238" /><ent r="1" t="180" w="646" /><ent r="1" t="195" w="23" /></phr></stem><stem n="x/y"><phr n="x/y"><ent r="1" t="14" w="286" /><ent r="1" t="14" w="285" /><ent r="1" t="150" w="57" /><ent r="1" t="150" w="56" /><ent r="1" t="155" w="1204" /><ent r="1" t="155" w="1203" /></phr></stem><stem n="yyyi"><phr n="yyyy"><ent r="1" t="14" w="321" /><ent r="51" t="14" w="329" /></phr><phr n="YYYY"><ent r="51" t="199" w="205" /></phr></stem><stem n="yyyy/mm"><phr n="yyyy/MM"><ent r="1" t="14" w="322" /><ent r="1" t="14" w="321" /></phr></stem><stem n="mm"><phr n="MM"><ent r="1" t="14" w="322" /><ent r="51" t="14" w="335" /><ent r="51" t="199" w="203" /><ent r="51" t="199" w="208" /></phr><phr n="mm"><ent r="1" t="14" w="325" /><ent r="51" t="14" w="353" /></phr></stem><stem n="yyyy/mm/dd"><phr n="yyyy/MM/dd"><ent r="1" t="14" w="323" /><ent r="1" t="14" w="321" /></phr></stem><stem n="dd"><phr n="dd"><ent r="1" t="14" w="323" /><ent r="51" t="14" w="341" /></phr><phr n="DD"><ent r="51" t="199" w="204" /></phr></stem><stem n="hh"><phr n="hh"><ent r="1" t="14" w="324" /><ent r="51" t="14" w="347" /></phr><phr n="HH"><ent r="51" t="199" w="207" /></phr></stem><stem n="hh.mm"><phr n="hh.mm"><ent r="1" t="14" w="325" /><ent r="1" t="14" w="324" /></phr></stem><stem n="hh.mm.ss"><phr n="hh.mm.ss"><ent r="1" t="14" w="326" /><ent r="1" t="14" w="324" /></phr></stem><stem n="ss"><phr n="ss"><ent r="1" t="14" w="326" /><ent r="51" t="14" w="359" /></phr><phr n="SS"><ent r="51" t="199" w="209" /></phr></stem><stem n="hh.mm.ss.zzzz"><phr n="hh.mm.ss.zzzZ"><ent r="1" t="14" w="327" /><ent r="1" t="14" w="324" /></phr></stem><stem n="zzzz"><phr n="zzzZ"><ent r="1" t="14" w="327" /></phr></stem><stem n="year"><phr n="year"><ent r="1" t="14" w="333" /><ent r="1" t="119" w="461" /><ent r="1" t="119" w="506" /></phr></stem><stem n="month"><phr n="month"><ent r="1" t="14" w="339" /><ent r="1" t="119" w="458" /><ent r="1" t="119" w="503" /><ent r="1" t="155" w="43" /></phr></stem><stem n="dai"><phr n="day"><ent r="1" t="14" w="345" /></phr></stem><stem n="hour"><phr n="hour"><ent r="1" t="14" w="351" /></phr></stem><stem n="minut"><phr n="minute"><ent r="1" t="14" w="357" /><ent r="1" t="153" w="1351" /></phr><phr n="minutes"><ent r="1" t="63" w="90" /><ent r="1" t="67" w="30" /><ent r="1" t="68" w="401" /><ent r="1" t="126" w="159" /><ent r="1" t="153" w="1283" /><ent r="51" t="189" w="51" /><ent r="51" t="189" w="60" /><ent r="51" t="189" w="63" /><ent r="51" t="189" w="71" /></phr></stem><stem n="second"><phr n="seconds"><ent r="1" t="14" w="363" /><ent r="1" t="14" w="533" /><ent r="1" t="14" w="576" /><ent r="1" t="14" w="606" /><ent r="1" t="126" w="160" /><ent r="1" t="153" w="1285" /><ent r="51" t="189" w="64" /><ent r="51" t="189" w="74" /></phr><phr n="second"><ent r="1" t="14" w="472" /><ent r="1" t="14" w="496" /><ent r="1" t="14" w="517" /><ent r="1" t="14" w="524" /><ent r="1" t="14" w="556" /><ent r="1" t="14" w="563" /><ent r="1" t="14" w="582" /><ent r="1" t="14" w="590" /><ent r="1" t="14" w="596" /><ent r="1" t="14" w="612" /><ent r="1" t="27" w="298" /><ent r="1" t="27" w="339" /><ent r="1" t="84" w="41" /><ent r="1" t="103" w="875" /><ent r="1" t="129" w="299" /><ent r="1" t="129" w="319" /><ent r="1" t="129" w="341" /><ent r="1" t="129" w="361" /><ent r="1" t="129" w="377" /><ent r="1" t="143" w="88" /><ent r="1" t="143" w="232" /><ent r="1" t="143" w="344" /><ent r="1" t="153" w="1353" /><ent r="1" t="155" w="1251" /></phr><phr n="Second"><ent r="51" t="27" w="315" /><ent r="51" t="27" w="356" /><ent r="51" t="129" w="536" /><ent r="1" t="143" w="193" /><ent r="1" t="143" w="200" /><ent r="1" t="143" w="216" /><ent r="1" t="143" w="257" /><ent r="1" t="143" w="297" /><ent r="90" t="160" w="546" /></phr></stem><stem n="zzz"><phr n="zzz"><ent r="51" t="14" w="365" /></phr></stem><stem n="millisecond"><phr n="milliseconds"><ent r="1" t="14" w="369" /></phr></stem><stem n="zulu"><phr n="Zulu"><ent r="1" t="14" w="374" /></phr></stem><stem n="cycl"><phr n="cycle"><ent r="51" t="14" w="378" /><ent r="1" t="14" w="650" /><ent r="1" t="116" w="94" /><ent r="51" t="117" w="8" /></phr><phr n="Cycle"><ent r="51" t="14" w="397" /><ent r="90" t="14" w="646" /><ent r="1" t="14" w="668" /></phr><phr n="cycles"><ent r="1" t="116" w="11" /><ent r="1" t="159" w="1065" /><ent r="1" t="160" w="901" /></phr></stem><stem n="determin"><phr n="Determines"><ent r="1" t="14" w="381" /><ent r="1" t="88" w="18" /><ent r="1" t="88" w="41" /><ent r="1" t="133" w="341" /><ent r="51" t="169" w="580" /></phr><phr n="determines"><ent r="1" t="14" w="651" /><ent r="1" t="41" w="245" /><ent r="1" t="68" w="247" /><ent r="1" t="68" w="358" /><ent r="1" t="77" w="300" /><ent r="1" t="89" w="206" /><ent r="1" t="93" w="375" /><ent r="1" t="128" w="452" /><ent r="1" t="128" w="869" /><ent r="1" t="129" w="274" /><ent r="1" t="133" w="217" /><ent r="1" t="136" w="227" /><ent r="1" t="141" w="366" /><ent r="1" t="144" w="203" /><ent r="51" t="185" w="76" /></phr><phr n="determine"><ent r="1" t="20" w="17" /><ent r="1" t="38" w="13" /><ent r="1" t="89" w="12" /><ent r="1" t="90" w="16" /><ent r="1" t="92" w="166" /><ent r="1" t="92" w="202" /><ent r="1" t="123" w="139" /><ent r="1" t="123" w="177" /><ent r="1" t="123" w="193" /><ent r="1" t="129" w="370" /></phr></stem><stem n="behavior"><phr n="behavior"><ent r="1" t="14" w="383" /><ent r="1" t="14" w="653" /></phr><phr n="Behavior"><ent r="1" t="151" w="59" /></phr></stem><stem n="final"><phr n="final"><ent r="1" t="14" w="390" /><ent r="1" t="14" w="660" /></phr></stem><stem n="maintain"><phr n="maintain"><ent r="1" t="14" w="417" /><ent r="1" t="31" w="92" /><ent r="1" t="121" w="159" /></phr></stem><stem n="request"><phr n="requested"><ent r="1" t="14" w="419" /><ent r="1" t="14" w="621" /><ent r="1" t="14" w="642" /></phr></stem><stem n="slow"><phr n="slowing"><ent r="1" t="14" w="431" /></phr><phr n="Slow"><ent r="51" t="92" w="277" /></phr><phr n="slow"><ent r="1" t="92" w="297" /></phr></stem><stem n="rate"><phr n="rate"><ent r="1" t="14" w="463" /><ent r="1" t="150" w="69" /><ent r="1" t="150" w="158" /><ent r="1" t="150" w="168" /><ent r="1" t="150" w="214" /><ent r="1" t="155" w="1216" /><ent r="1" t="155" w="1248" /><ent r="1" t="155" w="1260" /><ent r="1" t="155" w="1287" /></phr></stem><stem n="strict"><phr n="strict"><ent r="1" t="14" w="466" /></phr></stem><stem n="per"><phr n="per"><ent r="1" t="14" w="471" /><ent r="1" t="14" w="495" /><ent r="1" t="14" w="516" /><ent r="1" t="14" w="523" /><ent r="1" t="155" w="1250" /><ent r="51" t="169" w="94" /><ent r="51" t="169" w="106" /><ent r="51" t="169" w="117" /></phr></stem><stem n="multipli"><phr n="multiplier"><ent r="1" t="14" w="490" /><ent r="1" t="14" w="552" /><ent r="51" t="169" w="671" /></phr><phr n="multiplied"><ent r="1" t="92" w="222" /></phr><phr n="Multiply"><ent r="51" t="187" w="14" /></phr></stem><stem n="base"><phr n="based"><ent r="1" t="14" w="491" /><ent r="1" t="14" w="553" /><ent r="1" t="14" w="683" /><ent r="1" t="43" w="198" /><ent r="1" t="68" w="282" /><ent r="1" t="68" w="381" /><ent r="1" t="92" w="346" /><ent r="1" t="93" w="18" /><ent r="1" t="94" w="280" /><ent r="1" t="111" w="57" /><ent r="1" t="119" w="19" /><ent r="1" t="129" w="278" /><ent r="1" t="139" w="256" /><ent r="1" t="141" w="40" /><ent r="1" t="143" w="76" /><ent r="1" t="152" w="857" /><ent r="1" t="153" w="126" /><ent r="1" t="153" w="2253" /><ent r="1" t="156" w="180" /><ent r="1" t="157" w="164" /><ent r="1" t="163" w="67" /><ent r="1" t="179" w="15" /><ent r="1" t="194" w="385" /></phr><phr n="Based"><ent r="1" t="20" w="102" /></phr><phr n="Base"><ent r="1" t="157" w="1006" /></phr></stem><stem n="1"><phr n="1"><ent r="1" t="14" w="519" /><ent r="1" t="14" w="521" /><ent r="1" t="14" w="529" /><ent r="1" t="14" w="581" /><ent r="1" t="14" w="587" /><ent r="1" t="14" w="589" /><ent r="1" t="14" w="595" /><ent r="1" t="14" w="611" /><ent r="51" t="22" w="300" /><ent r="1" t="51" w="188" /><ent r="1" t="51" w="237" /><ent r="1" t="68" w="295" /><ent r="1" t="79" w="135" /><ent r="1" t="103" w="862" /><ent r="1" t="116" w="91" /><ent r="1" t="117" w="27" /><ent r="1" t="117" w="82" /><ent r="1" t="152" w="1861" /><ent r="51" t="153" w="1098" /><ent r="1" t="153" w="1206" /><ent r="1" t="153" w="1217" /><ent r="1" t="153" w="1222" /><ent r="51" t="153" w="1500" /><ent r="51" t="153" w="1502" /><ent r="51" t="153" w="1513" /><ent r="1" t="153" w="1995" /><ent r="1" t="153" w="1996" /><ent r="1" t="153" w="1998" /><ent r="1" t="153" w="2006" /><ent r="1" t="153" w="2171" /><ent r="1" t="154" w="712" /><ent r="1" t="154" w="852" /><ent r="1" t="154" w="912" /><ent r="1" t="157" w="658" /><ent r="1" t="157" w="854" /><ent r="1" t="157" w="864" /><ent r="51" t="157" w="957" /><ent r="51" t="157" w="1057" /><ent r="51" t="158" w="730" /><ent r="51" t="158" w="736" /><ent r="1" t="158" w="741" /><ent r="1" t="158" w="776" /><ent r="1" t="159" w="1473" /><ent r="1" t="159" w="1515" /><ent r="1" t="159" w="1591" /><ent r="51" t="159" w="1798" /><ent r="1" t="160" w="663" /><ent r="51" t="160" w="679" /><ent r="1" t="160" w="1311" /><ent r="1" t="160" w="1411" /><ent r="51" t="169" w="189" /><ent r="1" t="169" w="747" /><ent r="1" t="169" w="768" /><ent r="1" t="169" w="769" /><ent r="1" t="169" w="818" /><ent r="1" t="169" w="870" /><ent r="51" t="185" w="90" /><ent r="1" t="194" w="498" /><ent r="1" t="194" w="524" /></phr></stem><stem n="0.25"><phr n="0.25"><ent r="1" t="14" w="527" /><ent r="1" t="14" w="526" /><ent r="1" t="14" w="602" /><ent r="1" t="14" w="601" /><ent r="1" t="14" w="605" /><ent r="1" t="14" w="604" /></phr></stem><stem n="everi"><phr n="every"><ent r="1" t="14" w="531" /><ent r="1" t="63" w="88" /><ent r="1" t="67" w="28" /><ent r="1" t="68" w="399" /><ent r="1" t="93" w="207" /><ent r="1" t="155" w="593" /><ent r="51" t="169" w="499" /><ent r="1" t="194" w="99" /></phr><phr n="Every"><ent r="1" t="128" w="424" /><ent r="1" t="128" w="841" /><ent r="1" t="136" w="551" /><ent r="1" t="141" w="690" /></phr></stem><stem n="4"><phr n="4"><ent r="1" t="14" w="532" /><ent r="1" t="21" w="500" /><ent r="1" t="93" w="395" /><ent r="1" t="123" w="227" /><ent r="1" t="128" w="142" /><ent r="51" t="153" w="1842" /><ent r="51" t="153" w="1906" /><ent r="1" t="154" w="1494" /><ent r="1" t="159" w="1604" /><ent r="51" t="159" w="1880" /><ent r="1" t="160" w="1368" /><ent r="1" t="160" w="1397" /><ent r="1" t="160" w="1424" /><ent r="51" t="160" w="1680" /><ent r="51" t="160" w="1692" /><ent r="51" t="169" w="62" /><ent r="51" t="169" w="210" /><ent r="1" t="169" w="836" /></phr></stem><stem n="equal"><phr n="equal"><ent r="1" t="14" w="560" /><ent r="1" t="128" w="431" /><ent r="1" t="128" w="848" /><ent r="1" t="136" w="558" /><ent r="1" t="141" w="697" /></phr><phr n="Equalization"><ent r="51" t="76" w="252" /><ent r="51" t="128" w="412" /><ent r="51" t="128" w="829" /><ent r="51" t="136" w="539" /><ent r="51" t="141" w="678" /></phr><phr n="equalized"><ent r="1" t="76" w="259" /><ent r="1" t="128" w="420" /><ent r="1" t="128" w="837" /><ent r="1" t="136" w="547" /><ent r="1" t="141" w="686" /></phr><phr n="equals"><ent r="1" t="143" w="658" /></phr><phr n="equalize"><ent r="51" t="169" w="589" /></phr></stem><stem n="real"><phr n="real"><ent r="1" t="14" w="565" /><ent r="1" t="14" w="584" /><ent r="1" t="14" w="598" /><ent r="1" t="14" w="614" /><ent r="51" t="128" w="187" /><ent r="1" t="128" w="207" /><ent r="1" t="169" w="231" /><ent r="1" t="169" w="245" /></phr></stem><stem n="cannot"><phr n="cannot"><ent r="1" t="14" w="624" /><ent r="1" t="21" w="388" /><ent r="1" t="29" w="307" /><ent r="1" t="71" w="39" /><ent r="1" t="92" w="388" /><ent r="1" t="103" w="235" /><ent r="1" t="103" w="258" /><ent r="1" t="107" w="214" /><ent r="1" t="142" w="30" /><ent r="1" t="145" w="206" /><ent r="1" t="152" w="260" /><ent r="1" t="159" w="1761" /><ent r="1" t="180" w="451" /></phr></stem><stem n="achiev"><phr n="achieved"><ent r="1" t="14" w="626" /></phr></stem><stem n="due"><phr n="due"><ent r="1" t="14" w="627" /><ent r="1" t="143" w="639" /></phr></stem><stem n="system"><phr n="system"><ent r="1" t="14" w="629" /><ent r="1" t="19" w="105" /><ent r="1" t="21" w="81" /><ent r="1" t="21" w="90" /><ent r="1" t="21" w="109" /><ent r="1" t="119" w="66" /><ent r="1" t="156" w="98" /><ent r="1" t="156" w="336" /><ent r="1" t="156" w="389" /><ent r="1" t="156" w="401" /><ent r="1" t="157" w="82" /><ent r="1" t="157" w="317" /><ent r="1" t="157" w="369" /><ent r="1" t="157" w="381" /><ent r="1" t="179" w="38" /></phr><phr n="System"><ent r="90" t="19" w="99" /><ent r="51" t="21" w="25" /><ent r="51" t="60" w="38" /><ent r="1" t="61" w="254" /><ent r="1" t="93" w="76" /><ent r="1" t="119" w="359" /><ent r="1" t="139" w="177" /><ent r="51" t="189" w="86" /></phr><phr n="systems"><ent r="1" t="136" w="586" /><ent r="1" t="141" w="725" /><ent r="1" t="153" w="844" /><ent r="51" t="169" w="373" /></phr><phr n="Systems"><ent r="51" t="169" w="68" /></phr></stem><stem n="hardwar"><phr n="hardware"><ent r="1" t="14" w="630" /><ent r="1" t="136" w="589" /><ent r="1" t="141" w="728" /><ent r="1" t="195" w="93" /></phr></stem><stem n="limit"><phr n="limitations"><ent r="1" t="14" w="631" /><ent r="1" t="156" w="321" /><ent r="1" t="157" w="302" /></phr><phr n="limit"><ent r="1" t="23" w="35" /><ent r="1" t="23" w="68" /><ent r="1" t="92" w="302" /><ent r="1" t="92" w="526" /><ent r="1" t="92" w="541" /><ent r="1" t="131" w="262" /><ent r="1" t="143" w="396" /></phr><phr n="Limits"><ent r="90" t="92" w="460" /></phr><phr n="Limit"><ent r="51" t="92" w="463" /><ent r="1" t="92" w="472" /><ent r="1" t="92" w="482" /><ent r="1" t="92" w="495" /><ent r="51" t="131" w="258" /></phr><phr n="limits"><ent r="1" t="92" w="467" /><ent r="1" t="92" w="479" /><ent r="1" t="92" w="501" /></phr><phr n="limited"><ent r="1" t="143" w="526" /></phr><phr n="limitation"><ent r="1" t="156" w="341" /><ent r="1" t="157" w="322" /></phr></stem><stem n="preserv"><phr n="preserve"><ent r="1" t="14" w="640" /></phr></stem><stem n="icon"><phr n="Icon"><ent r="1" t="14" w="665" /><ent r="1" t="154" w="684" /></phr><phr n="icon"><ent r="1" t="19" w="119" /><ent r="1" t="159" w="640" /><ent r="1" t="159" w="647" /><ent r="1" t="159" w="651" /><ent r="1" t="159" w="659" /><ent r="1" t="159" w="666" /><ent r="1" t="159" w="811" /><ent r="1" t="159" w="818" /><ent r="1" t="159" w="822" /><ent r="1" t="159" w="830" /><ent r="1" t="159" w="897" /><ent r="1" t="159" w="901" /><ent r="1" t="159" w="909" /><ent r="1" t="159" w="950" /><ent r="1" t="159" w="975" /><ent r="1" t="159" w="1256" /><ent r="1" t="160" w="784" /><ent r="1" t="160" w="809" /></phr><phr n="icons"><ent r="1" t="159" w="927" /><ent r="1" t="159" w="1271" /><ent r="1" t="159" w="1275" /><ent r="1" t="160" w="766" /></phr></stem><stem n="onc"><phr n="once"><ent r="51" t="14" w="671" /><ent r="1" t="116" w="96" /><ent r="1" t="152" w="1920" /><ent r="1" t="153" w="2826" /><ent r="1" t="154" w="702" /></phr><phr n="Once"><ent r="1" t="153" w="191" /></phr></stem><stem n="return"><phr n="returns"><ent r="1" t="14" w="678" /><ent r="1" t="43" w="289" /><ent r="1" t="159" w="1483" /></phr><phr n="return"><ent r="1" t="43" w="383" /></phr></stem><stem n="bounc"><phr n="Bounce"><ent r="51" t="14" w="689" /></phr></stem><stem n="opposit"><phr n="opposite"><ent r="1" t="14" w="697" /></phr></stem><stem n="repeat"><phr n="Repeat"><ent r="51" t="14" w="705" /><ent r="1" t="156" w="884" /><ent r="1" t="156" w="1089" /><ent r="1" t="157" w="914" /><ent r="1" t="160" w="672" /></phr><phr n="repeated"><ent r="51" t="160" w="152" /></phr></stem><stem n="viewer"><phr n="Viewer"><ent r="51" t="15" w="16" /><ent r="51" t="103" w="470" /><ent r="1000" t="168" w="2" /><ent r="100" t="168" w="5" /><ent r="1" t="168" w="34" /><ent r="1" t="168" w="60" /><ent r="90" t="168" w="69" /><ent r="1" t="168" w="216" /><ent r="1" t="168" w="244" /><ent r="51" t="170" w="175" /></phr><phr n="viewer"><ent r="51" t="103" w="473" /><ent r="1" t="168" w="11" /></phr></stem><stem n="math"><phr n="Math"><ent r="51" t="16" w="18" /><ent r="1000" t="144" w="2" /><ent r="100" t="144" w="5" /><ent r="1" t="144" w="9" /><ent r="1" t="144" w="57" /><ent r="51" t="144" w="71" /><ent r="1" t="144" w="76" /><ent r="1" t="144" w="107" /><ent r="1" t="144" w="233" /><ent r="51" t="151" w="266" /><ent r="1000" t="153" w="6" /><ent r="100" t="153" w="13" /><ent r="90" t="153" w="1732" /><ent r="51" t="153" w="1769" /><ent r="1" t="153" w="1774" /><ent r="1" t="153" w="1792" /><ent r="1" t="153" w="1859" /><ent r="1" t="153" w="2327" /><ent r="1" t="153" w="2368" /><ent r="1" t="153" w="2382" /><ent r="1" t="153" w="2523" /><ent r="51" t="159" w="607" /><ent r="1" t="159" w="645" /><ent r="1" t="159" w="665" /><ent r="1" t="159" w="1133" /><ent r="1" t="159" w="1160" /><ent r="1" t="159" w="1181" /><ent r="1" t="159" w="1359" /><ent r="51" t="159" w="1389" /><ent r="51" t="159" w="1400" /><ent r="1" t="159" w="1606" /><ent r="51" t="160" w="1131" /><ent r="51" t="160" w="1144" /><ent r="51" t="160" w="1154" /><ent r="51" t="160" w="1172" /><ent r="51" t="160" w="1175" /><ent r="51" t="160" w="1192" /><ent r="1" t="160" w="1201" /><ent r="1" t="160" w="1434" /><ent r="1" t="180" w="248" /><ent r="1000" t="187" w="2" /><ent r="100" t="187" w="6" /></phr><phr n="math"><ent r="1" t="153" w="48" /><ent r="1" t="153" w="93" /><ent r="51" t="153" w="206" /><ent r="1" t="153" w="230" /><ent r="1" t="153" w="242" /><ent r="1" t="153" w="2019" /><ent r="1" t="153" w="2035" /><ent r="1" t="153" w="2484" /><ent r="1" t="153" w="2496" /><ent r="1" t="153" w="2911" /></phr></stem><stem n="fusion"><phr n="Fusion"><ent r="51" t="16" w="22" /><ent r="1000" t="145" w="6" /><ent r="100" t="145" w="15" /><ent r="1" t="145" w="24" /><ent r="51" t="145" w="304" /><ent r="1000" t="146" w="6" /><ent r="100" t="146" w="15" /><ent r="1" t="146" w="23" /><ent r="1" t="146" w="51" /><ent r="51" t="146" w="136" /><ent r="1" t="146" w="144" /><ent r="51" t="146" w="153" /><ent r="1" t="146" w="271" /><ent r="1" t="147" w="160" /><ent r="1" t="148" w="11" /><ent r="1" t="148" w="118" /><ent r="51" t="149" w="108" /><ent r="51" t="149" w="177" /><ent r="1" t="150" w="388" /><ent r="51" t="151" w="293" /><ent r="1000" t="155" w="5" /><ent r="100" t="155" w="13" /><ent r="1" t="155" w="50" /><ent r="1" t="155" w="71" /><ent r="51" t="155" w="100" /><ent r="51" t="155" w="350" /><ent r="1" t="155" w="358" /><ent r="1" t="155" w="366" /><ent r="1" t="155" w="376" /><ent r="1" t="155" w="539" /><ent r="1" t="155" w="601" /><ent r="1" t="155" w="658" /><ent r="1" t="155" w="740" /><ent r="1" t="155" w="836" /><ent r="1" t="155" w="848" /><ent r="1" t="155" w="908" /><ent r="1" t="155" w="1440" /><ent r="1" t="155" w="1508" /></phr><phr n="fusion"><ent r="1" t="149" w="306" /><ent r="1" t="149" w="329" /><ent r="51" t="150" w="14" /><ent r="1" t="150" w="103" /><ent r="1" t="155" w="63" /><ent r="1" t="155" w="1095" /><ent r="1" t="155" w="1134" /><ent r="1" t="155" w="1181" /></phr></stem><stem n="princip"><phr n="Principal"><ent r="51" t="16" w="26" /><ent r="1000" t="143" w="1" /><ent r="100" t="143" w="5" /><ent r="1" t="143" w="51" /><ent r="1" t="143" w="71" /><ent r="51" t="143" w="149" /><ent r="1" t="143" w="154" /><ent r="1" t="143" w="405" /><ent r="1" t="143" w="563" /><ent r="1" t="154" w="51" /><ent r="90" t="154" w="965" /><ent r="51" t="154" w="1001" /><ent r="1" t="154" w="1008" /><ent r="1" t="154" w="1028" /><ent r="1" t="154" w="1410" /><ent r="1" t="180" w="250" /></phr><phr n="principal"><ent r="1" t="143" w="96" /><ent r="1" t="143" w="126" /><ent r="1" t="143" w="136" /><ent r="1" t="143" w="495" /></phr></stem><stem n="analysi"><phr n="Analysis"><ent r="51" t="16" w="28" /><ent r="1000" t="143" w="3" /><ent r="100" t="143" w="7" /><ent r="1" t="143" w="73" /><ent r="51" t="143" w="151" /><ent r="1" t="143" w="156" /><ent r="1" t="143" w="407" /><ent r="1" t="143" w="565" /><ent r="1" t="154" w="53" /><ent r="90" t="154" w="967" /><ent r="51" t="154" w="1003" /><ent r="1" t="154" w="1010" /><ent r="1" t="154" w="1030" /><ent r="1" t="154" w="1412" /><ent r="51" t="170" w="16" /></phr><phr n="analysis"><ent r="1" t="63" w="47" /><ent r="1" t="109" w="12" /><ent r="1" t="143" w="53" /><ent r="1" t="143" w="138" /><ent r="1" t="143" w="701" /><ent r="1" t="143" w="909" /><ent r="1" t="151" w="188" /><ent r="1" t="152" w="1475" /><ent r="1" t="154" w="1268" /><ent r="51" t="158" w="253" /></phr></stem><stem n="spectral"><phr n="Spectral"><ent r="1000" t="17" w="1" /><ent r="100" t="17" w="4" /><ent r="1" t="17" w="8" /><ent r="1" t="17" w="36" /><ent r="1" t="20" w="289" /><ent r="51" t="151" w="277" /><ent r="100" t="154" w="8" /><ent r="1" t="154" w="165" /></phr><phr n="spectral"><ent r="1" t="20" w="157" /><ent r="1" t="20" w="217" /><ent r="1" t="33" w="14" /><ent r="1" t="34" w="38" /><ent r="1" t="36" w="32" /><ent r="1" t="93" w="15" /><ent r="1" t="93" w="201" /><ent r="1" t="128" w="491" /><ent r="1" t="128" w="892" /><ent r="1" t="136" w="256" /><ent r="1" t="141" w="75" /><ent r="1" t="141" w="85" /><ent r="1" t="141" w="395" /><ent r="1" t="143" w="17" /><ent r="1" t="143" w="22" /><ent r="1" t="143" w="58" /><ent r="1" t="143" w="82" /><ent r="1" t="152" w="1525" /><ent r="1" t="153" w="271" /><ent r="1" t="154" w="1124" /><ent r="1" t="193" w="24" /></phr><phr n="spectrally"><ent r="1" t="154" w="41" /></phr></stem><stem n="interpret"><phr n="interpret"><ent r="1" t="17" w="20" /><ent r="1" t="153" w="983" /></phr><phr n="interpretive"><ent r="1" t="86" w="44" /></phr><phr n="Interpreter"><ent r="51" t="103" w="405" /></phr><phr n="interpreter"><ent r="51" t="103" w="408" /></phr><phr n="interpretation"><ent r="1" t="151" w="190" /></phr></stem></index>