﻿<?xml version="1.0" encoding="utf-8"?><index><stem n="by-sid"><phr n="by-side"><ent r="4" t="172" w="209" /><ent r="4" t="172" w="224" /><ent r="4" t="176" w="243" /><ent r="3" t="177" w="32" /><ent r="3" t="177" w="295" /><ent r="4" t="177" w="305" /><ent r="4" t="177" w="382" /><ent r="4" t="177" w="402" /><ent r="4" t="181" w="2153" /><ent r="3" t="183" w="1627" /><ent r="4" t="183" w="1671" /><ent r="3" t="183" w="1703" /><ent r="4" t="187" w="906" /></phr><phr n="by-Side"><ent r="3" t="176" w="52" /><ent r="5" t="176" w="145" /><ent r="92" t="177" w="287" /><ent r="3" t="183" w="1094" /><ent r="92" t="183" w="1619" /></phr></stem><stem n="why"><phr n="why"><ent r="4" t="172" w="218" /></phr></stem><stem n="fall"><phr n="fall"><ent r="4" t="172" w="241" /></phr></stem><stem n="categori"><phr n="category"><ent r="4" t="172" w="244" /></phr></stem><stem n="geoloc"><phr n="geolocation"><ent r="4" t="172" w="250" /><ent r="3" t="174" w="56" /><ent r="3" t="183" w="855" /></phr></stem><stem n="problem"><phr n="problems"><ent r="4" t="172" w="258" /></phr></stem><stem n="desk"><phr n="Desk"><ent r="4" t="172" w="269" /></phr></stem><stem n="“not"><phr n="“Not"><ent r="4" t="172" w="277" /></phr></stem><stem n="“for"><phr n="“For"><ent r="4" t="172" w="282" /></phr></stem><stem n="dodii"><phr n="DODIIS"><ent r="4" t="172" w="299" /></phr></stem><stem n="certifi"><phr n="certified"><ent r="4" t="172" w="300" /></phr></stem><stem n="-in:start"><phr n="-in:starting"><ent r="100" t="173" w="16" /><ent r="100" t="173" w="16" /></phr></stem><stem n="properli"><phr n="properly"><ent r="4" t="173" w="61" /></phr></stem><stem n="recommend"><phr n="recommend"><ent r="4" t="173" w="64" /><ent r="3" t="183" w="567" /><ent r="3" t="183" w="682" /><ent r="3" t="188" w="1673" /></phr></stem><stem n="produc"><phr n="produce"><ent r="4" t="173" w="86" /><ent r="3" t="180" w="239" /><ent r="3" t="183" w="591" /><ent r="3" t="187" w="931" /></phr></stem><stem n="("><phr n="("><ent r="4" t="173" w="189" /><ent r="4" t="173" w="259" /><ent r="4" t="174" w="220" /><ent r="4" t="176" w="149" /><ent r="4" t="176" w="189" /><ent r="4" t="176" w="247" /><ent r="4" t="177" w="183" /><ent r="3" t="181" w="1474" /><ent r="4" t="183" w="638" /><ent r="4" t="189" w="474" /><ent r="3" t="198" w="12" /></phr></stem><stem n="agre"><phr n="agree"><ent r="3" t="173" w="239" /></phr></stem><stem n="enough"><phr n="enough"><ent r="3" t="173" w="251" /><ent r="4" t="176" w="261" /><ent r="3" t="184" w="750" /><ent r="4" t="209" w="377" /></phr></stem><stem n="did"><phr n="did"><ent r="3" t="173" w="330" /></phr></stem><stem n="correct"><phr n="correct"><ent r="3" t="174" w="52" /><ent r="4" t="174" w="252" /><ent r="4" t="181" w="1971" /><ent r="3" t="183" w="851" /><ent r="3" t="196" w="392" /><ent r="3" t="210" w="210" /><ent r="3" t="232" w="173" /></phr></stem><stem n="inconsist"><phr n="inconsistencies"><ent r="3" t="174" w="53" /><ent r="3" t="183" w="852" /></phr></stem><stem n="visibl"><phr n="visible"><ent r="3" t="174" w="214" /><ent r="4" t="174" w="269" /><ent r="3" t="181" w="306" /><ent r="4" t="183" w="467" /><ent r="3" t="188" w="270" /><ent r="3" t="188" w="298" /><ent r="4" t="237" w="81" /><ent r="3" t="237" w="91" /></phr></stem><stem n="verifi"><phr n="Verify"><ent r="5" t="174" w="241" /></phr><phr n="verify"><ent r="4" t="174" w="245" /></phr></stem><stem n="-hair"><phr n="-hair"><ent r="4" t="174" w="266" /><ent r="4" t="174" w="266" /></phr></stem><stem n="cross"><phr n="cross"><ent r="4" t="174" w="266" /><ent r="4" t="174" w="282" /></phr></stem><stem n="cross-hair"><phr n="cross-hair"><ent r="4" t="174" w="266" /><ent r="4" t="174" w="282" /></phr></stem><stem n="hair"><phr n="hair"><ent r="4" t="174" w="267" /><ent r="4" t="174" w="283" /></phr></stem><stem n="-hair."><phr n="-hair."><ent r="4" t="174" w="284" /><ent r="4" t="174" w="284" /></phr></stem><stem n="transfer"><phr n="transferring"><ent r="3" t="175" w="25" /></phr><phr n="transfer"><ent r="4" t="175" w="127" /></phr></stem><stem n="flicker"><phr n="Flicker"><ent r="3" t="176" w="48" /><ent r="5" t="176" w="139" /><ent r="5" t="176" w="156" /><ent r="5" t="176" w="185" /><ent r="92" t="177" w="75" /><ent r="5" t="177" w="116" /><ent r="5" t="177" w="128" /><ent r="4" t="177" w="348" /><ent r="3" t="183" w="1090" /><ent r="5" t="183" w="1230" /><ent r="5" t="183" w="1238" /><ent r="92" t="183" w="1352" /><ent r="4" t="183" w="1418" /></phr><phr n="flicker"><ent r="4" t="176" w="166" /><ent r="4" t="176" w="172" /><ent r="4" t="176" w="177" /><ent r="4" t="176" w="197" /><ent r="3" t="177" w="38" /><ent r="3" t="177" w="42" /><ent r="3" t="177" w="49" /><ent r="3" t="177" w="69" /><ent r="3" t="177" w="71" /><ent r="3" t="177" w="85" /><ent r="3" t="177" w="101" /><ent r="3" t="177" w="135" /><ent r="3" t="177" w="155" /><ent r="4" t="177" w="160" /><ent r="4" t="177" w="173" /><ent r="4" t="177" w="181" /><ent r="3" t="177" w="211" /><ent r="4" t="177" w="216" /><ent r="4" t="177" w="357" /><ent r="4" t="177" w="362" /><ent r="4" t="177" w="369" /><ent r="4" t="177" w="378" /><ent r="4" t="183" w="1250" /><ent r="4" t="183" w="1256" /><ent r="3" t="183" w="1364" /><ent r="3" t="183" w="1371" /><ent r="3" t="183" w="1378" /><ent r="3" t="183" w="1395" /><ent r="3" t="183" w="1397" /><ent r="3" t="183" w="1402" /><ent r="3" t="183" w="1425" /><ent r="3" t="183" w="1447" /><ent r="4" t="183" w="1452" /><ent r="4" t="183" w="1470" /><ent r="4" t="183" w="1480" /><ent r="3" t="183" w="1486" /><ent r="4" t="183" w="1491" /><ent r="4" t="183" w="1634" /></phr><phr n="flickering"><ent r="4" t="177" w="342" /></phr></stem><stem n="/blend"><phr n="/Blend"><ent r="3" t="176" w="49" /><ent r="5" t="176" w="140" /><ent r="92" t="177" w="76" /><ent r="3" t="183" w="1091" /><ent r="5" t="183" w="1231" /><ent r="92" t="183" w="1353" /></phr><phr n="/blend"><ent r="3" t="177" w="39" /><ent r="3" t="177" w="50" /><ent r="3" t="183" w="1365" /><ent r="3" t="183" w="1379" /></phr></stem><stem n="flicker/blend"><phr n="Flicker/Blend"><ent r="3" t="176" w="49" /><ent r="3" t="176" w="48" /><ent r="5" t="176" w="140" /><ent r="5" t="176" w="139" /><ent r="92" t="177" w="76" /><ent r="92" t="177" w="75" /><ent r="3" t="183" w="1091" /><ent r="3" t="183" w="1090" /><ent r="5" t="183" w="1231" /><ent r="5" t="183" w="1230" /><ent r="92" t="183" w="1353" /><ent r="92" t="183" w="1352" /></phr><phr n="flicker/blend"><ent r="3" t="177" w="39" /><ent r="3" t="177" w="38" /><ent r="3" t="177" w="50" /><ent r="3" t="177" w="49" /><ent r="3" t="183" w="1365" /><ent r="3" t="183" w="1364" /><ent r="3" t="183" w="1379" /><ent r="3" t="183" w="1378" /></phr></stem><stem n="blend"><phr n="Blend"><ent r="3" t="176" w="49" /><ent r="5" t="176" w="140" /><ent r="92" t="177" w="76" /><ent r="3" t="183" w="1091" /><ent r="5" t="183" w="1231" /><ent r="92" t="183" w="1353" /></phr><phr n="blend"><ent r="3" t="177" w="39" /><ent r="3" t="177" w="50" /><ent r="3" t="183" w="1365" /><ent r="3" t="183" w="1379" /></phr></stem><stem n="done"><phr n="done"><ent r="5" t="176" w="159" /><ent r="5" t="183" w="1243" /><ent r="4" t="183" w="1696" /></phr></stem><stem n="respect"><phr n="respective"><ent r="4" t="176" w="215" /><ent r="3" t="179" w="102" /></phr></stem><stem n="optim"><phr n="Optimize"><ent r="5" t="176" w="274" /></phr><phr n="optimizations"><ent r="3" t="180" w="272" /></phr></stem><stem n="restart"><phr n="restarting"><ent r="4" t="176" w="294" /><ent r="4" t="176" w="355" /><ent r="4" t="183" w="1294" /></phr><phr n="restart"><ent r="4" t="177" w="355" /></phr></stem><stem n="soon"><phr n="soon"><ent r="4" t="176" w="320" /></phr></stem><stem n="/manual"><phr n="/manual"><ent r="3" t="177" w="68" /><ent r="3" t="183" w="1394" /></phr></stem><stem n="automated/manu"><phr n="automated/manual"><ent r="3" t="177" w="68" /><ent r="3" t="177" w="67" /><ent r="3" t="183" w="1394" /><ent r="3" t="183" w="1393" /></phr></stem><stem n="de"><phr n="de"><ent r="4" t="177" w="203" /><ent r="3" t="214" w="43" /><ent r="3" t="214" w="73" /><ent r="6" t="230" w="401" /></phr></stem><stem n="de-select"><phr n="de-selecting"><ent r="4" t="177" w="203" /><ent r="6" t="230" w="401" /></phr><phr n="de-select"><ent r="3" t="214" w="43" /><ent r="3" t="214" w="73" /></phr></stem><stem n=",y"><phr n=",y"><ent r="3" t="177" w="261" /></phr></stem><stem n="x,y"><phr n="x,y"><ent r="3" t="177" w="261" /><ent r="3" t="177" w="260" /></phr></stem><stem n="/"><phr n="/"><ent r="4" t="177" w="316" /><ent r="4" t="177" w="320" /><ent r="4" t="177" w="324" /><ent r="4" t="177" w="328" /><ent r="5" t="181" w="2942" /><ent r="3" t="194" w="203" /><ent r="3" t="200" w="709" /></phr></stem><stem n="shift+z"><phr n="Shift+Z"><ent r="4" t="177" w="316" /></phr></stem><stem n="==&gt;"><phr n="==&gt;"><ent r="4" t="177" w="317" /><ent r="4" t="177" w="325" /><ent r="4" t="177" w="333" /></phr></stem><stem n="shift+right"><phr n="Shift+Right"><ent r="4" t="177" w="324" /></phr></stem><stem n="radiu"><phr n="radius"><ent r="5" t="178" w="63" /><ent r="4" t="178" w="70" /><ent r="4" t="178" w="83" /><ent r="3" t="178" w="150" /><ent r="3" t="238" w="455" /></phr></stem><stem n="larg"><phr n="large"><ent r="4" t="178" w="68" /><ent r="3" t="180" w="1437" /><ent r="4" t="209" w="376" /></phr></stem><stem n="smaller"><phr n="smaller"><ent r="4" t="178" w="81" /><ent r="3" t="180" w="660" /></phr></stem><stem n="(zoom"><phr n="(zoomed"><ent r="3" t="178" w="132" /></phr></stem><stem n="centroid"><phr n="centroid"><ent r="3" t="178" w="154" /></phr></stem><stem n="&quot;clusters.&quot;"><phr n="&quot;clusters.&quot;"><ent r="3" t="178" w="163" /></phr></stem><stem n="!"><phr n="!"><ent r="3" t="179" w="13" /></phr></stem><stem n="focu"><phr n="focus"><ent r="3" t="179" w="15" /></phr></stem><stem n="studio"><phr n="Studio"><ent r="3" t="179" w="19" /></phr></stem><stem n="scenario"><phr n="scenarios"><ent r="3" t="179" w="27" /></phr><phr n="scenario"><ent r="3" t="179" w="64" /><ent r="3" t="182" w="1188" /><ent r="4" t="182" w="1327" /></phr></stem><stem n="learn"><phr n="Learning"><ent r="3" t="179" w="51" /><ent r="82" t="179" w="69" /><ent r="4" t="180" w="20" /><ent r="4" t="181" w="37" /><ent r="4" t="182" w="26" /><ent r="4" t="183" w="28" /><ent r="4" t="184" w="18" /><ent r="4" t="185" w="21" /><ent r="4" t="186" w="25" /><ent r="4" t="187" w="18" /><ent r="4" t="188" w="16" /><ent r="4" t="189" w="24" /></phr><phr n="learned"><ent r="3" t="188" w="123" /></phr></stem><stem n="intend"><phr n="Intended"><ent r="92" t="179" w="66" /></phr><phr n="intended"><ent r="3" t="179" w="73" /></phr></stem><stem n="audienc"><phr n="audience"><ent r="92" t="179" w="67" /><ent r="3" t="179" w="74" /></phr></stem><stem n="anyon"><phr n="anyone"><ent r="3" t="179" w="79" /></phr></stem><stem n="users/oper"><phr n="users/operators"><ent r="3" t="179" w="99" /><ent r="3" t="179" w="98" /></phr></stem><stem n="users/operators,"><phr n="users/operators,"><ent r="3" t="179" w="99" /><ent r="3" t="179" w="98" /></phr></stem><stem n="/operators,"><phr n="/operators,"><ent r="3" t="179" w="100" /></phr></stem><stem n="supervisor"><phr n="supervisors"><ent r="3" t="179" w="103" /></phr></stem><stem n="critic"><phr n="criticality"><ent r="82" t="179" w="106" /></phr><phr n="critical"><ent r="3" t="179" w="155" /><ent r="3" t="200" w="32" /></phr></stem><stem n="basi"><phr n="basis"><ent r="3" t="179" w="113" /></phr></stem><stem n="purpos"><phr n="purpose"><ent r="3" t="179" w="123" /><ent r="3" t="180" w="1418" /></phr><phr n="purposes"><ent r="3" t="238" w="548" /></phr></stem><stem n="necessarili"><phr n="necessarily"><ent r="3" t="179" w="131" /></phr></stem><stem n="knowledg"><phr n="knowledge"><ent r="3" t="179" w="143" /><ent r="3" t="179" w="173" /></phr></stem><stem n="prerequisit"><phr n="Prerequisites"><ent r="82" t="179" w="167" /></phr></stem><stem n="fundament"><phr n="fundamental"><ent r="3" t="179" w="172" /></phr></stem><stem n="workstat"><phr n="workstation"><ent r="3" t="179" w="180" /></phr></stem><stem n="train"><phr n="training"><ent r="3" t="179" w="187" /><ent r="3" t="179" w="198" /><ent r="3" t="179" w="208" /><ent r="3" t="238" w="519" /></phr></stem><stem n="expect"><phr n="expected"><ent r="3" t="179" w="204" /></phr></stem><stem n="(job"><phr n="(job"><ent r="3" t="179" w="207" /></phr></stem><stem n="job"><phr n="job"><ent r="3" t="179" w="207" /></phr></stem><stem n="exercis"><phr n="exercises"><ent r="3" t="179" w="217" /></phr><phr n="exercise"><ent r="3" t="182" w="1150" /><ent r="3" t="238" w="520" /></phr><phr n="Exercise"><ent r="3" t="187" w="604" /><ent r="3" t="187" w="1169" /></phr></stem><stem n="consid"><phr n="considered"><ent r="3" t="179" w="230" /></phr></stem><stem n="download"><phr n="downloaded"><ent r="7" t="179" w="257" /><ent r="7" t="179" w="281" /><ent r="7" t="180" w="474" /><ent r="7" t="180" w="498" /><ent r="7" t="181" w="624" /><ent r="7" t="181" w="648" /><ent r="7" t="182" w="336" /><ent r="7" t="182" w="360" /><ent r="7" t="183" w="299" /><ent r="7" t="183" w="323" /><ent r="7" t="184" w="574" /><ent r="7" t="184" w="598" /><ent r="7" t="185" w="559" /><ent r="7" t="185" w="583" /><ent r="7" t="186" w="183" /><ent r="7" t="186" w="207" /><ent r="7" t="187" w="450" /><ent r="7" t="187" w="474" /><ent r="7" t="188" w="371" /><ent r="7" t="188" w="395" /><ent r="7" t="189" w="361" /><ent r="7" t="189" w="385" /></phr><phr n="download"><ent r="3" t="226" w="41" /></phr></stem><stem n="websit"><phr n="website"><ent r="7" t="179" w="261" /><ent r="7" t="180" w="478" /><ent r="7" t="181" w="628" /><ent r="7" t="182" w="340" /><ent r="7" t="183" w="303" /><ent r="7" t="184" w="578" /><ent r="7" t="185" w="563" /><ent r="7" t="186" w="187" /><ent r="7" t="187" w="454" /><ent r="7" t="188" w="375" /><ent r="7" t="189" w="365" /></phr></stem><stem n="http"><phr n="http"><ent r="68" t="179" w="264" /><ent r="68" t="180" w="481" /><ent r="68" t="181" w="631" /><ent r="68" t="182" w="343" /><ent r="68" t="183" w="306" /><ent r="68" t="184" w="581" /><ent r="68" t="185" w="566" /><ent r="68" t="186" w="190" /><ent r="68" t="187" w="457" /><ent r="68" t="188" w="378" /><ent r="68" t="189" w="368" /><ent r="64" t="198" w="13" /></phr></stem><stem n="opticks.org"><phr n="opticks.org"><ent r="68" t="179" w="266" /><ent r="68" t="179" w="265" /><ent r="68" t="180" w="483" /><ent r="68" t="180" w="482" /><ent r="68" t="181" w="633" /><ent r="68" t="181" w="632" /><ent r="68" t="182" w="345" /><ent r="68" t="182" w="344" /><ent r="68" t="183" w="308" /><ent r="68" t="183" w="307" /><ent r="68" t="184" w="583" /><ent r="68" t="184" w="582" /><ent r="68" t="185" w="568" /><ent r="68" t="185" w="567" /><ent r="68" t="186" w="192" /><ent r="68" t="186" w="191" /><ent r="68" t="187" w="459" /><ent r="68" t="187" w="458" /><ent r="68" t="188" w="380" /><ent r="68" t="188" w="379" /><ent r="68" t="189" w="370" /><ent r="68" t="189" w="369" /></phr></stem><stem n="opticks.org/conflu"><phr n="opticks.org/confluence"><ent r="68" t="179" w="267" /><ent r="68" t="179" w="265" /><ent r="68" t="180" w="484" /><ent r="68" t="180" w="482" /><ent r="68" t="181" w="634" /><ent r="68" t="181" w="632" /><ent r="68" t="182" w="346" /><ent r="68" t="182" w="344" /><ent r="68" t="183" w="309" /><ent r="68" t="183" w="307" /><ent r="68" t="184" w="584" /><ent r="68" t="184" w="582" /><ent r="68" t="185" w="569" /><ent r="68" t="185" w="567" /><ent r="68" t="186" w="193" /><ent r="68" t="186" w="191" /><ent r="68" t="187" w="460" /><ent r="68" t="187" w="458" /><ent r="68" t="188" w="381" /><ent r="68" t="188" w="379" /><ent r="68" t="189" w="371" /><ent r="68" t="189" w="369" /></phr></stem><stem n="confluenc"><phr n="confluence"><ent r="68" t="179" w="267" /><ent r="68" t="180" w="484" /><ent r="68" t="181" w="634" /><ent r="68" t="182" w="346" /><ent r="68" t="183" w="309" /><ent r="68" t="184" w="584" /><ent r="68" t="185" w="569" /><ent r="68" t="186" w="193" /><ent r="68" t="187" w="460" /><ent r="68" t="188" w="381" /><ent r="68" t="189" w="371" /></phr></stem><stem n="opticks.org/confluence/displai"><phr n="opticks.org/confluence/display"><ent r="68" t="179" w="268" /><ent r="68" t="179" w="265" /><ent r="68" t="180" w="485" /><ent r="68" t="180" w="482" /><ent r="68" t="181" w="635" /><ent r="68" t="181" w="632" /><ent r="68" t="182" w="347" /><ent r="68" t="182" w="344" /><ent r="68" t="183" w="310" /><ent r="68" t="183" w="307" /><ent r="68" t="184" w="585" /><ent r="68" t="184" w="582" /><ent r="68" t="185" w="570" /><ent r="68" t="185" w="567" /><ent r="68" t="186" w="194" /><ent r="68" t="186" w="191" /><ent r="68" t="187" w="461" /><ent r="68" t="187" w="458" /><ent r="68" t="188" w="382" /><ent r="68" t="188" w="379" /><ent r="68" t="189" w="372" /><ent r="68" t="189" w="369" /></phr></stem><stem n="opticks.org/confluence/display/optick"><phr n="opticks.org/confluence/display/opticks"><ent r="68" t="179" w="269" /><ent r="68" t="179" w="265" /><ent r="68" t="180" w="486" /><ent r="68" t="180" w="482" /><ent r="68" t="181" w="636" /><ent r="68" t="181" w="632" /><ent r="68" t="182" w="348" /><ent r="68" t="182" w="344" /><ent r="68" t="183" w="311" /><ent r="68" t="183" w="307" /><ent r="68" t="184" w="586" /><ent r="68" t="184" w="582" /><ent r="68" t="185" w="571" /><ent r="68" t="185" w="567" /><ent r="68" t="186" w="195" /><ent r="68" t="186" w="191" /><ent r="68" t="187" w="462" /><ent r="68" t="187" w="458" /><ent r="68" t="188" w="383" /><ent r="68" t="188" w="379" /><ent r="68" t="189" w="373" /><ent r="68" t="189" w="369" /></phr></stem><stem n="://opticks.org/confluence/display/opticks/sample+data"><phr n="://opticks.org/confluence/display/opticks/Sample+Data"><ent r="68" t="179" w="270" /><ent r="68" t="180" w="487" /><ent r="68" t="181" w="637" /><ent r="68" t="182" w="349" /><ent r="68" t="183" w="312" /><ent r="68" t="184" w="587" /><ent r="68" t="185" w="572" /><ent r="68" t="186" w="196" /><ent r="68" t="187" w="463" /><ent r="68" t="188" w="384" /><ent r="68" t="189" w="374" /></phr></stem><stem n="opticks.org/confluence/display/opticks/sample+data"><phr n="opticks.org/confluence/display/opticks/Sample+Data"><ent r="68" t="179" w="270" /><ent r="68" t="179" w="265" /><ent r="68" t="180" w="487" /><ent r="68" t="180" w="482" /><ent r="68" t="181" w="637" /><ent r="68" t="181" w="632" /><ent r="68" t="182" w="349" /><ent r="68" t="182" w="344" /><ent r="68" t="183" w="312" /><ent r="68" t="183" w="307" /><ent r="68" t="184" w="587" /><ent r="68" t="184" w="582" /><ent r="68" t="185" w="572" /><ent r="68" t="185" w="567" /><ent r="68" t="186" w="196" /><ent r="68" t="186" w="191" /><ent r="68" t="187" w="463" /><ent r="68" t="187" w="458" /><ent r="68" t="188" w="384" /><ent r="68" t="188" w="379" /><ent r="68" t="189" w="374" /><ent r="68" t="189" w="369" /></phr></stem><stem n="sample+data"><phr n="Sample+Data"><ent r="68" t="179" w="270" /><ent r="68" t="180" w="487" /><ent r="68" t="181" w="637" /><ent r="68" t="182" w="349" /><ent r="68" t="183" w="312" /><ent r="68" t="184" w="587" /><ent r="68" t="185" w="572" /><ent r="68" t="186" w="196" /><ent r="68" t="187" w="463" /><ent r="68" t="188" w="384" /><ent r="68" t="189" w="374" /></phr></stem><stem n="information/annot"><phr n="Information/Annotations"><ent r="64" t="179" w="334" /><ent r="64" t="179" w="333" /><ent r="102" t="181" w="30" /><ent r="102" t="181" w="29" /></phr><phr n="information/annotations"><ent r="4" t="181" w="121" /><ent r="4" t="181" w="120" /></phr></stem><stem n="information/annotations,"><phr n="Information/Annotations,"><ent r="64" t="179" w="334" /><ent r="64" t="179" w="333" /><ent r="102" t="181" w="30" /><ent r="102" t="181" w="29" /></phr></stem><stem n="/annotations,"><phr n="/Annotations,"><ent r="64" t="179" w="335" /><ent r="102" t="181" w="31" /></phr></stem><stem n="familiar"><phr n="familiar"><ent r="3" t="180" w="31" /><ent r="3" t="182" w="41" /><ent r="3" t="184" w="29" /><ent r="3" t="185" w="32" /><ent r="3" t="186" w="36" /><ent r="3" t="187" w="29" /><ent r="3" t="188" w="27" /><ent r="3" t="188" w="1875" /><ent r="3" t="189" w="35" /><ent r="3" t="189" w="1700" /></phr></stem><stem n="’ll"><phr n="’ll"><ent r="3" t="180" w="46" /><ent r="3" t="181" w="85" /><ent r="3" t="183" w="69" /><ent r="3" t="189" w="622" /></phr></stem><stem n="lesson"><phr n="Lesson"><ent r="4" t="180" w="96" /><ent r="4" t="181" w="127" /><ent r="4" t="182" w="113" /><ent r="4" t="183" w="102" /><ent r="4" t="184" w="84" /><ent r="4" t="185" w="74" /><ent r="4" t="186" w="120" /><ent r="4" t="187" w="75" /><ent r="4" t="188" w="76" /><ent r="4" t="189" w="110" /></phr><phr n="lesson"><ent r="3" t="181" w="272" /><ent r="4" t="187" w="281" /></phr></stem><stem n="graph"><phr n="graph"><ent r="3" t="180" w="142" /><ent r="4" t="182" w="1373" /></phr></stem><stem n="characterist"><phr n="characteristics"><ent r="3" t="180" w="191" /></phr></stem><stem n="format/sc"><phr n="format/scaling"><ent r="3" t="180" w="233" /><ent r="3" t="180" w="232" /></phr></stem><stem n="format/scaling,"><phr n="format/scaling,"><ent r="3" t="180" w="233" /><ent r="3" t="180" w="232" /></phr></stem><stem n="/scaling,"><phr n="/scaling,"><ent r="3" t="180" w="234" /></phr></stem><stem n="crop"><phr n="cropping"><ent r="3" t="180" w="234" /></phr></stem><stem n="-format"><phr n="-formatted"><ent r="3" t="180" w="242" /><ent r="3" t="180" w="242" /></phr></stem><stem n="ice-format"><phr n="ICE-formatted"><ent r="3" t="180" w="242" /></phr></stem><stem n="whenev"><phr n="whenever"><ent r="3" t="180" w="252" /></phr></stem><stem n="obtain"><phr n="obtained"><ent r="3" t="180" w="262" /></phr><phr n="obtain"><ent r="3" t="188" w="192" /></phr></stem><stem n="d"><phr n="D"><ent r="66" t="180" w="318" /><ent r="64" t="199" w="136" /><ent r="3" t="199" w="227" /><ent r="1000" t="204" w="2" /><ent r="102" t="204" w="5" /></phr><phr n="d"><ent r="4" t="181" w="1453" /></phr></stem><stem n="isplai"><phr n="isplay"><ent r="65" t="180" w="320" /></phr></stem><stem n="f970620t01p02"><phr n="f970620t01p02"><ent r="5" t="180" w="546" /><ent r="6" t="180" w="2331" /><ent r="5" t="186" w="274" /><ent r="6" t="186" w="530" /></phr></stem><stem n="f970620t01p02_r03"><phr n="f970620t01p02_r03"><ent r="5" t="180" w="547" /><ent r="5" t="180" w="546" /><ent r="6" t="180" w="2332" /><ent r="6" t="180" w="2331" /><ent r="5" t="186" w="275" /><ent r="5" t="186" w="274" /><ent r="6" t="186" w="531" /><ent r="6" t="186" w="530" /></phr></stem><stem n="r03"><phr n="r03"><ent r="5" t="180" w="547" /><ent r="6" t="180" w="2332" /><ent r="5" t="186" w="275" /><ent r="6" t="186" w="531" /></phr></stem><stem n="f970620t01p02_r03_sc01"><phr n="f970620t01p02_r03_sc01"><ent r="5" t="180" w="548" /><ent r="5" t="180" w="546" /><ent r="6" t="180" w="2333" /><ent r="6" t="180" w="2331" /><ent r="5" t="186" w="276" /><ent r="5" t="186" w="274" /><ent r="6" t="186" w="532" /><ent r="6" t="186" w="530" /></phr></stem><stem n="sc01"><phr n="sc01"><ent r="5" t="180" w="548" /><ent r="6" t="180" w="2333" /><ent r="5" t="186" w="276" /><ent r="6" t="186" w="532" /></phr></stem><stem n="f970620t01p02_r03_sc01.a"><phr n="f970620t01p02_r03_sc01.a"><ent r="5" t="180" w="549" /><ent r="5" t="180" w="546" /><ent r="5" t="186" w="277" /><ent r="5" t="186" w="274" /><ent r="6" t="186" w="533" /><ent r="6" t="186" w="530" /></phr></stem><stem n="f970620t01p02_r03_sc01.a.bip"><phr n="f970620t01p02_r03_sc01.a.bip"><ent r="5" t="180" w="550" /><ent r="5" t="180" w="546" /><ent r="6" t="186" w="534" /><ent r="6" t="186" w="530" /></phr></stem><stem n="bip"><phr n="bip"><ent r="5" t="180" w="550" /><ent r="6" t="186" w="534" /></phr><phr n="BIP"><ent r="7" t="200" w="312" /><ent r="3" t="209" w="234" /><ent r="3" t="209" w="274" /><ent r="3" t="209" w="301" /></phr></stem><stem n="f970620t01p02_r03_sc01.a.bip."><phr n="f970620t01p02_r03_sc01.a.bip."><ent r="5" t="180" w="550" /><ent r="5" t="180" w="546" /></phr></stem><stem n="_r03_sc01.a.bip."><phr n="_r03_sc01.a.bip."><ent r="5" t="180" w="551" /></phr></stem><stem n="outlin"><phr n="outlining"><ent r="3" t="180" w="709" /></phr><phr n="outline"><ent r="4" t="184" w="872" /></phr><phr n="outlined"><ent r="4" t="184" w="916" /><ent r="3" t="188" w="571" /></phr></stem><stem n="-size"><phr n="-size"><ent r="3" t="180" w="731" /><ent r="3" t="180" w="731" /></phr></stem><stem n="full-siz"><phr n="full-size"><ent r="3" t="180" w="731" /></phr></stem><stem n="-spatial"><phr n="-spatial"><ent r="3" t="180" w="750" /><ent r="3" t="180" w="750" /></phr></stem><stem n="geo-spati"><phr n="geo-spatial"><ent r="3" t="180" w="750" /></phr></stem><stem n="enlarg"><phr n="enlarge"><ent r="4" t="180" w="944" /><ent r="4" t="182" w="635" /><ent r="4" t="187" w="1131" /></phr></stem><stem n="180"><phr n="180"><ent r="4" t="180" w="1008" /></phr></stem><stem n="horizontal-axi"><phr n="horizontal-axis"><ent r="4" t="180" w="1012" /></phr></stem><stem n="represent"><phr n="representation"><ent r="4" t="180" w="1102" /><ent r="7" t="200" w="189" /></phr></stem><stem n="windo"><phr n="Windo"><ent r="5" t="180" w="1160" /></phr></stem><stem n="white"><phr n="white"><ent r="3" t="180" w="1265" /><ent r="4" t="180" w="2181" /><ent r="3" t="187" w="617" /><ent r="4" t="187" w="1126" /><ent r="3" t="195" w="224" /></phr></stem><stem n="inact"><phr n="inactive"><ent r="3" t="180" w="1267" /></phr></stem><stem n="abov"><phr n="above"><ent r="3" t="180" w="1300" /><ent r="3" t="188" w="1689" /></phr></stem><stem n="illustr"><phr n="illustrates"><ent r="3" t="180" w="1301" /></phr></stem><stem n="approxim"><phr n="approximately"><ent r="3" t="180" w="1310" /><ent r="4" t="181" w="1743" /></phr><phr n="approximate"><ent r="3" t="194" w="124" /></phr></stem><stem n="8"><phr n="8"><ent r="3" t="180" w="1311" /><ent r="4" t="181" w="1357" /><ent r="5" t="181" w="1372" /><ent r="3" t="189" w="1351" /><ent r="7" t="200" w="192" /></phr></stem><stem n="19"><phr n="19"><ent r="3" t="180" w="1315" /><ent r="3" t="200" w="716" /></phr></stem><stem n="meet"><phr n="meeting"><ent r="3" t="180" w="1332" /></phr></stem><stem n="criteria"><phr n="criteria"><ent r="3" t="180" w="1334" /></phr></stem><stem n="experi"><phr n="Experiment"><ent r="3" t="180" w="1450" /><ent r="4" t="180" w="1880" /><ent r="4" t="180" w="1964" /></phr></stem><stem n="observ"><phr n="observing"><ent r="3" t="180" w="1460" /></phr><phr n="observe"><ent r="4" t="180" w="1839" /><ent r="4" t="180" w="1870" /></phr></stem><stem n="(red,"><phr n="(Red,"><ent r="3" t="180" w="1469" /></phr></stem><stem n="spreadsheet"><phr n="spreadsheets"><ent r="3" t="180" w="1535" /></phr></stem><stem n="(click"><phr n="(click"><ent r="4" t="180" w="1726" /><ent r="4" t="182" w="894" /></phr><phr n="(Click"><ent r="3" t="182" w="907" /></phr></stem><stem n="feel"><phr n="feel"><ent r="4" t="180" w="1900" /></phr></stem><stem n="relationship"><phr n="relationship"><ent r="4" t="180" w="1903" /></phr></stem><stem n="-grai"><phr n="-Gray"><ent r="4" t="180" w="1936" /><ent r="4" t="180" w="1936" /></phr></stem><stem n="1-grai"><phr n="1-Gray"><ent r="4" t="180" w="1936" /></phr></stem><stem n="69"><phr n="69"><ent r="5" t="180" w="2037" /></phr></stem><stem n="veget"><phr n="vegetative"><ent r="4" t="180" w="2043" /><ent r="3" t="181" w="2055" /><ent r="4" t="181" w="2610" /></phr><phr n="Vegetation"><ent r="3" t="181" w="281" /><ent r="3" t="181" w="1855" /><ent r="92" t="181" w="2441" /><ent r="4" t="181" w="2700" /></phr><phr n="vegetation"><ent r="3" t="181" w="289" /><ent r="3" t="181" w="300" /></phr></stem></index>