﻿<?xml version="1.0" encoding="utf-8"?><index><stem n="2feb2002"><phr n="2feb2002"><ent r="5" t="184" w="649" /><ent r="5" t="185" w="642" /><ent r="5" t="187" w="523" /><ent r="5" t="187" w="562" /><ent r="5" t="187" w="728" /><ent r="5" t="187" w="851" /><ent r="5" t="187" w="1078" /></phr></stem><stem n="pyramids_psh_2feb2002_8bitgeotiff"><phr n="pyramids_psh_2feb2002_8bitgeotiff"><ent r="5" t="184" w="650" /><ent r="5" t="184" w="647" /><ent r="5" t="185" w="643" /><ent r="5" t="185" w="640" /><ent r="5" t="187" w="524" /><ent r="5" t="187" w="521" /><ent r="5" t="187" w="563" /><ent r="5" t="187" w="560" /><ent r="5" t="187" w="852" /><ent r="5" t="187" w="849" /><ent r="5" t="187" w="1079" /><ent r="5" t="187" w="1076" /></phr></stem><stem n="8bitgeotiff"><phr n="8bitgeotiff"><ent r="5" t="184" w="650" /><ent r="5" t="185" w="643" /><ent r="5" t="187" w="524" /><ent r="5" t="187" w="563" /><ent r="5" t="187" w="729" /><ent r="5" t="187" w="852" /><ent r="5" t="187" w="1079" /></phr></stem><stem n="_psh_2feb2002_8bitgeotiff.tif"><phr n="_psh_2feb2002_8bitgeotiff.tif"><ent r="5" t="184" w="651" /><ent r="5" t="185" w="644" /><ent r="5" t="187" w="525" /><ent r="5" t="187" w="564" /><ent r="5" t="187" w="853" /><ent r="5" t="187" w="1080" /></phr></stem><stem n="pyramids_psh_2feb2002_8bitgeotiff.tif"><phr n="pyramids_psh_2feb2002_8bitgeotiff.tif"><ent r="5" t="184" w="651" /><ent r="5" t="184" w="647" /><ent r="5" t="185" w="644" /><ent r="5" t="185" w="640" /><ent r="5" t="187" w="525" /><ent r="5" t="187" w="521" /><ent r="5" t="187" w="564" /><ent r="5" t="187" w="560" /><ent r="5" t="187" w="853" /><ent r="5" t="187" w="849" /><ent r="5" t="187" w="1080" /><ent r="5" t="187" w="1076" /></phr></stem><stem n=".shp"><phr n=".shp"><ent r="5" t="184" w="825" /><ent r="4" t="184" w="953" /></phr></stem><stem n="pyramids.shp"><phr n="Pyramids.shp"><ent r="5" t="184" w="825" /><ent r="5" t="184" w="824" /><ent r="4" t="184" w="953" /><ent r="4" t="184" w="952" /></phr></stem><stem n="shp"><phr n="shp"><ent r="5" t="184" w="825" /><ent r="4" t="184" w="953" /><ent r="5" t="185" w="1066" /></phr></stem><stem n="clearli"><phr n="clearly"><ent r="3" t="184" w="1023" /><ent r="4" t="189" w="613" /></phr></stem><stem n="thick"><phr n="thickness"><ent r="3" t="184" w="1030" /></phr></stem><stem n="arcmap"><phr n="ArcMap"><ent r="4" t="185" w="72" /><ent r="92" t="185" w="1150" /><ent r="4" t="185" w="1163" /><ent r="4" t="185" w="1182" /><ent r="3" t="185" w="1317" /></phr></stem><stem n="compos"><phr n="composed"><ent r="3" t="185" w="286" /></phr></stem><stem n="3r2g1bt"><phr n="3r2g1bt"><ent r="4" t="185" w="683" /></phr></stem><stem n="3r"><phr n="3r"><ent r="3" t="185" w="686" /></phr></stem><stem n="“3r”"><phr n="“3r”"><ent r="3" t="185" w="687" /></phr></stem><stem n="2g"><phr n="2g"><ent r="3" t="185" w="692" /></phr></stem><stem n="“2g”"><phr n="“2g”"><ent r="3" t="185" w="693" /></phr></stem><stem n="1b"><phr n="1b"><ent r="3" t="185" w="698" /></phr></stem><stem n="“1b”"><phr n="“1b”"><ent r="3" t="185" w="699" /></phr></stem><stem n="“t”"><phr n="“t”"><ent r="3" t="185" w="705" /></phr></stem><stem n="(try"><phr n="(Try"><ent r="3" t="185" w="771" /></phr></stem><stem n="%.)"><phr n="%.)"><ent r="3" t="185" w="776" /></phr></stem><stem n="maneuv"><phr n="maneuver"><ent r="4" t="185" w="872" /></phr></stem><stem n="gcp5"><phr n="GCP5"><ent r="4" t="185" w="878" /></phr></stem><stem n="“roads.”"><phr n="“Roads.”"><ent r="4" t="185" w="911" /></phr></stem><stem n="-activ"><phr n="-activate"><ent r="4" t="185" w="912" /><ent r="4" t="185" w="912" /></phr></stem><stem n="re-activ"><phr n="Re-activate"><ent r="4" t="185" w="912" /></phr></stem><stem n="pyramid_road"><phr n="pyramid_roads"><ent r="5" t="185" w="1065" /><ent r="5" t="185" w="1064" /></phr></stem><stem n="_roads.shp"><phr n="_roads.shp"><ent r="5" t="185" w="1066" /></phr></stem><stem n="pyramid_roads.shp"><phr n="pyramid_roads.shp"><ent r="5" t="185" w="1066" /><ent r="5" t="185" w="1064" /></phr></stem><stem n="oi"><phr n="OI"><ent r="5" t="185" w="1097" /></phr></stem><stem n="temp"><phr n="temp"><ent r="5" t="185" w="1129" /><ent r="3" t="189" w="1476" /></phr></stem><stem n="“point”"><phr n="“Point”"><ent r="3" t="185" w="1201" /></phr></stem><stem n="“multi-point”"><phr n="“Multi-Point”"><ent r="3" t="185" w="1204" /></phr></stem><stem n="“shape:”"><phr n="“Shape:”"><ent r="3" t="185" w="1207" /></phr></stem><stem n="“add"><phr n="“Add"><ent r="3" t="185" w="1225" /></phr></stem><stem n="“name”"><phr n="“Name”"><ent r="3" t="185" w="1235" /></phr></stem><stem n="hyperspectr"><phr n="hyperspectral"><ent r="4" t="186" w="66" /><ent r="4" t="186" w="107" /><ent r="3" t="186" w="168" /><ent r="3" t="186" w="571" /><ent r="3" t="194" w="77" /></phr></stem><stem n="fwhm"><phr n="FWHM"><ent r="4" t="186" w="96" /><ent r="4" t="186" w="306" /><ent r="4" t="186" w="324" /><ent r="3" t="186" w="345" /><ent r="3" t="186" w="355" /><ent r="3" t="186" w="367" /><ent r="3" t="194" w="63" /><ent r="3" t="194" w="81" /><ent r="3" t="194" w="96" /><ent r="3" t="194" w="140" /><ent r="3" t="194" w="165" /><ent r="3" t="194" w="201" /><ent r="82" t="196" w="363" /><ent r="3" t="196" w="366" /><ent r="3" t="196" w="374" /><ent r="3" t="196" w="632" /><ent r="4" t="196" w="638" /><ent r="4" t="196" w="649" /><ent r="7" t="200" w="637" /><ent r="82" t="210" w="181" /><ent r="3" t="210" w="184" /><ent r="3" t="210" w="192" /></phr><phr n="fwhm"><ent r="7" t="200" w="639" /><ent r="3" t="200" w="859" /></phr></stem><stem n="(fwhm)."><phr n="(FWHM)."><ent r="4" t="186" w="97" /></phr></stem><stem n="_r03_sc01.a.hdr"><phr n="_r03_sc01.a.hdr"><ent r="5" t="186" w="278" /></phr></stem><stem n="f970620t01p02_r03_sc01.a.hdr"><phr n="f970620t01p02_r03_sc01.a.hdr"><ent r="5" t="186" w="278" /><ent r="5" t="186" w="274" /></phr></stem><stem n=".00"><phr n=".00"><ent r="5" t="186" w="320" /></phr></stem><stem n="1.00"><phr n="1.00"><ent r="5" t="186" w="320" /><ent r="5" t="186" w="319" /></phr></stem><stem n="00"><phr n="00"><ent r="5" t="186" w="320" /><ent r="3" t="200" w="773" /><ent r="3" t="200" w="775" /></phr></stem><stem n="constant"><phr n="Constant"><ent r="4" t="186" w="325" /><ent r="3" t="186" w="368" /><ent r="3" t="194" w="166" /><ent r="4" t="196" w="650" /></phr><phr n="constant"><ent r="3" t="186" w="360" /><ent r="3" t="194" w="141" /><ent r="3" t="194" w="202" /><ent r="3" t="196" w="613" /><ent r="3" t="196" w="633" /></phr><phr n="constants"><ent r="3" t="196" w="375" /><ent r="3" t="210" w="193" /></phr></stem><stem n="sensor'"><phr n="sensor's"><ent r="3" t="186" w="350" /><ent r="3" t="186" w="349" /></phr></stem><stem n="estim"><phr n="estimates"><ent r="3" t="186" w="353" /></phr><phr n="estimated"><ent r="3" t="194" w="101" /></phr></stem><stem n="popul"><phr n="populated"><ent r="3" t="186" w="388" /></phr><phr n="populate"><ent r="3" t="187" w="937" /></phr></stem><stem n="&quot;wavelength"><phr n="&quot;Wavelength"><ent r="4" t="186" w="458" /></phr></stem><stem n="improv"><phr n="improve"><ent r="3" t="186" w="506" /></phr></stem><stem n="exploit"><phr n="exploitation"><ent r="3" t="186" w="509" /></phr></stem><stem n="_r03_sc01.a.bip"><phr n="_r03_sc01.a.bip"><ent r="6" t="186" w="534" /></phr></stem><stem n="/review:"><phr n="/Review:"><ent r="4" t="186" w="562" /></phr></stem><stem n="blank"><phr n="blank"><ent r="4" t="187" w="71" /><ent r="4" t="187" w="229" /><ent r="4" t="187" w="891" /><ent r="4" t="187" w="900" /><ent r="3" t="187" w="939" /><ent r="3" t="187" w="1038" /></phr><phr n="Blank"><ent r="92" t="187" w="926" /></phr></stem><stem n="scratch"><phr n="scratch"><ent r="4" t="187" w="224" /></phr></stem><stem n="whatev"><phr n="whatever"><ent r="4" t="187" w="234" /></phr></stem><stem n="seen"><phr n="seen"><ent r="4" t="187" w="238" /></phr></stem><stem n="whichev"><phr n="Whichever"><ent r="4" t="187" w="249" /></phr></stem><stem n="“exercise”"><phr n="“Exercise”"><ent r="3" t="187" w="605" /></phr></stem><stem n="1/layout"><phr n="1/Layout"><ent r="5" t="187" w="723" /><ent r="5" t="187" w="722" /></phr></stem><stem n="/layout/view"><phr n="/Layout/View"><ent r="5" t="187" w="724" /></phr></stem><stem n="1/layout/view"><phr n="1/Layout/View"><ent r="5" t="187" w="724" /><ent r="5" t="187" w="722" /></phr></stem><stem n="1/pyramid"><phr n="1/pyramids"><ent r="5" t="187" w="726" /><ent r="5" t="187" w="725" /></phr></stem><stem n="1/pyramids_psh"><phr n="1/pyramids_psh"><ent r="5" t="187" w="727" /><ent r="5" t="187" w="725" /></phr></stem><stem n="1/pyramids_psh_2feb2002"><phr n="1/pyramids_psh_2feb2002"><ent r="5" t="187" w="728" /><ent r="5" t="187" w="725" /></phr></stem><stem n="1/pyramids_psh_2feb2002_8bitgeotiff"><phr n="1/pyramids_psh_2feb2002_8bitgeotiff"><ent r="5" t="187" w="729" /><ent r="5" t="187" w="725" /></phr></stem><stem n="1/pyramids_psh_2feb2002_8bitgeotiff.tif"><phr n="1/pyramids_psh_2feb2002_8bitgeotiff.tif"><ent r="5" t="187" w="730" /><ent r="5" t="187" w="725" /></phr></stem><stem n="/pyramids_psh_2feb2002_8bitgeotiff.tif/annot"><phr n="/pyramids_psh_2feb2002_8bitgeotiff.tif/Annotation"><ent r="5" t="187" w="731" /></phr></stem><stem n="1/pyramids_psh_2feb2002_8bitgeotiff.tif/annot"><phr n="1/pyramids_psh_2feb2002_8bitgeotiff.tif/Annotation"><ent r="5" t="187" w="731" /><ent r="5" t="187" w="725" /></phr></stem><stem n="/text"><phr n="/Text"><ent r="5" t="187" w="733" /></phr></stem><stem n="1/text"><phr n="1/Text"><ent r="5" t="187" w="733" /><ent r="5" t="187" w="732" /></phr></stem><stem n="“color”"><phr n="“Color”"><ent r="4" t="187" w="773" /></phr></stem><stem n="“text”"><phr n="“Text”"><ent r="4" t="187" w="776" /></phr></stem><stem n="/past"><phr n="/pasting"><ent r="3" t="187" w="963" /></phr></stem><stem n="copying/past"><phr n="copying/pasting"><ent r="3" t="187" w="963" /><ent r="3" t="187" w="962" /></phr></stem><stem n="(paint"><phr n="(paint"><ent r="3" t="187" w="1034" /></phr></stem><stem n="paint"><phr n="paint"><ent r="3" t="187" w="1034" /><ent r="3" t="187" w="1153" /></phr></stem><stem n="brush"><phr n="brush"><ent r="3" t="187" w="1035" /><ent r="3" t="187" w="1154" /></phr></stem><stem n="&quot;exercise&quot;"><phr n="&quot;Exercise&quot;"><ent r="3" t="187" w="1170" /></phr></stem><stem n="-autom"><phr n="-automated"><ent r="3" t="188" w="36" /><ent r="3" t="188" w="36" /><ent r="3" t="188" w="1887" /><ent r="3" t="188" w="1887" /></phr></stem><stem n="semi"><phr n="semi"><ent r="3" t="188" w="36" /><ent r="3" t="188" w="1887" /></phr></stem><stem n="semi-autom"><phr n="semi-automated"><ent r="3" t="188" w="36" /><ent r="3" t="188" w="1887" /></phr></stem><stem n="togeth"><phr n="together"><ent r="3" t="188" w="90" /><ent r="3" t="188" w="268" /></phr></stem><stem n="partial"><phr n="partially"><ent r="3" t="188" w="105" /></phr><phr n="partial"><ent r="3" t="232" w="77" /></phr></stem><stem n="-to-us"><phr n="-to-use"><ent r="3" t="188" w="115" /><ent r="3" t="188" w="116" /></phr></stem><stem n="easi"><phr n="easy"><ent r="3" t="188" w="115" /></phr></stem><stem n="easy-to"><phr n="easy-to"><ent r="3" t="188" w="115" /></phr></stem><stem n="easy-to-us"><phr n="easy-to-use"><ent r="3" t="188" w="115" /></phr></stem><stem n="to-us"><phr n="to-use"><ent r="3" t="188" w="116" /></phr></stem><stem n="rememb"><phr n="remember"><ent r="3" t="188" w="129" /></phr></stem><stem n="concept"><phr n="concept"><ent r="3" t="188" w="140" /></phr></stem><stem n="&quot;wizard&quot;"><phr n="&quot;Wizard&quot;"><ent r="4" t="188" w="190" /></phr></stem><stem n="boolean"><phr n="Boolean"><ent r="3" t="188" w="242" /></phr></stem><stem n="(true"><phr n="(true"><ent r="3" t="188" w="243" /></phr></stem><stem n="fals"><phr n="false"><ent r="3" t="188" w="245" /><ent r="6" t="243" w="638" /></phr><phr n="False"><ent r="3" t="189" w="672" /><ent r="6" t="243" w="220" /></phr></stem><stem n="block"><phr n="block"><ent r="3" t="188" w="258" /><ent r="4" t="209" w="373" /></phr></stem><stem n="doc"><phr n="doc"><ent r="4" t="188" w="456" /><ent r="4" t="188" w="506" /></phr></stem><stem n="&quot;string&quot;"><phr n="&quot;string&quot;"><ent r="4" t="188" w="620" /><ent r="4" t="188" w="654" /></phr></stem><stem n="-express"><phr n="-expression"><ent r="3" t="188" w="677" /><ent r="3" t="188" w="677" /><ent r="7" t="188" w="1172" /><ent r="7" t="188" w="1172" /><ent r="4" t="188" w="1231" /><ent r="4" t="188" w="1231" /><ent r="3" t="188" w="1376" /><ent r="3" t="188" w="1376" /><ent r="7" t="189" w="1035" /><ent r="7" t="189" w="1035" /><ent r="3" t="189" w="1332" /><ent r="3" t="189" w="1332" /></phr><phr n="-Expression"><ent r="4" t="188" w="1115" /><ent r="4" t="188" w="1115" /></phr></stem><stem n="value-express"><phr n="Value-expression"><ent r="3" t="188" w="677" /><ent r="7" t="188" w="1172" /><ent r="4" t="188" w="1231" /><ent r="3" t="188" w="1376" /><ent r="7" t="189" w="1035" /><ent r="3" t="189" w="1332" /></phr><phr n="Value-Expression"><ent r="4" t="188" w="1115" /></phr></stem><stem n="bool"><phr n="bool"><ent r="4" t="188" w="708" /><ent r="4" t="188" w="742" /><ent r="3" t="189" w="666" /><ent r="6" t="243" w="212" /></phr></stem><stem n="&quot;bool&quot;"><phr n="&quot;bool&quot;"><ent r="4" t="188" w="709" /><ent r="4" t="188" w="743" /></phr></stem><stem n="-displai"><phr n="-display"><ent r="4" t="188" w="764" /><ent r="4" t="188" w="764" /><ent r="3" t="188" w="1380" /><ent r="3" t="188" w="1380" /><ent r="7" t="189" w="1058" /><ent r="7" t="189" w="1058" /><ent r="3" t="189" w="1336" /><ent r="3" t="189" w="1336" /></phr></stem><stem n="value-displai"><phr n="Value-display"><ent r="4" t="188" w="764" /><ent r="3" t="188" w="1380" /><ent r="7" t="189" w="1058" /><ent r="3" t="189" w="1336" /></phr></stem><stem n="explan"><phr n="explanation"><ent r="3" t="188" w="788" /><ent r="3" t="188" w="803" /><ent r="3" t="232" w="91" /></phr></stem><stem n="unlik"><phr n="unlike"><ent r="3" t="188" w="904" /></phr></stem><stem n="let"><phr n="let"><ent r="3" t="188" w="1010" /></phr><phr n="Let"><ent r="3" t="233" w="7" /></phr></stem><stem n="exactli"><phr n="exactly"><ent r="3" t="188" w="1025" /></phr></stem><stem n="(note:"><phr n="(Note:"><ent r="7" t="188" w="1147" /></phr></stem><stem n="(first"><phr n="(first"><ent r="7" t="188" w="1182" /><ent r="7" t="189" w="1045" /></phr></stem><stem n="incorrect"><phr n="incorrect"><ent r="6" t="188" w="1192" /><ent r="3" t="189" w="1152" /></phr></stem><stem n="misconnect"><phr n="misconnection"><ent r="6" t="188" w="1202" /></phr><phr n="misconnected"><ent r="3" t="189" w="1162" /></phr></stem><stem n="hit"><phr n="hitting"><ent r="6" t="188" w="1217" /><ent r="3" t="189" w="1178" /></phr></stem><stem n="(lower"><phr n="(lower"><ent r="3" t="188" w="1274" /><ent r="3" t="189" w="1202" /></phr></stem><stem n="(s)."><phr n="(s)."><ent r="3" t="188" w="1337" /><ent r="3" t="189" w="1266" /></phr></stem><stem n="twice"><phr n="twice"><ent r="4" t="188" w="1343" /></phr></stem><stem n="charact"><phr n="characters"><ent r="4" t="188" w="1448" /><ent r="4" t="219" w="219" /><ent r="3" t="232" w="87" /><ent r="3" t="232" w="94" /><ent r="3" t="233" w="36" /><ent r="3" t="233" w="110" /></phr><phr n="character"><ent r="7" t="200" w="81" /><ent r="3" t="233" w="31" /><ent r="3" t="233" w="67" /><ent r="3" t="233" w="117" /></phr><phr n="Characters"><ent r="1000" t="233" w="2" /><ent r="102" t="233" w="5" /></phr></stem><stem n="([,])"><phr n="([,])"><ent r="4" t="188" w="1449" /></phr></stem><stem n="slash"><phr n="slash"><ent r="4" t="188" w="1454" /><ent r="3" t="188" w="1477" /><ent r="3" t="188" w="1507" /><ent r="3" t="188" w="1550" /><ent r="3" t="188" w="1557" /></phr><phr n="Slashes"><ent r="6" t="243" w="243" /><ent r="6" t="243" w="674" /></phr></stem><stem n="(/)"><phr n="(/)"><ent r="4" t="188" w="1455" /></phr></stem><stem n="submenu"><phr n="submenu"><ent r="4" t="188" w="1456" /></phr><phr n="submenus"><ent r="3" t="188" w="1486" /></phr></stem><stem n="[wizards]/mywizard"><phr n="[Wizards]/MyWizard"><ent r="4" t="188" w="1621" /></phr></stem><stem n="&amp;help/mywizard"><phr n="&amp;Help/MyWizard"><ent r="4" t="188" w="1642" /></phr></stem><stem n="help/mywizard"><phr n="Help/MyWizard"><ent r="4" t="188" w="1642" /><ent r="4" t="188" w="1641" /></phr></stem><stem n="[geo]/mywizard"><phr n="[Geo]/MyWizard"><ent r="4" t="188" w="1662" /></phr></stem><stem n="mywizard.wiz"><phr n="MyWizard.wiz"><ent r="4" t="188" w="1742" /><ent r="4" t="188" w="1741" /><ent r="5" t="189" w="461" /><ent r="5" t="189" w="460" /><ent r="5" t="189" w="482" /><ent r="5" t="189" w="481" /></phr></stem><stem n="(mywizard.wiz)"><phr n="(MyWizard.wiz)"><ent r="4" t="188" w="1743" /></phr></stem><stem n="ast"><phr n="AST"><ent r="5" t="188" w="1808" /></phr></stem><stem n="ast_lib"><phr n="AST_LIB"><ent r="5" t="188" w="1809" /><ent r="5" t="188" w="1808" /></phr></stem><stem n="lib"><phr n="LIB"><ent r="5" t="188" w="1809" /></phr></stem><stem n="ast_lib_00305042006183231"><phr n="AST_LIB_00305042006183231"><ent r="5" t="188" w="1810" /><ent r="5" t="188" w="1808" /></phr></stem><stem n="00305042006183231"><phr n="00305042006183231"><ent r="5" t="188" w="1810" /></phr></stem><stem n="ast_lib_00305042006183231_05082006132132"><phr n="AST_LIB_00305042006183231_05082006132132"><ent r="5" t="188" w="1811" /><ent r="5" t="188" w="1808" /></phr></stem><stem n="05082006132132"><phr n="05082006132132"><ent r="5" t="188" w="1811" /></phr></stem><stem n="ast_lib_00305042006183231_05082006132132_tir"><phr n="AST_LIB_00305042006183231_05082006132132_TIR"><ent r="5" t="188" w="1812" /><ent r="5" t="188" w="1808" /></phr></stem><stem n="tir"><phr n="TIR"><ent r="5" t="188" w="1812" /></phr></stem><stem n="ast_lib_00305042006183231_05082006132132_tir_swath"><phr n="AST_LIB_00305042006183231_05082006132132_TIR_Swath"><ent r="5" t="188" w="1813" /><ent r="5" t="188" w="1808" /></phr></stem><stem n="_lib_00305042006183231_05082006132132_tir_swath.tif"><phr n="_LIB_00305042006183231_05082006132132_TIR_Swath.tif"><ent r="5" t="188" w="1814" /></phr></stem><stem n="ast_lib_00305042006183231_05082006132132_tir_swath.tif"><phr n="AST_LIB_00305042006183231_05082006132132_TIR_Swath.tif"><ent r="5" t="188" w="1814" /><ent r="5" t="188" w="1808" /></phr></stem><stem n="/plug-in"><phr n="/Plug-In"><ent r="4" t="189" w="81" /></phr></stem><stem n="item/item"><phr n="Item/Item"><ent r="4" t="189" w="83" /><ent r="4" t="189" w="80" /></phr></stem><stem n="/valu"><phr n="/Value"><ent r="4" t="189" w="84" /></phr></stem><stem n="item/item/valu"><phr n="Item/Item/Value"><ent r="4" t="189" w="84" /><ent r="4" t="189" w="80" /></phr></stem><stem n="regular"><phr n="regular"><ent r="3" t="189" w="134" /><ent r="3" t="196" w="264" /><ent r="3" t="210" w="82" /></phr></stem><stem n="consecut"><phr n="consecutively"><ent r="5" t="189" w="162" /></phr></stem><stem n=".wiz"><phr n=".wiz"><ent r="5" t="189" w="461" /><ent r="5" t="189" w="482" /><ent r="5" t="189" w="1427" /></phr></stem><stem n="usedegre"><phr n="useDegrees"><ent r="3" t="189" w="669" /><ent r="7" t="189" w="1049" /><ent r="7" t="189" w="1051" /><ent r="4" t="189" w="1303" /><ent r="3" t="189" w="1341" /></phr></stem><stem n="landsat6band.ice.h5."><phr n="landsat6band.ice.h5."><ent r="4" t="189" w="715" /><ent r="4" t="189" w="713" /></phr></stem><stem n=".ice.h5."><phr n=".ice.h5."><ent r="4" t="189" w="716" /></phr></stem><stem n="new_landsat6band"><phr n="new_landsat6band"><ent r="4" t="189" w="738" /><ent r="4" t="189" w="737" /></phr></stem><stem n="new_landsat6band.ic"><phr n="new_landsat6band.ice"><ent r="4" t="189" w="739" /><ent r="4" t="189" w="737" /></phr></stem><stem n="_landsat6band.ice.h5"><phr n="_landsat6band.ice.h5"><ent r="4" t="189" w="740" /></phr></stem><stem n="new_landsat6band.ice.h5"><phr n="new_landsat6band.ice.h5"><ent r="4" t="189" w="740" /><ent r="4" t="189" w="737" /></phr></stem><stem n="-input"><phr n="-input"><ent r="7" t="189" w="1024" /><ent r="7" t="189" w="1024" /><ent r="3" t="189" w="1323" /><ent r="3" t="189" w="1323" /></phr></stem><stem n="value-input"><phr n="Value-input"><ent r="7" t="189" w="1024" /><ent r="3" t="189" w="1323" /></phr></stem><stem n="greeninput"><phr n="greeninput"><ent r="7" t="189" w="1046" /></phr></stem><stem n="-usedegre"><phr n="-useDegrees"><ent r="7" t="189" w="1048" /><ent r="7" t="189" w="1048" /><ent r="3" t="189" w="1340" /><ent r="3" t="189" w="1340" /></phr></stem><stem n="value-usedegre"><phr n="Value-useDegrees"><ent r="7" t="189" w="1048" /><ent r="3" t="189" w="1340" /></phr></stem><stem n="displayresult"><phr n="displayResults"><ent r="7" t="189" w="1061" /><ent r="5" t="189" w="1276" /></phr></stem><stem n="-output"><phr n="-output"><ent r="7" t="189" w="1069" /><ent r="7" t="189" w="1069" /><ent r="3" t="189" w="1348" /><ent r="3" t="189" w="1348" /></phr></stem><stem n="value-output"><phr n="Value-output"><ent r="7" t="189" w="1069" /><ent r="3" t="189" w="1348" /></phr></stem><stem n="**import"><phr n="**Import"><ent r="7" t="189" w="1094" /></phr></stem><stem n="**to"><phr n="**To"><ent r="3" t="189" w="1107" /></phr></stem><stem n="(next"><phr n="(next"><ent r="3" t="189" w="1127" /></phr></stem><stem n="7"><phr n="7"><ent r="3" t="189" w="1347" /><ent r="7" t="200" w="146" /><ent r="3" t="200" w="726" /><ent r="3" t="200" w="837" /></phr></stem><stem n="&quot;save"><phr n="&quot;Save"><ent r="6" t="189" w="1396" /></phr></stem><stem n="&quot;save&quot;"><phr n="&quot;Save&quot;"><ent r="6" t="189" w="1401" /></phr></stem><stem n="bandmath"><phr n="BandMath"><ent r="5" t="189" w="1426" /></phr><phr n="bandmath"><ent r="3" t="189" w="1631" /><ent r="3" t="189" w="1643" /></phr></stem><stem n="bandmath.wiz"><phr n="BandMath.wiz"><ent r="5" t="189" w="1427" /><ent r="5" t="189" w="1426" /></phr></stem><stem n=".xml"><phr n=".xml"><ent r="4" t="189" w="1440" /></phr></stem><stem n="cmd"><phr n="cmd"><ent r="5" t="189" w="1546" /></phr></stem><stem n="termin"><phr n="terminal"><ent r="3" t="189" w="1565" /></phr></stem><stem n=":\program"><phr n=":\Program"><ent r="4" t="189" w="1589" /></phr></stem><stem n="4.0"><phr n="4.0"><ent r="4" t="189" w="1593" /><ent r="4" t="189" w="1592" /></phr></stem><stem n="4.0."><phr n="4.0."><ent r="4" t="189" w="1593" /><ent r="4" t="189" w="1592" /></phr></stem><stem n="\opticks\4.0."><phr n="\Opticks\4.0."><ent r="4" t="189" w="1594" /></phr></stem><stem n="opt"><phr n="opt"><ent r="4" t="189" w="1602" /></phr></stem><stem n="opt/optick"><phr n="opt/Opticks"><ent r="4" t="189" w="1603" /><ent r="4" t="189" w="1602" /></phr></stem><stem n="opt/opticks/4"><phr n="opt/Opticks/4"><ent r="4" t="189" w="1604" /><ent r="4" t="189" w="1602" /></phr></stem><stem n="/opt/opticks/4.0"><phr n="/opt/Opticks/4.0"><ent r="4" t="189" w="1605" /></phr></stem><stem n="opt/opticks/4.0"><phr n="opt/Opticks/4.0"><ent r="4" t="189" w="1605" /><ent r="4" t="189" w="1602" /></phr></stem><stem n="opticksbatch"><phr n="opticksbatch"><ent r="3" t="189" w="1628" /></phr><phr n="OpticksBatch"><ent r="3" t="189" w="1640" /></phr></stem><stem n="opticksbatch/input"><phr n="opticksbatch/input"><ent r="3" t="189" w="1629" /><ent r="3" t="189" w="1628" /></phr></stem><stem n="\opticksbatch/input:wizards\bandmath.xml"><phr n="\opticksbatch/input:wizards\bandmath.xml"><ent r="3" t="189" w="1632" /></phr></stem><stem n="bandmath.xml"><phr n="bandmath.xml"><ent r="3" t="189" w="1632" /><ent r="3" t="189" w="1631" /></phr></stem><stem n="wizards/bandmath"><phr n="wizards/bandmath"><ent r="3" t="189" w="1643" /><ent r="3" t="189" w="1642" /></phr></stem><stem n=":wizards/bandmath.xml"><phr n=":wizards/bandmath.xml"><ent r="3" t="189" w="1644" /></phr></stem><stem n="wizards/bandmath.xml"><phr n="wizards/bandmath.xml"><ent r="3" t="189" w="1644" /><ent r="3" t="189" w="1642" /></phr></stem><stem n="sampledata"><phr n="SampleData"><ent r="4" t="189" w="1675" /></phr></stem><stem n="sampledata/geotiff"><phr n="SampleData/GeoTIFF"><ent r="4" t="189" w="1676" /><ent r="4" t="189" w="1675" /></phr></stem><stem n="(…/sampledata/geotiff)."><phr n="(…/SampleData/GeoTIFF)."><ent r="4" t="189" w="1677" /></phr></stem><stem n="consult"><phr n="Consult"><ent r="4" t="189" w="1677" /></phr></stem><stem n="icd"><phr n="ICD"><ent r="4" t="189" w="1681" /></phr></stem><stem n="ellips"><phr n="ellipse"><ent r="7" t="191" w="55" /></phr><phr n="Ellipse"><ent r="6" t="230" w="143" /><ent r="6" t="230" w="195" /><ent r="6" t="230" w="237" /><ent r="6" t="230" w="299" /><ent r="6" t="230" w="365" /><ent r="6" t="230" w="409" /><ent r="6" t="230" w="446" /><ent r="6" t="230" w="481" /><ent r="6" t="230" w="527" /></phr></stem><stem n="arrowhead"><phr n="arrowhead"><ent r="7" t="191" w="168" /></phr></stem><stem n="east"><phr n="east"><ent r="5" t="191" w="241" /></phr><phr n="easting"><ent r="7" t="200" w="440" /></phr><phr n="East"><ent r="6" t="230" w="159" /><ent r="6" t="230" w="211" /><ent r="6" t="230" w="383" /><ent r="6" t="230" w="499" /><ent r="6" t="230" w="545" /><ent r="6" t="230" w="580" /></phr></stem><stem n="(base"><phr n="(based"><ent r="6" t="192" w="45" /></phr></stem><stem n="bounc"><phr n="Bounce"><ent r="7" t="192" w="51" /></phr></stem><stem n="opposit"><phr n="opposite"><ent r="6" t="192" w="64" /></phr></stem><stem n="peak"><phr n="peaks"><ent r="3" t="194" w="18" /></phr></stem><stem n="vallei"><phr n="valleys"><ent r="3" t="194" w="20" /></phr></stem><stem n="propag"><phr n="propagation"><ent r="3" t="194" w="26" /></phr></stem><stem n="harmon"><phr n="harmonic"><ent r="3" t="194" w="29" /></phr></stem><stem n="frequenc"><phr n="frequency"><ent r="3" t="194" w="37" /></phr></stem><stem n="f"><phr n="f"><ent r="4" t="194" w="39" /><ent r="3" t="194" w="46" /></phr><phr n="F"><ent r="64" t="199" w="139" /><ent r="3" t="199" w="228" /><ent r="1000" t="205" w="2" /><ent r="102" t="205" w="5" /><ent r="5" t="226" w="355" /></phr></stem><stem n="="><phr n="="><ent r="3" t="194" w="46" /><ent r="3" t="194" w="193" /><ent r="3" t="194" w="211" /><ent r="3" t="194" w="223" /><ent r="7" t="200" w="192" /><ent r="7" t="200" w="197" /><ent r="7" t="200" w="203" /><ent r="7" t="200" w="210" /><ent r="7" t="200" w="216" /><ent r="6" t="200" w="224" /><ent r="6" t="200" w="235" /><ent r="6" t="200" w="256" /><ent r="6" t="200" w="262" /><ent r="6" t="200" w="269" /><ent r="7" t="200" w="283" /><ent r="3" t="200" w="701" /><ent r="3" t="200" w="720" /><ent r="3" t="200" w="723" /><ent r="3" t="200" w="726" /><ent r="3" t="200" w="730" /><ent r="3" t="200" w="734" /><ent r="3" t="200" w="739" /><ent r="3" t="200" w="742" /><ent r="3" t="200" w="746" /><ent r="3" t="200" w="751" /><ent r="3" t="200" w="755" /><ent r="3" t="200" w="772" /><ent r="3" t="200" w="780" /><ent r="3" t="200" w="785" /><ent r="3" t="200" w="792" /><ent r="3" t="200" w="798" /><ent r="3" t="200" w="843" /><ent r="3" t="200" w="860" /></phr></stem><stem n="veloc"><phr n="velocity"><ent r="3" t="194" w="53" /></phr></stem><stem n="(fwhm)"><phr n="(FWHM)"><ent r="3" t="194" w="64" /><ent r="3" t="196" w="375" /><ent r="3" t="210" w="193" /></phr></stem><stem n="proper"><phr n="proper"><ent r="3" t="194" w="159" /></phr></stem><stem n="bandwidth"><phr n="bandwidth"><ent r="3" t="194" w="160" /></phr><phr n="bandwidths"><ent r="3" t="194" w="174" /></phr></stem><stem n="1.0"><phr n="1.0"><ent r="3" t="194" w="171" /><ent r="3" t="194" w="170" /><ent r="3" t="194" w="182" /><ent r="3" t="194" w="181" /><ent r="3" t="196" w="659" /><ent r="3" t="196" w="658" /><ent r="6" t="230" w="95" /><ent r="6" t="230" w="94" /></phr></stem><stem n="1.0,"><phr n="1.0,"><ent r="3" t="194" w="171" /><ent r="3" t="194" w="170" /></phr></stem><stem n=".0,"><phr n=".0,"><ent r="3" t="194" w="172" /></phr></stem><stem n="1.0."><phr n="1.0."><ent r="3" t="194" w="182" /><ent r="3" t="194" w="181" /><ent r="6" t="230" w="95" /><ent r="6" t="230" w="94" /></phr></stem><stem n=".0."><phr n=".0."><ent r="3" t="194" w="183" /><ent r="6" t="230" w="96" /></phr></stem></index>