<?xml version="1.0" encoding="utf-8"?><index><stem n="drop-down"><phr n="drop-down"><ent r="100" t="1" w="136" /><ent r="92" t="1" w="140" /><ent r="3" t="1" w="145" /><ent r="3" t="1" w="197" /><ent r="3" t="1" w="223" /><ent r="4" t="1" w="281" /><ent r="3" t="4" w="20" /><ent r="4" t="4" w="136" /><ent r="7" t="7" w="98" /><ent r="7" t="8" w="157" /><ent r="7" t="9" w="25" /><ent r="7" t="11" w="102" /><ent r="68" t="11" w="107" /><ent r="7" t="12" w="52" /><ent r="6" t="12" w="74" /><ent r="7" t="13" w="152" /><ent r="7" t="13" w="178" /><ent r="6" t="14" w="197" /><ent r="6" t="14" w="223" /><ent r="4" t="17" w="149" /><ent r="3" t="20" w="145" /><ent r="4" t="22" w="217" /><ent r="4" t="22" w="331" /><ent r="4" t="22" w="479" /><ent r="4" t="22" w="598" /><ent r="4" t="22" w="653" /><ent r="4" t="22" w="665" /><ent r="4" t="22" w="710" /><ent r="4" t="22" w="755" /><ent r="3" t="22" w="840" /><ent r="3" t="22" w="870" /><ent r="3" t="23" w="89" /><ent r="3" t="25" w="124" /><ent r="3" t="25" w="131" /><ent r="4" t="32" w="58" /><ent r="4" t="37" w="142" /><ent r="3" t="37" w="316" /><ent r="5" t="37" w="469" /><ent r="5" t="37" w="510" /><ent r="4" t="42" w="142" /><ent r="4" t="43" w="178" /><ent r="3" t="47" w="290" /><ent r="3" t="48" w="251" /><ent r="3" t="48" w="291" /><ent r="3" t="49" w="163" /><ent r="3" t="49" w="196" /><ent r="4" t="53" w="132" /><ent r="3" t="53" w="149" /><ent r="4" t="54" w="141" /><ent r="3" t="54" w="180" /><ent r="4" t="55" w="139" /><ent r="4" t="57" w="136" /><ent r="4" t="58" w="338" /><ent r="4" t="58" w="564" /><ent r="4" t="58" w="773" /><ent r="4" t="58" w="999" /><ent r="3" t="59" w="164" /><ent r="3" t="59" w="181" /><ent r="3" t="60" w="157" /><ent r="4" t="70" w="237" /><ent r="4" t="70" w="326" /><ent r="4" t="75" w="221" /><ent r="5" t="75" w="400" /><ent r="3" t="85" w="67" /><ent r="4" t="86" w="137" /><ent r="4" t="87" w="40" /><ent r="4" t="87" w="56" /><ent r="3" t="88" w="103" /><ent r="3" t="88" w="122" /><ent r="3" t="88" w="132" /><ent r="1000" t="90" w="2" /><ent r="100" t="90" w="7" /><ent r="100" t="90" w="11" /><ent r="102" t="90" w="17" /><ent r="3" t="90" w="23" /><ent r="3" t="90" w="59" /><ent r="4" t="91" w="50" /><ent r="4" t="91" w="201" /><ent r="4" t="91" w="232" /><ent r="4" t="91" w="277" /><ent r="4" t="92" w="113" /><ent r="4" t="93" w="188" /><ent r="4" t="93" w="206" /><ent r="3" t="100" w="227" /><ent r="3" t="100" w="293" /><ent r="4" t="126" w="112" /><ent r="4" t="127" w="220" /><ent r="4" t="128" w="100" /><ent r="3" t="131" w="101" /><ent r="3" t="136" w="163" /><ent r="4" t="140" w="460" /><ent r="4" t="142" w="332" /><ent r="4" t="142" w="546" /><ent r="100" t="150" w="19" /><ent r="100" t="150" w="130" /><ent r="92" t="150" w="136" /><ent r="3" t="150" w="148" /><ent r="3" t="156" w="97" /><ent r="4" t="157" w="214" /><ent r="4" t="158" w="46" /><ent r="4" t="158" w="58" /><ent r="4" t="158" w="64" /><ent r="3" t="158" w="89" /><ent r="3" t="158" w="113" /><ent r="3" t="158" w="157" /><ent r="3" t="158" w="176" /><ent r="3" t="158" w="186" /><ent r="3" t="158" w="199" /><ent r="3" t="158" w="207" /><ent r="3" t="158" w="216" /><ent r="3" t="158" w="222" /><ent r="3" t="158" w="253" /><ent r="4" t="158" w="276" /><ent r="4" t="158" w="289" /><ent r="3" t="158" w="311" /><ent r="4" t="158" w="329" /><ent r="3" t="158" w="342" /><ent r="3" t="158" w="394" /><ent r="4" t="158" w="429" /><ent r="3" t="158" w="443" /><ent r="3" t="158" w="460" /><ent r="4" t="158" w="554" /><ent r="4" t="158" w="567" /><ent r="3" t="164" w="345" /><ent r="3" t="164" w="411" /><ent r="4" t="164" w="447" /><ent r="4" t="171" w="67" /><ent r="4" t="179" w="243" /><ent r="4" t="179" w="262" /><ent r="4" t="179" w="357" /><ent r="4" t="179" w="476" /><ent r="4" t="179" w="532" /><ent r="4" t="179" w="544" /><ent r="4" t="179" w="589" /><ent r="4" t="179" w="634" /><ent r="3" t="179" w="714" /><ent r="3" t="179" w="744" /><ent r="4" t="180" w="349" /><ent r="4" t="180" w="465" /><ent r="4" t="180" w="521" /><ent r="4" t="180" w="533" /><ent r="4" t="180" w="578" /><ent r="4" t="180" w="623" /><ent r="3" t="180" w="703" /><ent r="3" t="180" w="733" /><ent r="3" t="180" w="1103" /><ent r="3" t="180" w="1116" /><ent r="4" t="181" w="347" /><ent r="4" t="181" w="463" /><ent r="4" t="181" w="519" /><ent r="4" t="181" w="531" /><ent r="4" t="181" w="576" /><ent r="4" t="181" w="621" /><ent r="3" t="181" w="701" /><ent r="3" t="181" w="731" /><ent r="3" t="184" w="205" /><ent r="4" t="186" w="165" /><ent r="3" t="186" w="193" /><ent r="3" t="186" w="208" /><ent r="3" t="187" w="148" /><ent r="4" t="188" w="415" /><ent r="4" t="188" w="602" /><ent r="3" t="189" w="78" /><ent r="3" t="189" w="111" /><ent r="3" t="189" w="130" /><ent r="3" t="189" w="140" /><ent r="4" t="195" w="392" /><ent r="4" t="195" w="566" /><ent r="4" t="195" w="603" /><ent r="4" t="197" w="104" /><ent r="4" t="210" w="589" /><ent r="4" t="210" w="1994" /><ent r="4" t="210" w="2056" /><ent r="6" t="211" w="878" /><ent r="3" t="211" w="909" /><ent r="3" t="211" w="1005" /><ent r="4" t="211" w="1790" /><ent r="3" t="211" w="2362" /><ent r="4" t="211" w="2877" /><ent r="3" t="212" w="1149" /><ent r="3" t="212" w="1160" /><ent r="4" t="212" w="1257" /><ent r="3" t="215" w="1201" /><ent r="4" t="217" w="630" /><ent r="4" t="217" w="1069" /><ent r="3" t="218" w="319" /><ent r="7" t="218" w="1135" /><ent r="4" t="219" w="518" /><ent r="4" t="221" w="50" /><ent r="3" t="223" w="21" /><ent r="3" t="229" w="248" /><ent r="3" t="230" w="179" /><ent r="3" t="231" w="138" /><ent r="3" t="233" w="177" /><ent r="4" t="234" w="756" /><ent r="4" t="234" w="913" /><ent r="4" t="245" w="135" /><ent r="4" t="245" w="211" /><ent r="6" t="246" w="220" /><ent r="6" t="246" w="429" /><ent r="3" t="249" w="20" /><ent r="3" t="250" w="20" /><ent r="3" t="254" w="304" /><ent r="3" t="254" w="311" /></phr></stem><stem n="down"><phr n="down"><ent r="100" t="1" w="137" /><ent r="92" t="1" w="141" /><ent r="3" t="1" w="146" /><ent r="3" t="1" w="198" /><ent r="3" t="1" w="224" /><ent r="4" t="1" w="282" /><ent r="6" t="3" w="85" /><ent r="3" t="4" w="21" /><ent r="4" t="4" w="137" /><ent r="7" t="5" w="187" /><ent r="7" t="5" w="233" /><ent r="7" t="7" w="99" /><ent r="7" t="8" w="158" /><ent r="7" t="9" w="26" /><ent r="7" t="11" w="103" /><ent r="68" t="11" w="108" /><ent r="7" t="12" w="53" /><ent r="6" t="12" w="75" /><ent r="7" t="13" w="153" /><ent r="7" t="13" w="179" /><ent r="7" t="14" w="176" /><ent r="6" t="14" w="179" /><ent r="6" t="14" w="198" /><ent r="6" t="14" w="224" /><ent r="3" t="17" w="118" /><ent r="4" t="17" w="150" /><ent r="3" t="17" w="217" /><ent r="3" t="20" w="146" /><ent r="4" t="22" w="218" /><ent r="4" t="22" w="332" /><ent r="4" t="22" w="480" /><ent r="4" t="22" w="599" /><ent r="4" t="22" w="654" /><ent r="4" t="22" w="666" /><ent r="4" t="22" w="711" /><ent r="4" t="22" w="756" /><ent r="3" t="22" w="841" /><ent r="3" t="22" w="871" /><ent r="3" t="23" w="90" /><ent r="3" t="25" w="125" /><ent r="3" t="25" w="132" /><ent r="4" t="32" w="59" /><ent r="4" t="37" w="143" /><ent r="3" t="37" w="317" /><ent r="5" t="37" w="470" /><ent r="5" t="37" w="511" /><ent r="4" t="42" w="143" /><ent r="4" t="43" w="179" /><ent r="3" t="47" w="247" /><ent r="3" t="47" w="291" /><ent r="3" t="48" w="252" /><ent r="3" t="48" w="292" /><ent r="3" t="49" w="164" /><ent r="3" t="49" w="197" /><ent r="4" t="53" w="133" /><ent r="3" t="53" w="150" /><ent r="4" t="54" w="142" /><ent r="3" t="54" w="181" /><ent r="4" t="55" w="140" /><ent r="4" t="57" w="137" /><ent r="4" t="58" w="339" /><ent r="4" t="58" w="565" /><ent r="4" t="58" w="774" /><ent r="4" t="58" w="1000" /><ent r="3" t="59" w="165" /><ent r="3" t="59" w="182" /><ent r="3" t="60" w="158" /><ent r="4" t="70" w="238" /><ent r="4" t="70" w="327" /><ent r="4" t="74" w="400" /><ent r="4" t="75" w="222" /><ent r="5" t="75" w="401" /><ent r="3" t="75" w="540" /><ent r="3" t="85" w="68" /><ent r="4" t="86" w="59" /><ent r="4" t="86" w="138" /><ent r="4" t="87" w="41" /><ent r="4" t="87" w="57" /><ent r="3" t="88" w="104" /><ent r="3" t="88" w="123" /><ent r="3" t="88" w="133" /><ent r="1000" t="90" w="3" /><ent r="100" t="90" w="8" /><ent r="100" t="90" w="12" /><ent r="102" t="90" w="18" /><ent r="3" t="90" w="24" /><ent r="3" t="90" w="60" /><ent r="3" t="90" w="94" /><ent r="3" t="90" w="147" /><ent r="4" t="91" w="51" /><ent r="4" t="91" w="124" /><ent r="4" t="91" w="162" /><ent r="4" t="91" w="202" /><ent r="4" t="91" w="233" /><ent r="4" t="91" w="278" /><ent r="4" t="92" w="114" /><ent r="4" t="93" w="146" /><ent r="4" t="93" w="189" /><ent r="4" t="93" w="207" /><ent r="3" t="100" w="228" /><ent r="3" t="100" w="294" /><ent r="3" t="102" w="97" /><ent r="3" t="114" w="77" /><ent r="3" t="124" w="226" /><ent r="3" t="124" w="313" /><ent r="4" t="126" w="113" /><ent r="4" t="127" w="221" /><ent r="4" t="128" w="101" /><ent r="3" t="131" w="102" /><ent r="3" t="136" w="164" /><ent r="4" t="140" w="461" /><ent r="4" t="142" w="333" /><ent r="4" t="142" w="547" /><ent r="4" t="143" w="161" /><ent r="100" t="150" w="20" /><ent r="100" t="150" w="131" /><ent r="92" t="150" w="137" /><ent r="3" t="150" w="149" /><ent r="3" t="156" w="98" /><ent r="4" t="157" w="215" /><ent r="4" t="158" w="47" /><ent r="4" t="158" w="59" /><ent r="4" t="158" w="65" /><ent r="3" t="158" w="90" /><ent r="3" t="158" w="114" /><ent r="3" t="158" w="158" /><ent r="3" t="158" w="177" /><ent r="3" t="158" w="187" /><ent r="3" t="158" w="200" /><ent r="3" t="158" w="208" /><ent r="3" t="158" w="217" /><ent r="3" t="158" w="223" /><ent r="3" t="158" w="254" /><ent r="4" t="158" w="277" /><ent r="4" t="158" w="290" /><ent r="3" t="158" w="312" /><ent r="4" t="158" w="330" /><ent r="3" t="158" w="343" /><ent r="3" t="158" w="395" /><ent r="4" t="158" w="430" /><ent r="3" t="158" w="444" /><ent r="3" t="158" w="461" /><ent r="4" t="158" w="555" /><ent r="4" t="158" w="568" /><ent r="3" t="160" w="192" /><ent r="3" t="160" w="578" /><ent r="3" t="160" w="605" /><ent r="4" t="161" w="312" /><ent r="3" t="164" w="346" /><ent r="3" t="164" w="412" /><ent r="4" t="164" w="448" /><ent r="4" t="171" w="68" /><ent r="3" t="177" w="39" /><ent r="4" t="178" w="449" /><ent r="4" t="179" w="244" /><ent r="4" t="179" w="263" /><ent r="4" t="179" w="358" /><ent r="4" t="179" w="477" /><ent r="4" t="179" w="533" /><ent r="4" t="179" w="545" /><ent r="4" t="179" w="590" /><ent r="4" t="179" w="635" /><ent r="3" t="179" w="715" /><ent r="3" t="179" w="745" /><ent r="4" t="180" w="350" /><ent r="4" t="180" w="466" /><ent r="4" t="180" w="522" /><ent r="4" t="180" w="534" /><ent r="4" t="180" w="579" /><ent r="4" t="180" w="624" /><ent r="3" t="180" w="704" /><ent r="3" t="180" w="734" /><ent r="3" t="180" w="1104" /><ent r="3" t="180" w="1117" /><ent r="4" t="181" w="348" /><ent r="4" t="181" w="464" /><ent r="4" t="181" w="520" /><ent r="4" t="181" w="532" /><ent r="4" t="181" w="577" /><ent r="4" t="181" w="622" /><ent r="3" t="181" w="702" /><ent r="3" t="181" w="732" /><ent r="3" t="184" w="206" /><ent r="4" t="186" w="166" /><ent r="3" t="186" w="194" /><ent r="3" t="186" w="209" /><ent r="3" t="187" w="149" /><ent r="4" t="188" w="416" /><ent r="4" t="188" w="603" /><ent r="3" t="189" w="79" /><ent r="3" t="189" w="112" /><ent r="3" t="189" w="131" /><ent r="3" t="189" w="141" /><ent r="3" t="192" w="495" /><ent r="3" t="192" w="582" /><ent r="3" t="193" w="205" /><ent r="3" t="193" w="292" /><ent r="3" t="194" w="482" /><ent r="3" t="194" w="569" /><ent r="4" t="195" w="393" /><ent r="4" t="195" w="567" /><ent r="4" t="195" w="604" /><ent r="4" t="195" w="1094" /><ent r="4" t="196" w="272" /><ent r="4" t="196" w="319" /><ent r="4" t="197" w="105" /><ent r="6" t="198" w="533" /><ent r="4" t="210" w="348" /><ent r="4" t="210" w="590" /><ent r="3" t="210" w="996" /><ent r="4" t="210" w="1052" /><ent r="3" t="210" w="1515" /><ent r="3" t="210" w="1531" /><ent r="3" t="210" w="1704" /><ent r="4" t="210" w="1767" /><ent r="4" t="210" w="1995" /><ent r="4" t="210" w="2057" /><ent r="4" t="210" w="2091" /><ent r="4" t="210" w="2234" /><ent r="4" t="211" w="497" /><ent r="6" t="211" w="879" /><ent r="3" t="211" w="910" /><ent r="3" t="211" w="1006" /><ent r="4" t="211" w="1292" /><ent r="3" t="211" w="1563" /><ent r="4" t="211" w="1791" /><ent r="3" t="211" w="2363" /><ent r="4" t="211" w="2878" /><ent r="4" t="212" w="213" /><ent r="4" t="212" w="1050" /><ent r="3" t="212" w="1150" /><ent r="3" t="212" w="1161" /><ent r="4" t="212" w="1258" /><ent r="4" t="213" w="172" /><ent r="4" t="214" w="411" /><ent r="4" t="215" w="400" /><ent r="3" t="215" w="1202" /><ent r="4" t="217" w="324" /><ent r="4" t="217" w="631" /><ent r="4" t="217" w="756" /><ent r="4" t="217" w="1070" /><ent r="3" t="218" w="320" /><ent r="3" t="218" w="906" /><ent r="3" t="218" w="914" /><ent r="7" t="218" w="1136" /><ent r="4" t="219" w="233" /><ent r="4" t="219" w="519" /><ent r="3" t="219" w="845" /><ent r="3" t="219" w="854" /><ent r="3" t="219" w="1047" /><ent r="4" t="221" w="51" /><ent r="3" t="223" w="22" /><ent r="3" t="229" w="249" /><ent r="3" t="230" w="180" /><ent r="3" t="231" w="139" /><ent r="3" t="233" w="178" /><ent r="4" t="234" w="757" /><ent r="4" t="234" w="914" /><ent r="3" t="235" w="192" /><ent r="3" t="239" w="197" /><ent r="3" t="241" w="180" /><ent r="5" t="242" w="84" /><ent r="4" t="245" w="136" /><ent r="4" t="245" w="212" /><ent r="6" t="246" w="221" /><ent r="6" t="246" w="430" /><ent r="3" t="249" w="21" /><ent r="3" t="250" w="21" /><ent r="3" t="254" w="305" /><ent r="3" t="254" w="312" /></phr></stem><stem n="menu"><phr n="menus"><ent r="100" t="1" w="138" /><ent r="92" t="1" w="142" /><ent r="3" t="1" w="147" /><ent r="3" t="1" w="159" /><ent r="3" t="1" w="168" /><ent r="3" t="1" w="199" /><ent r="3" t="1" w="225" /><ent r="3" t="4" w="22" /><ent r="100" t="90" w="13" /><ent r="100" t="150" w="21" /><ent r="100" t="150" w="132" /><ent r="92" t="150" w="138" /><ent r="3" t="150" w="150" /><ent r="3" t="156" w="99" /><ent r="3" t="158" w="91" /><ent r="3" t="218" w="1515" /><ent r="3" t="218" w="1534" /></phr><phr n="Menu"><ent r="3" t="1" w="179" /><ent r="4" t="1" w="283" /><ent r="4" t="2" w="73" /><ent r="5" t="3" w="135" /><ent r="4" t="4" w="138" /><ent r="6" t="7" w="14" /><ent r="7" t="9" w="27" /><ent r="7" t="11" w="90" /><ent r="7" t="11" w="104" /><ent r="68" t="11" w="109" /><ent r="7" t="12" w="18" /><ent r="7" t="12" w="54" /><ent r="6" t="12" w="76" /><ent r="3" t="14" w="46" /><ent r="4" t="17" w="41" /><ent r="3" t="17" w="201" /><ent r="3" t="18" w="208" /><ent r="3" t="20" w="161" /><ent r="4" t="22" w="126" /><ent r="4" t="30" w="234" /><ent r="4" t="32" w="34" /><ent r="4" t="37" w="123" /><ent r="4" t="41" w="36" /><ent r="4" t="43" w="132" /><ent r="4" t="47" w="89" /><ent r="4" t="48" w="48" /><ent r="4" t="49" w="46" /><ent r="4" t="50" w="88" /><ent r="4" t="52" w="87" /><ent r="4" t="53" w="87" /><ent r="4" t="54" w="101" /><ent r="4" t="55" w="96" /><ent r="4" t="56" w="89" /><ent r="4" t="57" w="87" /><ent r="4" t="58" w="83" /><ent r="4" t="59" w="84" /><ent r="4" t="60" w="94" /><ent r="3" t="61" w="34" /><ent r="4" t="62" w="44" /><ent r="4" t="62" w="57" /><ent r="3" t="65" w="13" /><ent r="3" t="65" w="39" /><ent r="3" t="65" w="52" /><ent r="3" t="66" w="13" /><ent r="3" t="66" w="51" /><ent r="3" t="66" w="64" /><ent r="3" t="66" w="81" /><ent r="4" t="66" w="104" /><ent r="4" t="66" w="129" /><ent r="4" t="66" w="161" /><ent r="4" t="70" w="372" /><ent r="3" t="72" w="79" /><ent r="4" t="73" w="46" /><ent r="4" t="74" w="128" /><ent r="4" t="75" w="135" /><ent r="4" t="77" w="55" /><ent r="4" t="77" w="93" /><ent r="4" t="78" w="53" /><ent r="3" t="79" w="42" /><ent r="4" t="79" w="47" /><ent r="4" t="80" w="44" /><ent r="4" t="81" w="58" /><ent r="4" t="81" w="69" /><ent r="3" t="83" w="97" /><ent r="4" t="84" w="183" /><ent r="4" t="88" w="62" /><ent r="1000" t="90" w="4" /><ent r="100" t="90" w="9" /><ent r="102" t="90" w="19" /><ent r="3" t="90" w="25" /><ent r="3" t="90" w="61" /><ent r="3" t="100" w="62" /><ent r="4" t="103" w="65" /><ent r="4" t="103" w="168" /><ent r="4" t="108" w="52" /><ent r="3" t="108" w="288" /><ent r="4" t="109" w="84" /><ent r="4" t="110" w="55" /><ent r="4" t="111" w="96" /><ent r="4" t="111" w="172" /><ent r="3" t="114" w="122" /><ent r="4" t="116" w="90" /><ent r="4" t="116" w="118" /><ent r="4" t="116" w="173" /><ent r="4" t="116" w="201" /><ent r="3" t="116" w="249" /><ent r="4" t="116" w="273" /><ent r="4" t="117" w="73" /><ent r="3" t="117" w="97" /><ent r="4" t="117" w="107" /><ent r="3" t="118" w="66" /><ent r="4" t="119" w="53" /><ent r="4" t="120" w="98" /><ent r="4" t="120" w="108" /><ent r="4" t="121" w="38" /><ent r="3" t="122" w="56" /><ent r="3" t="122" w="98" /><ent r="3" t="122" w="107" /><ent r="6" t="122" w="122" /><ent r="6" t="122" w="520" /><ent r="3" t="123" w="42" /><ent r="4" t="123" w="167" /><ent r="4" t="123" w="208" /><ent r="3" t="123" w="235" /><ent r="4" t="123" w="315" /><ent r="4" t="124" w="79" /><ent r="3" t="124" w="105" /><ent r="4" t="125" w="76" /><ent r="3" t="125" w="123" /><ent r="4" t="126" w="63" /><ent r="3" t="126" w="99" /><ent r="5" t="127" w="71" /><ent r="3" t="127" w="87" /><ent r="4" t="127" w="98" /><ent r="5" t="127" w="193" /><ent r="3" t="127" w="210" /><ent r="4" t="127" w="222" /><ent r="5" t="128" w="73" /><ent r="3" t="128" w="90" /><ent r="4" t="128" w="102" /><ent r="4" t="129" w="62" /><ent r="4" t="130" w="38" /><ent r="4" t="131" w="173" /><ent r="4" t="132" w="94" /><ent r="3" t="132" w="130" /><ent r="4" t="133" w="98" /><ent r="3" t="133" w="134" /><ent r="3" t="134" w="166" /><ent r="3" t="134" w="267" /><ent r="3" t="135" w="100" /><ent r="3" t="136" w="130" /><ent r="4" t="138" w="136" /><ent r="4" t="139" w="66" /><ent r="4" t="140" w="87" /><ent r="4" t="141" w="88" /><ent r="4" t="142" w="334" /><ent r="3" t="145" w="37" /><ent r="3" t="145" w="94" /><ent r="4" t="145" w="110" /><ent r="3" t="145" w="132" /><ent r="3" t="150" w="98" /><ent r="3" t="150" w="178" /><ent r="3" t="150" w="192" /><ent r="3" t="150" w="206" /><ent r="3" t="150" w="220" /><ent r="3" t="150" w="480" /><ent r="64" t="150" w="496" /><ent r="4" t="152" w="31" /><ent r="4" t="152" w="104" /><ent r="4" t="152" w="121" /><ent r="65" t="152" w="131" /><ent r="3" t="152" w="250" /><ent r="4" t="153" w="45" /><ent r="4" t="153" w="70" /><ent r="4" t="154" w="58" /><ent r="4" t="154" w="81" /><ent r="3" t="154" w="133" /><ent r="64" t="154" w="138" /><ent r="3" t="154" w="148" /><ent r="3" t="154" w="163" /><ent r="3" t="154" w="179" /><ent r="4" t="155" w="31" /><ent r="3" t="156" w="58" /><ent r="1000" t="158" w="2" /><ent r="100" t="158" w="5" /><ent r="100" t="158" w="10" /><ent r="102" t="158" w="14" /><ent r="3" t="158" w="18" /><ent r="4" t="158" w="48" /><ent r="4" t="158" w="52" /><ent r="4" t="158" w="60" /><ent r="4" t="158" w="66" /><ent r="4" t="158" w="79" /><ent r="3" t="158" w="115" /><ent r="3" t="158" w="159" /><ent r="3" t="158" w="163" /><ent r="3" t="158" w="178" /><ent r="3" t="158" w="188" /><ent r="3" t="158" w="201" /><ent r="3" t="158" w="209" /><ent r="3" t="158" w="218" /><ent r="3" t="158" w="224" /><ent r="5" t="158" w="242" /><ent r="3" t="158" w="255" /><ent r="3" t="158" w="257" /><ent r="3" t="158" w="306" /><ent r="3" t="158" w="313" /><ent r="3" t="158" w="315" /><ent r="3" t="158" w="318" /><ent r="4" t="158" w="331" /><ent r="3" t="158" w="344" /><ent r="3" t="158" w="364" /><ent r="5" t="158" w="383" /><ent r="3" t="158" w="396" /><ent r="3" t="158" w="398" /><ent r="4" t="158" w="431" /><ent r="3" t="158" w="438" /><ent r="3" t="158" w="445" /><ent r="3" t="158" w="447" /><ent r="3" t="158" w="450" /><ent r="3" t="158" w="462" /><ent r="5" t="158" w="522" /><ent r="3" t="158" w="535" /><ent r="3" t="158" w="584" /><ent r="3" t="158" w="591" /><ent r="3" t="158" w="594" /><ent r="3" t="166" w="45" /><ent r="4" t="166" w="103" /><ent r="3" t="167" w="92" /><ent r="4" t="168" w="43" /><ent r="4" t="169" w="78" /><ent r="4" t="170" w="48" /><ent r="4" t="171" w="45" /><ent r="4" t="172" w="53" /><ent r="4" t="172" w="246" /><ent r="6" t="172" w="303" /><ent r="4" t="176" w="96" /><ent r="4" t="177" w="73" /><ent r="4" t="182" w="81" /><ent r="4" t="184" w="95" /><ent r="4" t="185" w="84" /><ent r="4" t="185" w="110" /><ent r="4" t="186" w="76" /><ent r="4" t="187" w="92" /><ent r="4" t="188" w="108" /><ent r="4" t="189" w="43" /><ent r="4" t="193" w="65" /><ent r="4" t="193" w="83" /><ent r="4" t="194" w="79" /><ent r="4" t="206" w="112" /><ent r="4" t="206" w="123" /><ent r="4" t="210" w="349" /><ent r="4" t="210" w="529" /><ent r="4" t="210" w="636" /><ent r="4" t="210" w="709" /><ent r="3" t="210" w="817" /><ent r="3" t="210" w="985" /><ent r="3" t="210" w="1088" /><ent r="3" t="210" w="1092" /><ent r="4" t="210" w="1175" /><ent r="4" t="210" w="1554" /><ent r="4" t="210" w="1556" /><ent r="3" t="210" w="1577" /><ent r="4" t="210" w="1622" /><ent r="3" t="210" w="1671" /><ent r="4" t="210" w="1730" /><ent r="4" t="210" w="1785" /><ent r="4" t="210" w="1875" /><ent r="4" t="210" w="1996" /><ent r="4" t="210" w="2058" /><ent r="4" t="210" w="2148" /><ent r="4" t="210" w="2194" /><ent r="4" t="210" w="2351" /><ent r="4" t="210" w="2380" /><ent r="4" t="211" w="498" /><ent r="4" t="211" w="716" /><ent r="4" t="211" w="761" /><ent r="4" t="211" w="769" /><ent r="6" t="211" w="880" /><ent r="3" t="211" w="1007" /><ent r="4" t="211" w="1126" /><ent r="4" t="211" w="1255" /><ent r="4" t="211" w="1351" /><ent r="4" t="211" w="2040" /><ent r="4" t="211" w="2419" /><ent r="4" t="211" w="2772" /><ent r="4" t="212" w="214" /><ent r="4" t="212" w="394" /><ent r="4" t="212" w="806" /><ent r="4" t="212" w="1031" /><ent r="3" t="212" w="1151" /><ent r="3" t="212" w="1162" /><ent r="4" t="213" w="173" /><ent r="4" t="213" w="528" /><ent r="3" t="213" w="1495" /><ent r="4" t="214" w="412" /><ent r="4" t="214" w="706" /><ent r="6" t="214" w="806" /><ent r="4" t="215" w="401" /><ent r="4" t="215" w="695" /><ent r="3" t="215" w="1203" /><ent r="4" t="216" w="238" /><ent r="4" t="217" w="274" /><ent r="4" t="217" w="325" /><ent r="4" t="217" w="506" /><ent r="4" t="217" w="665" /><ent r="4" t="217" w="804" /><ent r="4" t="217" w="832" /><ent r="4" t="217" w="887" /><ent r="4" t="218" w="68" /><ent r="3" t="218" w="321" /><ent r="4" t="218" w="423" /><ent r="92" t="218" w="1388" /><ent r="3" t="218" w="1404" /><ent r="3" t="218" w="1425" /><ent r="3" t="218" w="1444" /><ent r="4" t="218" w="1464" /><ent r="3" t="218" w="1496" /><ent r="3" t="218" w="1542" /><ent r="3" t="218" w="1569" /><ent r="3" t="218" w="1578" /><ent r="3" t="218" w="1595" /><ent r="3" t="218" w="1603" /><ent r="3" t="218" w="1625" /><ent r="3" t="218" w="1636" /><ent r="3" t="218" w="1646" /><ent r="3" t="218" w="1694" /><ent r="4" t="218" w="1814" /><ent r="4" t="218" w="1888" /><ent r="4" t="218" w="1904" /><ent r="4" t="219" w="234" /><ent r="4" t="219" w="415" /><ent r="6" t="219" w="442" /><ent r="6" t="219" w="1304" /><ent r="3" t="219" w="1380" /><ent r="3" t="219" w="1471" /><ent r="3" t="220" w="26" /><ent r="4" t="241" w="77" /><ent r="3" t="243" w="134" /><ent r="3" t="243" w="151" /><ent r="3" t="243" w="454" /><ent r="1000" t="256" w="4" /><ent r="100" t="256" w="9" /><ent r="100" t="256" w="12" /><ent r="102" t="256" w="19" /><ent r="3" t="256" w="23" /><ent r="3" t="256" w="30" /><ent r="6" t="256" w="39" /><ent r="1000" t="257" w="4" /><ent r="100" t="257" w="19" /><ent r="100" t="257" w="26" /><ent r="102" t="257" w="31" /><ent r="3" t="257" w="35" /><ent r="3" t="257" w="42" /><ent r="6" t="257" w="51" /><ent r="1000" t="258" w="4" /><ent r="100" t="258" w="22" /><ent r="100" t="258" w="29" /><ent r="102" t="258" w="34" /><ent r="3" t="258" w="38" /><ent r="3" t="258" w="45" /><ent r="6" t="258" w="54" /><ent r="1000" t="259" w="4" /><ent r="100" t="259" w="19" /><ent r="100" t="259" w="26" /><ent r="102" t="259" w="31" /><ent r="3" t="259" w="35" /><ent r="3" t="259" w="42" /><ent r="6" t="259" w="51" /></phr></stem><stem n="command"><phr n="commands"><ent r="3" t="1" w="149" /><ent r="3" t="1" w="180" /><ent r="3" t="1" w="190" /><ent r="3" t="135" w="30" /><ent r="4" t="206" w="314" /></phr><phr n="command"><ent r="7" t="5" w="79" /><ent r="7" t="5" w="115" /><ent r="7" t="5" w="152" /><ent r="92" t="18" w="41" /><ent r="3" t="18" w="50" /><ent r="4" t="37" w="119" /><ent r="3" t="88" w="139" /><ent r="5" t="122" w="646" /><ent r="3" t="135" w="17" /><ent r="3" t="135" w="36" /><ent r="3" t="135" w="64" /><ent r="4" t="152" w="113" /><ent r="3" t="152" w="251" /><ent r="3" t="154" w="186" /><ent r="3" t="158" w="30" /><ent r="3" t="158" w="41" /><ent r="3" t="158" w="127" /><ent r="4" t="158" w="423" /><ent r="3" t="167" w="80" /><ent r="3" t="169" w="17" /><ent r="3" t="171" w="28" /><ent r="3" t="175" w="195" /><ent r="3" t="177" w="13" /><ent r="4" t="177" w="46" /><ent r="3" t="177" w="83" /><ent r="3" t="183" w="146" /><ent r="3" t="189" w="147" /><ent r="3" t="218" w="1488" /><ent r="3" t="218" w="1517" /><ent r="3" t="218" w="1536" /><ent r="3" t="218" w="1560" /><ent r="92" t="219" w="1418" /><ent r="3" t="219" w="1495" /><ent r="4" t="219" w="1560" /><ent r="3" t="243" w="512" /></phr></stem><stem n="standard"><phr n="standard"><ent r="3" t="1" w="156" /><ent r="64" t="4" w="222" /><ent r="1000" t="5" w="1" /><ent r="100" t="5" w="4" /><ent r="100" t="5" w="8" /><ent r="102" t="5" w="10" /><ent r="64" t="17" w="54" /><ent r="64" t="22" w="139" /><ent r="4" t="31" w="102" /><ent r="4" t="31" w="145" /><ent r="92" t="31" w="148" /><ent r="4" t="34" w="133" /><ent r="64" t="43" w="144" /><ent r="3" t="46" w="35" /><ent r="6" t="58" w="509" /><ent r="5" t="58" w="522" /><ent r="6" t="58" w="944" /><ent r="5" t="58" w="957" /><ent r="5" t="59" w="484" /><ent r="4" t="59" w="496" /><ent r="3" t="70" w="94" /><ent r="64" t="77" w="78" /><ent r="3" t="77" w="125" /><ent r="64" t="78" w="65" /><ent r="3" t="102" w="79" /><ent r="6" t="188" w="546" /><ent r="5" t="188" w="559" /><ent r="5" t="189" w="371" /><ent r="4" t="189" w="383" /><ent r="4" t="201" w="234" /><ent r="64" t="210" w="329" /><ent r="3" t="211" w="277" /><ent r="3" t="214" w="175" /><ent r="3" t="215" w="165" /><ent r="64" t="217" w="302" /><ent r="3" t="221" w="37" /><ent r="4" t="221" w="68" /><ent r="3" t="228" w="719" /><ent r="3" t="232" w="138" /><ent r="3" t="232" w="163" /><ent r="3" t="232" w="168" /><ent r="3" t="232" w="199" /><ent r="5" t="251" w="144" /><ent r="4" t="251" w="157" /></phr><phr n="standards"><ent r="3" t="233" w="238" /></phr></stem></index>