﻿<?xml version="1.0" encoding="utf-8"?><index><stem n="panel"><phr n="panel"><ent r="4" t="2" w="84" /><ent r="3" t="2" w="98" /><ent r="4" t="73" w="54" /><ent r="4" t="132" w="135" /><ent r="3" t="158" w="58" /><ent r="4" t="167" w="2904" /></phr></stem><stem n="navig"><phr n="navigation"><ent r="3" t="2" w="104" /><ent r="3" t="2" w="127" /></phr><phr n="Navigate"><ent r="4" t="18" w="104" /><ent r="4" t="29" w="66" /><ent r="4" t="32" w="176" /><ent r="4" t="70" w="74" /><ent r="4" t="72" w="189" /><ent r="3" t="73" w="319" /><ent r="4" t="80" w="35" /><ent r="4" t="87" w="124" /><ent r="3" t="88" w="278" /><ent r="3" t="92" w="199" /><ent r="3" t="146" w="118" /><ent r="4" t="166" w="541" /><ent r="4" t="167" w="689" /><ent r="4" t="170" w="642" /><ent r="4" t="170" w="816" /><ent r="6" t="171" w="990" /><ent r="4" t="172" w="516" /><ent r="4" t="172" w="919" /><ent r="4" t="174" w="459" /><ent r="3" t="174" w="1624" /><ent r="4" t="183" w="103" /><ent r="4" t="209" w="89" /></phr><phr n="navigate"><ent r="4" t="21" w="255" /><ent r="4" t="26" w="156" /><ent r="4" t="50" w="35" /><ent r="4" t="60" w="66" /><ent r="4" t="62" w="140" /><ent r="4" t="73" w="61" /><ent r="3" t="75" w="87" /><ent r="5" t="87" w="56" /><ent r="5" t="87" w="180" /><ent r="5" t="88" w="57" /><ent r="4" t="108" w="107" /><ent r="4" t="121" w="165" /><ent r="4" t="123" w="56" /><ent r="4" t="132" w="142" /><ent r="3" t="155" w="128" /><ent r="4" t="161" w="94" /><ent r="4" t="168" w="408" /><ent r="4" t="169" w="812" /><ent r="4" t="171" w="632" /><ent r="4" t="171" w="1125" /></phr></stem><stem n="tree"><phr n="tree"><ent r="3" t="2" w="105" /><ent r="3" t="2" w="128" /><ent r="4" t="62" w="63" /><ent r="3" t="69" w="112" /><ent r="3" t="69" w="401" /><ent r="3" t="69" w="411" /><ent r="4" t="78" w="48" /><ent r="3" t="82" w="72" /><ent r="4" t="83" w="33" /><ent r="4" t="84" w="54" /><ent r="3" t="85" w="98" /><ent r="4" t="86" w="38" /><ent r="4" t="89" w="37" /><ent r="3" t="90" w="113" /><ent r="3" t="91" w="116" /><ent r="4" t="96" w="146" /><ent r="4" t="97" w="88" /><ent r="4" t="98" w="101" /><ent r="4" t="99" w="102" /><ent r="3" t="131" w="177" /><ent r="4" t="133" w="58" /><ent r="4" t="135" w="97" /><ent r="4" t="136" w="97" /><ent r="4" t="137" w="111" /><ent r="4" t="138" w="106" /><ent r="4" t="139" w="99" /><ent r="4" t="140" w="97" /><ent r="4" t="141" w="93" /><ent r="4" t="142" w="94" /><ent r="4" t="143" w="104" /><ent r="4" t="155" w="76" /><ent r="3" t="155" w="80" /><ent r="4" t="208" w="99" /><ent r="4" t="210" w="98" /></phr></stem><stem n="expand"><phr n="expand"><ent r="3" t="2" w="123" /><ent r="3" t="69" w="115" /><ent r="3" t="132" w="97" /><ent r="3" t="133" w="582" /><ent r="3" t="145" w="224" /><ent r="3" t="155" w="89" /><ent r="4" t="167" w="2521" /><ent r="4" t="172" w="764" /><ent r="3" t="191" w="67" /><ent r="4" t="209" w="132" /></phr><phr n="Expand"><ent r="4" t="62" w="58" /><ent r="3" t="69" w="409" /><ent r="4" t="78" w="44" /><ent r="3" t="82" w="68" /><ent r="4" t="83" w="29" /><ent r="4" t="84" w="50" /><ent r="3" t="85" w="94" /><ent r="4" t="86" w="34" /><ent r="4" t="89" w="33" /><ent r="3" t="90" w="109" /><ent r="3" t="91" w="112" /><ent r="3" t="93" w="132" /><ent r="3" t="131" w="173" /><ent r="4" t="146" w="320" /><ent r="4" t="147" w="60" /><ent r="4" t="148" w="32" /><ent r="4" t="167" w="2514" /><ent r="3" t="201" w="171" /><ent r="3" t="203" w="176" /></phr><phr n="expands"><ent r="3" t="105" w="356" /><ent r="3" t="173" w="587" /></phr><phr n="expanded"><ent r="3" t="174" w="138" /></phr></stem><stem n="collaps"><phr n="collapse"><ent r="3" t="2" w="125" /><ent r="3" t="69" w="117" /><ent r="3" t="132" w="99" /><ent r="3" t="133" w="584" /></phr></stem><stem n="default"><phr n="default"><ent r="3" t="2" w="132" /><ent r="6" t="12" w="90" /><ent r="6" t="14" w="293" /><ent r="6" t="14" w="488" /><ent r="3" t="18" w="82" /><ent r="4" t="29" w="83" /><ent r="4" t="36" w="88" /><ent r="4" t="43" w="197" /><ent r="4" t="43" w="244" /><ent r="4" t="43" w="274" /><ent r="4" t="51" w="198" /><ent r="3" t="59" w="35" /><ent r="4" t="62" w="174" /><ent r="3" t="65" w="53" /><ent r="4" t="66" w="243" /><ent r="3" t="68" w="108" /><ent r="3" t="72" w="51" /><ent r="4" t="72" w="114" /><ent r="4" t="72" w="123" /><ent r="4" t="72" w="205" /><ent r="4" t="73" w="86" /><ent r="3" t="73" w="133" /><ent r="3" t="73" w="172" /><ent r="3" t="73" w="366" /><ent r="3" t="73" w="582" /><ent r="5" t="83" w="165" /><ent r="3" t="90" w="152" /><ent r="3" t="91" w="155" /><ent r="4" t="98" w="196" /><ent r="3" t="98" w="326" /><ent r="3" t="105" w="113" /><ent r="4" t="107" w="136" /><ent r="4" t="110" w="79" /><ent r="4" t="110" w="87" /><ent r="3" t="119" w="301" /><ent r="3" t="121" w="30" /><ent r="3" t="121" w="33" /><ent r="3" t="121" w="59" /><ent r="3" t="121" w="175" /><ent r="3" t="122" w="26" /><ent r="3" t="122" w="48" /><ent r="3" t="127" w="110" /><ent r="5" t="132" w="204" /><ent r="3" t="133" w="132" /><ent r="3" t="133" w="147" /><ent r="3" t="133" w="235" /><ent r="3" t="133" w="250" /><ent r="3" t="133" w="378" /><ent r="3" t="133" w="439" /><ent r="3" t="133" w="454" /><ent r="3" t="133" w="603" /><ent r="3" t="133" w="618" /><ent r="3" t="134" w="18" /><ent r="3" t="135" w="26" /><ent r="4" t="135" w="230" /><ent r="3" t="136" w="26" /><ent r="3" t="136" w="174" /><ent r="3" t="136" w="212" /><ent r="3" t="137" w="26" /><ent r="3" t="138" w="26" /><ent r="3" t="139" w="26" /><ent r="3" t="140" w="23" /><ent r="3" t="141" w="21" /><ent r="4" t="141" w="137" /><ent r="4" t="141" w="139" /><ent r="4" t="141" w="143" /><ent r="3" t="142" w="21" /><ent r="6" t="142" w="128" /><ent r="6" t="142" w="132" /><ent r="3" t="142" w="213" /><ent r="3" t="142" w="250" /><ent r="3" t="143" w="31" /><ent r="3" t="143" w="187" /><ent r="3" t="143" w="226" /><ent r="3" t="144" w="319" /><ent r="3" t="148" w="157" /><ent r="4" t="152" w="163" /><ent r="4" t="156" w="457" /><ent r="4" t="156" w="618" /><ent r="3" t="158" w="122" /><ent r="3" t="158" w="158" /><ent r="3" t="158" w="175" /><ent r="4" t="163" w="124" /><ent r="4" t="164" w="191" /><ent r="3" t="166" w="1196" /><ent r="4" t="166" w="1595" /><ent r="3" t="166" w="2024" /><ent r="4" t="166" w="2136" /><ent r="4" t="166" w="2284" /><ent r="4" t="168" w="799" /><ent r="4" t="168" w="1420" /><ent r="4" t="171" w="1061" /><ent r="3" t="173" w="1494" /><ent r="4" t="173" w="1745" /><ent r="4" t="173" w="1756" /><ent r="3" t="174" w="1520" /><ent r="3" t="174" w="1633" /><ent r="3" t="174" w="1647" /><ent r="7" t="182" w="471" /><ent r="7" t="182" w="512" /><ent r="7" t="182" w="576" /><ent r="3" t="182" w="790" /><ent r="4" t="196" w="318" /><ent r="3" t="201" w="35" /><ent r="3" t="201" w="50" /><ent r="3" t="203" w="40" /><ent r="3" t="203" w="55" /><ent r="4" t="205" w="34" /><ent r="100" t="207" w="7" /><ent r="100" t="207" w="11" /><ent r="100" t="207" w="13" /><ent r="4" t="208" w="123" /><ent r="3" t="208" w="161" /><ent r="3" t="208" w="166" /><ent r="4" t="208" w="241" /><ent r="3" t="213" w="54" /></phr><phr n="Default"><ent r="64" t="2" w="137" /><ent r="4" t="73" w="141" /><ent r="6" t="96" w="41" /><ent r="6" t="96" w="68" /><ent r="5" t="96" w="179" /><ent r="6" t="98" w="37" /><ent r="6" t="98" w="64" /><ent r="92" t="98" w="165" /><ent r="4" t="98" w="171" /><ent r="92" t="98" w="242" /><ent r="4" t="98" w="248" /><ent r="92" t="98" w="416" /><ent r="4" t="98" w="423" /><ent r="6" t="99" w="38" /><ent r="6" t="99" w="65" /><ent r="92" t="99" w="485" /><ent r="4" t="121" w="129" /><ent r="6" t="132" w="48" /><ent r="6" t="132" w="75" /><ent r="6" t="135" w="35" /><ent r="6" t="135" w="62" /><ent r="5" t="135" w="142" /><ent r="5" t="135" w="180" /><ent r="5" t="135" w="196" /><ent r="5" t="135" w="218" /><ent r="6" t="136" w="35" /><ent r="6" t="136" w="62" /><ent r="6" t="137" w="35" /><ent r="6" t="137" w="62" /><ent r="6" t="138" w="42" /><ent r="6" t="138" w="69" /><ent r="4" t="138" w="154" /><ent r="4" t="138" w="177" /><ent r="6" t="139" w="38" /><ent r="6" t="139" w="65" /><ent r="5" t="139" w="144" /><ent r="5" t="139" w="167" /><ent r="5" t="139" w="182" /><ent r="6" t="140" w="34" /><ent r="6" t="140" w="61" /><ent r="5" t="140" w="130" /><ent r="6" t="141" w="31" /><ent r="6" t="141" w="58" /><ent r="92" t="141" w="166" /><ent r="92" t="141" w="278" /><ent r="6" t="142" w="31" /><ent r="6" t="142" w="58" /><ent r="92" t="142" w="160" /><ent r="92" t="142" w="259" /><ent r="3" t="142" w="264" /><ent r="6" t="143" w="41" /><ent r="6" t="143" w="68" /><ent r="1000" t="207" w="1" /><ent r="102" t="207" w="17" /><ent r="3" t="208" w="130" /><ent r="6" t="210" w="35" /><ent r="6" t="210" w="62" /></phr><phr n="defaults"><ent r="3" t="2" w="146" /><ent r="4" t="32" w="163" /><ent r="3" t="44" w="89" /><ent r="4" t="44" w="112" /><ent r="3" t="73" w="18" /><ent r="4" t="73" w="674" /><ent r="3" t="98" w="348" /><ent r="3" t="131" w="65" /><ent r="5" t="132" w="162" /><ent r="5" t="132" w="239" /><ent r="5" t="132" w="253" /><ent r="3" t="144" w="44" /><ent r="3" t="144" w="167" /><ent r="5" t="144" w="252" /><ent r="3" t="156" w="196" /><ent r="3" t="156" w="683" /><ent r="4" t="168" w="807" /><ent r="4" t="168" w="985" /><ent r="5" t="168" w="1218" /><ent r="4" t="168" w="1315" /><ent r="4" t="168" w="1326" /><ent r="4" t="170" w="714" /><ent r="4" t="171" w="740" /><ent r="3" t="207" w="53" /><ent r="3" t="208" w="18" /></phr></stem><stem n="chang"><phr n="change"><ent r="3" t="2" w="144" /><ent r="7" t="8" w="201" /><ent r="7" t="8" w="218" /><ent r="7" t="9" w="34" /><ent r="7" t="9" w="56" /><ent r="7" t="10" w="71" /><ent r="7" t="11" w="202" /><ent r="7" t="11" w="220" /><ent r="7" t="11" w="267" /><ent r="7" t="11" w="282" /><ent r="7" t="11" w="296" /><ent r="7" t="11" w="310" /><ent r="3" t="18" w="94" /><ent r="3" t="41" w="147" /><ent r="4" t="41" w="191" /><ent r="4" t="41" w="222" /><ent r="3" t="41" w="286" /><ent r="3" t="41" w="336" /><ent r="100" t="54" w="9" /><ent r="3" t="54" w="17" /><ent r="3" t="55" w="23" /><ent r="3" t="55" w="78" /><ent r="3" t="55" w="101" /><ent r="3" t="58" w="182" /><ent r="3" t="58" w="210" /><ent r="4" t="58" w="251" /><ent r="3" t="59" w="62" /><ent r="3" t="59" w="67" /><ent r="3" t="60" w="144" /><ent r="3" t="60" w="193" /><ent r="100" t="64" w="5" /><ent r="3" t="64" w="19" /><ent r="3" t="66" w="218" /><ent r="3" t="66" w="262" /><ent r="3" t="68" w="120" /><ent r="3" t="69" w="234" /><ent r="3" t="72" w="63" /><ent r="4" t="72" w="211" /><ent r="4" t="73" w="272" /><ent r="3" t="73" w="386" /><ent r="3" t="73" w="417" /><ent r="3" t="73" w="470" /><ent r="3" t="78" w="161" /><ent r="6" t="82" w="251" /><ent r="7" t="82" w="367" /><ent r="7" t="82" w="418" /><ent r="3" t="84" w="38" /><ent r="3" t="87" w="19" /><ent r="3" t="90" w="164" /><ent r="3" t="91" w="167" /><ent r="3" t="110" w="121" /><ent r="3" t="110" w="127" /><ent r="3" t="112" w="190" /><ent r="3" t="115" w="595" /><ent r="3" t="118" w="180" /><ent r="3" t="118" w="209" /><ent r="3" t="119" w="387" /><ent r="3" t="126" w="32" /><ent r="3" t="130" w="51" /><ent r="3" t="131" w="103" /><ent r="4" t="131" w="117" /><ent r="4" t="131" w="462" /><ent r="4" t="131" w="507" /><ent r="3" t="136" w="200" /><ent r="3" t="137" w="157" /><ent r="3" t="142" w="238" /><ent r="4" t="143" w="134" /><ent r="3" t="143" w="214" /><ent r="3" t="148" w="190" /><ent r="3" t="148" w="227" /><ent r="3" t="150" w="23" /><ent r="3" t="150" w="128" /><ent r="3" t="150" w="162" /><ent r="3" t="150" w="193" /><ent r="3" t="153" w="28" /><ent r="3" t="153" w="109" /><ent r="3" t="153" w="131" /><ent r="4" t="156" w="465" /><ent r="4" t="156" w="627" /><ent r="3" t="156" w="696" /><ent r="4" t="156" w="824" /><ent r="3" t="156" w="925" /><ent r="4" t="164" w="340" /><ent r="4" t="166" w="855" /><ent r="4" t="166" w="1129" /><ent r="4" t="166" w="1423" /><ent r="4" t="166" w="1687" /><ent r="3" t="166" w="1754" /><ent r="4" t="166" w="1951" /><ent r="4" t="166" w="1974" /><ent r="3" t="167" w="373" /><ent r="3" t="167" w="943" /><ent r="4" t="167" w="1722" /><ent r="4" t="167" w="1734" /><ent r="4" t="167" w="2908" /><ent r="3" t="168" w="127" /><ent r="3" t="170" w="48" /><ent r="3" t="170" w="1091" /><ent r="4" t="171" w="669" /><ent r="4" t="171" w="1052" /><ent r="3" t="172" w="650" /><ent r="4" t="172" w="840" /><ent r="3" t="172" w="857" /><ent r="4" t="173" w="1120" /><ent r="7" t="173" w="1157" /><ent r="4" t="173" w="1349" /><ent r="3" t="174" w="779" /><ent r="3" t="174" w="1158" /><ent r="4" t="174" w="1318" /><ent r="5" t="176" w="273" /><ent r="3" t="207" w="51" /><ent r="4" t="208" w="121" /></phr><phr n="changes"><ent r="7" t="5" w="184" /><ent r="7" t="5" w="233" /><ent r="7" t="8" w="225" /><ent r="3" t="55" w="221" /><ent r="4" t="66" w="119" /><ent r="3" t="66" w="338" /><ent r="4" t="73" w="113" /><ent r="3" t="73" w="122" /><ent r="3" t="96" w="266" /><ent r="3" t="97" w="144" /><ent r="3" t="98" w="163" /><ent r="3" t="99" w="163" /><ent r="3" t="111" w="68" /><ent r="3" t="113" w="86" /><ent r="3" t="115" w="605" /><ent r="3" t="132" w="292" /><ent r="3" t="133" w="117" /><ent r="3" t="135" w="254" /><ent r="3" t="136" w="238" /><ent r="3" t="137" w="218" /><ent r="3" t="138" w="209" /><ent r="3" t="139" w="218" /><ent r="3" t="140" w="168" /><ent r="3" t="141" w="164" /><ent r="3" t="142" w="158" /><ent r="3" t="143" w="275" /><ent r="3" t="144" w="353" /><ent r="3" t="145" w="162" /><ent r="4" t="146" w="156" /><ent r="3" t="146" w="196" /><ent r="3" t="147" w="200" /><ent r="3" t="148" w="99" /><ent r="3" t="149" w="117" /><ent r="3" t="150" w="272" /><ent r="3" t="151" w="201" /><ent r="3" t="152" w="135" /><ent r="3" t="153" w="231" /><ent r="3" t="154" w="184" /><ent r="3" t="161" w="162" /><ent r="3" t="161" w="174" /><ent r="4" t="166" w="1597" /><ent r="4" t="166" w="1840" /><ent r="4" t="166" w="1853" /><ent r="4" t="166" w="1884" /><ent r="3" t="166" w="2021" /><ent r="3" t="167" w="341" /><ent r="3" t="167" w="2338" /><ent r="4" t="168" w="938" /><ent r="3" t="169" w="43" /><ent r="3" t="169" w="872" /><ent r="3" t="169" w="883" /><ent r="4" t="173" w="1249" /><ent r="4" t="174" w="1348" /><ent r="3" t="179" w="71" /><ent r="3" t="210" w="167" /></phr><phr n="Change"><ent r="68" t="8" w="207" /><ent r="6" t="14" w="257" /><ent r="64" t="16" w="35" /><ent r="4" t="41" w="205" /><ent r="5" t="41" w="235" /><ent r="5" t="41" w="300" /><ent r="1000" t="54" w="1" /><ent r="102" t="54" w="11" /><ent r="1000" t="59" w="1" /><ent r="100" t="59" w="10" /><ent r="102" t="59" w="15" /><ent r="4" t="62" w="204" /><ent r="1000" t="64" w="1" /><ent r="102" t="64" w="9" /><ent r="3" t="64" w="13" /><ent r="5" t="64" w="96" /><ent r="4" t="64" w="103" /><ent r="92" t="119" w="381" /><ent r="4" t="167" w="2724" /><ent r="4" t="167" w="2745" /><ent r="4" t="168" w="864" /><ent r="4" t="168" w="931" /><ent r="4" t="170" w="75" /><ent r="4" t="171" w="902" /><ent r="4" t="173" w="64" /><ent r="4" t="173" w="549" /><ent r="92" t="173" w="1224" /><ent r="4" t="174" w="93" /><ent r="92" t="174" w="1238" /><ent r="66" t="176" w="283" /></phr><phr n="changed"><ent r="3" t="21" w="398" /><ent r="3" t="65" w="63" /><ent r="3" t="100" w="268" /><ent r="3" t="115" w="304" /></phr><phr n="Changing"><ent r="6" t="96" w="50" /><ent r="6" t="98" w="46" /><ent r="6" t="99" w="47" /><ent r="6" t="132" w="57" /><ent r="6" t="135" w="44" /><ent r="6" t="136" w="44" /><ent r="6" t="137" w="44" /><ent r="6" t="138" w="51" /><ent r="6" t="139" w="47" /><ent r="6" t="140" w="43" /><ent r="6" t="141" w="40" /><ent r="6" t="142" w="40" /><ent r="6" t="143" w="50" /><ent r="4" t="168" w="1324" /><ent r="6" t="210" w="44" /></phr><phr n="changing"><ent r="3" t="96" w="198" /><ent r="3" t="166" w="1463" /><ent r="4" t="168" w="1487" /></phr></stem><stem n="instruct"><phr n="instructions"><ent r="3" t="2" w="149" /><ent r="3" t="130" w="322" /><ent r="3" t="207" w="56" /></phr></stem><stem n="what"><phr n="What"><ent r="6" t="3" w="13" /><ent r="7" t="5" w="15" /><ent r="7" t="6" w="15" /><ent r="6" t="7" w="16" /><ent r="7" t="8" w="50" /><ent r="7" t="9" w="15" /><ent r="7" t="10" w="60" /><ent r="7" t="11" w="92" /><ent r="7" t="12" w="20" /><ent r="7" t="13" w="48" /><ent r="6" t="38" w="69" /><ent r="6" t="52" w="63" /><ent r="6" t="82" w="125" /><ent r="6" t="106" w="19" /><ent r="6" t="219" w="54" /><ent r="6" t="220" w="57" /><ent r="6" t="221" w="54" /><ent r="6" t="222" w="42" /></phr><phr n="what"><ent r="3" t="41" w="135" /><ent r="4" t="95" w="45" /><ent r="3" t="96" w="91" /><ent r="3" t="97" w="22" /><ent r="4" t="99" w="452" /><ent r="4" t="100" w="354" /><ent r="4" t="100" w="360" /><ent r="3" t="166" w="1301" /><ent r="3" t="170" w="134" /><ent r="3" t="171" w="124" /><ent r="3" t="173" w="168" /><ent r="7" t="182" w="580" /><ent r="3" t="191" w="218" /><ent r="3" t="191" w="227" /></phr></stem><stem n="doe"><phr n="does"><ent r="6" t="3" w="15" /><ent r="7" t="5" w="17" /><ent r="7" t="6" w="17" /><ent r="6" t="7" w="18" /><ent r="7" t="8" w="52" /><ent r="7" t="9" w="17" /><ent r="7" t="10" w="62" /><ent r="7" t="11" w="94" /><ent r="7" t="12" w="22" /><ent r="7" t="13" w="50" /><ent r="3" t="22" w="25" /><ent r="6" t="38" w="71" /><ent r="6" t="52" w="65" /><ent r="3" t="56" w="71" /><ent r="4" t="78" w="64" /><ent r="3" t="82" w="88" /><ent r="6" t="82" w="127" /><ent r="4" t="83" w="49" /><ent r="4" t="84" w="70" /><ent r="3" t="85" w="52" /><ent r="3" t="85" w="114" /><ent r="4" t="86" w="54" /><ent r="4" t="89" w="53" /><ent r="3" t="90" w="67" /><ent r="6" t="96" w="53" /><ent r="6" t="98" w="49" /><ent r="4" t="98" w="232" /><ent r="6" t="99" w="50" /><ent r="6" t="106" w="21" /><ent r="3" t="113" w="484" /><ent r="3" t="131" w="451" /><ent r="6" t="132" w="60" /><ent r="6" t="135" w="47" /><ent r="6" t="136" w="47" /><ent r="6" t="137" w="47" /><ent r="6" t="138" w="54" /><ent r="6" t="139" w="50" /><ent r="6" t="140" w="46" /><ent r="6" t="141" w="43" /><ent r="6" t="142" w="43" /><ent r="6" t="143" w="53" /><ent r="3" t="145" w="347" /><ent r="3" t="165" w="129" /><ent r="3" t="166" w="109" /><ent r="3" t="166" w="1751" /><ent r="3" t="170" w="332" /><ent r="3" t="171" w="319" /><ent r="4" t="173" w="1347" /><ent r="3" t="173" w="1508" /><ent r="3" t="173" w="1527" /><ent r="3" t="173" w="1696" /><ent r="3" t="179" w="107" /><ent r="3" t="198" w="218" /><ent r="6" t="210" w="47" /></phr><phr n="Does"><ent r="6" t="219" w="56" /><ent r="6" t="220" w="59" /><ent r="6" t="221" w="56" /><ent r="6" t="222" w="44" /></phr></stem><stem n="+"><phr n="+"><ent r="6" t="3" w="19" /><ent r="6" t="3" w="30" /><ent r="6" t="3" w="67" /><ent r="7" t="5" w="34" /><ent r="7" t="5" w="91" /><ent r="7" t="5" w="127" /><ent r="7" t="5" w="164" /><ent r="7" t="5" w="218" /><ent r="7" t="5" w="267" /><ent r="7" t="7" w="266" /><ent r="3" t="18" w="87" /><ent r="3" t="32" w="139" /><ent r="3" t="40" w="160" /><ent r="3" t="40" w="173" /><ent r="3" t="40" w="177" /><ent r="3" t="44" w="121" /><ent r="3" t="44" w="125" /><ent r="3" t="45" w="68" /><ent r="4" t="45" w="96" /><ent r="3" t="57" w="233" /><ent r="3" t="90" w="157" /><ent r="3" t="91" w="160" /><ent r="3" t="92" w="138" /><ent r="4" t="96" w="159" /><ent r="4" t="97" w="101" /><ent r="4" t="98" w="114" /><ent r="4" t="98" w="130" /><ent r="4" t="99" w="115" /><ent r="4" t="99" w="131" /><ent r="3" t="99" w="180" /><ent r="4" t="99" w="259" /><ent r="4" t="99" w="261" /><ent r="4" t="99" w="274" /><ent r="3" t="108" w="83" /><ent r="3" t="110" w="44" /><ent r="100" t="131" w="226" /><ent r="65" t="131" w="231" /><ent r="92" t="131" w="270" /><ent r="3" t="131" w="277" /><ent r="4" t="131" w="367" /><ent r="3" t="131" w="635" /><ent r="4" t="133" w="71" /><ent r="3" t="133" w="370" /><ent r="4" t="135" w="110" /><ent r="4" t="136" w="110" /><ent r="4" t="137" w="124" /><ent r="4" t="138" w="119" /><ent r="4" t="139" w="112" /><ent r="4" t="140" w="110" /><ent r="4" t="141" w="106" /><ent r="4" t="142" w="107" /><ent r="4" t="143" w="117" /><ent r="5" t="207" w="87" /><ent r="5" t="207" w="97" /><ent r="5" t="207" w="107" /><ent r="5" t="207" w="117" /><ent r="5" t="207" w="125" /><ent r="5" t="207" w="133" /><ent r="5" t="207" w="142" /><ent r="5" t="207" w="149" /><ent r="5" t="207" w="156" /><ent r="5" t="207" w="166" /><ent r="5" t="207" w="174" /><ent r="5" t="207" w="184" /><ent r="5" t="207" w="193" /><ent r="5" t="207" w="200" /><ent r="5" t="207" w="209" /><ent r="5" t="207" w="327" /><ent r="5" t="207" w="329" /><ent r="5" t="207" w="364" /><ent r="4" t="209" w="125" /><ent r="3" t="209" w="188" /><ent r="4" t="210" w="111" /><ent r="7" t="219" w="100" /><ent r="7" t="219" w="136" /><ent r="7" t="219" w="175" /><ent r="7" t="220" w="109" /><ent r="7" t="220" w="145" /><ent r="7" t="220" w="156" /><ent r="6" t="221" w="82" /><ent r="5" t="221" w="126" /><ent r="7" t="222" w="106" /><ent r="7" t="222" w="107" /><ent r="6" t="222" w="121" /></phr></stem><stem n="ctrl"><phr n="Ctrl"><ent r="6" t="3" w="20" /><ent r="6" t="3" w="68" /><ent r="7" t="5" w="33" /><ent r="7" t="7" w="265" /><ent r="4" t="18" w="85" /><ent r="4" t="18" w="127" /><ent r="4" t="32" w="137" /><ent r="4" t="40" w="158" /><ent r="4" t="40" w="171" /><ent r="4" t="44" w="119" /><ent r="4" t="45" w="66" /><ent r="4" t="45" w="95" /><ent r="5" t="53" w="62" /><ent r="3" t="57" w="158" /><ent r="4" t="57" w="231" /><ent r="4" t="90" w="155" /><ent r="4" t="91" w="158" /><ent r="3" t="99" w="181" /><ent r="4" t="99" w="258" /><ent r="4" t="99" w="273" /><ent r="4" t="108" w="81" /><ent r="4" t="110" w="42" /><ent r="4" t="115" w="199" /><ent r="4" t="116" w="314" /><ent r="4" t="162" w="132" /><ent r="3" t="174" w="976" /><ent r="5" t="181" w="273" /><ent r="5" t="207" w="86" /><ent r="5" t="207" w="96" /><ent r="5" t="207" w="106" /><ent r="5" t="207" w="116" /><ent r="5" t="207" w="124" /><ent r="5" t="207" w="132" /><ent r="5" t="207" w="141" /><ent r="5" t="207" w="148" /><ent r="5" t="207" w="155" /><ent r="5" t="207" w="165" /><ent r="5" t="207" w="173" /><ent r="5" t="207" w="183" /><ent r="5" t="207" w="192" /><ent r="5" t="207" w="199" /><ent r="5" t="207" w="208" /><ent r="5" t="207" w="326" /><ent r="7" t="219" w="99" /><ent r="7" t="219" w="135" /><ent r="7" t="219" w="174" /><ent r="7" t="220" w="108" /><ent r="7" t="220" w="144" /><ent r="7" t="220" w="155" /><ent r="6" t="221" w="81" /><ent r="5" t="221" w="125" /><ent r="7" t="222" w="105" /><ent r="6" t="222" w="120" /></phr></stem><stem n="copi"><phr n="Copies"><ent r="6" t="3" w="22" /><ent r="7" t="5" w="100" /><ent r="7" t="106" w="115" /><ent r="4" t="131" w="570" /><ent r="7" t="219" w="105" /></phr><phr n="copied"><ent r="7" t="5" w="113" /><ent r="3" t="157" w="51" /><ent r="3" t="162" w="87" /><ent r="4" t="163" w="239" /></phr><phr n="copy"><ent r="7" t="5" w="138" /><ent r="4" t="42" w="172" /><ent r="100" t="44" w="9" /><ent r="100" t="44" w="11" /><ent r="3" t="44" w="37" /><ent r="4" t="44" w="178" /><ent r="4" t="44" w="250" /><ent r="4" t="47" w="95" /><ent r="100" t="162" w="7" /><ent r="4" t="163" w="201" /><ent r="7" t="165" w="279" /><ent r="7" t="166" w="496" /><ent r="7" t="167" w="646" /><ent r="7" t="168" w="358" /><ent r="7" t="169" w="318" /><ent r="7" t="170" w="596" /><ent r="7" t="171" w="581" /><ent r="7" t="172" w="472" /><ent r="7" t="173" w="393" /><ent r="7" t="174" w="383" /><ent r="4" t="191" w="532" /><ent r="4" t="191" w="547" /><ent r="4" t="191" w="591" /><ent r="4" t="191" w="602" /><ent r="3" t="191" w="679" /><ent r="100" t="219" w="10" /></phr><phr n="Copy"><ent r="102" t="44" w="5" /><ent r="5" t="44" w="156" /><ent r="4" t="44" w="165" /><ent r="5" t="44" w="210" /><ent r="4" t="44" w="219" /><ent r="3" t="44" w="224" /><ent r="4" t="44" w="232" /><ent r="5" t="47" w="83" /><ent r="92" t="98" w="312" /><ent r="4" t="98" w="364" /><ent r="4" t="131" w="564" /><ent r="3" t="133" w="176" /><ent r="3" t="133" w="279" /><ent r="3" t="133" w="483" /><ent r="3" t="133" w="647" /><ent r="5" t="207" w="138" /><ent r="7" t="219" w="103" /></phr><phr n="Copying"><ent r="64" t="160" w="324" /><ent r="65" t="161" w="298" /><ent r="64" t="161" w="305" /><ent r="1000" t="162" w="1" /><ent r="102" t="162" w="10" /></phr><phr n="copying"><ent r="100" t="162" w="5" /><ent r="3" t="172" w="1044" /></phr></stem><stem n="shift"><phr n="Shift"><ent r="6" t="3" w="31" /><ent r="4" t="18" w="123" /><ent r="3" t="18" w="221" /><ent r="4" t="40" w="175" /><ent r="4" t="43" w="345" /><ent r="4" t="44" w="123" /><ent r="5" t="53" w="66" /><ent r="4" t="57" w="97" /><ent r="4" t="115" w="195" /><ent r="4" t="162" w="130" /><ent r="4" t="167" w="1156" /><ent r="3" t="174" w="974" /><ent r="5" t="207" w="328" /><ent r="5" t="207" w="363" /></phr></stem><stem n="extend"><phr n="Extends"><ent r="6" t="3" w="33" /></phr><phr n="extend"><ent r="6" t="158" w="199" /></phr><phr n="extends"><ent r="6" t="158" w="202" /></phr></stem><stem n="middl"><phr n="Middle"><ent r="6" t="3" w="38" /><ent r="3" t="57" w="184" /></phr><phr n="middle"><ent r="3" t="37" w="21" /><ent r="4" t="37" w="66" /><ent r="3" t="57" w="186" /><ent r="3" t="166" w="875" /><ent r="3" t="166" w="1635" /><ent r="4" t="167" w="2845" /><ent r="4" t="168" w="613" /><ent r="4" t="168" w="655" /><ent r="4" t="171" w="880" /><ent r="3" t="174" w="916" /><ent r="3" t="174" w="935" /></phr></stem><stem n="zoom"><phr n="Zooms"><ent r="6" t="3" w="41" /><ent r="6" t="3" w="52" /><ent r="6" t="3" w="60" /><ent r="7" t="222" w="97" /><ent r="7" t="222" w="112" /></phr><phr n="zoomed"><ent r="6" t="3" w="75" /><ent r="4" t="43" w="280" /><ent r="3" t="43" w="325" /><ent r="4" t="98" w="267" /><ent r="4" t="98" w="285" /><ent r="3" t="144" w="311" /><ent r="3" t="166" w="695" /><ent r="3" t="166" w="710" /><ent r="3" t="166" w="1664" /><ent r="4" t="166" w="1693" /><ent r="4" t="166" w="1716" /><ent r="3" t="170" w="746" /></phr><phr n="Zoom"><ent r="6" t="7" w="23" /><ent r="67" t="7" w="26" /><ent r="6" t="7" w="28" /><ent r="67" t="7" w="31" /><ent r="6" t="7" w="33" /><ent r="67" t="7" w="46" /><ent r="6" t="7" w="48" /><ent r="67" t="7" w="61" /><ent r="6" t="7" w="63" /><ent r="67" t="7" w="79" /><ent r="7" t="7" w="81" /><ent r="68" t="7" w="107" /><ent r="6" t="7" w="109" /><ent r="67" t="7" w="113" /><ent r="6" t="7" w="115" /><ent r="67" t="7" w="121" /><ent r="1000" t="39" w="1" /><ent r="102" t="39" w="5" /><ent r="3" t="39" w="8" /><ent r="3" t="39" w="36" /><ent r="4" t="39" w="54" /><ent r="5" t="39" w="203" /><ent r="4" t="41" w="308" /><ent r="3" t="43" w="292" /><ent r="4" t="73" w="539" /><ent r="7" t="82" w="195" /><ent r="67" t="82" w="207" /><ent r="6" t="83" w="118" /><ent r="1000" t="89" w="2" /><ent r="102" t="89" w="5" /><ent r="5" t="89" w="69" /><ent r="4" t="89" w="74" /><ent r="4" t="96" w="245" /><ent r="92" t="98" w="243" /><ent r="4" t="98" w="249" /><ent r="5" t="98" w="259" /><ent r="5" t="99" w="198" /><ent r="5" t="99" w="211" /><ent r="4" t="99" w="219" /><ent r="5" t="106" w="189" /><ent r="5" t="106" w="192" /><ent r="5" t="106" w="195" /><ent r="4" t="161" w="84" /><ent r="4" t="161" w="234" /><ent r="4" t="164" w="318" /><ent r="4" t="164" w="320" /><ent r="5" t="166" w="609" /><ent r="3" t="166" w="618" /><ent r="3" t="166" w="768" /><ent r="4" t="166" w="790" /><ent r="3" t="166" w="823" /><ent r="4" t="166" w="845" /><ent r="4" t="166" w="850" /><ent r="4" t="166" w="888" /><ent r="4" t="166" w="895" /><ent r="4" t="166" w="1586" /><ent r="4" t="166" w="1620" /><ent r="3" t="166" w="1765" /><ent r="4" t="167" w="1664" /><ent r="4" t="167" w="2188" /><ent r="4" t="167" w="2426" /><ent r="4" t="167" w="2852" /><ent r="3" t="167" w="2871" /><ent r="4" t="168" w="623" /><ent r="4" t="168" w="642" /><ent r="4" t="168" w="651" /><ent r="4" t="169" w="800" /><ent r="3" t="169" w="937" /><ent r="3" t="171" w="761" /><ent r="4" t="171" w="866" /><ent r="4" t="172" w="736" /><ent r="5" t="207" w="341" /><ent r="5" t="207" w="343" /><ent r="5" t="207" w="349" /><ent r="5" t="207" w="351" /><ent r="5" t="207" w="358" /><ent r="5" t="207" w="360" /><ent r="5" t="207" w="368" /><ent r="5" t="207" w="370" /><ent r="5" t="207" w="377" /><ent r="5" t="207" w="379" /><ent r="7" t="222" w="94" /><ent r="7" t="222" w="109" /><ent r="7" t="222" w="123" /></phr><phr n="zoom"><ent r="6" t="7" w="44" /><ent r="6" t="7" w="59" /><ent r="6" t="7" w="70" /><ent r="7" t="7" w="90" /><ent r="6" t="11" w="347" /><ent r="100" t="39" w="3" /><ent r="3" t="39" w="17" /><ent r="3" t="39" w="26" /><ent r="3" t="39" w="59" /><ent r="3" t="39" w="82" /><ent r="4" t="39" w="91" /><ent r="4" t="39" w="116" /><ent r="4" t="39" w="224" /><ent r="3" t="39" w="229" /><ent r="3" t="39" w="234" /><ent r="3" t="39" w="244" /><ent r="3" t="39" w="249" /><ent r="3" t="41" w="152" /><ent r="3" t="41" w="288" /><ent r="5" t="41" w="301" /><ent r="3" t="41" w="328" /><ent r="3" t="42" w="56" /><ent r="3" t="42" w="188" /><ent r="4" t="42" w="296" /><ent r="64" t="43" w="64" /><ent r="3" t="43" w="360" /><ent r="3" t="43" w="386" /><ent r="3" t="43" w="417" /><ent r="3" t="51" w="268" /><ent r="3" t="73" w="548" /><ent r="4" t="73" w="554" /><ent r="4" t="73" w="589" /><ent r="64" t="74" w="63" /><ent r="64" t="79" w="189" /><ent r="7" t="82" w="203" /><ent r="5" t="83" w="125" /><ent r="100" t="89" w="8" /><ent r="100" t="89" w="10" /><ent r="3" t="89" w="20" /><ent r="4" t="95" w="35" /><ent r="3" t="96" w="32" /><ent r="3" t="96" w="110" /><ent r="3" t="98" w="256" /><ent r="4" t="98" w="291" /><ent r="4" t="99" w="209" /><ent r="4" t="99" w="225" /><ent r="4" t="99" w="229" /><ent r="4" t="99" w="458" /><ent r="4" t="99" w="549" /><ent r="4" t="99" w="564" /><ent r="3" t="124" w="41" /><ent r="4" t="161" w="230" /><ent r="4" t="161" w="256" /><ent r="4" t="161" w="273" /><ent r="4" t="163" w="70" /><ent r="4" t="163" w="73" /><ent r="4" t="166" w="63" /><ent r="3" t="166" w="121" /><ent r="3" t="166" w="831" /><ent r="4" t="166" w="856" /><ent r="4" t="166" w="862" /><ent r="3" t="166" w="880" /><ent r="4" t="166" w="902" /><ent r="4" t="166" w="916" /><ent r="3" t="166" w="1623" /><ent r="3" t="166" w="2413" /><ent r="3" t="167" w="344" /><ent r="3" t="167" w="945" /><ent r="4" t="167" w="1678" /><ent r="4" t="167" w="2401" /><ent r="3" t="169" w="933" /><ent r="4" t="169" w="1526" /><ent r="4" t="169" w="1534" /><ent r="3" t="170" w="1080" /></phr><phr n="zooms"><ent r="3" t="73" w="565" /><ent r="3" t="73" w="577" /><ent r="3" t="73" w="601" /><ent r="3" t="73" w="610" /><ent r="3" t="166" w="657" /><ent r="4" t="167" w="2421" /><ent r="4" t="168" w="577" /></phr><phr n="Zoomed"><ent r="5" t="99" w="446" /></phr><phr n="Zooming"><ent r="92" t="99" w="488" /><ent r="5" t="99" w="543" /><ent r="5" t="99" w="558" /><ent r="4" t="144" w="276" /><ent r="4" t="144" w="290" /></phr></stem></index>