﻿<?xml version="1.0" encoding="utf-8"?><index><stem n="probabl"><phr n="probably"><ent r="3" t="21" w="128" /></phr></stem><stem n="unsatisfactori"><phr n="unsatisfactory"><ent r="3" t="21" w="130" /></phr></stem><stem n="multipoint"><phr n="Multipoint"><ent r="4" t="21" w="148" /><ent r="4" t="21" w="150" /><ent r="3" t="167" w="1188" /></phr><phr n="multipoint"><ent r="3" t="21" w="187" /></phr></stem><stem n="polylin"><phr n="Polyline"><ent r="4" t="21" w="155" /><ent r="4" t="21" w="157" /><ent r="92" t="167" w="778" /><ent r="92" t="167" w="973" /><ent r="4" t="167" w="1077" /><ent r="6" t="201" w="147" /><ent r="6" t="201" w="369" /><ent r="6" t="201" w="450" /><ent r="6" t="201" w="485" /><ent r="6" t="201" w="531" /></phr><phr n="polyline"><ent r="7" t="51" w="136" /><ent r="4" t="167" w="60" /><ent r="4" t="167" w="64" /><ent r="3" t="167" w="812" /><ent r="3" t="167" w="820" /><ent r="4" t="167" w="858" /><ent r="4" t="167" w="963" /><ent r="7" t="172" w="70" /></phr><phr n="polylines"><ent r="3" t="166" w="194" /><ent r="3" t="166" w="301" /><ent r="3" t="167" w="184" /><ent r="3" t="167" w="288" /></phr><phr n="Polylines"><ent r="3" t="166" w="239" /><ent r="3" t="167" w="228" /></phr></stem><stem n="polygon"><phr n="Polygon"><ent r="4" t="21" w="162" /><ent r="4" t="21" w="164" /><ent r="6" t="201" w="146" /><ent r="6" t="201" w="197" /><ent r="6" t="201" w="239" /><ent r="6" t="201" w="301" /><ent r="6" t="201" w="368" /><ent r="6" t="201" w="411" /><ent r="6" t="201" w="449" /><ent r="6" t="201" w="484" /><ent r="6" t="201" w="530" /></phr><phr n="polygon"><ent r="7" t="51" w="84" /><ent r="7" t="51" w="94" /><ent r="7" t="172" w="115" /><ent r="7" t="172" w="125" /></phr><phr n="polygons"><ent r="3" t="166" w="196" /><ent r="3" t="166" w="302" /><ent r="3" t="167" w="186" /><ent r="3" t="167" w="795" /></phr><phr n="Polygons"><ent r="3" t="166" w="261" /><ent r="3" t="167" w="250" /><ent r="3" t="167" w="289" /></phr></stem><stem n="ignor"><phr n="ignored"><ent r="3" t="21" w="180" /><ent r="3" t="133" w="218" /><ent r="3" t="138" w="256" /><ent r="4" t="138" w="306" /><ent r="4" t="138" w="326" /><ent r="3" t="139" w="232" /><ent r="4" t="191" w="332" /></phr><phr n="ignores"><ent r="3" t="61" w="39" /></phr><phr n="Ignore"><ent r="4" t="202" w="62" /><ent r="5" t="202" w="172" /><ent r="5" t="202" w="233" /><ent r="5" t="202" w="301" /></phr></stem><stem n="drawn"><phr n="drawn"><ent r="3" t="21" w="193" /></phr></stem><stem n="empti"><phr n="empty"><ent r="3" t="21" w="196" /><ent r="3" t="103" w="121" /><ent r="7" t="104" w="26" /><ent r="3" t="119" w="82" /><ent r="7" t="209" w="78" /></phr></stem><stem n="triangl"><phr n="triangles"><ent r="3" t="21" w="197" /><ent r="4" t="132" w="233" /></phr><phr n="triangle"><ent r="3" t="112" w="660" /><ent r="4" t="132" w="222" /><ent r="7" t="172" w="59" /><ent r="6" t="201" w="76" /><ent r="6" t="201" w="85" /></phr><phr n="Triangle"><ent r="5" t="132" w="218" /><ent r="6" t="201" w="97" /><ent r="6" t="201" w="153" /><ent r="6" t="201" w="203" /><ent r="6" t="201" w="245" /><ent r="6" t="201" w="307" /><ent r="6" t="201" w="375" /><ent r="6" t="201" w="417" /><ent r="6" t="201" w="456" /><ent r="6" t="201" w="491" /><ent r="6" t="201" w="537" /></phr></stem><stem n="befor"><phr n="Before"><ent r="92" t="21" w="199" /><ent r="3" t="21" w="203" /><ent r="6" t="99" w="7" /></phr><phr n="before"><ent r="3" t="64" w="339" /><ent r="4" t="117" w="171" /><ent r="3" t="144" w="130" /><ent r="4" t="145" w="611" /><ent r="4" t="150" w="760" /><ent r="3" t="161" w="92" /><ent r="4" t="162" w="2056" /><ent r="3" t="163" w="179" /><ent r="3" t="163" w="188" /><ent r="4" t="163" w="2836" /><ent r="4" t="164" w="542" /><ent r="3" t="165" w="1200" /><ent r="4" t="168" w="137" /><ent r="3" t="169" w="1571" /><ent r="3" t="170" w="1291" /><ent r="3" t="207" w="201" /></phr></stem><stem n="begin"><phr n="Begin"><ent r="92" t="21" w="201" /></phr><phr n="beginning"><ent r="4" t="50" w="200" /><ent r="6" t="173" w="57" /><ent r="6" t="173" w="72" /></phr><phr n="begin"><ent r="3" t="55" w="50" /><ent r="4" t="152" w="705" /><ent r="4" t="153" w="274" /></phr><phr n="begins"><ent r="3" t="112" w="351" /><ent r="3" t="165" w="1203" /></phr></stem><stem n="tab"><phr n="tab"><ent r="4" t="21" w="286" /><ent r="4" t="21" w="290" /><ent r="4" t="21" w="327" /><ent r="4" t="21" w="404" /><ent r="3" t="21" w="407" /><ent r="4" t="21" w="504" /><ent r="3" t="23" w="122" /><ent r="3" t="26" w="198" /><ent r="3" t="26" w="370" /><ent r="4" t="29" w="37" /><ent r="3" t="31" w="66" /><ent r="3" t="67" w="95" /><ent r="3" t="67" w="108" /><ent r="3" t="67" w="343" /><ent r="3" t="77" w="113" /><ent r="3" t="79" w="16" /><ent r="4" t="79" w="100" /><ent r="7" t="80" w="291" /><ent r="3" t="84" w="77" /><ent r="3" t="84" w="123" /><ent r="3" t="88" w="50" /><ent r="3" t="102" w="12" /><ent r="3" t="126" w="48" /><ent r="3" t="126" w="103" /><ent r="5" t="127" w="31" /><ent r="4" t="128" w="317" /><ent r="4" t="128" w="334" /><ent r="3" t="128" w="440" /><ent r="3" t="128" w="635" /><ent r="3" t="140" w="150" /><ent r="3" t="140" w="155" /><ent r="3" t="140" w="162" /><ent r="4" t="140" w="245" /><ent r="4" t="141" w="92" /><ent r="3" t="141" w="238" /><ent r="3" t="141" w="269" /><ent r="3" t="141" w="331" /><ent r="3" t="141" w="344" /><ent r="3" t="142" w="275" /><ent r="3" t="143" w="104" /><ent r="3" t="143" w="109" /><ent r="4" t="143" w="115" /><ent r="3" t="143" w="140" /><ent r="4" t="151" w="59" /><ent r="4" t="151" w="64" /><ent r="4" t="162" w="442" /><ent r="3" t="162" w="1230" /><ent r="3" t="162" w="1250" /><ent r="3" t="162" w="1264" /><ent r="4" t="163" w="592" /><ent r="4" t="163" w="2509" /><ent r="4" t="164" w="304" /><ent r="6" t="164" w="454" /><ent r="4" t="165" w="264" /><ent r="4" t="166" w="542" /><ent r="4" t="166" w="839" /><ent r="4" t="167" w="527" /><ent r="6" t="167" w="988" /><ent r="4" t="168" w="418" /><ent r="4" t="169" w="432" /><ent r="4" t="170" w="329" /><ent r="3" t="177" w="85" /><ent r="3" t="177" w="92" /><ent r="3" t="177" w="127" /><ent r="4" t="177" w="250" /><ent r="100" t="187" w="10" /><ent r="100" t="187" w="13" /><ent r="3" t="187" w="19" /><ent r="3" t="187" w="81" /><ent r="4" t="187" w="514" /><ent r="4" t="187" w="519" /><ent r="3" t="187" w="633" /><ent r="3" t="187" w="643" /><ent r="100" t="188" w="8" /><ent r="3" t="188" w="33" /><ent r="100" t="189" w="8" /><ent r="100" t="190" w="10" /><ent r="100" t="190" w="13" /><ent r="3" t="194" w="229" /><ent r="4" t="202" w="42" /><ent r="4" t="202" w="49" /><ent r="4" t="202" w="156" /><ent r="4" t="202" w="217" /><ent r="4" t="202" w="285" /></phr><phr n="Tab"><ent r="64" t="23" w="141" /><ent r="92" t="26" w="193" /><ent r="92" t="26" w="364" /><ent r="65" t="31" w="73" /><ent r="65" t="31" w="76" /><ent r="65" t="31" w="79" /><ent r="65" t="31" w="82" /><ent r="92" t="67" w="194" /><ent r="3" t="67" w="198" /><ent r="92" t="67" w="332" /><ent r="92" t="67" w="357" /><ent r="3" t="67" w="361" /><ent r="92" t="67" w="380" /><ent r="3" t="67" w="385" /><ent r="64" t="99" w="144" /><ent r="64" t="99" w="147" /><ent r="64" t="99" w="150" /><ent r="1000" t="100" w="2" /><ent r="102" t="100" w="5" /><ent r="100" t="100" w="8" /><ent r="3" t="100" w="12" /><ent r="1000" t="101" w="2" /><ent r="102" t="101" w="5" /><ent r="100" t="101" w="8" /><ent r="3" t="101" w="12" /><ent r="1000" t="102" w="2" /><ent r="102" t="102" w="5" /><ent r="100" t="102" w="8" /><ent r="100" t="128" w="228" /><ent r="65" t="128" w="233" /><ent r="65" t="128" w="243" /><ent r="92" t="128" w="270" /><ent r="3" t="128" w="277" /><ent r="92" t="128" w="437" /><ent r="92" t="141" w="176" /><ent r="3" t="141" w="180" /><ent r="92" t="141" w="244" /><ent r="3" t="141" w="248" /><ent r="92" t="141" w="275" /><ent r="3" t="141" w="279" /><ent r="82" t="142" w="210" /><ent r="1000" t="187" w="2" /><ent r="102" t="187" w="5" /><ent r="64" t="187" w="701" /><ent r="64" t="187" w="704" /><ent r="64" t="187" w="707" /><ent r="1000" t="188" w="2" /><ent r="102" t="188" w="5" /><ent r="3" t="188" w="12" /><ent r="64" t="188" w="42" /><ent r="64" t="188" w="45" /><ent r="64" t="188" w="48" /><ent r="1000" t="189" w="2" /><ent r="102" t="189" w="5" /><ent r="3" t="189" w="12" /><ent r="64" t="189" w="40" /><ent r="64" t="189" w="43" /><ent r="64" t="189" w="46" /><ent r="1000" t="190" w="2" /><ent r="102" t="190" w="5" /><ent r="3" t="190" w="19" /><ent r="64" t="190" w="128" /><ent r="64" t="190" w="131" /><ent r="64" t="190" w="134" /><ent r="3" t="191" w="74" /><ent r="3" t="191" w="88" /><ent r="92" t="191" w="124" /><ent r="3" t="191" w="129" /><ent r="92" t="191" w="290" /><ent r="3" t="192" w="23" /><ent r="3" t="192" w="37" /><ent r="92" t="192" w="60" /><ent r="3" t="192" w="65" /><ent r="92" t="192" w="226" /><ent r="3" t="192" w="232" /><ent r="3" t="194" w="23" /><ent r="3" t="194" w="36" /><ent r="92" t="194" w="58" /><ent r="3" t="194" w="63" /><ent r="92" t="194" w="223" /></phr><phr n="tabs"><ent r="3" t="67" w="85" /><ent r="3" t="99" w="141" /><ent r="3" t="140" w="142" /><ent r="3" t="141" w="117" /><ent r="3" t="141" w="323" /><ent r="3" t="142" w="144" /><ent r="3" t="143" w="100" /><ent r="3" t="162" w="1255" /><ent r="3" t="162" w="1451" /><ent r="3" t="191" w="71" /><ent r="3" t="192" w="20" /><ent r="3" t="194" w="20" /></phr><phr n="Tabs"><ent r="82" t="177" w="76" /></phr></stem><stem n="connect"><phr n="Connection"><ent r="4" t="21" w="289" /><ent r="5" t="21" w="502" /><ent r="64" t="99" w="143" /><ent r="1000" t="100" w="1" /><ent r="102" t="100" w="4" /><ent r="100" t="100" w="7" /><ent r="3" t="100" w="11" /></phr><phr n="connection"><ent r="3" t="99" w="154" /><ent r="3" t="99" w="162" /><ent r="4" t="116" w="146" /><ent r="3" t="116" w="205" /><ent r="3" t="116" w="221" /><ent r="3" t="116" w="252" /><ent r="4" t="116" w="257" /><ent r="4" t="116" w="270" /><ent r="4" t="169" w="1377" /><ent r="6" t="169" w="1452" /><ent r="6" t="169" w="1457" /><ent r="3" t="170" w="1050" /><ent r="3" t="170" w="1203" /><ent r="3" t="170" w="1208" /></phr><phr n="connections"><ent r="3" t="103" w="268" /><ent r="3" t="116" w="243" /><ent r="3" t="116" w="311" /><ent r="3" t="116" w="348" /><ent r="3" t="117" w="174" /><ent r="3" t="117" w="188" /></phr><phr n="connected"><ent r="3" t="103" w="372" /><ent r="7" t="104" w="107" /><ent r="7" t="104" w="143" /><ent r="7" t="104" w="181" /><ent r="3" t="116" w="21" /><ent r="3" t="116" w="44" /><ent r="3" t="167" w="231" /><ent r="3" t="169" w="278" /><ent r="3" t="169" w="306" /><ent r="3" t="169" w="1059" /><ent r="3" t="169" w="1076" /><ent r="4" t="169" w="1310" /><ent r="3" t="169" w="1577" /><ent r="3" t="169" w="1593" /><ent r="3" t="170" w="969" /><ent r="3" t="170" w="1263" /><ent r="3" t="170" w="1297" /><ent r="3" t="170" w="1313" /><ent r="7" t="208" w="81" /><ent r="7" t="208" w="117" /><ent r="7" t="208" w="156" /></phr><phr n="Connect"><ent r="65" t="103" w="455" /><ent r="4" t="105" w="87" /><ent r="65" t="105" w="93" /><ent r="1000" t="116" w="1" /><ent r="102" t="116" w="13" /><ent r="4" t="116" w="54" /><ent r="4" t="116" w="62" /><ent r="92" t="116" w="67" /><ent r="5" t="116" w="142" /><ent r="92" t="116" w="161" /><ent r="64" t="117" w="412" /><ent r="4" t="169" w="64" /><ent r="5" t="169" w="1366" /><ent r="92" t="169" w="1370" /><ent r="4" t="170" w="87" /><ent r="92" t="170" w="905" /><ent r="4" t="170" w="1044" /></phr><phr n="Connections"><ent r="7" t="104" w="103" /><ent r="7" t="104" w="111" /><ent r="7" t="104" w="139" /><ent r="7" t="104" w="147" /><ent r="7" t="104" w="177" /><ent r="7" t="104" w="185" /><ent r="92" t="116" w="235" /><ent r="7" t="208" w="77" /><ent r="7" t="208" w="85" /><ent r="7" t="208" w="113" /><ent r="7" t="208" w="121" /><ent r="7" t="208" w="152" /><ent r="7" t="208" w="160" /></phr><phr n="connect"><ent r="3" t="112" w="391" /><ent r="100" t="116" w="5" /><ent r="100" t="116" w="11" /><ent r="3" t="116" w="51" /><ent r="3" t="166" w="242" /><ent r="3" t="169" w="1207" /><ent r="3" t="169" w="1238" /><ent r="4" t="169" w="1272" /><ent r="4" t="169" w="1384" /><ent r="3" t="170" w="940" /><ent r="3" t="170" w="1057" /></phr><phr n="Connecting"><ent r="64" t="112" w="993" /></phr></stem><stem n="necessari"><phr n="necessary"><ent r="4" t="21" w="316" /><ent r="3" t="24" w="64" /><ent r="4" t="27" w="73" /><ent r="3" t="30" w="57" /><ent r="4" t="64" w="208" /><ent r="3" t="100" w="50" /><ent r="3" t="112" w="37" /><ent r="3" t="117" w="222" /><ent r="3" t="157" w="70" /><ent r="3" t="163" w="942" /><ent r="3" t="163" w="2023" /><ent r="4" t="164" w="596" /><ent r="3" t="167" w="758" /><ent r="4" t="202" w="161" /><ent r="4" t="202" w="222" /><ent r="4" t="202" w="290" /></phr></stem><stem n="attribut"><phr n="attributes"><ent r="3" t="21" w="356" /><ent r="3" t="21" w="382" /></phr></stem><stem n="sampl"><phr n="sample"><ent r="3" t="21" w="359" /><ent r="7" t="161" w="302" /><ent r="7" t="162" w="519" /><ent r="7" t="163" w="669" /><ent r="7" t="164" w="381" /><ent r="4" t="164" w="413" /><ent r="7" t="165" w="341" /><ent r="4" t="165" w="356" /><ent r="7" t="166" w="619" /><ent r="7" t="167" w="604" /><ent r="7" t="168" w="495" /><ent r="7" t="169" w="509" /><ent r="7" t="170" w="406" /><ent r="7" t="178" w="403" /></phr><phr n="Sampling"><ent r="7" t="80" w="341" /><ent r="68" t="80" w="359" /><ent r="1000" t="83" w="3" /><ent r="100" t="83" w="7" /><ent r="100" t="83" w="10" /><ent r="102" t="83" w="14" /><ent r="3" t="83" w="18" /><ent r="5" t="83" w="81" /><ent r="4" t="83" w="131" /></phr><phr n="Samples"><ent r="3" t="161" w="59" /></phr><phr n="Sample"><ent r="7" t="161" w="248" /><ent r="7" t="161" w="253" /><ent r="7" t="162" w="465" /><ent r="7" t="162" w="470" /><ent r="7" t="163" w="615" /><ent r="7" t="163" w="620" /><ent r="7" t="164" w="327" /><ent r="7" t="164" w="332" /><ent r="7" t="165" w="287" /><ent r="7" t="165" w="292" /><ent r="7" t="166" w="565" /><ent r="7" t="166" w="570" /><ent r="7" t="167" w="550" /><ent r="7" t="167" w="555" /><ent r="7" t="168" w="441" /><ent r="7" t="168" w="446" /><ent r="7" t="169" w="455" /><ent r="7" t="169" w="460" /><ent r="7" t="170" w="352" /><ent r="7" t="170" w="357" /><ent r="92" t="178" w="690" /></phr><phr n="sampling"><ent r="3" t="162" w="236" /></phr><phr n="samples"><ent r="7" t="178" w="90" /><ent r="7" t="178" w="94" /><ent r="3" t="178" w="719" /></phr></stem><stem n="row"><phr n="row"><ent r="3" t="21" w="368" /><ent r="4" t="26" w="558" /><ent r="4" t="64" w="99" /><ent r="4" t="64" w="143" /><ent r="4" t="64" w="155" /><ent r="4" t="64" w="181" /><ent r="4" t="64" w="199" /><ent r="4" t="73" w="241" /><ent r="4" t="73" w="270" /><ent r="4" t="73" w="297" /><ent r="4" t="119" w="143" /><ent r="3" t="153" w="159" /></phr><phr n="rows"><ent r="3" t="21" w="370" /><ent r="3" t="26" w="210" /><ent r="4" t="42" w="230" /><ent r="3" t="141" w="206" /><ent r="3" t="152" w="766" /><ent r="3" t="153" w="134" /><ent r="3" t="187" w="49" /><ent r="3" t="190" w="33" /><ent r="4" t="192" w="251" /><ent r="4" t="196" w="61" /></phr><phr n="Rows"><ent r="5" t="26" w="218" /><ent r="5" t="191" w="144" /><ent r="5" t="192" w="80" /><ent r="5" t="192" w="242" /><ent r="5" t="193" w="33" /><ent r="5" t="194" w="78" /><ent r="5" t="196" w="52" /></phr><phr n="Row"><ent r="4" t="26" w="224" /><ent r="4" t="26" w="227" /><ent r="4" t="73" w="236" /><ent r="4" t="191" w="150" /><ent r="4" t="191" w="153" /><ent r="4" t="192" w="86" /><ent r="4" t="192" w="89" /><ent r="4" t="193" w="39" /><ent r="4" t="193" w="42" /><ent r="4" t="194" w="84" /><ent r="4" t="194" w="87" /></phr></stem><stem n="tabl"><phr n="table"><ent r="3" t="21" w="373" /><ent r="4" t="64" w="148" /><ent r="3" t="64" w="267" /><ent r="3" t="73" w="90" /><ent r="3" t="73" w="141" /><ent r="4" t="73" w="276" /><ent r="3" t="80" w="103" /><ent r="4" t="119" w="131" /><ent r="4" t="163" w="1147" /><ent r="4" t="169" w="1381" /><ent r="3" t="170" w="1054" /><ent r="3" t="198" w="15" /><ent r="3" t="200" w="102" /></phr></stem><stem n="info"><phr n="info"><ent r="4" t="21" w="387" /><ent r="7" t="178" w="418" /><ent r="6" t="178" w="460" /><ent r="3" t="178" w="754" /></phr></stem><stem n="cannot"><phr n="cannot"><ent r="3" t="21" w="396" /><ent r="3" t="68" w="28" /><ent r="3" t="74" w="47" /><ent r="4" t="97" w="393" /><ent r="3" t="112" w="313" /><ent r="3" t="112" w="336" /><ent r="3" t="116" w="222" /><ent r="3" t="151" w="38" /><ent r="4" t="155" w="220" /><ent r="3" t="162" w="277" /><ent r="3" t="169" w="1798" /><ent r="3" t="174" w="193" /><ent r="4" t="187" w="459" /><ent r="4" t="195" w="209" /></phr></stem><stem n="clip"><phr n="Clipping"><ent r="4" t="21" w="403" /><ent r="64" t="99" w="149" /><ent r="1000" t="102" w="1" /><ent r="102" t="102" w="4" /><ent r="100" t="102" w="7" /></phr><phr n="clipped"><ent r="3" t="21" w="417" /><ent r="3" t="158" w="61" /></phr><phr n="clipping"><ent r="3" t="102" w="11" /><ent r="3" t="102" w="18" /></phr></stem><stem n="finish"><phr n="finish"><ent r="4" t="21" w="420" /><ent r="4" t="26" w="354" /><ent r="4" t="163" w="2833" /><ent r="4" t="167" w="961" /><ent r="4" t="191" w="280" /><ent r="4" t="192" w="216" /><ent r="4" t="193" w="169" /><ent r="4" t="194" w="214" /></phr><phr n="Finish"><ent r="5" t="41" w="285" /><ent r="5" t="159" w="303" /><ent r="5" t="163" w="2388" /><ent r="5" t="165" w="1169" /></phr><phr n="finished"><ent r="4" t="129" w="220" /><ent r="3" t="132" w="237" /><ent r="3" t="137" w="148" /><ent r="4" t="142" w="153" /><ent r="4" t="145" w="74" /><ent r="4" t="148" w="92" /><ent r="4" t="150" w="169" /><ent r="3" t="161" w="36" /><ent r="3" t="162" w="24" /><ent r="3" t="163" w="44" /><ent r="3" t="164" w="34" /><ent r="3" t="165" w="32" /><ent r="3" t="166" w="22" /><ent r="3" t="167" w="25" /><ent r="3" t="168" w="22" /><ent r="3" t="169" w="20" /><ent r="3" t="170" w="28" /><ent r="4" t="171" w="146" /></phr><phr n="finishes"><ent r="4" t="164" w="604" /></phr></stem><stem n="ok"><phr n="OK"><ent r="5" t="21" w="426" /><ent r="5" t="21" w="520" /><ent r="5" t="26" w="359" /><ent r="5" t="26" w="602" /><ent r="4" t="40" w="279" /><ent r="3" t="40" w="330" /><ent r="5" t="41" w="314" /><ent r="5" t="42" w="419" /><ent r="5" t="52" w="151" /><ent r="5" t="54" w="196" /><ent r="5" t="58" w="101" /><ent r="5" t="60" w="169" /><ent r="5" t="60" w="211" /><ent r="5" t="60" w="290" /><ent r="5" t="71" w="105" /><ent r="4" t="71" w="192" /><ent r="5" t="73" w="250" /><ent r="6" t="81" w="208" /><ent r="5" t="82" w="197" /><ent r="5" t="83" w="152" /><ent r="4" t="86" w="257" /><ent r="5" t="87" w="96" /><ent r="5" t="94" w="250" /><ent r="5" t="95" w="128" /><ent r="5" t="96" w="147" /><ent r="5" t="97" w="147" /><ent r="3" t="98" w="414" /><ent r="5" t="98" w="463" /><ent r="5" t="113" w="117" /><ent r="5" t="114" w="121" /><ent r="5" t="115" w="127" /><ent r="5" t="115" w="200" /><ent r="5" t="128" w="256" /><ent r="4" t="128" w="347" /><ent r="5" t="128" w="395" /><ent r="4" t="128" w="571" /><ent r="5" t="129" w="230" /><ent r="5" t="130" w="98" /><ent r="4" t="132" w="240" /><ent r="5" t="133" w="222" /><ent r="5" t="134" w="202" /><ent r="5" t="135" w="193" /><ent r="5" t="136" w="152" /><ent r="4" t="137" w="151" /><ent r="5" t="138" w="142" /><ent r="5" t="139" w="259" /><ent r="4" t="140" w="334" /><ent r="6" t="141" w="136" /><ent r="5" t="142" w="171" /><ent r="6" t="143" w="175" /><ent r="7" t="144" w="73" /><ent r="5" t="145" w="92" /><ent r="5" t="146" w="247" /><ent r="4" t="147" w="176" /><ent r="5" t="148" w="110" /><ent r="5" t="149" w="206" /><ent r="5" t="150" w="187" /><ent r="5" t="152" w="702" /><ent r="4" t="152" w="797" /><ent r="5" t="152" w="1040" /><ent r="5" t="162" w="2225" /><ent r="5" t="163" w="908" /><ent r="5" t="163" w="1650" /><ent r="4" t="163" w="2129" /><ent r="4" t="163" w="2713" /><ent r="5" t="164" w="488" /><ent r="5" t="164" w="506" /><ent r="5" t="164" w="989" /><ent r="5" t="164" w="1243" /><ent r="5" t="164" w="1319" /><ent r="5" t="166" w="718" /><ent r="5" t="166" w="879" /><ent r="5" t="166" w="890" /><ent r="5" t="167" w="651" /><ent r="5" t="167" w="745" /><ent r="5" t="167" w="1104" /><ent r="5" t="167" w="1142" /><ent r="4" t="168" w="607" /><ent r="4" t="168" w="848" /><ent r="5" t="168" w="1191" /><ent r="4" t="168" w="1251" /><ent r="5" t="169" w="582" /><ent r="5" t="169" w="649" /><ent r="5" t="169" w="820" /><ent r="5" t="169" w="925" /><ent r="5" t="170" w="576" /><ent r="5" t="170" w="630" /><ent r="5" t="170" w="706" /><ent r="5" t="170" w="1604" /><ent r="5" t="171" w="149" /><ent r="4" t="191" w="119" /><ent r="5" t="191" w="285" /><ent r="4" t="192" w="55" /><ent r="5" t="192" w="221" /><ent r="5" t="193" w="174" /><ent r="4" t="194" w="53" /><ent r="5" t="194" w="219" /><ent r="5" t="195" w="69" /><ent r="5" t="195" w="242" /><ent r="5" t="195" w="294" /><ent r="5" t="197" w="186" /><ent r="5" t="199" w="218" /><ent r="5" t="199" w="246" /><ent r="5" t="200" w="197" /><ent r="5" t="202" w="146" /><ent r="5" t="202" w="206" /></phr><phr n="Ok"><ent r="5" t="124" w="83" /><ent r="5" t="177" w="382" /></phr></stem><stem n="now"><phr n="now"><ent r="3" t="21" w="445" /><ent r="4" t="47" w="69" /><ent r="3" t="48" w="113" /><ent r="3" t="75" w="130" /><ent r="3" t="75" w="216" /><ent r="3" t="78" w="78" /><ent r="3" t="84" w="124" /><ent r="4" t="106" w="125" /><ent r="3" t="109" w="106" /><ent r="4" t="119" w="147" /><ent r="3" t="162" w="2382" /><ent r="3" t="163" w="936" /><ent r="3" t="163" w="1579" /><ent r="3" t="163" w="1658" /><ent r="3" t="163" w="1897" /><ent r="3" t="163" w="1929" /><ent r="4" t="163" w="1980" /><ent r="3" t="163" w="2951" /><ent r="3" t="164" w="1576" /><ent r="4" t="165" w="701" /><ent r="4" t="166" w="975" /><ent r="3" t="166" w="1211" /><ent r="3" t="167" w="1305" /><ent r="3" t="168" w="1290" /><ent r="3" t="169" w="2099" /><ent r="3" t="170" w="661" /><ent r="4" t="170" w="1191" /><ent r="3" t="170" w="1414" /><ent r="3" t="170" w="1747" /><ent r="4" t="177" w="290" /><ent r="3" t="177" w="391" /></phr><phr n="Now"><ent r="4" t="163" w="1508" /></phr></stem><stem n="arcsd"><phr n="ArcSDE"><ent r="92" t="21" w="453" /><ent r="3" t="21" w="464" /><ent r="4" t="99" w="67" /><ent r="3" t="100" w="23" /><ent r="3" t="100" w="30" /></phr></stem><stem n="server"><phr n="Server"><ent r="92" t="21" w="454" /><ent r="3" t="21" w="465" /></phr><phr n="server"><ent r="3" t="100" w="43" /></phr></stem><stem n="geodatabas"><phr n="geodatabase"><ent r="5" t="21" w="489" /><ent r="3" t="99" w="73" /><ent r="4" t="99" w="88" /><ent r="3" t="101" w="18" /><ent r="5" t="166" w="797" /></phr><phr n="Geodatabase"><ent r="3" t="100" w="24" /><ent r="3" t="100" w="31" /><ent r="4" t="166" w="896" /></phr></stem><stem n="4"><phr n="4"><ent r="4" t="21" w="508" /><ent r="3" t="98" w="397" /><ent r="3" t="132" w="235" /><ent r="3" t="137" w="146" /><ent r="4" t="163" w="1892" /><ent r="4" t="163" w="1956" /><ent r="3" t="164" w="1534" /><ent r="3" t="169" w="1641" /><ent r="4" t="169" w="1917" /><ent r="4" t="170" w="1329" /><ent r="4" t="170" w="1358" /><ent r="3" t="170" w="1385" /><ent r="4" t="170" w="1641" /><ent r="4" t="170" w="1653" /><ent r="6" t="174" w="102" /><ent r="5" t="178" w="64" /><ent r="7" t="178" w="209" /><ent r="3" t="178" w="819" /></phr></stem><stem n="6"><phr n="6"><ent r="4" t="21" w="510" /><ent r="3" t="98" w="399" /><ent r="3" t="167" w="774" /><ent r="3" t="170" w="1393" /><ent r="6" t="178" w="223" /><ent r="3" t="178" w="831" /></phr></stem><stem n="/displai"><phr n="/Display"><ent r="64" t="21" w="533" /><ent r="64" t="161" w="364" /><ent r="1000" t="166" w="3" /><ent r="102" t="166" w="12" /></phr></stem><stem n="import/displai"><phr n="Import/Display"><ent r="64" t="21" w="533" /><ent r="64" t="21" w="532" /><ent r="64" t="161" w="364" /><ent r="64" t="161" w="363" /><ent r="1000" t="166" w="3" /><ent r="1000" t="166" w="2" /><ent r="102" t="166" w="12" /><ent r="102" t="166" w="11" /></phr></stem><stem n="common"><phr n="common"><ent r="3" t="22" w="21" /><ent r="4" t="52" w="85" /><ent r="3" t="52" w="106" /><ent r="3" t="72" w="16" /><ent r="3" t="103" w="228" /><ent r="3" t="112" w="376" /><ent r="3" t="161" w="30" /><ent r="3" t="162" w="2396" /><ent r="3" t="163" w="895" /><ent r="3" t="163" w="2984" /><ent r="3" t="164" w="1596" /><ent r="3" t="167" w="1323" /></phr><phr n="Common"><ent r="5" t="132" w="142" /></phr></stem><stem n="-in-specif"><phr n="-in-specific"><ent r="3" t="22" w="28" /><ent r="3" t="22" w="29" /></phr></stem><stem n="plug-in-specif"><phr n="plug-in-specific"><ent r="3" t="22" w="28" /></phr></stem><stem n="in-specif"><phr n="in-specific"><ent r="3" t="22" w="29" /></phr></stem><stem n="limit"><phr n="limit"><ent r="3" t="22" w="37" /><ent r="3" t="22" w="70" /><ent r="3" t="97" w="312" /><ent r="4" t="97" w="531" /><ent r="4" t="97" w="546" /><ent r="3" t="140" w="264" /><ent r="3" t="152" w="402" /></phr><phr n="limits"><ent r="4" t="41" w="299" /><ent r="4" t="97" w="472" /><ent r="3" t="97" w="484" /><ent r="3" t="97" w="506" /></phr><phr n="Limits"><ent r="92" t="97" w="465" /></phr><phr n="Limit"><ent r="5" t="97" w="468" /><ent r="3" t="97" w="477" /><ent r="3" t="97" w="487" /><ent r="3" t="97" w="500" /><ent r="4" t="140" w="260" /></phr><phr n="limited"><ent r="3" t="152" w="532" /></phr><phr n="limitations"><ent r="3" t="166" w="326" /><ent r="3" t="167" w="313" /><ent r="3" t="174" w="200" /></phr><phr n="limitation"><ent r="3" t="166" w="346" /><ent r="3" t="167" w="333" /></phr></stem><stem n="500"><phr n="500"><ent r="3" t="22" w="43" /><ent r="3" t="22" w="49" /></phr></stem><stem n="megabyt"><phr n="megabytes"><ent r="3" t="22" w="44" /><ent r="3" t="22" w="50" /></phr></stem><stem n="larger"><phr n="larger"><ent r="3" t="22" w="47" /><ent r="3" t="162" w="309" /><ent r="7" t="178" w="414" /></phr></stem><stem n="process"><phr n="processed"><ent r="3" t="22" w="53" /></phr><phr n="processing"><ent r="4" t="50" w="97" /><ent r="4" t="50" w="114" /><ent r="3" t="91" w="34" /><ent r="4" t="112" w="146" /><ent r="3" t="114" w="48" /><ent r="3" t="144" w="150" /><ent r="3" t="153" w="42" /><ent r="4" t="153" w="275" /><ent r="3" t="161" w="189" /><ent r="3" t="162" w="288" /><ent r="3" t="163" w="401" /><ent r="4" t="164" w="1331" /><ent r="3" t="169" w="38" /><ent r="3" t="169" w="99" /><ent r="3" t="169" w="2115" /><ent r="3" t="170" w="140" /><ent r="4" t="170" w="1707" /><ent r="3" t="170" w="1762" /><ent r="7" t="178" w="87" /><ent r="7" t="178" w="177" /><ent r="3" t="187" w="219" /><ent r="4" t="187" w="400" /></phr><phr n="processes"><ent r="3" t="71" w="239" /><ent r="3" t="71" w="300" /><ent r="3" t="92" w="29" /><ent r="3" t="103" w="56" /><ent r="8" t="112" w="437" /><ent r="4" t="169" w="67" /><ent r="3" t="169" w="94" /><ent r="3" t="169" w="226" /><ent r="3" t="169" w="291" /><ent r="3" t="169" w="994" /><ent r="3" t="169" w="1064" /><ent r="4" t="170" w="91" /><ent r="3" t="170" w="831" /></phr><phr n="process"><ent r="4" t="71" w="321" /><ent r="3" t="91" w="69" /><ent r="4" t="92" w="175" /><ent r="4" t="92" w="223" /><ent r="4" t="92" w="257" /><ent r="3" t="98" w="9" /><ent r="3" t="103" w="357" /><ent r="7" t="104" w="290" /><ent r="7" t="104" w="324" /><ent r="3" t="112" w="42" /><ent r="3" t="163" w="133" /><ent r="4" t="163" w="914" /><ent r="3" t="164" w="77" /><ent r="4" t="166" w="921" /><ent r="4" t="166" w="1127" /><ent r="3" t="169" w="151" /><ent r="3" t="169" w="247" /><ent r="3" t="169" w="1022" /><ent r="3" t="175" w="20" /><ent r="3" t="207" w="193" /><ent r="3" t="207" w="367" /><ent r="7" t="210" w="228" /><ent r="7" t="210" w="266" /></phr><phr n="Process"><ent r="5" t="153" w="270" /><ent r="5" t="163" w="1990" /><ent r="93" t="207" w="12" /></phr><phr n="Processes"><ent r="92" t="169" w="1373" /><ent r="92" t="170" w="908" /></phr><phr n="Processing"><ent r="4" t="169" w="1886" /><ent r="4" t="170" w="125" /><ent r="92" t="187" w="185" /><ent r="3" t="187" w="228" /><ent r="3" t="187" w="290" /><ent r="4" t="187" w="301" /><ent r="6" t="211" w="264" /></phr></stem></index>