<?xml version="1.0" encoding="utf-8"?><index><stem n="back"><phr n="back"><ent r="6" t="14" w="161" /><ent r="3" t="90" w="135" /><ent r="92" t="116" w="137" /><ent r="3" t="116" w="147" /><ent r="3" t="116" w="213" /><ent r="4" t="173" w="66" /><ent r="3" t="210" w="1813" /><ent r="4" t="210" w="2023" /><ent r="3" t="211" w="2324" /><ent r="4" t="213" w="1035" /><ent r="3" t="254" w="232" /></phr></stem><stem n="slow"><phr n="Slow"><ent r="7" t="14" w="175" /><ent r="5" t="141" w="277" /><ent r="3" t="141" w="303" /></phr><phr n="Slows"><ent r="6" t="14" w="178" /></phr><phr n="slowing"><ent r="3" t="177" w="38" /></phr></stem><stem n="reflect"><phr n="reflected"><ent r="6" t="14" w="185" /><ent r="5" t="14" w="242" /><ent r="3" t="115" w="41" /></phr><phr n="reflectance"><ent r="4" t="29" w="493" /><ent r="5" t="58" w="402" /><ent r="5" t="58" w="837" /><ent r="5" t="188" w="439" /><ent r="3" t="211" w="305" /><ent r="3" t="211" w="312" /><ent r="3" t="228" w="765" /><ent r="4" t="251" w="37" /></phr><phr n="reflect"><ent r="5" t="58" w="386" /><ent r="5" t="58" w="821" /><ent r="4" t="59" w="387" /><ent r="3" t="126" w="174" /><ent r="3" t="148" w="265" /><ent r="5" t="188" w="423" /><ent r="4" t="189" w="276" /><ent r="4" t="251" w="21" /></phr><phr n="reflects"><ent r="3" t="118" w="135" /><ent r="3" t="120" w="28" /></phr></stem><stem n="field"><phr n="field"><ent r="6" t="14" w="190" /><ent r="5" t="14" w="247" /><ent r="3" t="20" w="70" /><ent r="3" t="20" w="89" /><ent r="3" t="20" w="100" /><ent r="3" t="20" w="107" /><ent r="3" t="20" w="118" /><ent r="4" t="22" w="764" /><ent r="4" t="30" w="313" /><ent r="3" t="30" w="349" /><ent r="4" t="32" w="51" /><ent r="6" t="36" w="392" /><ent r="5" t="37" w="477" /><ent r="5" t="37" w="518" /><ent r="3" t="40" w="60" /><ent r="3" t="40" w="164" /><ent r="4" t="42" w="80" /><ent r="4" t="42" w="139" /><ent r="3" t="47" w="244" /><ent r="4" t="58" w="360" /><ent r="4" t="58" w="795" /><ent r="4" t="75" w="187" /><ent r="3" t="94" w="54" /><ent r="6" t="122" w="488" /><ent r="4" t="124" w="138" /><ent r="4" t="124" w="181" /><ent r="4" t="124" w="333" /><ent r="4" t="131" w="61" /><ent r="3" t="131" w="94" /><ent r="4" t="142" w="542" /><ent r="3" t="143" w="50" /><ent r="4" t="152" w="81" /><ent r="4" t="157" w="210" /><ent r="4" t="158" w="245" /><ent r="4" t="158" w="386" /><ent r="4" t="158" w="525" /><ent r="4" t="161" w="102" /><ent r="4" t="161" w="145" /><ent r="4" t="161" w="213" /><ent r="4" t="164" w="374" /><ent r="4" t="164" w="440" /><ent r="4" t="179" w="643" /><ent r="3" t="180" w="226" /><ent r="4" t="180" w="632" /><ent r="3" t="180" w="979" /><ent r="3" t="180" w="1013" /><ent r="4" t="181" w="630" /><ent r="4" t="188" w="411" /><ent r="4" t="192" w="409" /><ent r="4" t="192" w="452" /><ent r="4" t="192" w="604" /><ent r="4" t="193" w="117" /><ent r="4" t="193" w="160" /><ent r="4" t="193" w="312" /><ent r="4" t="194" w="394" /><ent r="4" t="194" w="437" /><ent r="4" t="194" w="591" /><ent r="3" t="196" w="145" /><ent r="4" t="196" w="243" /><ent r="4" t="196" w="279" /><ent r="4" t="196" w="326" /><ent r="5" t="208" w="64" /><ent r="3" t="209" w="97" /><ent r="3" t="211" w="996" /><ent r="3" t="212" w="1406" /><ent r="4" t="215" w="1065" /><ent r="3" t="215" w="1220" /><ent r="3" t="215" w="1226" /><ent r="4" t="216" w="257" /><ent r="4" t="216" w="345" /><ent r="4" t="218" w="625" /><ent r="4" t="218" w="648" /><ent r="4" t="218" w="710" /><ent r="4" t="218" w="733" /><ent r="3" t="218" w="1406" /><ent r="3" t="219" w="764" /><ent r="3" t="227" w="36" /><ent r="4" t="230" w="336" /><ent r="92" t="234" w="634" /><ent r="3" t="234" w="646" /><ent r="3" t="234" w="667" /><ent r="3" t="234" w="686" /><ent r="5" t="234" w="704" /><ent r="3" t="234" w="709" /><ent r="4" t="234" w="717" /><ent r="4" t="234" w="724" /><ent r="4" t="234" w="727" /><ent r="4" t="234" w="749" /><ent r="4" t="234" w="765" /><ent r="4" t="234" w="771" /><ent r="3" t="234" w="834" /><ent r="3" t="234" w="838" /><ent r="92" t="234" w="866" /><ent r="3" t="234" w="871" /><ent r="5" t="234" w="889" /><ent r="3" t="234" w="894" /><ent r="4" t="234" w="901" /><ent r="5" t="234" w="910" /><ent r="3" t="235" w="185" /><ent r="4" t="237" w="91" /><ent r="3" t="239" w="190" /><ent r="3" t="243" w="170" /><ent r="3" t="243" w="216" /><ent r="3" t="243" w="496" /><ent r="3" t="243" w="543" /><ent r="4" t="248" w="125" /><ent r="3" t="254" w="540" /><ent r="3" t="254" w="655" /></phr><phr n="fields"><ent r="3" t="20" w="78" /><ent r="3" t="20" w="94" /><ent r="3" t="20" w="104" /><ent r="3" t="20" w="111" /><ent r="4" t="22" w="223" /><ent r="4" t="22" w="240" /><ent r="4" t="22" w="337" /><ent r="4" t="22" w="354" /><ent r="4" t="30" w="342" /><ent r="3" t="36" w="73" /><ent r="3" t="36" w="81" /><ent r="3" t="36" w="84" /><ent r="4" t="37" w="391" /><ent r="3" t="48" w="164" /><ent r="3" t="48" w="198" /><ent r="3" t="48" w="352" /><ent r="3" t="48" w="386" /><ent r="3" t="48" w="522" /><ent r="3" t="48" w="556" /><ent r="3" t="48" w="665" /><ent r="3" t="48" w="699" /><ent r="92" t="94" w="43" /><ent r="3" t="94" w="46" /><ent r="4" t="137" w="46" /><ent r="5" t="139" w="100" /><ent r="4" t="139" w="105" /><ent r="3" t="140" w="385" /><ent r="3" t="148" w="114" /><ent r="3" t="148" w="130" /><ent r="92" t="148" w="414" /><ent r="3" t="148" w="445" /><ent r="4" t="161" w="414" /><ent r="3" t="196" w="171" /><ent r="3" t="215" w="1209" /><ent r="3" t="233" w="258" /><ent r="3" t="234" w="636" /></phr></stem><stem n="increas"><phr n="Increases"><ent r="5" t="14" w="236" /><ent r="7" t="151" w="234" /><ent r="3" t="210" w="861" /><ent r="3" t="213" w="763" /><ent r="7" t="259" w="136" /></phr><phr n="increase"><ent r="4" t="75" w="481" /><ent r="3" t="210" w="1469" /><ent r="4" t="218" w="1253" /><ent r="4" t="218" w="1339" /><ent r="4" t="219" w="1209" /><ent r="100" t="259" w="6" /><ent r="7" t="259" w="129" /></phr></stem><stem n="revers"><phr n="Reverses"><ent r="5" t="14" w="252" /></phr><phr n="reversed"><ent r="3" t="178" w="63" /></phr></stem><stem n="playback"><phr n="playback"><ent r="5" t="14" w="257" /><ent r="5" t="14" w="304" /><ent r="3" t="172" w="167" /><ent r="3" t="178" w="17" /><ent r="92" t="235" w="132" /><ent r="92" t="239" w="137" /></phr></stem><stem n="cycl"><phr n="Cycle"><ent r="7" t="14" w="260" /><ent r="67" t="14" w="278" /><ent r="5" t="46" w="166" /><ent r="3" t="47" w="22" /><ent r="3" t="47" w="36" /><ent r="4" t="47" w="234" /><ent r="4" t="47" w="242" /><ent r="3" t="47" w="254" /><ent r="64" t="47" w="266" /><ent r="3" t="172" w="105" /><ent r="3" t="172" w="115" /><ent r="4" t="173" w="14" /><ent r="1000" t="222" w="2" /><ent r="102" t="222" w="5" /><ent r="100" t="222" w="8" /><ent r="3" t="222" w="12" /><ent r="6" t="222" w="30" /></phr><phr n="cycles"><ent r="3" t="47" w="262" /><ent r="3" t="172" w="17" /><ent r="3" t="218" w="916" /><ent r="3" t="219" w="856" /></phr></stem><stem n="determin"><phr n="Determines"><ent r="6" t="14" w="262" /><ent r="4" t="26" w="126" /><ent r="3" t="47" w="37" /><ent r="4" t="58" w="349" /><ent r="4" t="58" w="784" /><ent r="3" t="59" w="277" /><ent r="4" t="73" w="251" /><ent r="4" t="106" w="111" /><ent r="6" t="112" w="122" /><ent r="6" t="122" w="477" /><ent r="4" t="137" w="21" /><ent r="4" t="137" w="44" /><ent r="3" t="138" w="211" /><ent r="3" t="141" w="325" /><ent r="4" t="142" w="406" /><ent r="3" t="181" w="225" /><ent r="4" t="181" w="849" /><ent r="4" t="188" w="400" /><ent r="3" t="189" w="166" /><ent r="4" t="199" w="206" /><ent r="3" t="222" w="13" /><ent r="7" t="228" w="563" /><ent r="3" t="243" w="230" /><ent r="3" t="243" w="329" /><ent r="6" t="244" w="108" /><ent r="6" t="246" w="80" /></phr><phr n="determine"><ent r="3" t="29" w="19" /><ent r="4" t="52" w="148" /><ent r="4" t="52" w="186" /><ent r="4" t="52" w="202" /><ent r="4" t="56" w="150" /><ent r="4" t="56" w="170" /><ent r="4" t="56" w="185" /><ent r="3" t="59" w="373" /><ent r="3" t="62" w="16" /><ent r="3" t="138" w="16" /><ent r="3" t="141" w="166" /><ent r="4" t="141" w="202" /><ent r="3" t="189" w="262" /><ent r="3" t="231" w="207" /></phr><phr n="determined"><ent r="3" t="63" w="107" /><ent r="3" t="143" w="44" /><ent r="3" t="255" w="246" /></phr><phr n="determining"><ent r="4" t="103" w="73" /></phr></stem><stem n="behavior"><phr n="behavior"><ent r="6" t="14" w="264" /><ent r="3" t="47" w="39" /><ent r="4" t="174" w="63" /><ent r="3" t="209" w="61" /><ent r="3" t="222" w="15" /></phr></stem><stem n="player"><phr n="player"><ent r="6" t="14" w="268" /><ent r="6" t="14" w="385" /><ent r="3" t="47" w="43" /><ent r="3" t="47" w="61" /><ent r="5" t="172" w="259" /><ent r="3" t="175" w="21" /><ent r="3" t="222" w="19" /></phr><phr n="players"><ent r="7" t="14" w="388" /><ent r="7" t="14" w="425" /><ent r="7" t="14" w="495" /><ent r="3" t="175" w="46" /><ent r="3" t="175" w="106" /></phr></stem><stem n="final"><phr n="final"><ent r="6" t="14" w="271" /><ent r="3" t="47" w="46" /><ent r="3" t="47" w="168" /><ent r="3" t="222" w="22" /></phr></stem><stem n="bumper"><phr n="Bumpers"><ent r="6" t="14" w="294" /><ent r="5" t="14" w="300" /><ent r="66" t="14" w="312" /><ent r="3" t="172" w="131" /><ent r="64" t="172" w="150" /><ent r="1000" t="178" w="2" /><ent r="100" t="178" w="5" /><ent r="102" t="178" w="8" /><ent r="3" t="178" w="11" /><ent r="92" t="178" w="67" /><ent r="4" t="178" w="72" /><ent r="4" t="178" w="110" /><ent r="4" t="178" w="154" /><ent r="4" t="178" w="173" /><ent r="4" t="178" w="274" /><ent r="4" t="178" w="291" /><ent r="4" t="178" w="293" /><ent r="4" t="178" w="297" /><ent r="4" t="178" w="300" /><ent r="4" t="178" w="317" /><ent r="3" t="178" w="332" /><ent r="3" t="178" w="335" /><ent r="3" t="178" w="341" /><ent r="92" t="178" w="348" /><ent r="3" t="178" w="354" /><ent r="4" t="178" w="372" /><ent r="5" t="178" w="379" /><ent r="4" t="178" w="404" /><ent r="92" t="178" w="461" /><ent r="3" t="178" w="465" /><ent r="3" t="178" w="468" /><ent r="4" t="178" w="498" /><ent r="4" t="178" w="519" /><ent r="3" t="178" w="523" /><ent r="92" t="178" w="538" /><ent r="3" t="178" w="542" /><ent r="3" t="178" w="549" /><ent r="3" t="178" w="557" /><ent r="3" t="178" w="577" /><ent r="4" t="178" w="598" /><ent r="4" t="178" w="619" /><ent r="3" t="178" w="623" /><ent r="92" t="178" w="633" /><ent r="3" t="178" w="637" /><ent r="3" t="178" w="643" /><ent r="4" t="178" w="672" /><ent r="4" t="178" w="693" /><ent r="3" t="178" w="697" /><ent r="3" t="178" w="705" /></phr><phr n="bumper"><ent r="3" t="178" w="36" /><ent r="3" t="178" w="44" /><ent r="4" t="178" w="93" /><ent r="5" t="178" w="118" /><ent r="4" t="178" w="139" /><ent r="5" t="178" w="164" /><ent r="3" t="178" w="198" /><ent r="5" t="178" w="227" /><ent r="4" t="178" w="248" /><ent r="5" t="178" w="265" /><ent r="4" t="178" w="304" /><ent r="4" t="178" w="311" /><ent r="3" t="178" w="409" /><ent r="3" t="178" w="491" /><ent r="3" t="178" w="591" /><ent r="3" t="178" w="665" /></phr></stem><stem n="limit"><phr n="limit"><ent r="5" t="14" w="302" /><ent r="3" t="31" w="39" /><ent r="3" t="31" w="76" /><ent r="3" t="66" w="252" /><ent r="3" t="141" w="308" /><ent r="5" t="141" w="666" /><ent r="3" t="141" w="675" /><ent r="3" t="141" w="685" /><ent r="3" t="141" w="698" /><ent r="4" t="141" w="729" /><ent r="4" t="141" w="744" /><ent r="3" t="178" w="15" /><ent r="5" t="179" w="781" /><ent r="4" t="179" w="785" /><ent r="5" t="192" w="206" /><ent r="5" t="192" w="226" /><ent r="5" t="194" w="194" /><ent r="5" t="194" w="214" /><ent r="3" t="195" w="402" /></phr><phr n="limits"><ent r="3" t="66" w="236" /><ent r="4" t="74" w="366" /><ent r="92" t="141" w="663" /><ent r="4" t="141" w="670" /><ent r="3" t="141" w="682" /><ent r="3" t="141" w="704" /><ent r="4" t="211" w="2661" /></phr><phr n="limitations"><ent r="3" t="175" w="211" /><ent r="3" t="214" w="325" /><ent r="3" t="215" w="315" /></phr><phr n="limited"><ent r="3" t="195" w="532" /><ent r="3" t="216" w="317" /></phr></stem><stem n="progress"><phr n="Progress"><ent r="7" t="14" w="315" /><ent r="6" t="14" w="320" /><ent r="3" t="136" w="42" /><ent r="3" t="136" w="58" /><ent r="3" t="136" w="71" /><ent r="3" t="136" w="87" /><ent r="3" t="136" w="218" /><ent r="4" t="243" w="296" /><ent r="3" t="243" w="309" /></phr></stem><stem n="channel"><phr n="channel"><ent r="6" t="14" w="340" /><ent r="4" t="121" w="33" /><ent r="5" t="121" w="56" /><ent r="4" t="121" w="64" /><ent r="3" t="172" w="170" /><ent r="3" t="180" w="910" /><ent r="3" t="253" w="73" /><ent r="3" t="253" w="138" /><ent r="3" t="253" w="155" /><ent r="3" t="253" w="209" /><ent r="3" t="253" w="221" /><ent r="3" t="254" w="145" /><ent r="3" t="254" w="622" /><ent r="3" t="254" w="630" /><ent r="3" t="254" w="675" /></phr><phr n="channels"><ent r="4" t="121" w="36" /><ent r="4" t="121" w="69" /><ent r="3" t="121" w="77" /><ent r="5" t="122" w="616" /><ent r="5" t="188" w="278" /><ent r="3" t="253" w="128" /></phr></stem><stem n="increment"><phr n="increment"><ent r="6" t="14" w="342" /></phr><phr n="incrementally"><ent r="4" t="210" w="892" /><ent r="3" t="210" w="1864" /></phr></stem><stem n="small"><phr n="small"><ent r="6" t="14" w="348" /><ent r="3" t="20" w="689" /><ent r="4" t="22" w="561" /><ent r="3" t="30" w="195" /><ent r="3" t="72" w="28" /><ent r="3" t="73" w="15" /><ent r="4" t="91" w="96" /><ent r="3" t="104" w="39" /><ent r="4" t="179" w="439" /><ent r="4" t="180" w="428" /><ent r="4" t="181" w="426" /><ent r="4" t="207" w="59" /><ent r="4" t="207" w="122" /><ent r="3" t="210" w="1467" /><ent r="3" t="211" w="3191" /><ent r="4" t="214" w="889" /><ent r="4" t="217" w="1196" /></phr></stem><stem n="hover"><phr n="Hover"><ent r="6" t="14" w="350" /><ent r="3" t="75" w="239" /></phr></stem><stem n="tooltip"><phr n="tooltip"><ent r="6" t="14" w="361" /></phr></stem><stem n="movi"><phr n="movie"><ent r="6" t="14" w="384" /><ent r="5" t="46" w="192" /><ent r="3" t="47" w="42" /><ent r="3" t="48" w="26" /><ent r="4" t="48" w="90" /><ent r="92" t="48" w="438" /><ent r="3" t="48" w="449" /><ent r="3" t="175" w="127" /><ent r="6" t="175" w="147" /><ent r="6" t="175" w="161" /><ent r="6" t="175" w="177" /><ent r="3" t="222" w="18" /></phr></stem><stem n="/y"><phr n="/y"><ent r="6" t="14" w="403" /><ent r="3" t="206" w="60" /><ent r="3" t="213" w="1467" /></phr></stem><stem n="yyyi"><phr n="yyyy"><ent r="6" t="14" w="438" /><ent r="7" t="14" w="446" /><ent r="6" t="260" w="280" /></phr></stem><stem n="mm"><phr n="MM"><ent r="6" t="14" w="439" /><ent r="6" t="14" w="442" /><ent r="7" t="14" w="452" /><ent r="7" t="14" w="470" /><ent r="6" t="14" w="509" /><ent r="7" t="14" w="519" /><ent r="3" t="49" w="211" /><ent r="6" t="260" w="278" /><ent r="6" t="260" w="283" /></phr></stem><stem n="/mm/dd"><phr n="/MM/dd"><ent r="6" t="14" w="440" /></phr></stem><stem n="dd"><phr n="dd"><ent r="6" t="14" w="440" /><ent r="7" t="14" w="458" /><ent r="3" t="49" w="207" /><ent r="6" t="260" w="279" /></phr></stem><stem n="hh"><phr n="hh"><ent r="6" t="14" w="441" /><ent r="7" t="14" w="464" /><ent r="6" t="14" w="508" /><ent r="7" t="14" w="513" /><ent r="6" t="260" w="282" /></phr></stem><stem n="ss"><phr n="ss"><ent r="6" t="14" w="443" /><ent r="7" t="14" w="476" /><ent r="6" t="14" w="510" /><ent r="7" t="14" w="525" /><ent r="3" t="49" w="205" /><ent r="3" t="49" w="206" /><ent r="5" t="213" w="457" /><ent r="5" t="213" w="458" /><ent r="5" t="214" w="696" /><ent r="5" t="214" w="697" /><ent r="5" t="215" w="685" /><ent r="5" t="215" w="686" /><ent r="6" t="260" w="284" /></phr></stem><stem n=".mm.ss.zzzz"><phr n=".mm.ss.zzzZ"><ent r="6" t="14" w="444" /></phr></stem><stem n="zzzz"><phr n="zzzZ"><ent r="6" t="14" w="444" /></phr></stem><stem n="year"><phr n="year"><ent r="6" t="14" w="450" /><ent r="4" t="22" w="681" /><ent r="4" t="22" w="726" /><ent r="4" t="179" w="560" /><ent r="4" t="179" w="605" /><ent r="4" t="180" w="549" /><ent r="4" t="180" w="594" /><ent r="4" t="181" w="547" /><ent r="4" t="181" w="592" /></phr></stem><stem n="month"><phr n="month"><ent r="6" t="14" w="456" /><ent r="4" t="22" w="678" /><ent r="4" t="22" w="723" /><ent r="4" t="179" w="557" /><ent r="4" t="179" w="602" /><ent r="4" t="180" w="546" /><ent r="4" t="180" w="591" /><ent r="4" t="181" w="544" /><ent r="4" t="181" w="589" /><ent r="3" t="213" w="54" /></phr></stem><stem n="dai"><phr n="day"><ent r="6" t="14" w="462" /></phr></stem><stem n="hour"><phr n="hour"><ent r="6" t="14" w="468" /><ent r="6" t="14" w="517" /></phr></stem><stem n="minut"><phr n="minute"><ent r="6" t="14" w="474" /><ent r="6" t="14" w="523" /><ent r="3" t="211" w="1606" /></phr><phr n="minutes"><ent r="3" t="107" w="117" /><ent r="3" t="111" w="60" /><ent r="6" t="112" w="114" /><ent r="7" t="250" w="54" /><ent r="7" t="250" w="63" /><ent r="7" t="250" w="66" /><ent r="7" t="250" w="74" /></phr></stem><stem n="second"><phr n="second"><ent r="6" t="14" w="480" /><ent r="6" t="14" w="529" /><ent r="5" t="37" w="457" /><ent r="6" t="37" w="474" /><ent r="5" t="37" w="498" /><ent r="6" t="37" w="515" /><ent r="4" t="59" w="302" /><ent r="4" t="59" w="322" /><ent r="4" t="59" w="344" /><ent r="4" t="59" w="364" /><ent r="3" t="59" w="380" /><ent r="4" t="59" w="539" /><ent r="4" t="76" w="217" /><ent r="3" t="133" w="51" /><ent r="3" t="160" w="944" /><ent r="3" t="175" w="43" /><ent r="3" t="175" w="66" /><ent r="6" t="175" w="87" /><ent r="6" t="175" w="94" /><ent r="3" t="175" w="125" /><ent r="3" t="175" w="132" /><ent r="6" t="175" w="151" /><ent r="6" t="175" w="159" /><ent r="6" t="175" w="165" /><ent r="6" t="175" w="181" /><ent r="4" t="189" w="191" /><ent r="4" t="189" w="211" /><ent r="4" t="189" w="233" /><ent r="4" t="189" w="253" /><ent r="3" t="189" w="269" /><ent r="4" t="189" w="424" /><ent r="3" t="195" w="94" /><ent r="3" t="195" w="199" /><ent r="3" t="195" w="206" /><ent r="3" t="195" w="222" /><ent r="3" t="195" w="238" /><ent r="3" t="195" w="263" /><ent r="3" t="195" w="303" /><ent r="5" t="195" w="350" /><ent r="3" t="211" w="1608" /><ent r="4" t="213" w="1569" /><ent r="92" t="219" w="568" /><ent r="4" t="255" w="104" /><ent r="4" t="255" w="129" /><ent r="4" t="255" w="195" /></phr><phr n="seconds"><ent r="6" t="175" w="103" /><ent r="6" t="175" w="145" /><ent r="6" t="175" w="175" /><ent r="7" t="250" w="67" /><ent r="7" t="250" w="77" /></phr></stem><stem n="zzz"><phr n="zzz"><ent r="7" t="14" w="482" /><ent r="6" t="14" w="511" /><ent r="7" t="14" w="531" /></phr></stem><stem n="millisecond"><phr n="millisecond"><ent r="6" t="14" w="486" /><ent r="6" t="14" w="535" /></phr></stem><stem n="zulu"><phr n="Zulu"><ent r="6" t="14" w="491" /></phr></stem><stem n=".mm.ss.zzz"><phr n=".mm.ss.zzz"><ent r="6" t="14" w="511" /></phr></stem><stem n="band"><phr n="Band"><ent r="64" t="15" w="21" /><ent r="64" t="15" w="24" /><ent r="3" t="20" w="290" /><ent r="3" t="20" w="304" /><ent r="4" t="23" w="80" /><ent r="4" t="23" w="85" /><ent r="4" t="37" w="307" /><ent r="4" t="37" w="312" /><ent r="4" t="58" w="324" /><ent r="4" t="58" w="366" /><ent r="4" t="58" w="759" /><ent r="4" t="58" w="801" /><ent r="3" t="70" w="447" /><ent r="3" t="70" w="483" /><ent r="3" t="70" w="488" /><ent r="6" t="75" w="358" /><ent r="6" t="75" w="391" /><ent r="6" t="75" w="396" /><ent r="3" t="108" w="168" /><ent r="3" t="118" w="89" /><ent r="68" t="122" w="340" /><ent r="5" t="122" w="416" /><ent r="6" t="122" w="494" /><ent r="5" t="122" w="620" /><ent r="5" t="122" w="627" /><ent r="66" t="122" w="633" /><ent r="1000" t="124" w="1" /><ent r="100" t="124" w="8" /><ent r="102" t="124" w="12" /><ent r="3" t="124" w="16" /><ent r="3" t="124" w="31" /><ent r="1000" t="126" w="2" /><ent r="100" t="126" w="5" /><ent r="102" t="126" w="8" /><ent r="3" t="126" w="17" /><ent r="5" t="126" w="69" /><ent r="4" t="126" w="103" /><ent r="4" t="126" w="108" /><ent r="4" t="126" w="127" /><ent r="3" t="126" w="147" /><ent r="3" t="126" w="150" /><ent r="3" t="126" w="178" /><ent r="4" t="131" w="108" /><ent r="3" t="133" w="65" /><ent r="4" t="182" w="73" /><ent r="4" t="188" w="296" /><ent r="4" t="188" w="392" /><ent r="3" t="189" w="60" /><ent r="3" t="189" w="71" /><ent r="4" t="189" w="76" /><ent r="3" t="191" w="32" /><ent r="3" t="191" w="372" /><ent r="3" t="191" w="384" /><ent r="64" t="191" w="411" /><ent r="3" t="192" w="61" /><ent r="64" t="192" w="668" /><ent r="1000" t="193" w="3" /><ent r="102" t="193" w="9" /><ent r="100" t="193" w="19" /><ent r="3" t="193" w="31" /><ent r="3" t="194" w="51" /><ent r="64" t="194" w="56" /><ent r="3" t="194" w="128" /><ent r="3" t="195" w="122" /><ent r="3" t="197" w="93" /><ent r="5" t="197" w="140" /><ent r="4" t="197" w="145" /><ent r="1000" t="198" w="1" /><ent r="102" t="198" w="4" /><ent r="100" t="198" w="7" /><ent r="3" t="198" w="11" /><ent r="3" t="198" w="51" /><ent r="3" t="198" w="166" /><ent r="3" t="198" w="178" /><ent r="3" t="198" w="182" /><ent r="3" t="198" w="191" /><ent r="3" t="198" w="194" /><ent r="3" t="198" w="210" /><ent r="3" t="198" w="235" /><ent r="3" t="198" w="244" /><ent r="3" t="198" w="247" /><ent r="3" t="198" w="251" /><ent r="3" t="198" w="254" /><ent r="3" t="198" w="262" /><ent r="3" t="198" w="266" /><ent r="3" t="198" w="269" /><ent r="3" t="198" w="285" /><ent r="3" t="198" w="288" /><ent r="3" t="198" w="291" /><ent r="3" t="198" w="295" /><ent r="4" t="198" w="325" /><ent r="5" t="198" w="340" /><ent r="3" t="198" w="345" /><ent r="4" t="198" w="357" /><ent r="4" t="198" w="437" /><ent r="4" t="198" w="457" /><ent r="4" t="198" w="477" /><ent r="3" t="198" w="541" /><ent r="3" t="198" w="558" /><ent r="3" t="198" w="587" /><ent r="3" t="198" w="593" /><ent r="1000" t="199" w="1" /><ent r="100" t="199" w="4" /><ent r="102" t="199" w="7" /><ent r="3" t="199" w="11" /><ent r="3" t="199" w="22" /><ent r="3" t="199" w="59" /><ent r="5" t="199" w="73" /><ent r="3" t="199" w="78" /><ent r="3" t="199" w="109" /><ent r="3" t="199" w="163" /><ent r="3" t="199" w="178" /><ent r="3" t="199" w="235" /><ent r="3" t="199" w="265" /><ent r="4" t="201" w="130" /><ent r="64" t="209" w="328" /><ent r="4" t="210" w="1146" /><ent r="3" t="210" w="1216" /><ent r="3" t="210" w="1245" /><ent r="3" t="210" w="1265" /><ent r="3" t="210" w="1281" /><ent r="3" t="210" w="1346" /><ent r="3" t="210" w="1374" /><ent r="3" t="210" w="1385" /><ent r="3" t="210" w="1397" /><ent r="4" t="210" w="1661" /><ent r="3" t="210" w="1863" /><ent r="4" t="210" w="1985" /><ent r="4" t="210" w="2005" /><ent r="4" t="210" w="2033" /><ent r="4" t="210" w="2048" /><ent r="1000" t="211" w="5" /><ent r="100" t="211" w="8" /><ent r="102" t="211" w="24" /><ent r="3" t="211" w="65" /><ent r="4" t="211" w="110" /><ent r="4" t="211" w="227" /><ent r="3" t="211" w="251" /><ent r="3" t="211" w="257" /><ent r="92" t="211" w="2027" /><ent r="5" t="211" w="2064" /><ent r="3" t="211" w="2069" /><ent r="3" t="211" w="2087" /><ent r="4" t="211" w="2137" /><ent r="3" t="211" w="2154" /><ent r="4" t="211" w="2167" /><ent r="4" t="211" w="2201" /><ent r="4" t="211" w="2214" /><ent r="3" t="211" w="2313" /><ent r="3" t="211" w="2327" /><ent r="4" t="211" w="2635" /><ent r="4" t="211" w="2698" /><ent r="4" t="211" w="2712" /><ent r="4" t="211" w="2814" /><ent r="4" t="211" w="2826" /><ent r="4" t="211" w="2853" /><ent r="3" t="211" w="3266" /><ent r="5" t="212" w="485" /><ent r="5" t="212" w="489" /><ent r="3" t="212" w="1510" /><ent r="3" t="212" w="1519" /><ent r="3" t="212" w="1529" /><ent r="3" t="215" w="768" /><ent r="3" t="215" w="774" /><ent r="3" t="215" w="779" /><ent r="5" t="218" w="500" /><ent r="4" t="218" w="533" /><ent r="3" t="218" w="983" /><ent r="3" t="218" w="1010" /><ent r="3" t="218" w="1031" /><ent r="4" t="218" w="1094" /><ent r="7" t="218" w="1123" /><ent r="7" t="218" w="1159" /><ent r="5" t="218" w="1174" /><ent r="3" t="218" w="1384" /><ent r="7" t="219" w="962" /><ent r="7" t="219" w="975" /><ent r="7" t="219" w="985" /><ent r="7" t="219" w="1003" /><ent r="7" t="219" w="1006" /><ent r="7" t="219" w="1023" /><ent r="3" t="219" w="1032" /><ent r="3" t="219" w="1266" /><ent r="1000" t="224" w="1" /><ent r="100" t="224" w="5" /><ent r="102" t="224" w="9" /><ent r="7" t="228" w="101" /><ent r="7" t="228" w="112" /><ent r="7" t="228" w="293" /><ent r="7" t="228" w="296" /><ent r="7" t="228" w="302" /><ent r="7" t="228" w="462" /><ent r="7" t="228" w="583" /><ent r="7" t="228" w="593" /><ent r="7" t="228" w="607" /><ent r="7" t="228" w="633" /><ent r="7" t="228" w="653" /><ent r="7" t="228" w="658" /><ent r="3" t="228" w="780" /><ent r="3" t="228" w="784" /><ent r="3" t="228" w="790" /><ent r="3" t="228" w="796" /><ent r="3" t="228" w="802" /><ent r="3" t="228" w="808" /><ent r="3" t="228" w="814" /><ent r="3" t="228" w="820" /><ent r="4" t="229" w="239" /><ent r="4" t="229" w="244" /><ent r="4" t="230" w="170" /><ent r="4" t="230" w="175" /><ent r="4" t="231" w="129" /><ent r="4" t="231" w="134" /><ent r="4" t="233" w="168" /><ent r="4" t="233" w="173" /><ent r="5" t="242" w="242" /><ent r="5" t="242" w="251" /><ent r="5" t="242" w="260" /><ent r="5" t="242" w="269" /><ent r="5" t="242" w="287" /><ent r="5" t="242" w="305" /><ent r="3" t="253" w="136" /><ent r="3" t="253" w="187" /><ent r="3" t="253" w="193" /><ent r="3" t="253" w="197" /><ent r="3" t="253" w="206" /><ent r="3" t="253" w="211" /><ent r="3" t="253" w="218" /><ent r="3" t="253" w="223" /><ent r="4" t="255" w="54" /><ent r="4" t="255" w="66" /><ent r="4" t="255" w="73" /><ent r="4" t="255" w="85" /><ent r="4" t="255" w="93" /><ent r="4" t="255" w="146" /><ent r="4" t="255" w="158" /><ent r="4" t="255" w="165" /><ent r="4" t="255" w="177" /><ent r="4" t="255" w="185" /></phr><phr n="bands"><ent r="3" t="20" w="110" /><ent r="4" t="20" w="157" /><ent r="3" t="20" w="172" /><ent r="3" t="23" w="36" /><ent r="4" t="23" w="61" /><ent r="3" t="23" w="111" /><ent r="3" t="25" w="77" /><ent r="3" t="25" w="84" /><ent r="3" t="25" w="161" /><ent r="3" t="37" w="212" /><ent r="5" t="37" w="252" /><ent r="4" t="37" w="257" /><ent r="5" t="37" w="288" /><ent r="4" t="37" w="338" /><ent r="5" t="70" w="227" /><ent r="3" t="75" w="279" /><ent r="7" t="75" w="340" /><ent r="6" t="75" w="372" /><ent r="5" t="75" w="422" /><ent r="4" t="124" w="343" /><ent r="5" t="124" w="356" /><ent r="3" t="125" w="46" /><ent r="4" t="126" w="118" /><ent r="3" t="126" w="159" /><ent r="3" t="131" w="113" /><ent r="3" t="172" w="20" /><ent r="3" t="188" w="244" /><ent r="5" t="188" w="281" /><ent r="4" t="188" w="288" /><ent r="3" t="191" w="359" /><ent r="64" t="191" w="407" /><ent r="64" t="192" w="677" /><ent r="3" t="193" w="40" /><ent r="64" t="193" w="48" /><ent r="4" t="193" w="322" /><ent r="5" t="193" w="335" /><ent r="1000" t="194" w="6" /><ent r="102" t="194" w="13" /><ent r="100" t="194" w="19" /><ent r="100" t="194" w="26" /><ent r="3" t="194" w="37" /><ent r="3" t="194" w="96" /><ent r="3" t="194" w="111" /><ent r="3" t="194" w="133" /><ent r="3" t="195" w="22" /><ent r="3" t="195" w="33" /><ent r="3" t="195" w="89" /><ent r="3" t="195" w="538" /><ent r="3" t="197" w="82" /><ent r="4" t="197" w="147" /><ent r="3" t="198" w="24" /><ent r="3" t="198" w="44" /><ent r="3" t="198" w="201" /><ent r="3" t="198" w="217" /><ent r="4" t="198" w="423" /><ent r="4" t="198" w="443" /><ent r="4" t="198" w="463" /><ent r="3" t="199" w="137" /><ent r="4" t="199" w="151" /><ent r="3" t="210" w="212" /><ent r="4" t="210" w="2064" /><ent r="3" t="211" w="241" /><ent r="3" t="211" w="2079" /><ent r="3" t="211" w="2083" /><ent r="4" t="212" w="94" /><ent r="4" t="212" w="441" /><ent r="4" t="212" w="446" /><ent r="4" t="212" w="467" /><ent r="3" t="212" w="504" /><ent r="4" t="212" w="1183" /><ent r="3" t="212" w="1416" /><ent r="4" t="212" w="1474" /><ent r="4" t="212" w="1485" /><ent r="3" t="212" w="1567" /><ent r="7" t="228" w="114" /><ent r="7" t="228" w="118" /><ent r="7" t="228" w="456" /><ent r="7" t="228" w="470" /><ent r="7" t="228" w="666" /><ent r="7" t="228" w="671" /><ent r="3" t="228" w="709" /><ent r="5" t="229" w="184" /><ent r="4" t="229" w="189" /><ent r="5" t="229" w="220" /><ent r="4" t="229" w="270" /><ent r="5" t="230" w="115" /><ent r="4" t="230" w="120" /><ent r="5" t="230" w="151" /><ent r="4" t="230" w="201" /><ent r="5" t="231" w="74" /><ent r="4" t="231" w="79" /><ent r="5" t="231" w="110" /><ent r="4" t="231" w="160" /><ent r="3" t="232" w="175" /><ent r="5" t="233" w="113" /><ent r="4" t="233" w="118" /><ent r="5" t="233" w="149" /><ent r="4" t="233" w="199" /><ent r="3" t="254" w="257" /><ent r="3" t="254" w="264" /><ent r="3" t="254" w="341" /><ent r="3" t="254" w="484" /><ent r="4" t="255" w="52" /></phr></stem></index>