﻿<?xml version="1.0" encoding="utf-8"?><index><stem n="set"><phr n="sets"><ent r="3" t="0" w="32" /><ent r="3" t="0" w="41" /><ent r="7" t="14" w="90" /><ent r="4" t="31" w="90" /><ent r="3" t="42" w="29" /><ent r="4" t="42" w="130" /><ent r="4" t="42" w="282" /><ent r="3" t="67" w="16" /><ent r="3" t="73" w="267" /><ent r="3" t="130" w="14" /><ent r="3" t="141" w="266" /><ent r="3" t="158" w="121" /><ent r="4" t="158" w="146" /><ent r="4" t="158" w="188" /><ent r="4" t="159" w="54" /><ent r="3" t="159" w="248" /><ent r="3" t="160" w="18" /><ent r="4" t="168" w="353" /><ent r="4" t="168" w="422" /><ent r="3" t="168" w="726" /><ent r="3" t="168" w="763" /><ent r="3" t="168" w="1190" /><ent r="3" t="170" w="686" /><ent r="3" t="170" w="692" /><ent r="3" t="194" w="47" /><ent r="3" t="194" w="63" /><ent r="3" t="194" w="83" /><ent r="3" t="215" w="217" /></phr><phr n="set"><ent r="3" t="1" w="157" /><ent r="7" t="5" w="202" /><ent r="7" t="5" w="251" /><ent r="7" t="6" w="123" /><ent r="3" t="13" w="28" /><ent r="3" t="13" w="31" /><ent r="7" t="13" w="72" /><ent r="6" t="14" w="224" /><ent r="6" t="14" w="291" /><ent r="5" t="14" w="304" /><ent r="4" t="20" w="97" /><ent r="4" t="20" w="225" /><ent r="4" t="20" w="274" /><ent r="4" t="20" w="394" /><ent r="4" t="20" w="500" /><ent r="3" t="21" w="69" /><ent r="3" t="21" w="227" /><ent r="100" t="24" w="7" /><ent r="100" t="24" w="10" /><ent r="3" t="24" w="21" /><ent r="3" t="24" w="91" /><ent r="100" t="25" w="11" /><ent r="100" t="25" w="14" /><ent r="64" t="25" w="28" /><ent r="4" t="25" w="54" /><ent r="4" t="25" w="59" /><ent r="4" t="25" w="89" /><ent r="4" t="25" w="127" /><ent r="4" t="25" w="152" /><ent r="4" t="25" w="175" /><ent r="64" t="26" w="27" /><ent r="4" t="26" w="524" /><ent r="4" t="26" w="550" /><ent r="3" t="30" w="71" /><ent r="3" t="31" w="19" /><ent r="3" t="31" w="26" /><ent r="3" t="33" w="46" /><ent r="3" t="41" w="26" /><ent r="100" t="42" w="5" /><ent r="4" t="42" w="123" /><ent r="4" t="42" w="275" /><ent r="3" t="43" w="86" /><ent r="3" t="44" w="90" /><ent r="3" t="44" w="101" /><ent r="3" t="46" w="94" /><ent r="3" t="51" w="31" /><ent r="3" t="62" w="24" /><ent r="3" t="65" w="14" /><ent r="3" t="65" w="80" /><ent r="3" t="65" w="97" /><ent r="3" t="73" w="16" /><ent r="3" t="73" w="131" /><ent r="3" t="73" w="357" /><ent r="3" t="73" w="498" /><ent r="7" t="82" w="284" /><ent r="7" t="82" w="346" /><ent r="3" t="84" w="27" /><ent r="4" t="84" w="171" /><ent r="4" t="84" w="185" /><ent r="3" t="85" w="22" /><ent r="3" t="92" w="42" /><ent r="4" t="95" w="64" /><ent r="4" t="95" w="80" /><ent r="3" t="96" w="105" /><ent r="3" t="98" w="24" /><ent r="3" t="98" w="175" /><ent r="3" t="98" w="252" /><ent r="4" t="98" w="301" /><ent r="3" t="98" w="345" /><ent r="3" t="98" w="427" /><ent r="3" t="99" w="24" /><ent r="3" t="100" w="62" /><ent r="3" t="100" w="101" /><ent r="3" t="100" w="216" /><ent r="3" t="100" w="276" /><ent r="3" t="100" w="335" /><ent r="4" t="100" w="370" /><ent r="3" t="101" w="29" /><ent r="3" t="103" w="19" /><ent r="3" t="103" w="35" /><ent r="3" t="104" w="16" /><ent r="3" t="105" w="538" /><ent r="4" t="107" w="141" /><ent r="3" t="107" w="253" /><ent r="4" t="110" w="94" /><ent r="3" t="112" w="129" /><ent r="3" t="112" w="155" /><ent r="3" t="115" w="744" /><ent r="3" t="115" w="765" /><ent r="3" t="118" w="119" /><ent r="3" t="118" w="145" /><ent r="3" t="118" w="169" /><ent r="3" t="118" w="306" /><ent r="3" t="118" w="317" /><ent r="3" t="119" w="38" /><ent r="3" t="126" w="25" /><ent r="4" t="126" w="40" /><ent r="3" t="126" w="76" /><ent r="3" t="126" w="89" /><ent r="3" t="126" w="107" /><ent r="3" t="126" w="126" /><ent r="4" t="129" w="70" /><ent r="4" t="129" w="161" /><ent r="4" t="129" w="264" /><ent r="3" t="129" w="322" /><ent r="3" t="129" w="344" /><ent r="3" t="130" w="21" /><ent r="3" t="131" w="12" /><ent r="5" t="131" w="160" /><ent r="5" t="131" w="202" /><ent r="5" t="131" w="237" /><ent r="5" t="131" w="251" /><ent r="3" t="132" w="145" /><ent r="3" t="132" w="248" /><ent r="3" t="132" w="361" /><ent r="3" t="132" w="387" /><ent r="3" t="132" w="452" /><ent r="3" t="132" w="616" /><ent r="3" t="133" w="16" /><ent r="3" t="134" w="24" /><ent r="4" t="134" w="227" /><ent r="3" t="135" w="24" /><ent r="3" t="136" w="24" /><ent r="3" t="137" w="24" /><ent r="3" t="138" w="16" /><ent r="3" t="139" w="21" /><ent r="3" t="140" w="19" /><ent r="4" t="140" w="546" /><ent r="4" t="140" w="563" /><ent r="4" t="140" w="947" /><ent r="4" t="140" w="964" /><ent r="3" t="141" w="19" /><ent r="4" t="141" w="420" /><ent r="4" t="141" w="437" /><ent r="3" t="141" w="543" /><ent r="3" t="142" w="29" /><ent r="3" t="143" w="12" /><ent r="3" t="143" w="28" /><ent r="3" t="143" w="165" /><ent r="3" t="143" w="190" /><ent r="5" t="143" w="250" /><ent r="3" t="145" w="27" /><ent r="3" t="145" w="279" /><ent r="4" t="145" w="369" /><ent r="3" t="146" w="142" /><ent r="3" t="148" w="25" /><ent r="4" t="148" w="34" /><ent r="5" t="148" w="316" /><ent r="5" t="148" w="333" /><ent r="3" t="149" w="56" /><ent r="3" t="149" w="62" /><ent r="3" t="151" w="44" /><ent r="3" t="151" w="273" /><ent r="3" t="151" w="314" /><ent r="5" t="153" w="469" /><ent r="5" t="153" w="486" /><ent r="5" t="155" w="319" /><ent r="4" t="155" w="1043" /><ent r="4" t="158" w="135" /><ent r="4" t="158" w="230" /><ent r="3" t="159" w="41" /><ent r="3" t="159" w="46" /><ent r="4" t="159" w="72" /><ent r="4" t="159" w="77" /><ent r="4" t="159" w="94" /><ent r="4" t="159" w="108" /><ent r="4" t="159" w="117" /><ent r="4" t="159" w="171" /><ent r="4" t="159" w="181" /><ent r="4" t="162" w="112" /><ent r="3" t="165" w="249" /><ent r="3" t="165" w="1324" /><ent r="3" t="166" w="160" /><ent r="3" t="166" w="399" /><ent r="4" t="166" w="699" /><ent r="4" t="166" w="703" /><ent r="3" t="166" w="815" /><ent r="4" t="166" w="1065" /><ent r="4" t="166" w="1088" /><ent r="3" t="166" w="1207" /><ent r="4" t="166" w="2289" /><ent r="3" t="166" w="2343" /><ent r="3" t="166" w="2347" /><ent r="3" t="166" w="2352" /><ent r="4" t="166" w="2379" /><ent r="4" t="166" w="2400" /><ent r="3" t="167" w="727" /><ent r="4" t="167" w="1255" /><ent r="4" t="168" w="440" /><ent r="4" t="168" w="457" /><ent r="3" t="168" w="476" /><ent r="3" t="168" w="481" /><ent r="3" t="168" w="490" /><ent r="3" t="168" w="502" /><ent r="3" t="168" w="512" /><ent r="3" t="168" w="521" /><ent r="3" t="168" w="537" /><ent r="3" t="169" w="144" /><ent r="3" t="169" w="243" /><ent r="3" t="169" w="361" /><ent r="3" t="169" w="375" /><ent r="4" t="169" w="661" /><ent r="4" t="169" w="988" /><ent r="3" t="169" w="1153" /><ent r="3" t="169" w="1173" /><ent r="3" t="170" w="134" /><ent r="3" t="170" w="232" /><ent r="3" t="170" w="348" /><ent r="3" t="170" w="362" /><ent r="4" t="170" w="715" /><ent r="3" t="170" w="1277" /><ent r="3" t="171" w="89" /><ent r="3" t="181" w="42" /><ent r="7" t="181" w="475" /><ent r="3" t="192" w="20" /><ent r="100" t="194" w="8" /><ent r="100" t="194" w="11" /><ent r="3" t="194" w="38" /><ent r="3" t="194" w="112" /><ent r="3" t="194" w="131" /><ent r="3" t="195" w="25" /><ent r="64" t="195" w="49" /><ent r="3" t="195" w="53" /><ent r="3" t="195" w="104" /><ent r="4" t="195" w="310" /><ent r="3" t="196" w="41" /><ent r="3" t="196" w="234" /><ent r="3" t="197" w="193" /><ent r="3" t="198" w="40" /><ent r="3" t="200" w="49" /><ent r="3" t="200" w="117" /><ent r="3" t="200" w="137" /><ent r="3" t="200" w="163" /><ent r="3" t="202" w="54" /><ent r="3" t="202" w="122" /><ent r="3" t="202" w="142" /><ent r="3" t="202" w="168" /><ent r="3" t="207" w="16" /><ent r="6" t="210" w="294" /><ent r="4" t="214" w="79" /><ent r="4" t="214" w="96" /><ent r="3" t="215" w="106" /><ent r="3" t="215" w="163" /><ent r="3" t="215" w="482" /></phr><phr n="Setting"><ent r="92" t="19" w="138" /><ent r="92" t="112" w="184" /><ent r="92" t="118" w="292" /><ent r="92" t="129" w="65" /><ent r="92" t="157" w="249" /><ent r="92" t="157" w="296" /></phr><phr n="Set"><ent r="1000" t="24" w="3" /><ent r="102" t="24" w="15" /><ent r="64" t="24" w="86" /><ent r="1000" t="25" w="2" /><ent r="102" t="25" w="6" /><ent r="4" t="41" w="238" /><ent r="4" t="41" w="303" /><ent r="7" t="82" w="339" /><ent r="68" t="82" w="357" /><ent r="4" t="84" w="157" /><ent r="1000" t="85" w="1" /><ent r="100" t="85" w="5" /><ent r="102" t="85" w="12" /><ent r="3" t="85" w="16" /><ent r="5" t="85" w="79" /><ent r="4" t="85" w="129" /><ent r="4" t="155" w="986" /><ent r="4" t="158" w="142" /><ent r="4" t="159" w="176" /><ent r="4" t="159" w="186" /><ent r="4" t="163" w="158" /><ent r="4" t="163" w="214" /><ent r="4" t="165" w="1557" /><ent r="4" t="165" w="1564" /><ent r="3" t="165" w="1717" /><ent r="4" t="166" w="2236" /><ent r="4" t="166" w="2274" /><ent r="4" t="166" w="2291" /><ent r="4" t="166" w="2384" /><ent r="4" t="166" w="2420" /><ent r="4" t="166" w="2434" /><ent r="3" t="167" w="431" /><ent r="4" t="167" w="478" /><ent r="4" t="168" w="445" /><ent r="4" t="168" w="462" /><ent r="3" t="168" w="1209" /><ent r="4" t="168" w="1294" /><ent r="4" t="168" w="1333" /><ent r="4" t="168" w="1353" /><ent r="5" t="172" w="575" /><ent r="4" t="172" w="677" /><ent r="4" t="172" w="695" /><ent r="3" t="172" w="848" /><ent r="3" t="172" w="866" /><ent r="4" t="172" w="945" /><ent r="3" t="172" w="1155" /><ent r="3" t="172" w="1161" /><ent r="3" t="172" w="1231" /><ent r="7" t="172" w="1420" /><ent r="7" t="172" w="1423" /><ent r="3" t="172" w="1632" /><ent r="7" t="173" w="1081" /><ent r="7" t="173" w="1146" /><ent r="7" t="173" w="1149" /><ent r="3" t="173" w="1379" /><ent r="3" t="190" w="154" /><ent r="5" t="206" w="264" /><ent r="5" t="206" w="274" /><ent r="5" t="206" w="284" /><ent r="5" t="206" w="294" /><ent r="5" t="206" w="304" /><ent r="5" t="206" w="314" /><ent r="93" t="215" w="144" /></phr><phr n="Sets"><ent r="65" t="31" w="96" /><ent r="4" t="98" w="187" /><ent r="4" t="98" w="218" /><ent r="4" t="98" w="438" /><ent r="4" t="99" w="493" /><ent r="5" t="140" w="417" /><ent r="5" t="140" w="834" /><ent r="5" t="148" w="549" /><ent r="5" t="153" w="702" /><ent r="1000" t="194" w="4" /><ent r="102" t="194" w="17" /><ent r="92" t="194" w="22" /><ent r="92" t="194" w="93" /></phr><phr n="setting"><ent r="4" t="44" w="182" /><ent r="4" t="98" w="450" /><ent r="3" t="157" w="255" /><ent r="4" t="157" w="281" /><ent r="3" t="157" w="302" /><ent r="4" t="157" w="328" /><ent r="4" t="163" w="192" /><ent r="4" t="165" w="1569" /><ent r="4" t="165" w="2015" /><ent r="4" t="204" w="35" /></phr><phr n="settings"><ent r="3" t="129" w="543" /><ent r="3" t="154" w="31" /><ent r="3" t="157" w="186" /><ent r="3" t="157" w="219" /><ent r="4" t="157" w="237" /><ent r="4" t="157" w="273" /><ent r="4" t="157" w="320" /><ent r="4" t="165" w="2275" /><ent r="4" t="169" w="992" /><ent r="3" t="200" w="195" /><ent r="3" t="202" w="200" /></phr><phr n="Settings"><ent r="92" t="157" w="214" /><ent r="5" t="159" w="286" /><ent r="3" t="168" w="649" /><ent r="4" t="168" w="681" /><ent r="5" t="196" w="272" /><ent r="92" t="200" w="180" /><ent r="4" t="200" w="186" /><ent r="92" t="202" w="185" /><ent r="4" t="202" w="191" /><ent r="5" t="204" w="210" /></phr></stem><stem n="specif"><phr n="specific"><ent r="3" t="0" w="35" /><ent r="3" t="22" w="30" /><ent r="4" t="23" w="98" /><ent r="3" t="61" w="88" /><ent r="4" t="67" w="46" /><ent r="3" t="79" w="24" /><ent r="3" t="93" w="29" /><ent r="3" t="118" w="266" /><ent r="3" t="164" w="55" /><ent r="3" t="167" w="74" /><ent r="7" t="181" w="166" /><ent r="7" t="181" w="325" /><ent r="7" t="181" w="550" /><ent r="7" t="181" w="605" /></phr><phr n="specifications"><ent r="5" t="20" w="66" /><ent r="3" t="182" w="39" /></phr><phr n="Specific"><ent r="92" t="22" w="164" /></phr></stem><stem n="technic"><phr n="technical"><ent r="3" t="0" w="36" /></phr></stem><stem n="sensor"><phr n="sensors"><ent r="3" t="0" w="37" /><ent r="3" t="158" w="45" /><ent r="3" t="168" w="124" /></phr><phr n="Sensor"><ent r="3" t="19" w="154" /><ent r="5" t="171" w="535" /><ent r="5" t="171" w="944" /></phr><phr n="sensor"><ent r="3" t="165" w="266" /><ent r="3" t="165" w="275" /><ent r="7" t="181" w="320" /><ent r="3" t="181" w="744" /></phr></stem><stem n="present"><phr n="presents"><ent r="3" t="0" w="39" /></phr><phr n="present"><ent r="3" t="53" w="114" /><ent r="7" t="181" w="136" /></phr></stem><stem n="us"><phr n="using"><ent r="3" t="0" w="47" /><ent r="3" t="0" w="94" /><ent r="3" t="1" w="98" /><ent r="3" t="2" w="19" /><ent r="3" t="2" w="147" /><ent r="3" t="11" w="70" /><ent r="6" t="14" w="234" /><ent r="6" t="14" w="294" /><ent r="4" t="29" w="81" /><ent r="3" t="32" w="69" /><ent r="3" t="32" w="91" /><ent r="3" t="44" w="87" /><ent r="4" t="44" w="110" /><ent r="3" t="57" w="156" /><ent r="3" t="57" w="229" /><ent r="4" t="62" w="179" /><ent r="3" t="65" w="64" /><ent r="3" t="65" w="106" /><ent r="3" t="66" w="19" /><ent r="4" t="67" w="56" /><ent r="3" t="68" w="19" /><ent r="3" t="69" w="238" /><ent r="3" t="69" w="305" /><ent r="4" t="72" w="78" /><ent r="4" t="72" w="108" /><ent r="4" t="72" w="154" /><ent r="3" t="73" w="335" /><ent r="3" t="98" w="380" /><ent r="3" t="100" w="93" /><ent r="4" t="100" w="281" /><ent r="6" t="101" w="8" /><ent r="100" t="105" w="6" /><ent r="100" t="105" w="33" /><ent r="3" t="116" w="35" /><ent r="4" t="117" w="60" /><ent r="3" t="120" w="57" /><ent r="3" t="126" w="152" /><ent r="4" t="129" w="73" /><ent r="4" t="129" w="164" /><ent r="4" t="129" w="267" /><ent r="4" t="129" w="421" /><ent r="4" t="129" w="432" /><ent r="3" t="132" w="186" /><ent r="3" t="132" w="289" /><ent r="3" t="132" w="493" /><ent r="3" t="132" w="657" /><ent r="3" t="156" w="24" /><ent r="3" t="156" w="172" /><ent r="3" t="157" w="90" /><ent r="4" t="158" w="160" /><ent r="3" t="159" w="28" /><ent r="3" t="162" w="47" /><ent r="4" t="162" w="195" /><ent r="3" t="164" w="115" /><ent r="3" t="164" w="145" /><ent r="7" t="164" w="266" /><ent r="64" t="164" w="346" /><ent r="7" t="165" w="483" /><ent r="3" t="165" w="2392" /><ent r="3" t="166" w="58" /><ent r="3" t="166" w="90" /><ent r="3" t="166" w="407" /><ent r="7" t="166" w="633" /><ent r="3" t="166" w="1433" /><ent r="4" t="166" w="2636" /><ent r="3" t="166" w="2653" /><ent r="4" t="166" w="2738" /><ent r="3" t="166" w="2795" /><ent r="3" t="166" w="2980" /><ent r="3" t="167" w="83" /><ent r="4" t="167" w="102" /><ent r="7" t="167" w="345" /><ent r="4" t="167" w="640" /><ent r="4" t="167" w="956" /><ent r="5" t="167" w="1120" /><ent r="5" t="167" w="1129" /><ent r="4" t="167" w="1192" /><ent r="4" t="167" w="1418" /><ent r="3" t="167" w="1592" /><ent r="3" t="168" w="56" /><ent r="7" t="168" w="305" /><ent r="3" t="168" w="995" /><ent r="3" t="168" w="1455" /><ent r="7" t="169" w="583" /><ent r="7" t="170" w="568" /><ent r="4" t="170" w="950" /><ent r="4" t="170" w="1164" /><ent r="3" t="170" w="1224" /><ent r="3" t="170" w="1319" /><ent r="7" t="171" w="459" /><ent r="3" t="171" w="1038" /><ent r="3" t="172" w="29" /><ent r="3" t="172" w="136" /><ent r="7" t="172" w="473" /><ent r="4" t="172" w="1278" /><ent r="3" t="172" w="1661" /><ent r="3" t="172" w="1871" /><ent r="3" t="172" w="2107" /><ent r="3" t="173" w="127" /><ent r="5" t="173" w="181" /><ent r="7" t="173" w="370" /><ent r="3" t="173" w="945" /><ent r="3" t="173" w="1754" /><ent r="4" t="190" w="356" /><ent r="4" t="190" w="465" /><ent r="3" t="190" w="626" /><ent r="3" t="200" w="140" /><ent r="3" t="202" w="145" /><ent r="3" t="206" w="54" /><ent r="6" t="210" w="119" /><ent r="6" t="210" w="127" /><ent r="7" t="213" w="49" /><ent r="7" t="213" w="59" /><ent r="7" t="213" w="72" /><ent r="7" t="213" w="83" /><ent r="7" t="213" w="91" /></phr><phr n="uses"><ent r="3" t="0" w="54" /><ent r="4" t="20" w="124" /><ent r="3" t="21" w="95" /><ent r="3" t="51" w="36" /><ent r="3" t="98" w="327" /><ent r="3" t="156" w="15" /><ent r="3" t="164" w="81" /><ent r="3" t="164" w="160" /><ent r="3" t="165" w="282" /><ent r="3" t="166" w="273" /><ent r="4" t="190" w="419" /><ent r="4" t="204" w="230" /></phr><phr n="Using"><ent r="4" t="1" w="317" /><ent r="4" t="4" w="172" /><ent r="4" t="26" w="379" /><ent r="3" t="56" w="30" /><ent r="1000" t="105" w="1" /><ent r="102" t="105" w="35" /><ent r="64" t="107" w="53" /><ent r="64" t="107" w="259" /><ent r="64" t="108" w="136" /><ent r="64" t="109" w="192" /><ent r="64" t="110" w="147" /><ent r="64" t="112" w="230" /><ent r="4" t="162" w="96" /><ent r="4" t="165" w="383" /><ent r="3" t="165" w="628" /><ent r="3" t="165" w="1738" /><ent r="4" t="166" w="533" /><ent r="3" t="166" w="1830" /><ent r="102" t="167" w="16" /><ent r="4" t="167" w="245" /><ent r="4" t="168" w="205" /><ent r="4" t="169" w="483" /><ent r="4" t="170" w="468" /><ent r="4" t="170" w="666" /><ent r="4" t="170" w="861" /><ent r="4" t="170" w="929" /><ent r="4" t="171" w="359" /><ent r="4" t="172" w="373" /><ent r="4" t="172" w="1376" /><ent r="4" t="173" w="270" /><ent r="3" t="173" w="1048" /><ent r="3" t="208" w="162" /></phr><phr n="useful"><ent r="6" t="11" w="129" /><ent r="3" t="37" w="37" /><ent r="4" t="140" w="258" /><ent r="5" t="153" w="247" /><ent r="3" t="155" w="47" /><ent r="3" t="155" w="526" /></phr><phr n="used"><ent r="7" t="13" w="146" /><ent r="3" t="20" w="9" /><ent r="3" t="21" w="25" /><ent r="3" t="21" w="42" /><ent r="3" t="21" w="118" /><ent r="4" t="25" w="146" /><ent r="3" t="32" w="39" /><ent r="3" t="40" w="138" /><ent r="3" t="73" w="222" /><ent r="3" t="73" w="484" /><ent r="7" t="82" w="352" /><ent r="3" t="85" w="28" /><ent r="4" t="88" w="131" /><ent r="3" t="88" w="158" /><ent r="3" t="88" w="174" /><ent r="4" t="99" w="203" /><ent r="3" t="100" w="50" /><ent r="3" t="100" w="177" /><ent r="3" t="100" w="330" /><ent r="3" t="105" w="244" /><ent r="3" t="107" w="220" /><ent r="3" t="136" w="77" /><ent r="5" t="155" w="187" /><ent r="3" t="155" w="249" /><ent r="5" t="155" w="342" /><ent r="3" t="155" w="912" /><ent r="6" t="157" w="201" /><ent r="3" t="158" w="108" /><ent r="4" t="158" w="305" /><ent r="3" t="160" w="65" /><ent r="3" t="161" w="31" /><ent r="3" t="164" w="90" /><ent r="82" t="164" w="213" /><ent r="3" t="165" w="313" /><ent r="3" t="166" w="177" /><ent r="3" t="166" w="187" /><ent r="3" t="166" w="286" /><ent r="3" t="166" w="458" /><ent r="3" t="167" w="179" /><ent r="5" t="167" w="1093" /><ent r="4" t="167" w="1304" /><ent r="3" t="168" w="118" /><ent r="3" t="168" w="139" /><ent r="3" t="169" w="98" /><ent r="3" t="169" w="112" /><ent r="3" t="169" w="249" /><ent r="3" t="169" w="263" /><ent r="3" t="169" w="417" /><ent r="3" t="170" w="88" /><ent r="3" t="170" w="102" /><ent r="3" t="170" w="238" /><ent r="3" t="170" w="252" /><ent r="3" t="170" w="403" /><ent r="3" t="171" w="294" /><ent r="3" t="172" w="313" /><ent r="4" t="173" w="209" /><ent r="3" t="174" w="22" /><ent r="5" t="175" w="274" /><ent r="3" t="178" w="29" /><ent r="4" t="180" w="329" /><ent r="7" t="181" w="592" /><ent r="7" t="181" w="634" /><ent r="7" t="181" w="660" /><ent r="3" t="208" w="49" /><ent r="6" t="210" w="177" /><ent r="6" t="210" w="230" /><ent r="3" t="212" w="27" /><ent r="3" t="215" w="516" /></phr><phr n="Used"><ent r="4" t="73" w="247" /></phr></stem><stem n="imag"><phr n="images"><ent r="3" t="0" w="48" /><ent r="3" t="23" w="129" /><ent r="4" t="42" w="213" /><ent r="3" t="62" w="29" /><ent r="3" t="63" w="33" /><ent r="3" t="69" w="139" /><ent r="3" t="69" w="218" /><ent r="3" t="69" w="369" /><ent r="4" t="95" w="69" /><ent r="4" t="95" w="86" /><ent r="6" t="96" w="56" /><ent r="3" t="98" w="29" /><ent r="6" t="98" w="52" /><ent r="3" t="99" w="30" /><ent r="6" t="99" w="53" /><ent r="6" t="131" w="63" /><ent r="6" t="134" w="50" /><ent r="6" t="135" w="50" /><ent r="6" t="136" w="50" /><ent r="6" t="137" w="57" /><ent r="6" t="138" w="45" /><ent r="6" t="139" w="49" /><ent r="6" t="140" w="46" /><ent r="6" t="141" w="46" /><ent r="6" t="142" w="56" /><ent r="4" t="148" w="588" /><ent r="4" t="153" w="741" /><ent r="3" t="160" w="44" /><ent r="4" t="162" w="353" /><ent r="4" t="163" w="307" /><ent r="3" t="165" w="722" /><ent r="3" t="166" w="69" /><ent r="3" t="166" w="2148" /><ent r="4" t="166" w="2157" /><ent r="4" t="166" w="2199" /><ent r="3" t="168" w="747" /><ent r="4" t="168" w="1160" /><ent r="4" t="168" w="1368" /><ent r="3" t="168" w="1406" /><ent r="3" t="171" w="1028" /><ent r="4" t="172" w="2064" /><ent r="6" t="209" w="50" /></phr><phr n="image"><ent r="3" t="1" w="253" /><ent r="3" t="4" w="51" /><ent r="3" t="4" w="75" /><ent r="6" t="7" w="42" /><ent r="6" t="7" w="57" /><ent r="6" t="7" w="77" /><ent r="6" t="7" w="129" /><ent r="6" t="7" w="276" /><ent r="3" t="8" w="22" /><ent r="3" t="10" w="55" /><ent r="4" t="11" w="21" /><ent r="7" t="12" w="29" /><ent r="7" t="12" w="42" /><ent r="3" t="14" w="60" /><ent r="4" t="20" w="439" /><ent r="3" t="22" w="39" /><ent r="3" t="22" w="72" /><ent r="3" t="22" w="90" /><ent r="3" t="22" w="119" /><ent r="3" t="23" w="131" /><ent r="4" t="28" w="62" /><ent r="4" t="28" w="85" /><ent r="4" t="28" w="108" /><ent r="4" t="28" w="127" /><ent r="4" t="28" w="152" /><ent r="4" t="28" w="182" /><ent r="4" t="28" w="262" /><ent r="4" t="28" w="291" /><ent r="3" t="32" w="43" /><ent r="3" t="35" w="13" /><ent r="3" t="37" w="55" /><ent r="4" t="37" w="77" /><ent r="4" t="37" w="79" /><ent r="4" t="39" w="151" /><ent r="4" t="39" w="177" /><ent r="100" t="40" w="10" /><ent r="3" t="40" w="18" /><ent r="3" t="40" w="50" /><ent r="3" t="40" w="95" /><ent r="3" t="41" w="124" /><ent r="100" t="43" w="7" /><ent r="3" t="43" w="32" /><ent r="3" t="43" w="38" /><ent r="3" t="43" w="48" /><ent r="3" t="43" w="76" /><ent r="3" t="44" w="35" /><ent r="3" t="44" w="52" /><ent r="3" t="44" w="69" /><ent r="3" t="44" w="79" /><ent r="3" t="44" w="103" /><ent r="4" t="44" w="151" /><ent r="3" t="44" w="170" /><ent r="4" t="44" w="205" /><ent r="3" t="44" w="278" /><ent r="3" t="46" w="18" /><ent r="3" t="46" w="88" /><ent r="3" t="47" w="29" /><ent r="3" t="49" w="26" /><ent r="4" t="49" w="41" /><ent r="4" t="49" w="54" /><ent r="4" t="51" w="161" /><ent r="4" t="51" w="259" /><ent r="3" t="51" w="289" /><ent r="3" t="56" w="18" /><ent r="3" t="56" w="47" /><ent r="3" t="56" w="70" /><ent r="3" t="59" w="46" /><ent r="3" t="59" w="55" /><ent r="100" t="61" w="6" /><ent r="3" t="61" w="15" /><ent r="3" t="61" w="22" /><ent r="3" t="61" w="106" /><ent r="3" t="61" w="109" /><ent r="3" t="61" w="121" /><ent r="3" t="61" w="136" /><ent r="100" t="62" w="12" /><ent r="3" t="63" w="28" /><ent r="3" t="64" w="24" /><ent r="3" t="64" w="33" /><ent r="4" t="64" w="66" /><ent r="3" t="64" w="122" /><ent r="3" t="69" w="186" /><ent r="3" t="69" w="229" /><ent r="3" t="69" w="376" /><ent r="3" t="71" w="116" /><ent r="3" t="73" w="437" /><ent r="3" t="79" w="19" /><ent r="5" t="81" w="226" /><ent r="5" t="81" w="257" /><ent r="3" t="86" w="118" /><ent r="3" t="88" w="30" /><ent r="4" t="88" w="231" /><ent r="4" t="95" w="25" /><ent r="4" t="95" w="56" /><ent r="3" t="96" w="20" /><ent r="3" t="96" w="83" /><ent r="3" t="97" w="33" /><ent r="3" t="97" w="55" /><ent r="3" t="98" w="379" /><ent r="3" t="98" w="396" /><ent r="4" t="98" w="444" /><ent r="4" t="98" w="501" /><ent r="4" t="98" w="517" /><ent r="3" t="99" w="248" /><ent r="3" t="99" w="338" /><ent r="4" t="99" w="461" /><ent r="3" t="99" w="539" /><ent r="6" t="101" w="16" /><ent r="3" t="119" w="18" /><ent r="3" t="119" w="23" /><ent r="3" t="127" w="53" /><ent r="3" t="127" w="108" /><ent r="4" t="128" w="36" /><ent r="6" t="129" w="208" /><ent r="4" t="129" w="248" /><ent r="3" t="131" w="13" /><ent r="3" t="132" w="158" /><ent r="3" t="132" w="183" /><ent r="3" t="132" w="203" /><ent r="3" t="132" w="261" /><ent r="3" t="132" w="286" /><ent r="3" t="132" w="306" /><ent r="3" t="132" w="465" /><ent r="3" t="132" w="490" /><ent r="3" t="132" w="510" /><ent r="3" t="132" w="629" /><ent r="3" t="132" w="654" /><ent r="3" t="132" w="674" /><ent r="3" t="137" w="37" /><ent r="4" t="140" w="137" /><ent r="4" t="140" w="208" /><ent r="5" t="140" w="377" /><ent r="5" t="140" w="412" /><ent r="5" t="140" w="794" /><ent r="5" t="140" w="829" /><ent r="4" t="141" w="508" /><ent r="3" t="143" w="13" /><ent r="3" t="143" w="170" /><ent r="3" t="143" w="196" /><ent r="3" t="143" w="214" /><ent r="5" t="148" w="511" /><ent r="5" t="148" w="539" /><ent r="3" t="153" w="30" /><ent r="3" t="153" w="50" /><ent r="4" t="153" w="151" /><ent r="3" t="153" w="299" /><ent r="5" t="153" w="664" /><ent r="5" t="153" w="692" /><ent r="3" t="155" w="407" /><ent r="3" t="155" w="452" /><ent r="3" t="155" w="493" /><ent r="3" t="155" w="776" /><ent r="3" t="155" w="881" /><ent r="3" t="155" w="895" /><ent r="3" t="155" w="903" /><ent r="3" t="155" w="937" /><ent r="3" t="155" w="951" /><ent r="3" t="157" w="189" /><ent r="6" t="157" w="196" /><ent r="6" t="157" w="210" /><ent r="4" t="160" w="101" /><ent r="4" t="160" w="108" /><ent r="4" t="162" w="80" /><ent r="4" t="162" w="212" /><ent r="3" t="163" w="22" /><ent r="3" t="163" w="65" /><ent r="4" t="163" w="278" /><ent r="4" t="163" w="283" /><ent r="4" t="163" w="374" /><ent r="100" t="165" w="7" /><ent r="3" t="165" w="36" /><ent r="3" t="165" w="113" /><ent r="3" t="165" w="150" /><ent r="3" t="165" w="302" /><ent r="3" t="165" w="310" /><ent r="3" t="165" w="717" /><ent r="3" t="165" w="731" /><ent r="4" t="165" w="866" /><ent r="3" t="165" w="972" /><ent r="4" t="165" w="1069" /><ent r="4" t="165" w="1997" /><ent r="4" t="165" w="2067" /><ent r="4" t="165" w="2186" /><ent r="4" t="165" w="2365" /><ent r="3" t="165" w="2391" /><ent r="3" t="166" w="72" /><ent r="4" t="166" w="101" /><ent r="3" t="166" w="351" /><ent r="3" t="166" w="836" /><ent r="3" t="166" w="1295" /><ent r="4" t="166" w="1484" /><ent r="3" t="166" w="1501" /><ent r="4" t="166" w="1676" /><ent r="3" t="166" w="2086" /><ent r="4" t="166" w="2412" /><ent r="4" t="166" w="2595" /><ent r="3" t="166" w="2681" /><ent r="3" t="166" w="2722" /><ent r="3" t="166" w="2779" /><ent r="4" t="166" w="2835" /><ent r="4" t="166" w="2842" /><ent r="4" t="166" w="2864" /><ent r="3" t="166" w="2968" /><ent r="3" t="166" w="2971" /><ent r="3" t="167" w="45" /><ent r="4" t="167" w="541" /><ent r="4" t="167" w="568" /><ent r="4" t="167" w="594" /><ent r="4" t="167" w="603" /><ent r="4" t="167" w="609" /><ent r="4" t="167" w="635" /><ent r="4" t="167" w="639" /><ent r="4" t="167" w="658" /><ent r="4" t="167" w="745" /><ent r="3" t="167" w="839" /><ent r="4" t="167" w="880" /><ent r="4" t="167" w="955" /><ent r="3" t="167" w="1466" /><ent r="3" t="167" w="1478" /><ent r="3" t="168" w="823" /><ent r="3" t="168" w="830" /><ent r="4" t="168" w="842" /><ent r="4" t="168" w="849" /><ent r="4" t="168" w="1029" /><ent r="4" t="168" w="1061" /><ent r="3" t="168" w="1257" /><ent r="3" t="168" w="1431" /><ent r="3" t="168" w="1437" /><ent r="3" t="168" w="1445" /><ent r="4" t="168" w="1504" /><ent r="4" t="168" w="1522" /><ent r="4" t="169" w="674" /><ent r="4" t="169" w="917" /><ent r="4" t="169" w="973" /><ent r="4" t="169" w="1047" /><ent r="3" t="169" w="1145" /><ent r="3" t="170" w="769" /><ent r="4" t="170" w="834" /><ent r="4" t="170" w="859" /><ent r="4" t="170" w="873" /><ent r="4" t="171" w="702" /><ent r="4" t="171" w="894" /><ent r="4" t="171" w="986" /><ent r="3" t="171" w="1121" /><ent r="4" t="171" w="1195" /><ent r="4" t="171" w="1210" /><ent r="7" t="175" w="217" /><ent r="5" t="175" w="230" /><ent r="5" t="175" w="245" /><ent r="5" t="175" w="269" /><ent r="7" t="181" w="85" /><ent r="7" t="181" w="97" /><ent r="7" t="181" w="109" /><ent r="7" t="181" w="120" /><ent r="7" t="181" w="408" /><ent r="7" t="181" w="415" /><ent r="7" t="181" w="595" /><ent r="7" t="181" w="612" /><ent r="7" t="181" w="626" /><ent r="7" t="181" w="652" /><ent r="7" t="181" w="677" /><ent r="3" t="190" w="272" /><ent r="4" t="190" w="480" /><ent r="4" t="190" w="577" /><ent r="3" t="190" w="662" /><ent r="3" t="197" w="212" /><ent r="3" t="197" w="217" /><ent r="3" t="197" w="269" /><ent r="3" t="197" w="284" /><ent r="3" t="200" w="62" /><ent r="4" t="201" w="24" /><ent r="4" t="201" w="43" /><ent r="3" t="202" w="67" /><ent r="3" t="203" w="27" /><ent r="3" t="203" w="47" /><ent r="4" t="203" w="61" /><ent r="4" t="204" w="24" /><ent r="4" t="204" w="50" /><ent r="4" t="204" w="72" /><ent r="4" t="205" w="26" /><ent r="4" t="205" w="32" /><ent r="4" t="205" w="46" /><ent r="5" t="206" w="232" /><ent r="6" t="210" w="39" /><ent r="6" t="210" w="51" /><ent r="6" t="210" w="60" /><ent r="6" t="210" w="325" /></phr><phr n="Image"><ent r="100" t="1" w="443" /><ent r="92" t="1" w="447" /><ent r="3" t="1" w="452" /><ent r="3" t="1" w="461" /><ent r="3" t="1" w="478" /><ent r="7" t="6" w="109" /><ent r="68" t="6" w="113" /><ent r="67" t="7" w="283" /><ent r="6" t="20" w="331" /><ent r="1000" t="40" w="3" /><ent r="102" t="40" w="7" /><ent r="3" t="40" w="61" /><ent r="4" t="40" w="85" /><ent r="92" t="41" w="117" /><ent r="1000" t="43" w="1" /><ent r="100" t="43" w="9" /><ent r="102" t="43" w="13" /><ent r="3" t="43" w="18" /><ent r="3" t="43" w="59" /><ent r="3" t="43" w="109" /><ent r="5" t="43" w="139" /><ent r="3" t="43" w="154" /><ent r="3" t="43" w="161" /><ent r="4" t="49" w="58" /><ent r="1000" t="61" w="2" /><ent r="102" t="61" w="10" /><ent r="3" t="61" w="33" /><ent r="4" t="61" w="45" /><ent r="4" t="61" w="61" /><ent r="3" t="61" w="92" /><ent r="3" t="61" w="98" /><ent r="64" t="61" w="170" /><ent r="1000" t="62" w="2" /><ent r="102" t="62" w="7" /><ent r="3" t="62" w="18" /><ent r="5" t="62" w="68" /><ent r="5" t="62" w="200" /><ent r="5" t="62" w="244" /><ent r="64" t="62" w="298" /><ent r="64" t="99" w="322" /><ent r="92" t="140" w="166" /><ent r="4" t="153" w="158" /><ent r="64" t="164" w="321" /><ent r="1000" t="165" w="2" /><ent r="103" t="165" w="13" /><ent r="4" t="165" w="60" /><ent r="100" t="165" w="84" /><ent r="4" t="165" w="88" /><ent r="4" t="165" w="293" /><ent r="95" t="165" w="596" /><ent r="92" t="165" w="2131" /><ent r="5" t="165" w="2144" /><ent r="3" t="165" w="2152" /><ent r="4" t="165" w="2164" /><ent r="4" t="165" w="2218" /><ent r="92" t="165" w="2334" /><ent r="92" t="167" w="826" /><ent r="3" t="171" w="1144" /><ent r="4" t="203" w="51" /><ent r="4" t="204" w="58" /><ent r="6" t="210" w="64" /><ent r="6" t="210" w="66" /><ent r="6" t="210" w="144" /><ent r="6" t="210" w="196" /><ent r="6" t="210" w="238" /><ent r="6" t="210" w="300" /><ent r="6" t="210" w="319" /><ent r="6" t="210" w="334" /><ent r="6" t="210" w="336" /><ent r="6" t="210" w="366" /><ent r="6" t="210" w="410" /><ent r="6" t="210" w="447" /><ent r="6" t="210" w="482" /><ent r="6" t="210" w="528" /></phr><phr n="Images"><ent r="6" t="20" w="174" /><ent r="6" t="25" w="46" /><ent r="3" t="32" w="28" /></phr></stem></index>