﻿<?xml version="1.0" encoding="utf-8"?><index PreMerged="False"><stem n="us"><phr n="using"><ent r="1" t="0" w="47" /><ent r="1" t="0" w="96" /><ent r="1" t="1" w="92" /><ent r="1" t="2" w="13" /><ent r="1" t="2" w="138" /><ent r="1" t="11" w="46" /><ent r="1" t="25" w="11" /><ent r="1" t="29" w="71" /><ent r="1" t="33" w="67" /><ent r="1" t="33" w="89" /><ent r="1" t="57" w="146" /><ent r="1" t="57" w="219" /><ent r="1" t="60" w="62" /><ent r="1" t="60" w="104" /><ent r="1" t="61" w="15" /><ent r="1" t="62" w="53" /><ent r="1" t="63" w="17" /><ent r="1" t="64" w="207" /><ent r="1" t="64" w="274" /><ent r="51" t="67" w="48" /><ent r="1" t="67" w="78" /><ent r="51" t="67" w="124" /><ent r="1" t="68" w="271" /><ent r="1" t="93" w="91" /><ent r="1" t="93" w="279" /><ent r="1" t="107" w="47" /><ent r="1" t="107" w="55" /><ent r="1" t="107" w="172" /><ent r="1" t="110" w="51" /><ent r="1" t="144" w="21" /><ent r="1" t="144" w="169" /><ent r="1" t="145" w="146" /><ent r="1" t="146" w="20" /><ent r="1" t="149" w="40" /><ent r="1" t="149" w="188" /><ent r="1" t="151" w="113" /><ent r="1" t="151" w="143" /><ent r="51" t="151" w="281" /><ent r="1" t="152" w="435" /><ent r="1" t="152" w="2342" /><ent r="1" t="153" w="41" /><ent r="1" t="153" w="73" /><ent r="1" t="153" w="387" /><ent r="1" t="153" w="579" /><ent r="1" t="153" w="1380" /><ent r="1" t="153" w="2587" /><ent r="1" t="153" w="2604" /><ent r="1" t="153" w="2689" /><ent r="1" t="153" w="2746" /><ent r="1" t="153" w="2931" /><ent r="1" t="154" w="73" /><ent r="1" t="154" w="92" /><ent r="1" t="154" w="304" /><ent r="1" t="154" w="600" /><ent r="1" t="154" w="916" /><ent r="1" t="154" w="1080" /><ent r="1" t="154" w="1089" /><ent r="1" t="154" w="1152" /><ent r="1" t="154" w="1378" /><ent r="1" t="154" w="1552" /><ent r="1" t="155" w="45" /><ent r="1" t="155" w="263" /><ent r="1" t="155" w="953" /><ent r="1" t="155" w="1406" /><ent r="1" t="156" w="385" /><ent r="1" t="156" w="547" /><ent r="1" t="157" w="365" /><ent r="1" t="157" w="526" /><ent r="1" t="157" w="909" /><ent r="1" t="157" w="1123" /><ent r="1" t="157" w="1183" /><ent r="1" t="157" w="1278" /><ent r="1" t="158" w="421" /><ent r="1" t="158" w="1001" /><ent r="1" t="159" w="22" /><ent r="1" t="159" w="129" /><ent r="1" t="159" w="435" /><ent r="1" t="159" w="1240" /><ent r="1" t="159" w="1623" /><ent r="1" t="159" w="1833" /><ent r="1" t="159" w="2069" /><ent r="1" t="160" w="120" /><ent r="51" t="160" w="174" /><ent r="1" t="160" w="332" /><ent r="1" t="160" w="985" /><ent r="1" t="160" w="1795" /><ent r="1" t="165" w="8" /><ent r="1" t="180" w="348" /><ent r="1" t="180" w="457" /><ent r="1" t="180" w="618" /><ent r="51" t="185" w="115" /><ent r="51" t="185" w="123" /><ent r="51" t="189" w="46" /><ent r="51" t="189" w="56" /><ent r="51" t="189" w="69" /><ent r="51" t="189" w="80" /><ent r="51" t="189" w="88" /></phr><phr n="uses"><ent r="1" t="0" w="54" /><ent r="1" t="20" w="122" /><ent r="1" t="21" w="87" /><ent r="1" t="51" w="24" /><ent r="1" t="144" w="12" /><ent r="1" t="151" w="79" /><ent r="1" t="151" w="158" /><ent r="1" t="152" w="265" /><ent r="1" t="153" w="253" /><ent r="1" t="171" w="202" /><ent r="1" t="180" w="411" /></phr><phr n="Using"><ent r="1" t="1" w="300" /><ent r="1" t="4" w="167" /><ent r="1" t="27" w="221" /><ent r="1" t="56" w="24" /><ent r="1000" t="94" w="1" /><ent r="100" t="94" w="6" /><ent r="51" t="96" w="43" /><ent r="51" t="96" w="269" /><ent r="51" t="97" w="152" /><ent r="51" t="98" w="186" /><ent r="51" t="99" w="141" /><ent r="51" t="101" w="220" /><ent r="90" t="107" w="60" /><ent r="90" t="107" w="154" /><ent r="1" t="149" w="89" /><ent r="1" t="152" w="366" /><ent r="1" t="152" w="581" /><ent r="1" t="152" w="1688" /><ent r="1" t="153" w="510" /><ent r="1" t="153" w="1780" /><ent r="100" t="154" w="12" /><ent r="1" t="154" w="235" /><ent r="1" t="155" w="194" /><ent r="1" t="156" w="478" /><ent r="1" t="157" w="457" /><ent r="1" t="157" w="625" /><ent r="1" t="157" w="820" /><ent r="1" t="157" w="888" /><ent r="1" t="158" w="352" /><ent r="1" t="159" w="366" /><ent r="1" t="159" w="1338" /><ent r="1" t="160" w="263" /><ent r="1" t="160" w="1088" /><ent r="1" t="184" w="152" /></phr><phr n="useful"><ent r="1" t="11" w="105" /><ent r="1" t="128" w="255" /><ent r="51" t="141" w="225" /><ent r="1" t="143" w="43" /><ent r="1" t="143" w="520" /></phr><phr n="used"><ent r="51" t="13" w="140" /><ent r="1" t="17" w="16" /><ent r="1" t="20" w="7" /><ent r="1" t="21" w="17" /><ent r="1" t="21" w="34" /><ent r="1" t="21" w="110" /><ent r="1" t="22" w="118" /><ent r="1" t="33" w="37" /><ent r="51" t="77" w="349" /><ent r="1" t="80" w="21" /><ent r="1" t="92" w="200" /><ent r="1" t="93" w="48" /><ent r="1" t="93" w="175" /><ent r="1" t="93" w="328" /><ent r="1" t="94" w="176" /><ent r="1" t="96" w="230" /><ent r="1" t="103" w="122" /><ent r="51" t="103" w="412" /><ent r="51" t="103" w="435" /><ent r="1" t="125" w="33" /><ent r="1" t="143" w="181" /><ent r="1" t="143" w="243" /><ent r="1" t="143" w="336" /><ent r="1" t="143" w="906" /><ent r="1" t="145" w="94" /><ent r="1" t="145" w="291" /><ent r="1" t="147" w="61" /><ent r="1" t="148" w="25" /><ent r="1" t="151" w="88" /><ent r="80" t="151" w="211" /><ent r="1" t="152" w="296" /><ent r="1" t="153" w="157" /><ent r="1" t="153" w="167" /><ent r="1" t="153" w="266" /><ent r="1" t="153" w="435" /><ent r="1" t="154" w="169" /><ent r="1" t="154" w="1053" /><ent r="1" t="154" w="1264" /><ent r="1" t="155" w="107" /><ent r="1" t="155" w="128" /><ent r="1" t="156" w="93" /><ent r="1" t="156" w="107" /><ent r="1" t="156" w="244" /><ent r="1" t="156" w="258" /><ent r="1" t="156" w="412" /><ent r="1" t="157" w="77" /><ent r="1" t="157" w="91" /><ent r="1" t="157" w="227" /><ent r="1" t="157" w="241" /><ent r="1" t="157" w="392" /><ent r="1" t="158" w="287" /><ent r="1" t="159" w="306" /><ent r="51" t="160" w="202" /><ent r="1" t="161" w="16" /><ent r="1" t="163" w="25" /><ent r="1" t="168" w="326" /><ent r="51" t="169" w="593" /><ent r="51" t="169" w="635" /><ent r="51" t="169" w="661" /><ent r="1" t="184" w="42" /><ent r="51" t="185" w="173" /><ent r="51" t="185" w="226" /><ent r="1" t="188" w="24" /><ent r="1" t="191" w="106" /><ent r="1" t="191" w="134" /><ent r="1" t="191" w="150" /><ent r="1" t="194" w="507" /><ent r="1" t="195" w="114" /></phr></stem><stem n="imag"><phr n="images"><ent r="1" t="0" w="48" /><ent r="1" t="24" w="126" /><ent r="1" t="42" w="203" /><ent r="1" t="64" w="187" /><ent r="1" t="64" w="338" /><ent r="1" t="88" w="66" /><ent r="1" t="88" w="83" /><ent r="51" t="89" w="52" /><ent r="1" t="91" w="26" /><ent r="51" t="91" w="49" /><ent r="1" t="92" w="27" /><ent r="51" t="92" w="50" /><ent r="51" t="120" w="61" /><ent r="51" t="123" w="42" /><ent r="51" t="124" w="42" /><ent r="51" t="125" w="55" /><ent r="51" t="126" w="52" /><ent r="51" t="127" w="45" /><ent r="51" t="128" w="42" /><ent r="51" t="129" w="42" /><ent r="51" t="130" w="46" /><ent r="1" t="136" w="580" /><ent r="1" t="141" w="719" /><ent r="1" t="147" w="40" /><ent r="1" t="149" w="346" /><ent r="1" t="150" w="304" /><ent r="1" t="152" w="674" /><ent r="1" t="153" w="52" /><ent r="1" t="153" w="2099" /><ent r="1" t="153" w="2108" /><ent r="1" t="153" w="2150" /><ent r="1" t="155" w="706" /><ent r="1" t="155" w="1118" /><ent r="1" t="155" w="1319" /><ent r="1" t="155" w="1357" /><ent r="1" t="158" w="991" /><ent r="1" t="159" w="2026" /></phr><phr n="image"><ent r="1" t="1" w="236" /><ent r="1" t="4" w="49" /><ent r="1" t="4" w="73" /><ent r="51" t="7" w="36" /><ent r="51" t="7" w="51" /><ent r="1" t="7" w="71" /><ent r="51" t="7" w="139" /><ent r="1" t="7" w="287" /><ent r="1" t="8" w="16" /><ent r="1" t="10" w="47" /><ent r="51" t="11" w="16" /><ent r="51" t="12" w="20" /><ent r="51" t="12" w="33" /><ent r="1" t="22" w="181" /><ent r="1" t="22" w="204" /><ent r="1" t="22" w="217" /><ent r="1" t="22" w="236" /><ent r="1" t="22" w="255" /><ent r="1" t="22" w="285" /><ent r="1" t="22" w="316" /><ent r="1" t="22" w="345" /><ent r="1" t="23" w="37" /><ent r="1" t="23" w="70" /><ent r="1" t="23" w="88" /><ent r="1" t="23" w="117" /><ent r="1" t="24" w="128" /><ent r="1" t="33" w="41" /><ent r="1" t="37" w="11" /><ent r="1" t="40" w="149" /><ent r="1" t="40" w="175" /><ent r="1" t="41" w="121" /><ent r="1" t="43" w="24" /><ent r="1" t="43" w="30" /><ent r="1" t="43" w="40" /><ent r="1" t="43" w="68" /><ent r="1" t="44" w="28" /><ent r="1" t="44" w="45" /><ent r="1" t="44" w="62" /><ent r="1" t="44" w="72" /><ent r="1" t="46" w="12" /><ent r="1" t="46" w="82" /><ent r="1" t="47" w="24" /><ent r="1" t="49" w="18" /><ent r="1" t="49" w="33" /><ent r="1" t="51" w="146" /><ent r="1" t="51" w="240" /><ent r="1" t="56" w="12" /><ent r="1" t="56" w="41" /><ent r="1" t="56" w="64" /><ent r="1" t="64" w="155" /><ent r="1" t="64" w="198" /><ent r="1" t="64" w="345" /><ent r="1" t="66" w="104" /><ent r="1" t="74" w="16" /><ent r="1" t="76" w="218" /><ent r="1" t="76" w="249" /><ent r="1" t="81" w="115" /><ent r="1" t="88" w="22" /><ent r="1" t="88" w="53" /><ent r="1" t="89" w="16" /><ent r="1" t="89" w="79" /><ent r="1" t="90" w="28" /><ent r="1" t="90" w="50" /><ent r="1" t="91" w="332" /><ent r="1" t="91" w="389" /><ent r="1" t="91" w="405" /><ent r="1" t="92" w="245" /><ent r="1" t="92" w="433" /><ent r="1" t="92" w="511" /><ent r="1" t="109" w="15" /><ent r="1" t="109" w="20" /><ent r="1" t="117" w="47" /><ent r="1" t="117" w="102" /><ent r="1" t="118" w="29" /><ent r="1" t="120" w="11" /><ent r="1" t="126" w="32" /><ent r="1" t="128" w="133" /><ent r="1" t="128" w="205" /><ent r="1" t="128" w="374" /><ent r="1" t="128" w="409" /><ent r="1" t="128" w="791" /><ent r="1" t="128" w="826" /><ent r="1" t="129" w="504" /><ent r="1" t="131" w="11" /><ent r="1" t="131" w="168" /><ent r="1" t="131" w="194" /><ent r="1" t="131" w="212" /><ent r="1" t="136" w="503" /><ent r="1" t="136" w="531" /><ent r="1" t="141" w="18" /><ent r="1" t="141" w="38" /><ent r="1" t="141" w="129" /><ent r="1" t="141" w="277" /><ent r="1" t="141" w="642" /><ent r="1" t="141" w="670" /><ent r="1" t="143" w="401" /><ent r="1" t="143" w="446" /><ent r="1" t="143" w="487" /><ent r="1" t="143" w="770" /><ent r="1" t="143" w="875" /><ent r="1" t="143" w="889" /><ent r="1" t="143" w="897" /><ent r="1" t="143" w="931" /><ent r="1" t="143" w="945" /><ent r="1" t="147" w="93" /><ent r="1" t="147" w="100" /><ent r="1" t="149" w="73" /><ent r="1" t="149" w="205" /><ent r="1" t="150" w="19" /><ent r="1" t="150" w="62" /><ent r="1" t="150" w="275" /><ent r="1" t="150" w="280" /><ent r="1" t="150" w="371" /><ent r="1" t="152" w="29" /><ent r="1" t="152" w="99" /><ent r="1" t="152" w="133" /><ent r="1" t="152" w="285" /><ent r="1" t="152" w="293" /><ent r="1" t="152" w="670" /><ent r="1" t="152" w="683" /><ent r="1" t="152" w="818" /><ent r="1" t="152" w="923" /><ent r="1" t="152" w="1019" /><ent r="1" t="152" w="1947" /><ent r="1" t="152" w="2017" /><ent r="1" t="152" w="2136" /><ent r="1" t="152" w="2315" /><ent r="1" t="152" w="2341" /><ent r="1" t="153" w="55" /><ent r="1" t="153" w="84" /><ent r="1" t="153" w="331" /><ent r="1" t="153" w="783" /><ent r="1" t="153" w="1242" /><ent r="1" t="153" w="1434" /><ent r="1" t="153" w="1451" /><ent r="1" t="153" w="1626" /><ent r="1" t="153" w="2037" /><ent r="1" t="153" w="2363" /><ent r="1" t="153" w="2546" /><ent r="1" t="153" w="2632" /><ent r="1" t="153" w="2673" /><ent r="1" t="153" w="2730" /><ent r="1" t="153" w="2786" /><ent r="1" t="153" w="2793" /><ent r="1" t="153" w="2815" /><ent r="1" t="153" w="2919" /><ent r="1" t="153" w="2922" /><ent r="1" t="154" w="35" /><ent r="1" t="154" w="501" /><ent r="1" t="154" w="528" /><ent r="1" t="154" w="554" /><ent r="1" t="154" w="563" /><ent r="1" t="154" w="569" /><ent r="1" t="154" w="595" /><ent r="1" t="154" w="599" /><ent r="1" t="154" w="618" /><ent r="1" t="154" w="705" /><ent r="1" t="154" w="799" /><ent r="1" t="154" w="840" /><ent r="1" t="154" w="915" /><ent r="1" t="154" w="1426" /><ent r="1" t="154" w="1438" /><ent r="1" t="155" w="782" /><ent r="1" t="155" w="789" /><ent r="1" t="155" w="801" /><ent r="1" t="155" w="808" /><ent r="1" t="155" w="987" /><ent r="1" t="155" w="1019" /><ent r="1" t="155" w="1209" /><ent r="1" t="155" w="1382" /><ent r="1" t="155" w="1388" /><ent r="1" t="155" w="1396" /><ent r="1" t="155" w="1455" /><ent r="1" t="155" w="1473" /><ent r="1" t="156" w="639" /><ent r="1" t="156" w="882" /><ent r="51" t="156" w="938" /><ent r="1" t="156" w="1012" /><ent r="1" t="156" w="1110" /><ent r="1" t="157" w="728" /><ent r="1" t="157" w="793" /><ent r="1" t="157" w="818" /><ent r="1" t="157" w="832" /><ent r="1" t="158" w="665" /><ent r="1" t="158" w="857" /><ent r="1" t="158" w="949" /><ent r="1" t="158" w="1084" /><ent r="1" t="158" w="1158" /><ent r="1" t="158" w="1173" /><ent r="51" t="162" w="214" /><ent r="1" t="162" w="227" /><ent r="1" t="162" w="242" /><ent r="1" t="162" w="266" /><ent r="1" t="165" w="16" /><ent r="51" t="169" w="83" /><ent r="51" t="169" w="95" /><ent r="51" t="169" w="107" /><ent r="51" t="169" w="118" /><ent r="51" t="169" w="411" /><ent r="51" t="169" w="418" /><ent r="51" t="169" w="596" /><ent r="51" t="169" w="613" /><ent r="51" t="169" w="627" /><ent r="51" t="169" w="653" /><ent r="51" t="169" w="678" /><ent r="1" t="171" w="58" /><ent r="1" t="180" w="264" /><ent r="1" t="180" w="472" /><ent r="1" t="180" w="569" /><ent r="1" t="180" w="654" /><ent r="1" t="184" w="21" /><ent r="51" t="185" w="35" /><ent r="51" t="185" w="47" /><ent r="51" t="185" w="56" /><ent r="51" t="185" w="321" /><ent r="1" t="191" w="207" /><ent r="1" t="195" w="13" /><ent r="1" t="195" w="45" /><ent r="1" t="195" w="71" /></phr><phr n="Image"><ent r="90" t="1" w="426" /><ent r="1" t="1" w="431" /><ent r="1" t="1" w="440" /><ent r="1" t="1" w="457" /><ent r="51" t="6" w="103" /><ent r="51" t="6" w="107" /><ent r="51" t="7" w="293" /><ent r="51" t="20" w="303" /><ent r="90" t="41" w="114" /><ent r="1000" t="43" w="1" /><ent r="100" t="43" w="5" /><ent r="1" t="43" w="10" /><ent r="1" t="43" w="51" /><ent r="1" t="43" w="101" /><ent r="51" t="43" w="131" /><ent r="1" t="43" w="146" /><ent r="1" t="43" w="153" /><ent r="1" t="49" w="46" /><ent r="51" t="92" w="311" /><ent r="90" t="128" w="163" /><ent r="1" t="141" w="136" /><ent r="51" t="151" w="256" /><ent r="1000" t="152" w="2" /><ent r="150" t="152" w="8" /><ent r="1" t="152" w="53" /><ent r="1" t="152" w="74" /><ent r="51" t="152" w="276" /><ent r="140" t="152" w="549" /><ent r="90" t="152" w="2081" /><ent r="51" t="152" w="2094" /><ent r="1" t="152" w="2102" /><ent r="1" t="152" w="2114" /><ent r="1" t="152" w="2168" /><ent r="90" t="152" w="2284" /><ent r="90" t="154" w="786" /><ent r="1" t="158" w="1107" /><ent r="51" t="185" w="60" /><ent r="51" t="185" w="62" /><ent r="51" t="185" w="140" /><ent r="51" t="185" w="192" /><ent r="51" t="185" w="234" /><ent r="51" t="185" w="296" /><ent r="51" t="185" w="315" /><ent r="51" t="185" w="330" /><ent r="51" t="185" w="332" /><ent r="51" t="185" w="362" /><ent r="51" t="185" w="406" /><ent r="51" t="185" w="443" /><ent r="51" t="185" w="478" /><ent r="51" t="185" w="524" /><ent r="1000" t="195" w="2" /><ent r="100" t="195" w="5" /><ent r="1" t="195" w="55" /></phr><phr n="Images"><ent r="51" t="20" w="172" /><ent r="51" t="22" w="33" /><ent r="1" t="33" w="26" /></phr></stem><stem n="plot"><phr n="plots"><ent r="1" t="0" w="50" /><ent r="1" t="80" w="51" /><ent r="1" t="158" w="992" /><ent r="51" t="169" w="520" /><ent r="51" t="169" w="542" /><ent r="51" t="169" w="559" /></phr><phr n="plot"><ent r="1" t="34" w="59" /><ent r="1" t="36" w="52" /><ent r="1" t="73" w="118" /><ent r="1" t="73" w="155" /><ent r="1" t="74" w="189" /><ent r="1" t="75" w="15" /><ent r="1" t="75" w="29" /><ent r="1" t="75" w="37" /><ent r="1" t="75" w="55" /><ent r="1" t="75" w="62" /><ent r="1" t="75" w="65" /><ent r="1" t="75" w="80" /><ent r="51" t="77" w="211" /><ent r="1" t="77" w="385" /><ent r="51" t="77" w="422" /><ent r="1" t="78" w="51" /><ent r="1" t="78" w="106" /><ent r="1" t="78" w="165" /><ent r="1" t="78" w="180" /><ent r="1" t="78" w="199" /><ent r="1" t="78" w="205" /><ent r="1" t="79" w="28" /><ent r="1" t="80" w="68" /><ent r="1" t="82" w="155" /><ent r="1" t="83" w="24" /><ent r="1" t="83" w="32" /><ent r="1" t="83" w="36" /><ent r="1" t="83" w="41" /><ent r="1" t="83" w="56" /><ent r="1" t="83" w="66" /><ent r="1" t="83" w="115" /><ent r="1" t="84" w="87" /><ent r="1" t="84" w="116" /><ent r="1" t="92" w="402" /><ent r="1" t="119" w="150" /><ent r="1" t="134" w="16" /><ent r="1" t="143" w="470" /><ent r="1" t="143" w="973" /><ent r="1" t="143" w="976" /><ent r="1" t="143" w="997" /><ent r="1" t="143" w="1029" /><ent r="1" t="154" w="1154" /><ent r="1" t="168" w="239" /><ent r="1" t="168" w="254" /><ent r="1" t="168" w="265" /><ent r="1" t="168" w="282" /><ent r="1" t="168" w="342" /><ent r="51" t="168" w="349" /><ent r="1" t="168" w="355" /><ent r="1" t="168" w="362" /><ent r="1" t="168" w="371" /><ent r="1" t="168" w="385" /><ent r="51" t="169" w="507" /><ent r="51" t="169" w="523" /><ent r="51" t="169" w="545" /><ent r="1" t="169" w="782" /><ent r="1" t="169" w="791" /></phr><phr n="Plot"><ent r="1000" t="73" w="5" /><ent r="100" t="73" w="11" /><ent r="51" t="73" w="25" /><ent r="1000" t="75" w="4" /><ent r="100" t="75" w="9" /><ent r="1" t="77" w="52" /><ent r="1" t="77" w="103" /><ent r="51" t="77" w="170" /><ent r="51" t="82" w="63" /><ent r="1" t="82" w="79" /><ent r="51" t="82" w="187" /><ent r="1" t="82" w="204" /><ent r="1" t="134" w="94" /><ent r="1" t="134" w="100" /><ent r="1" t="134" w="105" /><ent r="51" t="134" w="125" /><ent r="1" t="134" w="131" /><ent r="51" t="143" w="478" /><ent r="90" t="143" w="961" /><ent r="51" t="154" w="1140" /><ent r="1" t="154" w="1308" /><ent r="1" t="168" w="284" /><ent r="51" t="168" w="292" /><ent r="1" t="168" w="298" /><ent r="1" t="168" w="366" /><ent r="51" t="191" w="46" /><ent r="1" t="191" w="63" /></phr><phr n="Plotting"><ent r="90" t="168" w="219" /></phr><phr n="plotted"><ent r="1" t="168" w="235" /><ent r="1" t="168" w="335" /></phr></stem><stem n="view"><phr n="views"><ent r="1" t="0" w="56" /><ent r="1" t="145" w="170" /><ent r="1" t="145" w="182" /><ent r="1" t="149" w="47" /><ent r="1" t="149" w="55" /><ent r="1" t="150" w="338" /><ent r="1" t="153" w="2894" /><ent r="1" t="155" w="89" /><ent r="90" t="155" w="932" /><ent r="1" t="155" w="962" /><ent r="1" t="158" w="990" /></phr><phr n="View"><ent r="51" t="1" w="262" /><ent r="51" t="2" w="67" /><ent r="51" t="4" w="129" /><ent r="51" t="14" w="36" /><ent r="51" t="22" w="169" /><ent r="51" t="22" w="207" /><ent r="51" t="22" w="243" /><ent r="51" t="22" w="306" /><ent r="51" t="37" w="30" /><ent r="51" t="38" w="39" /><ent r="1" t="39" w="10" /><ent r="51" t="39" w="35" /><ent r="1" t="40" w="10" /><ent r="51" t="40" w="47" /><ent r="1" t="40" w="78" /><ent r="51" t="42" w="167" /><ent r="51" t="43" w="379" /><ent r="51" t="44" w="107" /><ent r="1" t="102" w="207" /><ent r="51" t="109" w="127" /><ent r="51" t="110" w="221" /><ent r="51" t="111" w="114" /><ent r="1000" t="113" w="3" /><ent r="100" t="113" w="7" /><ent r="1" t="113" w="12" /><ent r="51" t="113" w="79" /><ent r="51" t="116" w="46" /><ent r="51" t="131" w="69" /><ent r="1" t="131" w="141" /><ent r="1" t="131" w="145" /><ent r="51" t="131" w="158" /><ent r="1" t="131" w="242" /><ent r="1" t="133" w="137" /><ent r="1" t="133" w="140" /><ent r="80" t="133" w="201" /><ent r="80" t="133" w="264" /><ent r="1" t="134" w="95" /><ent r="1" t="134" w="106" /><ent r="90" t="150" w="74" /><ent r="90" t="150" w="286" /><ent r="51" t="152" w="328" /><ent r="51" t="152" w="559" /><ent r="51" t="152" w="739" /><ent r="51" t="152" w="906" /><ent r="51" t="152" w="995" /><ent r="51" t="152" w="1732" /><ent r="51" t="153" w="472" /><ent r="51" t="153" w="1749" /><ent r="51" t="153" w="2866" /><ent r="51" t="154" w="197" /><ent r="51" t="154" w="977" /><ent r="51" t="155" w="156" /><ent r="90" t="155" w="1416" /><ent r="51" t="156" w="440" /><ent r="51" t="157" w="419" /><ent r="51" t="158" w="314" /><ent r="51" t="158" w="680" /><ent r="51" t="158" w="732" /><ent r="51" t="158" w="827" /><ent r="1" t="158" w="1031" /><ent r="1" t="158" w="1060" /><ent r="1" t="158" w="1071" /><ent r="1" t="158" w="1106" /><ent r="1" t="158" w="1145" /><ent r="1" t="158" w="1163" /><ent r="51" t="159" w="328" /><ent r="51" t="160" w="225" /><ent r="51" t="168" w="54" /><ent r="1" t="184" w="120" /><ent r="1" t="184" w="126" /><ent r="51" t="185" w="157" /><ent r="51" t="185" w="200" /><ent r="51" t="185" w="242" /><ent r="51" t="185" w="304" /><ent r="51" t="185" w="372" /><ent r="51" t="185" w="414" /><ent r="51" t="185" w="453" /><ent r="51" t="185" w="488" /><ent r="51" t="185" w="627" /><ent r="51" t="185" w="642" /><ent r="51" t="185" w="644" /></phr><phr n="view"><ent r="51" t="2" w="43" /><ent r="51" t="5" w="44" /><ent r="51" t="5" w="169" /><ent r="51" t="5" w="184" /><ent r="1" t="18" w="112" /><ent r="1" t="22" w="184" /><ent r="1" t="22" w="220" /><ent r="1" t="22" w="258" /><ent r="1" t="22" w="319" /><ent r="1" t="22" w="438" /><ent r="1" t="22" w="444" /><ent r="1" t="24" w="99" /><ent r="1" t="28" w="81" /><ent r="1" t="41" w="111" /><ent r="1" t="42" w="29" /><ent r="1" t="42" w="233" /><ent r="1" t="42" w="237" /><ent r="1" t="42" w="241" /><ent r="1" t="42" w="245" /><ent r="1" t="43" w="270" /><ent r="1" t="43" w="291" /><ent r="1" t="43" w="310" /><ent r="1" t="43" w="315" /><ent r="1" t="43" w="350" /><ent r="1" t="43" w="362" /><ent r="1" t="43" w="392" /><ent r="1" t="45" w="39" /><ent r="1" t="61" w="33" /><ent r="1" t="61" w="275" /><ent r="1" t="61" w="293" /><ent r="1" t="64" w="388" /><ent r="1" t="69" w="45" /><ent r="1" t="72" w="238" /><ent r="51" t="77" w="225" /><ent r="1" t="85" w="127" /><ent r="1" t="91" w="257" /><ent r="1" t="91" w="263" /><ent r="1" t="91" w="275" /><ent r="1" t="94" w="293" /><ent r="1" t="97" w="15" /><ent r="1" t="107" w="144" /><ent r="1" t="107" w="203" /><ent r="1" t="110" w="171" /><ent r="1" t="110" w="184" /><ent r="1" t="111" w="27" /><ent r="1" t="111" w="37" /><ent r="1" t="111" w="55" /><ent r="1" t="111" w="63" /><ent r="1" t="111" w="68" /><ent r="1" t="113" w="18" /><ent r="1" t="113" w="28" /><ent r="1" t="113" w="41" /><ent r="1" t="113" w="45" /><ent r="1" t="113" w="58" /><ent r="1" t="113" w="66" /><ent r="1" t="114" w="26" /><ent r="1" t="119" w="447" /><ent r="1" t="120" w="106" /><ent r="1" t="124" w="175" /><ent r="1" t="129" w="218" /><ent r="1" t="130" w="186" /><ent r="1" t="131" w="18" /><ent r="1" t="131" w="29" /><ent r="1" t="131" w="45" /><ent r="1" t="131" w="121" /><ent r="1" t="131" w="132" /><ent r="51" t="131" w="255" /><ent r="1" t="131" w="271" /><ent r="1" t="133" w="40" /><ent r="1" t="133" w="277" /><ent r="1" t="142" w="35" /><ent r="1" t="143" w="228" /><ent r="1" t="145" w="197" /><ent r="1" t="145" w="201" /><ent r="1" t="145" w="212" /><ent r="1" t="149" w="33" /><ent r="1" t="149" w="166" /><ent r="1" t="149" w="191" /><ent r="1" t="149" w="238" /><ent r="1" t="150" w="31" /><ent r="1" t="150" w="37" /><ent r="1" t="150" w="48" /><ent r="1" t="150" w="96" /><ent r="1" t="150" w="294" /><ent r="1" t="150" w="360" /><ent r="1" t="150" w="381" /><ent r="1" t="150" w="401" /><ent r="1" t="152" w="713" /><ent r="1" t="152" w="1634" /><ent r="1" t="152" w="2011" /><ent r="1" t="153" w="2741" /><ent r="1" t="154" w="125" /><ent r="1" t="154" w="814" /><ent r="1" t="154" w="1514" /><ent r="1" t="155" w="946" /><ent r="1" t="155" w="1053" /><ent r="1" t="155" w="1083" /><ent r="1" t="155" w="1186" /><ent r="1" t="155" w="1198" /><ent r="1" t="155" w="1424" /><ent r="1" t="155" w="1499" /><ent r="1" t="156" w="709" /><ent r="1" t="157" w="620" /><ent r="1" t="157" w="1142" /><ent r="51" t="158" w="187" /><ent r="1" t="158" w="943" /><ent r="1" t="158" w="1090" /><ent r="1" t="164" w="20" /><ent r="1" t="168" w="17" /><ent r="1" t="168" w="175" /><ent r="51" t="185" w="635" /></phr><phr n="viewed"><ent r="1" t="93" w="163" /></phr><phr n="Views"><ent r="1" t="148" w="153" /><ent r="51" t="148" w="163" /><ent r="1000" t="149" w="6" /><ent r="100" t="149" w="13" /><ent r="1" t="149" w="130" /><ent r="51" t="149" w="358" /><ent r="1000" t="150" w="3" /><ent r="100" t="150" w="7" /><ent r="51" t="153" w="2211" /><ent r="1" t="155" w="925" /><ent r="1" t="158" w="1019" /><ent r="1" t="158" w="1131" /></phr></stem><stem n="manipul"><phr n="manipulate"><ent r="1" t="0" w="58" /><ent r="1" t="149" w="162" /><ent r="1" t="150" w="44" /><ent r="1" t="152" w="40" /><ent r="1" t="152" w="168" /><ent r="1" t="152" w="188" /><ent r="1" t="152" w="1425" /><ent r="1" t="152" w="2337" /><ent r="1" t="153" w="69" /><ent r="1" t="155" w="1079" /><ent r="1" t="155" w="1194" /><ent r="1" t="156" w="1188" /><ent r="1" t="160" w="198" /></phr><phr n="manipulating"><ent r="1" t="0" w="77" /><ent r="1" t="85" w="33" /></phr><phr n="Manipulating"><ent r="51" t="149" w="356" /><ent r="1000" t="150" w="1" /><ent r="100" t="150" w="5" /><ent r="90" t="150" w="71" /><ent r="90" t="150" w="282" /><ent r="90" t="155" w="1412" /></phr><phr n="Manipulation"><ent r="51" t="151" w="257" /><ent r="1000" t="152" w="3" /><ent r="150" t="152" w="9" /><ent r="140" t="152" w="550" /></phr><phr n="manipulation"><ent r="1" t="152" w="30" /><ent r="1" t="152" w="54" /><ent r="1" t="152" w="100" /><ent r="1" t="155" w="1474" /><ent r="1" t="180" w="390" /></phr><phr n="Manipulate"><ent r="1" t="153" w="98" /><ent r="1" t="155" w="87" /></phr></stem><stem n="run"><phr n="run"><ent r="1" t="0" w="62" /><ent r="1" t="51" w="66" /><ent r="1" t="68" w="238" /><ent r="1" t="68" w="252" /><ent r="1" t="68" w="300" /><ent r="1" t="96" w="156" /><ent r="1" t="96" w="161" /><ent r="1" t="96" w="217" /><ent r="1" t="97" w="18" /><ent r="1" t="98" w="14" /><ent r="1" t="98" w="26" /><ent r="1" t="98" w="110" /><ent r="1" t="98" w="167" /><ent r="1" t="101" w="64" /><ent r="1" t="101" w="123" /><ent r="1" t="101" w="135" /><ent r="1" t="101" w="149" /><ent r="1" t="101" w="158" /><ent r="1" t="101" w="188" /><ent r="1" t="101" w="194" /><ent r="1" t="102" w="129" /><ent r="1" t="103" w="721" /><ent r="1" t="103" w="786" /><ent r="1" t="103" w="796" /><ent r="1" t="103" w="807" /><ent r="1" t="103" w="814" /><ent r="1" t="108" w="69" /><ent r="1" t="108" w="106" /><ent r="1" t="108" w="118" /><ent r="1" t="108" w="132" /><ent r="1" t="108" w="141" /><ent r="1" t="108" w="282" /><ent r="1" t="108" w="297" /><ent r="1" t="128" w="262" /><ent r="1" t="146" w="48" /><ent r="1" t="146" w="266" /><ent r="1" t="149" w="157" /><ent r="1" t="149" w="257" /><ent r="1" t="149" w="275" /><ent r="1" t="149" w="283" /><ent r="1" t="149" w="303" /><ent r="1" t="149" w="326" /><ent r="1" t="149" w="337" /><ent r="1" t="150" w="80" /><ent r="1" t="153" w="1951" /><ent r="1" t="153" w="1957" /><ent r="1" t="154" w="1210" /><ent r="1" t="154" w="1547" /><ent r="1" t="155" w="596" /><ent r="1" t="155" w="731" /><ent r="1" t="155" w="1074" /><ent r="1" t="155" w="1092" /><ent r="1" t="155" w="1107" /><ent r="1" t="155" w="1131" /><ent r="1" t="155" w="1435" /><ent r="1" t="159" w="702" /><ent r="1" t="159" w="716" /><ent r="1" t="159" w="960" /><ent r="51" t="160" w="163" /><ent r="51" t="160" w="168" /><ent r="1" t="160" w="184" /><ent r="1" t="160" w="486" /><ent r="1" t="160" w="796" /></phr><phr n="running"><ent r="1" t="0" w="80" /><ent r="1" t="51" w="87" /><ent r="1" t="85" w="27" /><ent r="1" t="87" w="21" /><ent r="1" t="87" w="187" /><ent r="1" t="96" w="247" /><ent r="51" t="103" w="486" /><ent r="1" t="142" w="103" /><ent r="1" t="154" w="1016" /><ent r="1" t="154" w="1427" /><ent r="1" t="159" w="1990" /><ent r="1" t="160" w="30" /></phr><phr n="Run"><ent r="51" t="94" w="413" /><ent r="1" t="96" w="169" /><ent r="51" t="96" w="274" /><ent r="51" t="97" w="157" /><ent r="1000" t="98" w="1" /><ent r="100" t="98" w="5" /><ent r="1" t="98" w="34" /><ent r="90" t="98" w="55" /><ent r="90" t="98" w="101" /><ent r="51" t="101" w="203" /><ent r="51" t="108" w="314" /><ent r="51" t="108" w="356" /><ent r="51" t="149" w="148" /><ent r="90" t="153" w="1730" /><ent r="51" t="155" w="1062" /><ent r="51" t="159" w="673" /><ent r="1000" t="160" w="2" /><ent r="150" t="160" w="10" /><ent r="1" t="160" w="96" /><ent r="51" t="160" w="476" /><ent r="90" t="160" w="1567" /><ent r="51" t="160" w="1630" /><ent r="1" t="160" w="1638" /></phr><phr n="runs"><ent r="1" t="159" w="1985" /></phr></stem></index>