﻿<?xml version="1.0" encoding="utf-8"?><index><stem n=".0%"><phr n=".0%"><ent r="3" t="181" w="794" /></phr></stem><stem n="warp"><phr n="Warp"><ent r="3" t="181" w="799" /><ent r="3" t="181" w="805" /><ent r="3" t="181" w="811" /><ent r="3" t="181" w="817" /><ent r="3" t="181" w="823" /><ent r="3" t="181" w="829" /><ent r="3" t="181" w="835" /></phr></stem><stem n="(band"><phr n="(Band"><ent r="3" t="181" w="800" /><ent r="3" t="181" w="806" /><ent r="3" t="181" w="812" /><ent r="3" t="181" w="818" /><ent r="3" t="181" w="824" /><ent r="3" t="181" w="830" /><ent r="3" t="181" w="836" /></phr></stem><stem n="rs"><phr n="rs"><ent r="3" t="181" w="802" /><ent r="3" t="181" w="808" /><ent r="3" t="181" w="814" /><ent r="3" t="181" w="820" /><ent r="3" t="181" w="826" /><ent r="3" t="181" w="832" /><ent r="3" t="181" w="838" /></phr></stem><stem n="rs_tm"><phr n="rs_tm"><ent r="3" t="181" w="803" /><ent r="3" t="181" w="802" /><ent r="3" t="181" w="809" /><ent r="3" t="181" w="808" /><ent r="3" t="181" w="815" /><ent r="3" t="181" w="814" /><ent r="3" t="181" w="821" /><ent r="3" t="181" w="820" /><ent r="3" t="181" w="827" /><ent r="3" t="181" w="826" /><ent r="3" t="181" w="833" /><ent r="3" t="181" w="832" /><ent r="3" t="181" w="839" /><ent r="3" t="181" w="838" /></phr></stem><stem n="rs_tm.img"><phr n="rs_tm.img"><ent r="3" t="181" w="804" /><ent r="3" t="181" w="802" /><ent r="3" t="181" w="810" /><ent r="3" t="181" w="808" /><ent r="3" t="181" w="816" /><ent r="3" t="181" w="814" /><ent r="3" t="181" w="822" /><ent r="3" t="181" w="820" /><ent r="3" t="181" w="828" /><ent r="3" t="181" w="826" /><ent r="3" t="181" w="834" /><ent r="3" t="181" w="832" /><ent r="3" t="181" w="840" /><ent r="3" t="181" w="838" /></phr></stem><stem n="img"><phr n="img"><ent r="3" t="181" w="804" /><ent r="3" t="181" w="810" /><ent r="3" t="181" w="816" /><ent r="3" t="181" w="822" /><ent r="3" t="181" w="828" /><ent r="3" t="181" w="834" /><ent r="3" t="181" w="840" /></phr></stem><stem n=":rs_tm.img),"><phr n=":rs_tm.img),"><ent r="3" t="181" w="805" /><ent r="3" t="181" w="811" /><ent r="3" t="181" w="817" /><ent r="3" t="181" w="823" /><ent r="3" t="181" w="829" /><ent r="3" t="181" w="835" /></phr></stem><stem n=":rs_tm.img)}"><phr n=":rs_tm.img)}"><ent r="3" t="181" w="841" /></phr></stem><stem n="0.485000"><phr n="0.485000"><ent r="3" t="181" w="845" /><ent r="3" t="181" w="844" /></phr></stem><stem n="485000"><phr n="485000"><ent r="3" t="181" w="845" /></phr></stem><stem n="0.485000,"><phr n="0.485000,"><ent r="3" t="181" w="845" /><ent r="3" t="181" w="844" /></phr></stem><stem n=".485000,"><phr n=".485000,"><ent r="3" t="181" w="846" /></phr></stem><stem n="0.560000"><phr n="0.560000"><ent r="3" t="181" w="847" /><ent r="3" t="181" w="846" /></phr></stem><stem n="560000"><phr n="560000"><ent r="3" t="181" w="847" /></phr></stem><stem n="0.560000,"><phr n="0.560000,"><ent r="3" t="181" w="847" /><ent r="3" t="181" w="846" /></phr></stem><stem n=".560000,"><phr n=".560000,"><ent r="3" t="181" w="848" /></phr></stem><stem n="0.660000"><phr n="0.660000"><ent r="3" t="181" w="849" /><ent r="3" t="181" w="848" /></phr></stem><stem n="660000"><phr n="660000"><ent r="3" t="181" w="849" /></phr></stem><stem n="0.660000,"><phr n="0.660000,"><ent r="3" t="181" w="849" /><ent r="3" t="181" w="848" /></phr></stem><stem n=".660000,"><phr n=".660000,"><ent r="3" t="181" w="850" /></phr></stem><stem n="0.830000"><phr n="0.830000"><ent r="3" t="181" w="851" /><ent r="3" t="181" w="850" /></phr></stem><stem n="830000"><phr n="830000"><ent r="3" t="181" w="851" /></phr></stem><stem n="0.830000,"><phr n="0.830000,"><ent r="3" t="181" w="851" /><ent r="3" t="181" w="850" /></phr></stem><stem n=".830000,"><phr n=".830000,"><ent r="3" t="181" w="852" /></phr></stem><stem n="1.650000"><phr n="1.650000"><ent r="3" t="181" w="853" /><ent r="3" t="181" w="852" /></phr></stem><stem n="650000"><phr n="650000"><ent r="3" t="181" w="853" /></phr></stem><stem n="1.650000,"><phr n="1.650000,"><ent r="3" t="181" w="853" /><ent r="3" t="181" w="852" /></phr></stem><stem n=".650000,"><phr n=".650000,"><ent r="3" t="181" w="854" /></phr></stem><stem n="11"><phr n="11"><ent r="3" t="181" w="854" /><ent r="4" t="199" w="218" /></phr></stem><stem n="11.400000"><phr n="11.400000"><ent r="3" t="181" w="855" /><ent r="3" t="181" w="854" /></phr></stem><stem n="400000"><phr n="400000"><ent r="3" t="181" w="855" /></phr></stem><stem n="11.400000,"><phr n="11.400000,"><ent r="3" t="181" w="855" /><ent r="3" t="181" w="854" /></phr></stem><stem n=".400000,"><phr n=".400000,"><ent r="3" t="181" w="856" /></phr></stem><stem n="2.215000"><phr n="2.215000"><ent r="3" t="181" w="857" /><ent r="3" t="181" w="856" /></phr></stem><stem n="215000"><phr n="215000"><ent r="3" t="181" w="857" /></phr></stem><stem n=".215000}"><phr n=".215000}"><ent r="3" t="181" w="858" /></phr></stem><stem n="0.070000"><phr n="0.070000"><ent r="3" t="181" w="862" /><ent r="3" t="181" w="861" /></phr></stem><stem n="070000"><phr n="070000"><ent r="3" t="181" w="862" /></phr></stem><stem n="0.070000,"><phr n="0.070000,"><ent r="3" t="181" w="862" /><ent r="3" t="181" w="861" /></phr></stem><stem n=".070000,"><phr n=".070000,"><ent r="3" t="181" w="863" /></phr></stem><stem n="0.080000"><phr n="0.080000"><ent r="3" t="181" w="864" /><ent r="3" t="181" w="863" /></phr></stem><stem n="080000"><phr n="080000"><ent r="3" t="181" w="864" /></phr></stem><stem n="0.080000,"><phr n="0.080000,"><ent r="3" t="181" w="864" /><ent r="3" t="181" w="863" /></phr></stem><stem n=".080000,"><phr n=".080000,"><ent r="3" t="181" w="865" /></phr></stem><stem n="0.060000"><phr n="0.060000"><ent r="3" t="181" w="866" /><ent r="3" t="181" w="865" /></phr></stem><stem n="060000"><phr n="060000"><ent r="3" t="181" w="866" /></phr></stem><stem n="0.060000,"><phr n="0.060000,"><ent r="3" t="181" w="866" /><ent r="3" t="181" w="865" /></phr></stem><stem n=".060000,"><phr n=".060000,"><ent r="3" t="181" w="867" /></phr></stem><stem n="0.140000"><phr n="0.140000"><ent r="3" t="181" w="868" /><ent r="3" t="181" w="867" /></phr></stem><stem n="140000"><phr n="140000"><ent r="3" t="181" w="868" /></phr></stem><stem n="0.140000,"><phr n="0.140000,"><ent r="3" t="181" w="868" /><ent r="3" t="181" w="867" /></phr></stem><stem n=".140000,"><phr n=".140000,"><ent r="3" t="181" w="869" /></phr></stem><stem n="0.200000"><phr n="0.200000"><ent r="3" t="181" w="870" /><ent r="3" t="181" w="869" /></phr></stem><stem n="200000"><phr n="200000"><ent r="3" t="181" w="870" /></phr></stem><stem n="0.200000,"><phr n="0.200000,"><ent r="3" t="181" w="870" /><ent r="3" t="181" w="869" /></phr></stem><stem n=".200000,"><phr n=".200000,"><ent r="3" t="181" w="871" /></phr></stem><stem n="2.100000"><phr n="2.100000"><ent r="3" t="181" w="872" /><ent r="3" t="181" w="871" /></phr></stem><stem n="100000"><phr n="100000"><ent r="3" t="181" w="872" /></phr></stem><stem n="2.100000,"><phr n="2.100000,"><ent r="3" t="181" w="872" /><ent r="3" t="181" w="871" /></phr></stem><stem n=".100000,"><phr n=".100000,"><ent r="3" t="181" w="873" /></phr></stem><stem n="0.270000"><phr n="0.270000"><ent r="3" t="181" w="874" /><ent r="3" t="181" w="873" /></phr></stem><stem n="270000"><phr n="270000"><ent r="3" t="181" w="874" /></phr></stem><stem n=".270000}"><phr n=".270000}"><ent r="3" t="181" w="875" /></phr></stem><stem n="atmospher"><phr n="Atmospheric"><ent r="5" t="182" w="20" /></phr></stem><stem n="slant"><phr n="Slant"><ent r="5" t="182" w="21" /></phr></stem><stem n="wxdata"><phr n="wxdata"><ent r="4" t="182" w="110" /></phr></stem><stem n="(.wxdata)"><phr n="(.wxdata)"><ent r="4" t="182" w="111" /></phr></stem><stem n="&quot;paragraphs&quot;"><phr n="&quot;paragraphs&quot;"><ent r="3" t="182" w="131" /></phr></stem><stem n="fail"><phr n="fails"><ent r="3" t="182" w="148" /></phr></stem><stem n="&quot;name&quot;"><phr n="&quot;Name&quot;"><ent r="3" t="190" w="89" /></phr></stem><stem n="implic"><phr n="implications"><ent r="92" t="190" w="180" /><ent r="3" t="190" w="215" /><ent r="3" t="190" w="324" /></phr></stem><stem n="-statist"><phr n="-statistics"><ent r="3" t="190" w="269" /><ent r="3" t="190" w="269" /></phr></stem><stem n="band-statist"><phr n="band-statistics"><ent r="3" t="190" w="269" /></phr></stem><stem n="mildli"><phr n="mildly"><ent r="3" t="190" w="275" /></phr></stem><stem n="pronounc"><phr n="pronounced"><ent r="3" t="190" w="287" /></phr></stem><stem n="(read"><phr n="(Read"><ent r="3" t="190" w="298" /><ent r="3" t="190" w="314" /><ent r="5" t="190" w="404" /><ent r="4" t="190" w="560" /><ent r="4" t="190" w="586" /><ent r="3" t="190" w="694" /></phr></stem><stem n="alloc"><phr n="allocate"><ent r="4" t="190" w="334" /></phr></stem><stem n="suffici"><phr n="sufficient"><ent r="4" t="190" w="367" /></phr></stem><stem n="subsequ"><phr n="subsequent"><ent r="4" t="190" w="397" /><ent r="4" t="190" w="495" /><ent r="4" t="204" w="235" /></phr></stem><stem n="fastest"><phr n="fastest"><ent r="4" t="190" w="472" /></phr></stem><stem n="“data”"><phr n="“Data”"><ent r="4" t="190" w="514" /><ent r="3" t="190" w="633" /></phr></stem><stem n="“file”"><phr n="“File”"><ent r="4" t="190" w="519" /><ent r="3" t="190" w="643" /></phr></stem><stem n="(no"><phr n="(no"><ent r="4" t="190" w="520" /></phr></stem><stem n="-interleav"><phr n="-interleaving"><ent r="4" t="190" w="521" /><ent r="4" t="190" w="521" /><ent r="3" t="190" w="622" /><ent r="3" t="190" w="622" /><ent r="3" t="190" w="684" /><ent r="3" t="190" w="684" /></phr></stem><stem n="re-interleav"><phr n="re-interleaving"><ent r="4" t="190" w="521" /><ent r="3" t="190" w="622" /></phr><phr n="Re-interleaving"><ent r="3" t="190" w="684" /></phr></stem><stem n="usag"><phr n="usage"><ent r="4" t="190" w="552" /></phr></stem><stem n="drive"><phr n="drive"><ent r="4" t="190" w="612" /></phr></stem><stem n="-organ"><phr n="-organized"><ent r="3" t="190" w="669" /><ent r="3" t="190" w="669" /></phr></stem><stem n="re-organ"><phr n="re-organized"><ent r="3" t="190" w="669" /></phr></stem><stem n="creation"><phr n="creation"><ent r="3" t="190" w="676" /></phr></stem><stem n=":subset"><phr n=":Subset"><ent r="100" t="193" w="9" /></phr></stem><stem n="zip"><phr n="zipped"><ent r="4" t="197" w="230" /></phr></stem><stem n="shuffle+gzip"><phr n="Shuffle+GZIP"><ent r="4" t="197" w="235" /></phr></stem><stem n="rearrang"><phr n="rearranges"><ent r="4" t="197" w="241" /></phr></stem><stem n="compression/decompress"><phr n="compression/decompression"><ent r="3" t="197" w="258" /><ent r="3" t="197" w="257" /></phr></stem><stem n="decompress"><phr n="decompression"><ent r="3" t="197" w="258" /></phr></stem><stem n="compression/decompression."><phr n="compression/decompression."><ent r="3" t="197" w="258" /><ent r="3" t="197" w="257" /></phr></stem><stem n="/decompression."><phr n="/decompression."><ent r="3" t="197" w="259" /></phr></stem><stem n="split"><phr n="splits"><ent r="3" t="197" w="267" /></phr></stem><stem n="impact"><phr n="impact"><ent r="3" t="197" w="277" /></phr></stem><stem n="-std-2500c"><phr n="-STD-2500C"><ent r="3" t="198" w="234" /><ent r="3" t="198" w="235" /></phr></stem><stem n="mil"><phr n="MIL"><ent r="3" t="198" w="234" /></phr></stem><stem n="mil-std"><phr n="MIL-STD"><ent r="3" t="198" w="234" /></phr></stem><stem n="mil-std-2500c"><phr n="MIL-STD-2500C"><ent r="3" t="198" w="234" /></phr></stem><stem n="std"><phr n="STD"><ent r="3" t="198" w="235" /></phr></stem><stem n="std-2500c"><phr n="STD-2500C"><ent r="3" t="198" w="235" /></phr></stem><stem n="2500c"><phr n="2500C"><ent r="3" t="198" w="236" /></phr></stem><stem n="classfic"><phr n="classfication"><ent r="3" t="198" w="237" /></phr></stem><stem n="refin"><phr n="refine"><ent r="3" t="199" w="24" /></phr></stem><stem n="alphanumer"><phr n="alphanumeric"><ent r="4" t="199" w="223" /></phr></stem><stem n="underscor"><phr n="underscores"><ent r="4" t="199" w="227" /></phr></stem><stem n="bitrat"><phr n="Bitrate"><ent r="92" t="200" w="96" /><ent r="92" t="202" w="101" /></phr></stem><stem n="framer"><phr n="Framerate"><ent r="92" t="200" w="98" /><ent r="92" t="202" w="103" /></phr></stem><stem n="advanc"><phr n="Advanced"><ent r="92" t="200" w="168" /><ent r="92" t="202" w="173" /></phr><phr n="advanced"><ent r="3" t="200" w="176" /><ent r="3" t="202" w="181" /></phr></stem><stem n="balanc"><phr n="balance"><ent r="4" t="204" w="44" /></phr></stem><stem n="lossi"><phr n="lossy"><ent r="5" t="204" w="125" /></phr><phr n="Lossy"><ent r="5" t="204" w="128" /></phr></stem><stem n="perman"><phr n="permanently"><ent r="5" t="204" w="137" /></phr></stem><stem n="uncompress"><phr n="uncompressed"><ent r="5" t="204" w="148" /></phr></stem><stem n="lost"><phr n="lost"><ent r="3" t="204" w="167" /></phr></stem><stem n="too"><phr n="too"><ent r="3" t="204" w="173" /></phr></stem><stem n=":default"><phr n=":default"><ent r="100" t="206" w="7" /><ent r="100" t="206" w="11" /></phr></stem><stem n="pdf"><phr n="PDF"><ent r="3" t="206" w="23" /><ent r="3" t="206" w="47" /></phr></stem><stem n="download"><phr n="download"><ent r="3" t="206" w="41" /></phr></stem><stem n="adob"><phr n="Adobe"><ent r="3" t="206" w="42" /></phr></stem><stem n="reader"><phr n="Reader"><ent r="3" t="206" w="43" /></phr></stem><stem n="/paus"><phr n="/Pause"><ent r="5" t="206" w="74" /></phr></stem><stem n="&lt;space&gt;"><phr n="&lt;Space&gt;"><ent r="5" t="206" w="77" /></phr></stem><stem n="&lt;down"><phr n="&lt;down"><ent r="5" t="206" w="88" /></phr></stem><stem n="arrow&gt;"><phr n="arrow&gt;"><ent r="5" t="206" w="89" /><ent r="5" t="206" w="99" /><ent r="5" t="206" w="109" /><ent r="5" t="206" w="119" /></phr></stem><stem n="&lt;left"><phr n="&lt;left"><ent r="5" t="206" w="98" /></phr></stem><stem n="&lt;right"><phr n="&lt;right"><ent r="5" t="206" w="108" /></phr></stem><stem n="&lt;up"><phr n="&lt;up"><ent r="5" t="206" w="118" /></phr></stem><stem n="setup"><phr n="Setup"><ent r="5" t="206" w="170" /></phr></stem><stem n="l"><phr n="L"><ent r="5" t="206" w="194" /></phr></stem><stem n="pgup"><phr n="PgUp"><ent r="5" t="206" w="248" /></phr></stem><stem n="pgdown"><phr n="PgDown"><ent r="5" t="206" w="258" /></phr></stem><stem n="keystrok"><phr n="keystroke"><ent r="3" t="208" w="42" /></phr><phr n="keystrokes"><ent r="3" t="208" w="181" /><ent r="3" t="208" w="192" /></phr></stem><stem n="our"><phr n="our"><ent r="3" t="208" w="52" /></phr></stem><stem n="&quot;alt&quot;"><phr n="&quot;Alt&quot;"><ent r="3" t="208" w="168" /></phr></stem><stem n="&quot;a&quot;"><phr n="&quot;A&quot;"><ent r="3" t="208" w="177" /></phr></stem><stem n="record"><phr n="records"><ent r="3" t="208" w="179" /></phr></stem><stem n="[optick"><phr n="[Opticks"><ent r="3" t="208" w="182" /></phr></stem><stem n=".]"><phr n=".]"><ent r="3" t="208" w="193" /></phr></stem><stem n="(annot"><phr n="(Annotation"><ent r="6" t="210" w="22" /></phr></stem><stem n="caption"><phr n="Caption"><ent r="6" t="210" w="26" /></phr></stem><stem n="alpha"><phr n="Alpha"><ent r="6" t="210" w="28" /></phr><phr n="alpha"><ent r="6" t="210" w="31" /><ent r="6" t="210" w="331" /></phr></stem><stem n="0.0"><phr n="0.0"><ent r="6" t="210" w="92" /><ent r="6" t="210" w="91" /></phr></stem><stem n="1.0"><phr n="1.0"><ent r="6" t="210" w="95" /><ent r="6" t="210" w="94" /></phr></stem><stem n="1.0."><phr n="1.0."><ent r="6" t="210" w="95" /><ent r="6" t="210" w="94" /></phr></stem><stem n=".0."><phr n=".0."><ent r="6" t="210" w="96" /></phr></stem><stem n="surround"><phr n="surrounded"><ent r="6" t="210" w="108" /></phr></stem><stem n="(bold,"><phr n="(bold,"><ent r="6" t="210" w="268" /></phr></stem><stem n="“hatch.”"><phr n="“Hatch.”"><ent r="6" t="210" w="297" /></phr></stem><stem n="“object"><phr n="“Object"><ent r="6" t="210" w="404" /></phr></stem><stem n="solid"><phr n="solid"><ent r="6" t="210" w="439" /></phr></stem><stem n="(solid,"><phr n="(solid,"><ent r="6" t="210" w="440" /></phr></stem><stem n="dash"><phr n="dashed"><ent r="6" t="210" w="440" /></phr></stem><stem n="(east"><phr n="(East"><ent r="6" t="210" w="545" /></phr></stem><stem n="wedg"><phr n="Wedge"><ent r="6" t="210" w="625" /><ent r="6" t="210" w="628" /><ent r="6" t="210" w="650" /></phr></stem><stem n="child"><phr n="Child"><ent r="5" t="211" w="69" /></phr></stem><stem n="sibl"><phr n="Sibling"><ent r="5" t="211" w="81" /></phr></stem><stem n="(there"><phr n="(There"><ent r="3" t="211" w="260" /></phr></stem><stem n="statut"><phr n="Statute"><ent r="7" t="212" w="49" /></phr></stem><stem n="nautic"><phr n="Nautical"><ent r="7" t="212" w="52" /></phr></stem><stem n="yard"><phr n="Yards"><ent r="7" t="212" w="57" /></phr></stem><stem n="decim"><phr n="Decimal"><ent r="7" t="213" w="43" /><ent r="7" t="213" w="53" /><ent r="6" t="220" w="196" /><ent r="6" t="220" w="208" /></phr><phr n="decimal"><ent r="7" t="213" w="50" /><ent r="7" t="213" w="62" /><ent r="7" t="213" w="76" /><ent r="6" t="220" w="47" /><ent r="6" t="220" w="60" /><ent r="6" t="220" w="72" /><ent r="6" t="220" w="85" /><ent r="6" t="220" w="97" /><ent r="6" t="220" w="110" /><ent r="6" t="220" w="122" /><ent r="6" t="220" w="135" /><ent r="5" t="220" w="148" /><ent r="5" t="220" w="160" /><ent r="5" t="220" w="172" /><ent r="5" t="220" w="185" /><ent r="6" t="220" w="381" /><ent r="6" t="220" w="400" /><ent r="6" t="220" w="418" /><ent r="6" t="220" w="437" /><ent r="6" t="220" w="455" /><ent r="6" t="220" w="474" /><ent r="6" t="220" w="492" /><ent r="6" t="220" w="511" /><ent r="5" t="220" w="530" /><ent r="5" t="220" w="548" /><ent r="5" t="220" w="566" /><ent r="5" t="220" w="585" /><ent r="6" t="220" w="603" /><ent r="6" t="220" w="621" /></phr></stem><stem n="understand"><phr n="Understanding"><ent r="93" t="215" w="9" /><ent r="93" t="215" w="311" /></phr></stem><stem n="two-step"><phr n="two-step"><ent r="3" t="215" w="191" /></phr></stem><stem n="-exist"><phr n="-existing"><ent r="3" t="215" w="246" /><ent r="3" t="215" w="246" /></phr></stem><stem n="pre-exist"><phr n="pre-existing"><ent r="3" t="215" w="246" /></phr></stem><stem n="except"><phr n="except"><ent r="3" t="215" w="262" /></phr></stem><stem n="sometim"><phr n="sometimes"><ent r="3" t="215" w="339" /></phr></stem><stem n="displac"><phr n="displaced"><ent r="3" t="215" w="340" /></phr><phr n="displacement"><ent r="3" t="215" w="347" /></phr></stem><stem n="regress"><phr n="regression"><ent r="3" t="215" w="399" /></phr></stem><stem n="“y”"><phr n="“y”"><ent r="3" t="215" w="414" /></phr></stem><stem n="overal"><phr n="overall"><ent r="3" t="215" w="420" /></phr></stem><stem n="predict"><phr n="predicted"><ent r="3" t="215" w="445" /></phr></stem><stem n="-pixel"><phr n="-pixel"><ent r="3" t="215" w="453" /><ent r="3" t="215" w="453" /></phr></stem><stem n="5-pixel"><phr n="5-pixel"><ent r="3" t="215" w="453" /></phr></stem><stem n="radiu"><phr n="radius"><ent r="3" t="215" w="455" /></phr></stem><stem n="rule"><phr n="rule"><ent r="3" t="215" w="495" /></phr></stem><stem n="thumb"><phr n="thumb"><ent r="3" t="215" w="497" /></phr></stem><stem n="28"><phr n="28"><ent r="3" t="215" w="522" /><ent r="3" t="215" w="543" /></phr></stem><stem n="28.5"><phr n="28.5"><ent r="3" t="215" w="523" /><ent r="3" t="215" w="522" /><ent r="3" t="215" w="544" /><ent r="3" t="215" w="543" /></phr></stem><stem n="ctrl+"><phr n="Ctrl+"><ent r="7" t="217" w="189" /></phr></stem><stem n=":item"><phr n=":Item"><ent r="100" t="218" w="25" /></phr></stem><stem n=":type"><phr n=":types"><ent r="100" t="220" w="7" /></phr></stem><stem n="char"><phr n="char"><ent r="6" t="220" w="38" /><ent r="6" t="220" w="51" /></phr></stem><stem n="short"><phr n="short"><ent r="6" t="220" w="63" /><ent r="6" t="220" w="76" /></phr></stem><stem n="int"><phr n="int"><ent r="6" t="220" w="88" /><ent r="6" t="220" w="101" /></phr></stem><stem n="int64"><phr n="int64"><ent r="5" t="220" w="138" /></phr><phr n="Int64"><ent r="5" t="220" w="151" /></phr></stem><stem n="_t"><phr n="_t"><ent r="5" t="220" w="139" /><ent r="5" t="220" w="176" /></phr></stem><stem n="int64_t"><phr n="int64_t"><ent r="5" t="220" w="139" /><ent r="5" t="220" w="138" /></phr></stem><stem n="uint64"><phr n="UInt64"><ent r="5" t="220" w="163" /></phr><phr n="uint64"><ent r="5" t="220" w="175" /></phr></stem><stem n="uint64_t"><phr n="uint64_t"><ent r="5" t="220" w="176" /><ent r="5" t="220" w="175" /></phr></stem><stem n="mutual"><phr n="Mutually"><ent r="6" t="220" w="214" /></phr></stem><stem n="exclus"><phr n="exclusive"><ent r="6" t="220" w="215" /></phr></stem><stem n="colortyp"><phr n="ColorType"><ent r="5" t="220" w="249" /></phr></stem><stem n="datetim"><phr n="DateTime"><ent r="6" t="220" w="257" /></phr></stem><stem n="spin"><phr n="Spin"><ent r="6" t="220" w="259" /></phr></stem><stem n="mm/dd"><phr n="MM/DD"><ent r="6" t="220" w="266" /><ent r="6" t="220" w="265" /></phr></stem><stem n="/dd/yyyi"><phr n="/DD/YYYY"><ent r="6" t="220" w="267" /></phr></stem><stem n="mm/dd/yyyi"><phr n="MM/DD/YYYY"><ent r="6" t="220" w="267" /><ent r="6" t="220" w="265" /></phr></stem><stem n=":mm:ss"><phr n=":MM:SS"><ent r="6" t="220" w="271" /></phr></stem><stem n="displaymod"><phr n="DisplayMode"><ent r="6" t="220" w="274" /></phr></stem><stem n="encodingtyp"><phr n="EncodingType"><ent r="6" t="220" w="282" /></phr></stem><stem n="endiantyp"><phr n="EndianType"><ent r="5" t="220" w="290" /></phr></stem><stem n="geocoordtyp"><phr n="GeocoordType"><ent r="6" t="220" w="298" /></phr></stem><stem n="interleaveformattyp"><phr n="InterleaveFormatType"><ent r="6" t="220" w="306" /></phr></stem><stem n="layertyp"><phr n="LayerType"><ent r="5" t="220" w="314" /></phr></stem><stem n="passarea"><phr n="PassArea"><ent r="6" t="220" w="322" /></phr></stem><stem n="rasterchanneltyp"><phr n="RasterChannelType"><ent r="5" t="220" w="339" /></phr></stem><stem n="regionunit"><phr n="RegionUnits"><ent r="5" t="220" w="347" /></phr></stem><stem n="symboltyp"><phr n="SymbolType"><ent r="5" t="220" w="355" /></phr></stem><stem n="unittyp"><phr n="UnitType"><ent r="6" t="220" w="363" /></phr></stem><stem n="vector&lt;char&gt;"><phr n="vector&lt;char&gt;"><ent r="6" t="220" w="371" /></phr></stem><stem n="-line"><phr n="-line"><ent r="6" t="220" w="373" /><ent r="6" t="220" w="373" /><ent r="6" t="220" w="392" /><ent r="6" t="220" w="392" /><ent r="6" t="220" w="410" /><ent r="6" t="220" w="410" /><ent r="6" t="220" w="429" /><ent r="6" t="220" w="429" /><ent r="6" t="220" w="447" /><ent r="6" t="220" w="447" /><ent r="6" t="220" w="466" /><ent r="6" t="220" w="466" /><ent r="6" t="220" w="484" /><ent r="6" t="220" w="484" /><ent r="6" t="220" w="503" /><ent r="6" t="220" w="503" /><ent r="5" t="220" w="522" /><ent r="5" t="220" w="522" /><ent r="5" t="220" w="540" /><ent r="5" t="220" w="540" /><ent r="5" t="220" w="558" /><ent r="5" t="220" w="558" /><ent r="5" t="220" w="577" /><ent r="5" t="220" w="577" /><ent r="6" t="220" w="595" /><ent r="6" t="220" w="595" /><ent r="6" t="220" w="613" /><ent r="6" t="220" w="613" /><ent r="6" t="220" w="631" /><ent r="6" t="220" w="631" /><ent r="6" t="220" w="649" /><ent r="6" t="220" w="649" /><ent r="6" t="220" w="664" /><ent r="6" t="220" w="664" /></phr></stem><stem n="multi-lin"><phr n="Multi-line"><ent r="6" t="220" w="373" /><ent r="6" t="220" w="392" /><ent r="6" t="220" w="410" /><ent r="6" t="220" w="429" /><ent r="6" t="220" w="447" /><ent r="6" t="220" w="466" /><ent r="6" t="220" w="484" /><ent r="6" t="220" w="503" /><ent r="5" t="220" w="522" /><ent r="5" t="220" w="540" /><ent r="5" t="220" w="558" /><ent r="5" t="220" w="577" /><ent r="6" t="220" w="595" /><ent r="6" t="220" w="613" /><ent r="6" t="220" w="631" /><ent r="6" t="220" w="649" /><ent r="6" t="220" w="664" /></phr></stem><stem n="vector&lt;unsign"><phr n="vector&lt;unsigned"><ent r="6" t="220" w="389" /><ent r="6" t="220" w="426" /><ent r="6" t="220" w="463" /><ent r="6" t="220" w="500" /></phr></stem><stem n="char&gt;"><phr n="char&gt;"><ent r="6" t="220" w="390" /></phr></stem><stem n="vector&lt;short&gt;"><phr n="vector&lt;short&gt;"><ent r="6" t="220" w="408" /></phr></stem><stem n="short&gt;"><phr n="short&gt;"><ent r="6" t="220" w="427" /></phr></stem><stem n="vector&lt;int&gt;"><phr n="vector&lt;int&gt;"><ent r="6" t="220" w="445" /></phr></stem><stem n="int&gt;"><phr n="int&gt;"><ent r="6" t="220" w="464" /></phr></stem><stem n="vector&lt;long&gt;"><phr n="vector&lt;long&gt;"><ent r="6" t="220" w="482" /></phr></stem><stem n="long&gt;"><phr n="long&gt;"><ent r="6" t="220" w="501" /></phr></stem><stem n="-t&gt;"><phr n="-t&gt;"><ent r="5" t="220" w="519" /><ent r="5" t="220" w="519" /><ent r="5" t="220" w="574" /><ent r="5" t="220" w="574" /></phr></stem><stem n="vector&lt;int64"><phr n="vector&lt;int64"><ent r="5" t="220" w="519" /></phr></stem><stem n="vector&lt;int64-t&gt;"><phr n="vector&lt;int64-t&gt;"><ent r="5" t="220" w="519" /></phr></stem><stem n="t&gt;"><phr n="t&gt;"><ent r="5" t="220" w="520" /><ent r="5" t="220" w="575" /></phr></stem><stem n="vector&lt;int64&gt;"><phr n="vector&lt;Int64&gt;"><ent r="5" t="220" w="538" /></phr></stem><stem n="vector&lt;uint64&gt;"><phr n="vector&lt;UInt64&gt;"><ent r="5" t="220" w="556" /></phr></stem><stem n="vector&lt;uint64"><phr n="vector&lt;uint64"><ent r="5" t="220" w="574" /></phr></stem><stem n="vector&lt;uint64-t&gt;"><phr n="vector&lt;uint64-t&gt;"><ent r="5" t="220" w="574" /></phr></stem><stem n="vector&lt;float&gt;"><phr n="vector&lt;float&gt;"><ent r="6" t="220" w="593" /></phr></stem><stem n="vector&lt;double&gt;"><phr n="vector&lt;double&gt;"><ent r="6" t="220" w="611" /></phr></stem><stem n="vector&lt;bool&gt;"><phr n="vector&lt;bool&gt;"><ent r="6" t="220" w="629" /></phr></stem><stem n="“true”"><phr n="“true”"><ent r="6" t="220" w="637" /></phr></stem><stem n="“false”"><phr n="“false”"><ent r="6" t="220" w="639" /></phr></stem><stem n="vector&lt;string&gt;"><phr n="vector&lt;string&gt;"><ent r="6" t="220" w="647" /></phr></stem><stem n="vector&lt;filename&gt;"><phr n="vector&lt;Filename&gt;"><ent r="6" t="220" w="662" /></phr></stem></index>