﻿<?xml version="1.0" encoding="utf-8"?><index><stem n="collect"><phr n="collection"><ent r="3" t="0" w="12" /><ent r="3" t="166" w="209" /><ent r="3" t="166" w="220" /><ent r="3" t="167" w="198" /><ent r="3" t="167" w="209" /></phr><phr n="collected"><ent r="3" t="0" w="33" /></phr><phr n="collections"><ent r="3" t="166" w="189" /><ent r="3" t="167" w="179" /></phr></stem><stem n="softwar"><phr n="software"><ent r="3" t="0" w="14" /><ent r="3" t="0" w="97" /><ent r="7" t="104" w="73" /><ent r="3" t="161" w="84" /><ent r="3" t="161" w="163" /><ent r="7" t="209" w="181" /></phr><phr n="Software"><ent r="4" t="155" w="283" /></phr></stem><stem n="tool"><phr n="tools"><ent r="3" t="0" w="15" /><ent r="4" t="159" w="71" /><ent r="4" t="159" w="98" /><ent r="4" t="159" w="167" /><ent r="4" t="159" w="178" /><ent r="3" t="160" w="43" /><ent r="3" t="160" w="86" /><ent r="4" t="160" w="358" /><ent r="4" t="160" w="370" /><ent r="3" t="162" w="1037" /><ent r="3" t="162" w="1517" /><ent r="3" t="162" w="2398" /><ent r="3" t="162" w="2408" /><ent r="3" t="163" w="410" /><ent r="3" t="163" w="2986" /><ent r="3" t="164" w="1598" /><ent r="4" t="165" w="1119" /><ent r="3" t="165" w="1238" /><ent r="4" t="165" w="1524" /><ent r="3" t="166" w="153" /><ent r="3" t="167" w="143" /><ent r="3" t="167" w="1325" /></phr><phr n="Tools"><ent r="5" t="2" w="65" /><ent r="5" t="40" w="44" /><ent r="5" t="41" w="87" /><ent r="5" t="42" w="133" /><ent r="4" t="59" w="39" /><ent r="5" t="60" w="41" /><ent r="5" t="60" w="223" /><ent r="4" t="64" w="60" /><ent r="5" t="67" w="49" /><ent r="5" t="71" w="39" /><ent r="4" t="73" w="120" /><ent r="4" t="77" w="64" /><ent r="4" t="90" w="164" /><ent r="4" t="90" w="256" /><ent r="4" t="91" w="98" /><ent r="4" t="92" w="128" /><ent r="5" t="94" w="133" /><ent r="5" t="95" w="75" /><ent r="5" t="96" w="88" /><ent r="5" t="97" w="89" /><ent r="4" t="103" w="96" /><ent r="5" t="105" w="29" /><ent r="5" t="106" w="43" /><ent r="5" t="107" w="79" /><ent r="3" t="107" w="162" /><ent r="4" t="109" w="56" /><ent r="4" t="111" w="111" /><ent r="5" t="111" w="284" /><ent r="5" t="111" w="564" /><ent r="5" t="119" w="101" /><ent r="5" t="128" w="128" /><ent r="5" t="129" w="120" /><ent r="5" t="130" w="45" /><ent r="5" t="132" w="84" /><ent r="5" t="133" w="84" /><ent r="5" t="134" w="98" /><ent r="5" t="135" w="93" /><ent r="5" t="136" w="84" /><ent r="5" t="137" w="80" /><ent r="5" t="138" w="81" /><ent r="5" t="139" w="91" /><ent r="4" t="154" w="24" /><ent r="5" t="159" w="157" /><ent r="5" t="159" w="182" /><ent r="5" t="160" w="110" /><ent r="4" t="160" w="349" /><ent r="5" t="162" w="680" /><ent r="5" t="162" w="1142" /><ent r="5" t="162" w="2143" /><ent r="5" t="163" w="993" /><ent r="5" t="163" w="1121" /><ent r="5" t="163" w="1217" /><ent r="5" t="163" w="2495" /><ent r="4" t="165" w="1014" /><ent r="5" t="165" w="1106" /><ent r="5" t="169" w="524" /><ent r="5" t="169" w="2075" /><ent r="5" t="170" w="423" /><ent r="5" t="199" w="86" /><ent r="5" t="200" w="75" /></phr><phr n="Tool"><ent r="7" t="8" w="153" /><ent r="68" t="8" w="163" /><ent r="1000" t="51" w="4" /><ent r="100" t="51" w="8" /><ent r="100" t="51" w="13" /><ent r="102" t="51" w="18" /><ent r="3" t="51" w="24" /><ent r="3" t="51" w="59" /><ent r="3" t="75" w="252" /><ent r="5" t="97" w="330" /><ent r="102" t="156" w="24" /><ent r="64" t="161" w="329" /><ent r="1000" t="163" w="4" /><ent r="102" t="163" w="23" /><ent r="4" t="163" w="173" /><ent r="4" t="164" w="868" /><ent r="4" t="165" w="1053" /><ent r="4" t="167" w="851" /><ent r="92" t="177" w="73" /><ent r="3" t="177" w="220" /></phr><phr n="tool"><ent r="3" t="51" w="41" /><ent r="3" t="66" w="68" /><ent r="4" t="97" w="336" /><ent r="3" t="112" w="682" /><ent r="3" t="112" w="712" /><ent r="3" t="155" w="67" /><ent r="3" t="155" w="83" /><ent r="4" t="156" w="60" /><ent r="4" t="157" w="254" /><ent r="4" t="157" w="271" /><ent r="4" t="159" w="120" /><ent r="3" t="162" w="106" /><ent r="3" t="163" w="185" /><ent r="4" t="163" w="983" /><ent r="3" t="164" w="65" /><ent r="3" t="165" w="117" /><ent r="3" t="165" w="774" /><ent r="3" t="177" w="15" /><ent r="3" t="177" w="64" /></phr></stem><stem n="enabl"><phr n="enables"><ent r="3" t="0" w="17" /><ent r="3" t="1" w="79" /><ent r="4" t="20" w="407" /><ent r="3" t="21" w="58" /><ent r="3" t="21" w="334" /><ent r="3" t="21" w="408" /><ent r="3" t="23" w="13" /><ent r="4" t="41" w="208" /><ent r="3" t="43" w="27" /><ent r="3" t="55" w="23" /><ent r="3" t="59" w="17" /><ent r="3" t="62" w="16" /><ent r="3" t="66" w="88" /><ent r="3" t="67" w="17" /><ent r="3" t="67" w="267" /><ent r="3" t="67" w="344" /><ent r="4" t="71" w="58" /><ent r="3" t="72" w="39" /><ent r="5" t="81" w="146" /><ent r="4" t="86" w="124" /><ent r="3" t="86" w="149" /><ent r="3" t="87" w="15" /><ent r="3" t="99" w="26" /><ent r="3" t="99" w="156" /><ent r="3" t="100" w="13" /><ent r="3" t="101" w="13" /><ent r="3" t="102" w="13" /><ent r="4" t="129" w="139" /><ent r="3" t="136" w="18" /><ent r="4" t="137" w="204" /><ent r="4" t="137" w="247" /><ent r="3" t="142" w="276" /><ent r="3" t="144" w="176" /><ent r="3" t="148" w="26" /><ent r="3" t="148" w="295" /><ent r="3" t="162" w="182" /><ent r="3" t="162" w="202" /><ent r="3" t="162" w="224" /><ent r="3" t="162" w="297" /><ent r="4" t="162" w="1472" /><ent r="4" t="162" w="1538" /><ent r="3" t="163" w="134" /><ent r="3" t="163" w="228" /><ent r="3" t="163" w="328" /><ent r="3" t="163" w="364" /><ent r="3" t="163" w="446" /><ent r="4" t="170" w="519" /><ent r="3" t="177" w="17" /><ent r="3" t="190" w="20" /><ent r="3" t="191" w="75" /><ent r="3" t="191" w="89" /><ent r="3" t="192" w="24" /><ent r="3" t="192" w="38" /><ent r="3" t="194" w="24" /><ent r="3" t="194" w="37" /></phr><phr n="Enabled"><ent r="7" t="10" w="84" /></phr><phr n="enable"><ent r="3" t="14" w="25" /><ent r="3" t="60" w="21" /><ent r="3" t="71" w="13" /><ent r="3" t="94" w="102" /><ent r="3" t="96" w="21" /><ent r="3" t="97" w="21" /><ent r="3" t="129" w="94" /><ent r="3" t="130" w="15" /><ent r="3" t="130" w="215" /><ent r="3" t="131" w="13" /><ent r="3" t="132" w="21" /><ent r="4" t="132" w="224" /><ent r="3" t="133" w="21" /><ent r="3" t="134" w="21" /><ent r="3" t="135" w="21" /><ent r="3" t="135" w="157" /><ent r="3" t="135" w="180" /><ent r="3" t="139" w="26" /><ent r="3" t="147" w="21" /><ent r="3" t="150" w="281" /><ent r="3" t="160" w="44" /><ent r="3" t="161" w="132" /><ent r="3" t="165" w="1239" /><ent r="3" t="195" w="16" /><ent r="3" t="199" w="13" /></phr><phr n="Enables"><ent r="4" t="20" w="381" /><ent r="4" t="46" w="85" /><ent r="4" t="46" w="103" /><ent r="4" t="46" w="161" /><ent r="4" t="46" w="170" /><ent r="7" t="80" w="159" /><ent r="7" t="80" w="197" /><ent r="7" t="80" w="246" /><ent r="7" t="80" w="281" /><ent r="5" t="80" w="328" /><ent r="7" t="80" w="343" /><ent r="7" t="80" w="364" /><ent r="5" t="80" w="381" /><ent r="7" t="80" w="402" /><ent r="4" t="93" w="61" /><ent r="4" t="93" w="77" /><ent r="5" t="129" w="157" /><ent r="5" t="129" w="175" /><ent r="5" t="129" w="190" /><ent r="5" t="129" w="204" /><ent r="4" t="145" w="165" /><ent r="5" t="150" w="301" /><ent r="4" t="150" w="329" /><ent r="7" t="172" w="172" /><ent r="7" t="172" w="210" /></phr><phr n="enabled"><ent r="5" t="26" w="480" /><ent r="5" t="26" w="521" /><ent r="4" t="71" w="376" /><ent r="4" t="71" w="396" /><ent r="4" t="92" w="199" /><ent r="4" t="92" w="246" /><ent r="4" t="145" w="591" /><ent r="4" t="150" w="740" /><ent r="3" t="152" w="440" /></phr><phr n="Enable"><ent r="5" t="137" w="198" /><ent r="5" t="145" w="575" /><ent r="5" t="150" w="724" /></phr></stem><stem n="analyst"><phr n="analysts"><ent r="3" t="0" w="18" /><ent r="3" t="161" w="96" /><ent r="3" t="166" w="130" /><ent r="3" t="167" w="120" /></phr><phr n="analyst"><ent r="3" t="0" w="46" /><ent r="3" t="0" w="52" /></phr></stem><stem n="develop"><phr n="develop"><ent r="3" t="0" w="20" /></phr><phr n="developed"><ent r="4" t="152" w="574" /></phr><phr n="Development"><ent r="4" t="155" w="284" /></phr><phr n="developer"><ent r="3" t="166" w="162" /><ent r="3" t="167" w="152" /></phr></stem><stem n="intellig"><phr n="intelligence"><ent r="3" t="0" w="21" /><ent r="3" t="0" w="66" /><ent r="3" t="161" w="95" /></phr></stem><stem n="product"><phr n="products"><ent r="3" t="0" w="22" /><ent r="3" t="0" w="26" /><ent r="3" t="0" w="67" /><ent r="100" t="124" w="9" /><ent r="3" t="130" w="27" /><ent r="3" t="142" w="33" /><ent r="4" t="155" w="248" /><ent r="4" t="155" w="261" /><ent r="3" t="168" w="95" /><ent r="4" t="168" w="168" /><ent r="3" t="168" w="1050" /><ent r="3" t="168" w="1297" /></phr><phr n="product"><ent r="3" t="1" w="464" /><ent r="100" t="27" w="5" /><ent r="100" t="27" w="10" /><ent r="4" t="27" w="19" /><ent r="5" t="27" w="34" /><ent r="3" t="27" w="51" /><ent r="100" t="28" w="10" /><ent r="100" t="28" w="13" /><ent r="64" t="28" w="26" /><ent r="4" t="28" w="72" /><ent r="4" t="28" w="104" /><ent r="4" t="28" w="158" /><ent r="4" t="28" w="229" /><ent r="3" t="55" w="21" /><ent r="3" t="118" w="26" /><ent r="3" t="118" w="29" /><ent r="3" t="118" w="45" /><ent r="3" t="118" w="58" /><ent r="3" t="118" w="79" /><ent r="100" t="119" w="6" /><ent r="100" t="119" w="10" /><ent r="3" t="119" w="24" /><ent r="3" t="119" w="53" /><ent r="3" t="119" w="83" /><ent r="3" t="119" w="87" /><ent r="3" t="119" w="197" /><ent r="100" t="120" w="5" /><ent r="100" t="120" w="10" /><ent r="3" t="120" w="21" /><ent r="3" t="120" w="55" /><ent r="4" t="120" w="87" /><ent r="3" t="121" w="25" /><ent r="3" t="123" w="41" /><ent r="100" t="124" w="11" /><ent r="100" t="124" w="16" /><ent r="3" t="124" w="40" /><ent r="5" t="129" w="169" /><ent r="3" t="130" w="199" /><ent r="3" t="142" w="18" /><ent r="3" t="142" w="46" /><ent r="3" t="142" w="61" /><ent r="3" t="142" w="228" /><ent r="3" t="142" w="256" /><ent r="3" t="142" w="284" /><ent r="3" t="142" w="390" /><ent r="4" t="156" w="89" /><ent r="3" t="158" w="43" /><ent r="3" t="163" w="79" /><ent r="4" t="163" w="125" /><ent r="3" t="163" w="451" /><ent r="3" t="163" w="2770" /><ent r="3" t="163" w="2978" /><ent r="3" t="165" w="495" /><ent r="3" t="166" w="158" /><ent r="3" t="167" w="148" /><ent r="100" t="168" w="5" /><ent r="100" t="168" w="8" /><ent r="3" t="168" w="35" /><ent r="3" t="168" w="45" /><ent r="4" t="168" w="55" /><ent r="4" t="168" w="60" /><ent r="4" t="168" w="65" /><ent r="4" t="168" w="72" /><ent r="4" t="168" w="108" /><ent r="4" t="168" w="130" /><ent r="4" t="168" w="170" /><ent r="4" t="168" w="173" /><ent r="4" t="168" w="178" /><ent r="4" t="168" w="188" /><ent r="4" t="168" w="217" /><ent r="4" t="168" w="221" /><ent r="4" t="168" w="241" /><ent r="4" t="168" w="243" /><ent r="4" t="168" w="254" /><ent r="4" t="168" w="681" /><ent r="4" t="168" w="695" /><ent r="4" t="168" w="755" /><ent r="4" t="168" w="898" /><ent r="3" t="168" w="1016" /><ent r="4" t="168" w="1072" /><ent r="3" t="168" w="1303" /><ent r="3" t="191" w="59" /><ent r="3" t="196" w="33" /></phr><phr n="Product"><ent r="1000" t="27" w="2" /><ent r="102" t="27" w="14" /><ent r="65" t="27" w="94" /><ent r="1000" t="28" w="1" /><ent r="102" t="28" w="5" /><ent r="5" t="28" w="31" /><ent r="5" t="28" w="188" /><ent r="1000" t="118" w="1" /><ent r="100" t="118" w="4" /><ent r="102" t="118" w="7" /><ent r="64" t="118" w="114" /><ent r="64" t="118" w="118" /><ent r="64" t="118" w="133" /><ent r="65" t="118" w="138" /><ent r="1000" t="119" w="4" /><ent r="102" t="119" w="15" /><ent r="3" t="119" w="20" /><ent r="4" t="119" w="49" /><ent r="5" t="119" w="140" /><ent r="64" t="119" w="211" /><ent r="64" t="119" w="216" /><ent r="64" t="119" w="231" /><ent r="65" t="119" w="236" /><ent r="1000" t="120" w="3" /><ent r="102" t="120" w="14" /><ent r="3" t="120" w="17" /><ent r="4" t="120" w="96" /><ent r="64" t="120" w="103" /><ent r="64" t="120" w="109" /><ent r="64" t="120" w="124" /><ent r="64" t="120" w="129" /><ent r="64" t="121" w="79" /><ent r="3" t="122" w="36" /><ent r="64" t="122" w="90" /><ent r="64" t="122" w="96" /><ent r="64" t="122" w="100" /><ent r="64" t="122" w="111" /><ent r="65" t="122" w="116" /><ent r="3" t="123" w="15" /><ent r="64" t="123" w="80" /><ent r="1000" t="124" w="2" /><ent r="102" t="124" w="21" /><ent r="64" t="128" w="52" /><ent r="4" t="130" w="89" /><ent r="1000" t="142" w="1" /><ent r="100" t="142" w="5" /><ent r="100" t="142" w="10" /><ent r="102" t="142" w="13" /><ent r="92" t="142" w="80" /><ent r="4" t="142" w="87" /><ent r="4" t="142" w="100" /><ent r="3" t="142" w="121" /><ent r="3" t="142" w="133" /><ent r="3" t="142" w="147" /><ent r="82" t="142" w="271" /><ent r="4" t="142" w="322" /><ent r="64" t="147" w="45" /><ent r="4" t="155" w="255" /><ent r="64" t="161" w="339" /><ent r="64" t="161" w="374" /><ent r="102" t="163" w="33" /><ent r="4" t="163" w="2910" /><ent r="1000" t="168" w="2" /><ent r="103" t="168" w="11" /><ent r="4" t="168" w="79" /><ent r="4" t="168" w="230" /><ent r="92" t="168" w="503" /><ent r="82" t="168" w="660" /><ent r="5" t="168" w="676" /><ent r="82" t="168" w="758" /><ent r="5" t="168" w="766" /><ent r="92" t="168" w="904" /><ent r="5" t="168" w="965" /><ent r="4" t="168" w="974" /><ent r="92" t="168" w="1009" /><ent r="3" t="168" w="1022" /><ent r="3" t="168" w="1111" /><ent r="3" t="168" w="1171" /><ent r="3" t="168" w="1186" /><ent r="3" t="168" w="1235" /><ent r="3" t="168" w="1261" /></phr><phr n="Products"><ent r="92" t="130" w="188" /></phr><phr n="Production"><ent r="4" t="155" w="279" /></phr></stem><stem n="gener"><phr n="generates"><ent r="3" t="0" w="24" /><ent r="3" t="112" w="647" /></phr><phr n="generate"><ent r="3" t="0" w="65" /><ent r="100" t="39" w="9" /><ent r="4" t="137" w="207" /><ent r="4" t="137" w="250" /><ent r="4" t="145" w="585" /><ent r="4" t="150" w="734" /><ent r="3" t="152" w="268" /><ent r="3" t="152" w="517" /><ent r="3" t="152" w="787" /><ent r="4" t="152" w="994" /></phr><phr n="General"><ent r="64" t="4" w="257" /><ent r="1000" t="16" w="1" /><ent r="102" t="16" w="5" /><ent r="100" t="16" w="9" /><ent r="3" t="16" w="14" /><ent r="3" t="61" w="60" /><ent r="4" t="62" w="90" /><ent r="4" t="71" w="76" /><ent r="92" t="71" w="203" /><ent r="4" t="142" w="348" /><ent r="92" t="144" w="112" /><ent r="65" t="152" w="149" /><ent r="65" t="153" w="67" /><ent r="65" t="156" w="129" /><ent r="4" t="156" w="137" /><ent r="64" t="163" w="478" /><ent r="4" t="163" w="1787" /><ent r="5" t="163" w="1805" /><ent r="5" t="163" w="1812" /><ent r="64" t="164" w="190" /><ent r="5" t="164" w="1019" /><ent r="4" t="164" w="1025" /><ent r="5" t="164" w="1035" /><ent r="64" t="165" w="150" /><ent r="4" t="165" w="377" /><ent r="4" t="165" w="384" /></phr><phr n="Generate"><ent r="67" t="7" w="297" /><ent r="1000" t="39" w="1" /><ent r="102" t="39" w="5" /><ent r="3" t="39" w="59" /><ent r="4" t="39" w="83" /><ent r="64" t="97" w="320" /></phr><phr n="Generic"><ent r="4" t="20" w="126" /><ent r="5" t="20" w="234" /><ent r="5" t="20" w="239" /><ent r="4" t="20" w="257" /><ent r="4" t="22" w="105" /></phr><phr n="general"><ent r="3" t="21" w="391" /><ent r="3" t="67" w="201" /><ent r="3" t="67" w="409" /><ent r="3" t="90" w="73" /><ent r="4" t="129" w="150" /><ent r="4" t="132" w="135" /><ent r="4" t="137" w="131" /><ent r="3" t="141" w="23" /><ent r="3" t="141" w="39" /><ent r="3" t="141" w="60" /><ent r="3" t="151" w="21" /><ent r="3" t="151" w="29" /><ent r="3" t="151" w="163" /><ent r="3" t="161" w="47" /><ent r="3" t="161" w="186" /><ent r="3" t="207" w="494" /></phr><phr n="generally"><ent r="4" t="23" w="88" /><ent r="3" t="197" w="129" /></phr><phr n="generated"><ent r="3" t="90" w="128" /><ent r="5" t="137" w="180" /><ent r="3" t="152" w="246" /><ent r="3" t="152" w="290" /><ent r="3" t="152" w="953" /><ent r="3" t="163" w="2085" /></phr><phr n="Generation"><ent r="5" t="137" w="201" /><ent r="5" t="137" w="243" /><ent r="92" t="145" w="573" /><ent r="5" t="145" w="577" /><ent r="92" t="150" w="722" /><ent r="5" t="150" w="726" /></phr><phr n="generating"><ent r="3" t="152" w="774" /></phr><phr n="generation"><ent r="3" t="155" w="66" /></phr><phr n="Generally"><ent r="3" t="162" w="1416" /></phr></stem><stem n="analyz"><phr n="analyzing"><ent r="3" t="0" w="28" /></phr><phr n="analyze"><ent r="3" t="205" w="24" /></phr></stem><stem n="signatur"><phr n="signatures"><ent r="3" t="0" w="29" /><ent r="3" t="0" w="43" /><ent r="4" t="20" w="214" /><ent r="3" t="33" w="35" /><ent r="3" t="33" w="57" /><ent r="3" t="33" w="77" /><ent r="3" t="34" w="31" /></phr><phr n="signature"><ent r="4" t="20" w="196" /><ent r="3" t="33" w="17" /><ent r="3" t="33" w="80" /><ent r="3" t="33" w="86" /><ent r="3" t="34" w="23" /><ent r="3" t="178" w="45" /></phr><phr n="Signature"><ent r="3" t="33" w="66" /></phr></stem><stem n="data"><phr n="data"><ent r="3" t="0" w="31" /><ent r="3" t="0" w="40" /><ent r="3" t="0" w="60" /><ent r="3" t="0" w="76" /><ent r="7" t="5" w="30" /><ent r="7" t="6" w="101" /><ent r="7" t="6" w="122" /><ent r="7" t="6" w="151" /><ent r="6" t="7" w="155" /><ent r="6" t="7" w="165" /><ent r="6" t="7" w="175" /><ent r="6" t="7" w="187" /><ent r="6" t="7" w="199" /><ent r="6" t="7" w="240" /><ent r="6" t="7" w="256" /><ent r="7" t="7" w="277" /><ent r="3" t="13" w="27" /><ent r="3" t="13" w="30" /><ent r="7" t="13" w="71" /><ent r="100" t="18" w="14" /><ent r="100" t="18" w="17" /><ent r="3" t="18" w="24" /><ent r="3" t="19" w="22" /><ent r="3" t="19" w="34" /><ent r="3" t="19" w="96" /><ent r="3" t="19" w="145" /><ent r="3" t="19" w="185" /><ent r="3" t="20" w="14" /><ent r="64" t="20" w="37" /><ent r="4" t="20" w="96" /><ent r="4" t="20" w="147" /><ent r="4" t="20" w="160" /><ent r="4" t="20" w="200" /><ent r="4" t="20" w="224" /><ent r="4" t="20" w="247" /><ent r="4" t="20" w="339" /><ent r="4" t="20" w="345" /><ent r="4" t="20" w="385" /><ent r="4" t="20" w="417" /><ent r="3" t="21" w="68" /><ent r="64" t="21" w="214" /><ent r="3" t="21" w="226" /><ent r="3" t="21" w="461" /><ent r="100" t="22" w="7" /><ent r="3" t="22" w="40" /><ent r="3" t="22" w="73" /><ent r="3" t="22" w="91" /><ent r="3" t="22" w="120" /><ent r="3" t="23" w="17" /><ent r="4" t="23" w="24" /><ent r="4" t="23" w="77" /><ent r="100" t="24" w="6" /><ent r="100" t="24" w="9" /><ent r="3" t="24" w="20" /><ent r="100" t="25" w="10" /><ent r="100" t="25" w="13" /><ent r="64" t="25" w="27" /><ent r="4" t="25" w="52" /><ent r="4" t="25" w="59" /><ent r="4" t="25" w="84" /><ent r="4" t="25" w="122" /><ent r="4" t="25" w="147" /><ent r="4" t="25" w="170" /><ent r="64" t="26" w="31" /><ent r="4" t="26" w="525" /><ent r="4" t="26" w="551" /><ent r="100" t="27" w="6" /><ent r="100" t="27" w="11" /><ent r="4" t="27" w="20" /><ent r="100" t="28" w="11" /><ent r="100" t="28" w="14" /><ent r="64" t="28" w="27" /><ent r="3" t="31" w="25" /><ent r="3" t="32" w="17" /><ent r="3" t="32" w="44" /><ent r="3" t="32" w="56" /><ent r="3" t="33" w="21" /><ent r="3" t="33" w="45" /><ent r="3" t="33" w="81" /><ent r="3" t="33" w="87" /><ent r="3" t="34" w="25" /><ent r="3" t="36" w="19" /><ent r="7" t="37" w="79" /><ent r="7" t="37" w="92" /><ent r="7" t="37" w="103" /><ent r="7" t="37" w="116" /><ent r="7" t="37" w="129" /><ent r="7" t="37" w="171" /><ent r="7" t="37" w="185" /><ent r="4" t="38" w="191" /><ent r="3" t="40" w="25" /><ent r="4" t="40" w="83" /><ent r="100" t="41" w="4" /><ent r="3" t="41" w="28" /><ent r="3" t="41" w="74" /><ent r="4" t="41" w="122" /><ent r="4" t="41" w="129" /><ent r="4" t="41" w="274" /><ent r="4" t="41" w="281" /><ent r="3" t="42" w="85" /><ent r="4" t="42" w="117" /><ent r="3" t="44" w="128" /><ent r="4" t="46" w="127" /><ent r="3" t="50" w="30" /><ent r="7" t="51" w="187" /><ent r="7" t="51" w="198" /><ent r="3" t="59" w="158" /><ent r="3" t="63" w="50" /><ent r="3" t="63" w="79" /><ent r="3" t="63" w="96" /><ent r="3" t="64" w="42" /><ent r="3" t="64" w="95" /><ent r="4" t="64" w="103" /><ent r="4" t="64" w="151" /><ent r="3" t="68" w="122" /><ent r="4" t="73" w="190" /><ent r="7" t="80" w="137" /><ent r="5" t="81" w="142" /><ent r="5" t="81" w="159" /><ent r="100" t="89" w="10" /><ent r="100" t="89" w="15" /><ent r="3" t="89" w="26" /><ent r="3" t="89" w="34" /><ent r="3" t="90" w="30" /><ent r="3" t="90" w="41" /><ent r="6" t="94" w="49" /><ent r="6" t="96" w="45" /><ent r="4" t="96" w="296" /><ent r="6" t="97" w="46" /><ent r="3" t="98" w="18" /><ent r="3" t="98" w="61" /><ent r="3" t="98" w="100" /><ent r="3" t="98" w="183" /><ent r="3" t="98" w="204" /><ent r="3" t="98" w="215" /><ent r="3" t="98" w="275" /><ent r="3" t="98" w="334" /><ent r="4" t="98" w="369" /><ent r="4" t="98" w="380" /><ent r="3" t="98" w="480" /><ent r="3" t="101" w="34" /><ent r="3" t="103" w="351" /><ent r="8" t="112" w="438" /><ent r="8" t="112" w="454" /><ent r="8" t="112" w="470" /><ent r="8" t="112" w="516" /><ent r="3" t="118" w="37" /><ent r="3" t="120" w="43" /><ent r="3" t="120" w="69" /><ent r="3" t="120" w="74" /><ent r="3" t="122" w="31" /><ent r="4" t="122" w="69" /><ent r="3" t="125" w="24" /><ent r="4" t="125" w="38" /><ent r="3" t="125" w="74" /><ent r="3" t="128" w="13" /><ent r="3" t="128" w="32" /><ent r="3" t="128" w="42" /><ent r="6" t="129" w="56" /><ent r="6" t="132" w="43" /><ent r="6" t="133" w="43" /><ent r="6" t="134" w="43" /><ent r="6" t="135" w="50" /><ent r="6" t="136" w="42" /><ent r="6" t="137" w="39" /><ent r="5" t="137" w="178" /><ent r="5" t="137" w="192" /><ent r="5" t="137" w="196" /><ent r="4" t="137" w="496" /><ent r="4" t="137" w="501" /><ent r="4" t="137" w="546" /><ent r="4" t="137" w="563" /><ent r="4" t="137" w="576" /><ent r="4" t="137" w="600" /><ent r="4" t="137" w="632" /><ent r="4" t="137" w="897" /><ent r="4" t="137" w="902" /><ent r="4" t="137" w="947" /><ent r="4" t="137" w="964" /><ent r="4" t="137" w="977" /><ent r="4" t="137" w="1001" /><ent r="4" t="137" w="1033" /><ent r="6" t="138" w="39" /><ent r="4" t="138" w="395" /><ent r="4" t="138" w="419" /><ent r="4" t="138" w="436" /><ent r="4" t="138" w="449" /><ent r="4" t="138" w="473" /><ent r="4" t="138" w="504" /><ent r="6" t="139" w="49" /><ent r="3" t="140" w="24" /><ent r="3" t="140" w="35" /><ent r="3" t="140" w="122" /><ent r="5" t="140" w="256" /><ent r="3" t="140" w="294" /><ent r="3" t="141" w="24" /><ent r="3" t="141" w="26" /><ent r="3" t="141" w="40" /><ent r="3" t="141" w="43" /><ent r="3" t="141" w="61" /><ent r="3" t="141" w="68" /><ent r="3" t="141" w="184" /><ent r="3" t="141" w="286" /><ent r="3" t="141" w="330" /><ent r="3" t="141" w="343" /><ent r="3" t="142" w="26" /><ent r="4" t="145" w="185" /><ent r="5" t="145" w="265" /><ent r="5" t="145" w="270" /><ent r="5" t="145" w="315" /><ent r="5" t="145" w="332" /><ent r="5" t="145" w="345" /><ent r="5" t="145" w="369" /><ent r="5" t="145" w="401" /><ent r="4" t="145" w="610" /><ent r="3" t="146" w="55" /><ent r="3" t="146" w="61" /><ent r="3" t="148" w="43" /><ent r="3" t="148" w="272" /><ent r="3" t="150" w="32" /><ent r="3" t="150" w="104" /><ent r="5" t="150" w="247" /><ent r="5" t="150" w="258" /><ent r="5" t="150" w="263" /><ent r="5" t="150" w="307" /><ent r="5" t="150" w="312" /><ent r="4" t="150" w="338" /><ent r="5" t="150" w="414" /><ent r="5" t="150" w="419" /><ent r="5" t="150" w="464" /><ent r="5" t="150" w="481" /><ent r="5" t="150" w="494" /><ent r="5" t="150" w="518" /><ent r="5" t="150" w="550" /><ent r="4" t="150" w="759" /><ent r="3" t="152" w="17" /><ent r="3" t="152" w="28" /><ent r="3" t="152" w="54" /><ent r="3" t="152" w="63" /><ent r="3" t="152" w="72" /><ent r="3" t="152" w="84" /><ent r="3" t="152" w="111" /><ent r="3" t="152" w="123" /><ent r="3" t="152" w="126" /><ent r="4" t="152" w="583" /><ent r="4" t="152" w="600" /><ent r="4" t="152" w="612" /><ent r="3" t="152" w="671" /><ent r="3" t="152" w="691" /><ent r="3" t="152" w="877" /><ent r="3" t="152" w="944" /><ent r="3" t="153" w="32" /><ent r="3" t="153" w="47" /><ent r="3" t="155" w="42" /><ent r="3" t="155" w="96" /><ent r="3" t="155" w="120" /><ent r="4" t="155" w="145" /><ent r="4" t="155" w="187" /><ent r="4" t="155" w="203" /><ent r="4" t="155" w="229" /><ent r="3" t="156" w="40" /><ent r="3" t="156" w="45" /><ent r="4" t="156" w="53" /><ent r="4" t="156" w="71" /><ent r="4" t="156" w="93" /><ent r="4" t="156" w="98" /><ent r="4" t="156" w="170" /><ent r="4" t="156" w="180" /><ent r="3" t="156" w="247" /><ent r="3" t="157" w="17" /><ent r="3" t="157" w="57" /><ent r="4" t="159" w="312" /><ent r="4" t="159" w="335" /><ent r="64" t="160" w="16" /><ent r="4" t="160" w="105" /><ent r="3" t="161" w="194" /><ent r="3" t="162" w="33" /><ent r="3" t="162" w="39" /><ent r="3" t="162" w="50" /><ent r="4" t="162" w="78" /><ent r="3" t="162" w="129" /><ent r="3" t="162" w="186" /><ent r="3" t="162" w="231" /><ent r="3" t="162" w="244" /><ent r="3" t="162" w="248" /><ent r="3" t="162" w="254" /><ent r="3" t="162" w="267" /><ent r="3" t="162" w="269" /><ent r="3" t="162" w="276" /><ent r="3" t="162" w="640" /><ent r="3" t="162" w="651" /><ent r="3" t="162" w="701" /><ent r="3" t="162" w="764" /><ent r="3" t="162" w="803" /><ent r="3" t="162" w="814" /><ent r="3" t="162" w="818" /><ent r="3" t="162" w="975" /><ent r="4" t="162" w="1073" /><ent r="4" t="162" w="1088" /><ent r="4" t="162" w="1101" /><ent r="4" t="162" w="1119" /><ent r="3" t="162" w="1184" /><ent r="3" t="162" w="1188" /><ent r="3" t="162" w="1210" /><ent r="3" t="162" w="1280" /><ent r="3" t="162" w="1311" /><ent r="3" t="162" w="1414" /><ent r="3" t="162" w="1446" /><ent r="4" t="162" w="1477" /><ent r="3" t="162" w="1524" /><ent r="4" t="162" w="1804" /><ent r="4" t="162" w="1816" /><ent r="4" t="162" w="1916" /><ent r="4" t="162" w="1939" /><ent r="3" t="163" w="89" /><ent r="3" t="163" w="144" /><ent r="3" t="163" w="159" /><ent r="3" t="163" w="243" /><ent r="3" t="163" w="267" /><ent r="3" t="163" w="292" /><ent r="3" t="163" w="398" /><ent r="4" t="163" w="698" /><ent r="4" t="163" w="702" /><ent r="4" t="163" w="712" /><ent r="3" t="163" w="724" /><ent r="3" t="163" w="814" /><ent r="4" t="163" w="1064" /><ent r="4" t="163" w="1087" /><ent r="3" t="163" w="1206" /><ent r="4" t="163" w="1598" /><ent r="4" t="163" w="1612" /><ent r="4" t="163" w="1616" /><ent r="4" t="163" w="2095" /><ent r="4" t="163" w="2183" /><ent r="4" t="163" w="2288" /><ent r="3" t="163" w="2342" /><ent r="3" t="163" w="2346" /><ent r="3" t="163" w="2351" /><ent r="4" t="163" w="2378" /><ent r="4" t="163" w="2399" /><ent r="3" t="163" w="2967" /><ent r="4" t="164" w="97" /><ent r="3" t="164" w="159" /><ent r="3" t="164" w="168" /><ent r="4" t="164" w="414" /><ent r="5" t="164" w="1104" /><ent r="5" t="164" w="1168" /><ent r="4" t="164" w="1254" /><ent r="4" t="164" w="1503" /><ent r="3" t="165" w="73" /><ent r="3" t="165" w="121" /><ent r="4" t="165" w="352" /><ent r="4" t="165" w="421" /><ent r="4" t="165" w="439" /><ent r="4" t="165" w="456" /><ent r="3" t="165" w="475" /><ent r="3" t="165" w="489" /><ent r="3" t="165" w="501" /><ent r="3" t="165" w="526" /><ent r="3" t="165" w="536" /><ent r="3" t="165" w="725" /><ent r="3" t="165" w="762" /><ent r="4" t="165" w="1136" /><ent r="4" t="165" w="1175" /><ent r="3" t="165" w="1189" /><ent r="3" t="165" w="1228" /><ent r="4" t="165" w="1497" /><ent r="3" t="166" w="143" /><ent r="3" t="166" w="360" /><ent r="3" t="166" w="374" /><ent r="4" t="166" w="660" /><ent r="3" t="166" w="740" /><ent r="3" t="166" w="1152" /><ent r="3" t="166" w="1172" /><ent r="3" t="166" w="1195" /><ent r="3" t="167" w="133" /><ent r="3" t="167" w="347" /><ent r="3" t="167" w="361" /><ent r="4" t="167" w="663" /><ent r="4" t="167" w="714" /><ent r="4" t="167" w="755" /><ent r="3" t="168" w="88" /><ent r="4" t="168" w="180" /><ent r="4" t="168" w="686" /><ent r="4" t="168" w="749" /><ent r="4" t="168" w="1001" /><ent r="3" t="169" w="147" /><ent r="3" t="169" w="176" /><ent r="4" t="169" w="2062" /><ent r="3" t="177" w="25" /><ent r="3" t="177" w="104" /><ent r="3" t="177" w="165" /><ent r="3" t="177" w="181" /><ent r="3" t="177" w="203" /><ent r="3" t="177" w="234" /><ent r="3" t="177" w="389" /><ent r="3" t="178" w="41" /><ent r="7" t="178" w="174" /><ent r="7" t="178" w="180" /><ent r="7" t="178" w="188" /><ent r="7" t="178" w="303" /><ent r="7" t="178" w="354" /><ent r="7" t="178" w="366" /><ent r="7" t="178" w="382" /><ent r="3" t="178" w="737" /><ent r="3" t="187" w="23" /><ent r="3" t="187" w="36" /><ent r="3" t="187" w="173" /><ent r="3" t="187" w="207" /><ent r="3" t="187" w="225" /><ent r="3" t="187" w="247" /><ent r="4" t="187" w="346" /><ent r="4" t="187" w="352" /><ent r="4" t="187" w="373" /><ent r="4" t="187" w="410" /><ent r="4" t="187" w="414" /><ent r="4" t="187" w="430" /><ent r="4" t="187" w="454" /><ent r="4" t="187" w="463" /><ent r="4" t="187" w="499" /><ent r="4" t="187" w="535" /><ent r="4" t="187" w="543" /><ent r="4" t="187" w="594" /><ent r="4" t="187" w="615" /><ent r="3" t="187" w="665" /><ent r="3" t="187" w="682" /><ent r="3" t="189" w="19" /><ent r="3" t="190" w="29" /><ent r="3" t="191" w="23" /><ent r="3" t="191" w="31" /><ent r="64" t="191" w="43" /><ent r="3" t="191" w="47" /><ent r="3" t="191" w="98" /><ent r="4" t="191" w="304" /><ent r="5" t="197" w="99" /><ent r="3" t="197" w="109" /><ent r="4" t="202" w="76" /><ent r="4" t="202" w="88" /><ent r="3" t="205" w="31" /><ent r="4" t="206" w="28" /><ent r="4" t="206" w="33" /><ent r="4" t="206" w="78" /><ent r="4" t="206" w="95" /><ent r="4" t="206" w="108" /><ent r="4" t="206" w="132" /><ent r="4" t="206" w="164" /><ent r="3" t="207" w="94" /><ent r="3" t="207" w="105" /><ent r="3" t="207" w="402" /><ent r="3" t="207" w="481" /></phr><phr n="Data"><ent r="68" t="5" w="38" /><ent r="64" t="16" w="24" /><ent r="1000" t="18" w="2" /><ent r="102" t="18" w="11" /><ent r="5" t="18" w="48" /><ent r="4" t="18" w="63" /><ent r="64" t="18" w="196" /><ent r="3" t="19" w="155" /><ent r="64" t="20" w="451" /><ent r="5" t="21" w="247" /><ent r="1000" t="22" w="4" /><ent r="102" t="22" w="13" /><ent r="5" t="23" w="38" /><ent r="1000" t="24" w="2" /><ent r="102" t="24" w="14" /><ent r="64" t="24" w="85" /><ent r="64" t="24" w="139" /><ent r="1000" t="25" w="1" /><ent r="102" t="25" w="5" /><ent r="1000" t="27" w="3" /><ent r="102" t="27" w="15" /><ent r="65" t="27" w="95" /><ent r="1000" t="28" w="2" /><ent r="102" t="28" w="6" /><ent r="64" t="31" w="53" /><ent r="65" t="31" w="72" /><ent r="64" t="77" w="245" /><ent r="68" t="80" w="143" /><ent r="1000" t="89" w="5" /><ent r="102" t="89" w="21" /><ent r="65" t="118" w="139" /><ent r="65" t="119" w="237" /><ent r="64" t="120" w="130" /><ent r="65" t="122" w="117" /><ent r="3" t="140" w="146" /><ent r="4" t="140" w="243" /><ent r="64" t="140" w="379" /><ent r="1000" t="141" w="1" /><ent r="100" t="141" w="5" /><ent r="100" t="141" w="10" /><ent r="102" t="141" w="13" /><ent r="3" t="141" w="18" /><ent r="3" t="141" w="76" /><ent r="3" t="141" w="118" /><ent r="92" t="141" w="175" /><ent r="3" t="141" w="179" /><ent r="3" t="141" w="324" /><ent r="5" t="152" w="561" /><ent r="1000" t="155" w="5" /><ent r="100" t="155" w="12" /><ent r="100" t="155" w="21" /><ent r="102" t="155" w="28" /><ent r="3" t="155" w="37" /><ent r="4" t="155" w="134" /><ent r="4" t="155" w="141" /><ent r="64" t="155" w="317" /><ent r="1000" t="156" w="5" /><ent r="100" t="156" w="12" /><ent r="102" t="156" w="22" /><ent r="3" t="156" w="30" /><ent r="4" t="156" w="58" /><ent r="4" t="156" w="76" /><ent r="4" t="156" w="107" /><ent r="4" t="156" w="116" /><ent r="5" t="156" w="143" /><ent r="4" t="156" w="151" /><ent r="5" t="156" w="160" /><ent r="4" t="156" w="175" /><ent r="4" t="156" w="185" /><ent r="4" t="156" w="278" /><ent r="3" t="157" w="167" /><ent r="3" t="158" w="16" /><ent r="4" t="159" w="111" /><ent r="5" t="159" w="183" /><ent r="4" t="160" w="390" /><ent r="64" t="161" w="357" /><ent r="92" t="162" w="526" /><ent r="5" t="162" w="539" /><ent r="92" t="162" w="2075" /><ent r="5" t="162" w="2345" /><ent r="92" t="163" w="716" /><ent r="4" t="163" w="2235" /><ent r="4" t="163" w="2273" /><ent r="4" t="163" w="2383" /><ent r="4" t="163" w="2419" /><ent r="4" t="163" w="2433" /><ent r="92" t="163" w="2765" /><ent r="5" t="164" w="401" /><ent r="3" t="164" w="430" /><ent r="6" t="164" w="1205" /><ent r="1000" t="165" w="4" /><ent r="100" t="165" w="11" /><ent r="102" t="165" w="21" /><ent r="3" t="165" w="60" /><ent r="4" t="165" w="81" /><ent r="4" t="165" w="110" /><ent r="5" t="165" w="390" /><ent r="4" t="165" w="398" /><ent r="3" t="165" w="406" /><ent r="4" t="165" w="416" /><ent r="4" t="165" w="444" /><ent r="4" t="165" w="461" /><ent r="3" t="165" w="480" /><ent r="3" t="165" w="511" /><ent r="3" t="165" w="520" /><ent r="3" t="165" w="579" /><ent r="3" t="165" w="641" /><ent r="4" t="165" w="698" /><ent r="4" t="165" w="780" /><ent r="3" t="165" w="877" /><ent r="4" t="165" w="889" /><ent r="4" t="165" w="949" /><ent r="3" t="165" w="1208" /><ent r="4" t="165" w="1352" /><ent r="4" t="165" w="1488" /><ent r="3" t="165" w="1557" /><ent r="5" t="166" w="639" /><ent r="5" t="167" w="624" /><ent r="5" t="167" w="1168" /><ent r="5" t="168" w="514" /><ent r="5" t="168" w="536" /><ent r="5" t="168" w="917" /><ent r="5" t="168" w="945" /><ent r="5" t="169" w="574" /><ent r="4" t="169" w="675" /><ent r="4" t="169" w="693" /><ent r="3" t="169" w="846" /><ent r="3" t="169" w="864" /><ent r="4" t="169" w="943" /><ent r="3" t="169" w="1153" /><ent r="3" t="169" w="1159" /><ent r="3" t="169" w="1164" /><ent r="3" t="169" w="1184" /><ent r="3" t="169" w="1203" /><ent r="3" t="169" w="1229" /><ent r="7" t="169" w="1418" /><ent r="7" t="169" w="1421" /><ent r="7" t="169" w="1428" /><ent r="3" t="169" w="1630" /><ent r="7" t="170" w="1080" /><ent r="7" t="170" w="1145" /><ent r="7" t="170" w="1148" /><ent r="7" t="170" w="1154" /><ent r="3" t="170" w="1162" /><ent r="3" t="170" w="1171" /><ent r="3" t="170" w="1378" /><ent r="82" t="177" w="151" /><ent r="92" t="177" w="224" /><ent r="5" t="179" w="78" /><ent r="1000" t="187" w="1" /><ent r="102" t="187" w="4" /><ent r="100" t="187" w="9" /><ent r="100" t="187" w="12" /><ent r="3" t="187" w="18" /><ent r="4" t="187" w="513" /><ent r="3" t="187" w="632" /><ent r="64" t="188" w="41" /><ent r="64" t="189" w="39" /><ent r="64" t="190" w="127" /><ent r="5" t="198" w="150" /><ent r="5" t="198" w="230" /><ent r="5" t="198" w="240" /><ent r="5" t="198" w="250" /><ent r="5" t="198" w="260" /><ent r="5" t="198" w="270" /><ent r="5" t="198" w="280" /><ent r="5" t="198" w="290" /><ent r="5" t="198" w="300" /><ent r="64" t="202" w="14" /><ent r="64" t="211" w="18" /></phr></stem></index>