﻿<?xml version="1.0" encoding="utf-8"?><index><stem n="modifi"><phr n="modify"><ent r="3" t="1" w="246" /><ent r="3" t="4" w="44" /><ent r="3" t="43" w="404" /><ent r="3" t="56" w="40" /><ent r="7" t="82" w="405" /><ent r="3" t="145" w="214" /><ent r="3" t="146" w="27" /><ent r="4" t="163" w="249" /><ent r="3" t="165" w="189" /><ent r="3" t="168" w="1384" /><ent r="4" t="190" w="452" /></phr><phr n="modified"><ent r="4" t="47" w="135" /></phr><phr n="Modify"><ent r="4" t="211" w="52" /><ent r="5" t="211" w="165" /><ent r="5" t="211" w="226" /><ent r="5" t="211" w="294" /></phr></stem><stem n="object"><phr n="objects"><ent r="3" t="1" w="247" /><ent r="6" t="3" w="26" /><ent r="3" t="4" w="45" /><ent r="7" t="5" w="74" /><ent r="7" t="5" w="110" /><ent r="7" t="8" w="125" /><ent r="6" t="11" w="138" /><ent r="6" t="11" w="145" /><ent r="4" t="20" w="134" /><ent r="3" t="56" w="41" /><ent r="3" t="57" w="31" /><ent r="5" t="57" w="41" /><ent r="3" t="57" w="91" /><ent r="3" t="57" w="120" /><ent r="3" t="57" w="155" /><ent r="3" t="57" w="177" /><ent r="3" t="57" w="217" /><ent r="3" t="57" w="228" /><ent r="4" t="58" w="18" /><ent r="4" t="58" w="66" /><ent r="3" t="63" w="44" /><ent r="3" t="119" w="49" /><ent r="3" t="119" w="76" /><ent r="3" t="120" w="179" /><ent r="3" t="121" w="35" /><ent r="3" t="122" w="22" /><ent r="3" t="122" w="33" /><ent r="3" t="145" w="37" /><ent r="3" t="145" w="305" /><ent r="3" t="150" w="28" /><ent r="3" t="161" w="85" /><ent r="3" t="166" w="427" /><ent r="3" t="170" w="798" /><ent r="3" t="171" w="99" /><ent r="4" t="171" w="127" /><ent r="4" t="171" w="139" /><ent r="6" t="210" w="106" /></phr><phr n="object"><ent r="7" t="5" w="65" /><ent r="7" t="5" w="104" /><ent r="7" t="8" w="146" /><ent r="7" t="11" w="165" /><ent r="7" t="11" w="177" /><ent r="7" t="11" w="187" /><ent r="6" t="11" w="342" /><ent r="7" t="13" w="107" /><ent r="3" t="55" w="152" /><ent r="3" t="55" w="164" /><ent r="3" t="55" w="180" /><ent r="3" t="57" w="78" /><ent r="3" t="57" w="83" /><ent r="3" t="57" w="104" /><ent r="3" t="57" w="130" /><ent r="3" t="57" w="145" /><ent r="3" t="57" w="197" /><ent r="3" t="57" w="207" /><ent r="4" t="58" w="58" /><ent r="4" t="58" w="83" /><ent r="3" t="58" w="88" /><ent r="4" t="58" w="92" /><ent r="4" t="58" w="151" /><ent r="4" t="58" w="159" /><ent r="4" t="58" w="170" /><ent r="4" t="58" w="189" /><ent r="4" t="58" w="217" /><ent r="4" t="58" w="253" /><ent r="4" t="58" w="259" /><ent r="4" t="59" w="78" /><ent r="4" t="60" w="72" /><ent r="5" t="83" w="186" /><ent r="3" t="94" w="59" /><ent r="3" t="94" w="66" /><ent r="3" t="121" w="63" /><ent r="3" t="123" w="33" /><ent r="3" t="123" w="46" /><ent r="3" t="123" w="63" /><ent r="4" t="123" w="71" /><ent r="4" t="134" w="151" /><ent r="4" t="134" w="171" /><ent r="3" t="150" w="137" /><ent r="3" t="150" w="141" /><ent r="3" t="166" w="416" /><ent r="4" t="166" w="1670" /><ent r="4" t="166" w="1751" /><ent r="4" t="166" w="2406" /><ent r="4" t="171" w="810" /><ent r="3" t="175" w="29" /><ent r="6" t="210" w="77" /><ent r="6" t="210" w="116" /><ent r="6" t="210" w="181" /><ent r="6" t="210" w="234" /><ent r="6" t="210" w="326" /><ent r="6" t="210" w="350" /><ent r="6" t="210" w="518" /><ent r="6" t="210" w="639" /><ent r="6" t="210" w="665" /></phr><phr n="Object"><ent r="7" t="8" w="74" /><ent r="3" t="58" w="37" /><ent r="4" t="58" w="49" /><ent r="4" t="60" w="58" /><ent r="3" t="61" w="125" /><ent r="3" t="61" w="140" /><ent r="5" t="64" w="58" /><ent r="4" t="166" w="2580" /><ent r="4" t="166" w="2665" /><ent r="4" t="167" w="960" /><ent r="3" t="171" w="580" /><ent r="3" t="171" w="1093" /><ent r="4" t="171" w="1221" /><ent r="3" t="175" w="20" /><ent r="6" t="210" w="404" /></phr><phr n="Objects"><ent r="64" t="11" w="78" /><ent r="68" t="11" w="190" /><ent r="68" t="11" w="197" /><ent r="68" t="11" w="291" /><ent r="68" t="11" w="305" /><ent r="68" t="11" w="319" /><ent r="64" t="56" w="96" /><ent r="1000" t="58" w="4" /><ent r="102" t="58" w="9" /><ent r="100" t="58" w="12" /><ent r="65" t="58" w="70" /><ent r="64" t="59" w="138" /><ent r="4" t="60" w="64" /><ent r="64" t="60" w="336" /><ent r="64" t="150" w="160" /><ent r="3" t="166" w="404" /><ent r="1000" t="175" w="2" /><ent r="100" t="175" w="5" /><ent r="102" t="175" w="8" /><ent r="64" t="175" w="39" /><ent r="1000" t="210" w="4" /><ent r="100" t="210" w="7" /><ent r="102" t="210" w="13" /><ent r="6" t="210" w="23" /></phr><phr n="Objective"><ent r="3" t="164" w="52" /><ent r="4" t="165" w="21" /><ent r="4" t="166" w="38" /><ent r="4" t="167" w="27" /><ent r="4" t="168" w="29" /><ent r="4" t="169" w="19" /><ent r="4" t="170" w="22" /><ent r="4" t="171" w="19" /><ent r="4" t="172" w="17" /><ent r="4" t="173" w="25" /></phr></stem><stem n="line"><phr n="lines"><ent r="3" t="1" w="248" /><ent r="3" t="4" w="46" /><ent r="3" t="56" w="42" /><ent r="3" t="147" w="123" /><ent r="3" t="147" w="131" /><ent r="3" t="147" w="160" /><ent r="3" t="169" w="245" /><ent r="3" t="170" w="234" /><ent r="3" t="170" w="792" /><ent r="3" t="172" w="282" /><ent r="3" t="172" w="310" /><ent r="7" t="181" w="103" /><ent r="7" t="181" w="107" /><ent r="3" t="181" w="722" /><ent r="6" t="220" w="387" /><ent r="6" t="220" w="406" /><ent r="6" t="220" w="424" /><ent r="6" t="220" w="443" /><ent r="6" t="220" w="461" /><ent r="6" t="220" w="480" /><ent r="6" t="220" w="498" /><ent r="6" t="220" w="517" /><ent r="5" t="220" w="536" /><ent r="5" t="220" w="554" /><ent r="5" t="220" w="572" /><ent r="5" t="220" w="591" /><ent r="6" t="220" w="609" /><ent r="6" t="220" w="627" /><ent r="6" t="220" w="645" /><ent r="6" t="220" w="660" /><ent r="6" t="220" w="684" /></phr><phr n="line"><ent r="7" t="11" w="285" /><ent r="7" t="11" w="299" /><ent r="3" t="19" w="51" /><ent r="7" t="52" w="119" /><ent r="7" t="52" w="127" /><ent r="7" t="52" w="132" /><ent r="7" t="52" w="156" /><ent r="7" t="52" w="182" /><ent r="7" t="52" w="193" /><ent r="3" t="58" w="184" /><ent r="4" t="58" w="200" /><ent r="4" t="58" w="206" /><ent r="3" t="58" w="212" /><ent r="3" t="93" w="37" /><ent r="3" t="117" w="86" /><ent r="3" t="117" w="106" /><ent r="4" t="117" w="138" /><ent r="4" t="117" w="151" /><ent r="4" t="134" w="155" /><ent r="4" t="138" w="168" /><ent r="3" t="147" w="141" /><ent r="3" t="166" w="1902" /><ent r="3" t="166" w="1927" /><ent r="4" t="166" w="2634" /><ent r="3" t="166" w="2650" /><ent r="3" t="168" w="1402" /><ent r="3" t="169" w="1092" /><ent r="3" t="169" w="1121" /><ent r="6" t="172" w="1463" /><ent r="3" t="173" w="1213" /><ent r="7" t="175" w="63" /><ent r="7" t="175" w="90" /><ent r="7" t="175" w="163" /><ent r="7" t="181" w="98" /><ent r="7" t="181" w="317" /><ent r="7" t="181" w="405" /><ent r="6" t="210" w="284" /><ent r="6" t="210" w="346" /><ent r="6" t="210" w="396" /><ent r="6" t="210" w="438" /><ent r="6" t="210" w="477" /><ent r="6" t="220" w="374" /><ent r="6" t="220" w="393" /><ent r="6" t="220" w="411" /><ent r="6" t="220" w="430" /><ent r="6" t="220" w="448" /><ent r="6" t="220" w="467" /><ent r="6" t="220" w="485" /><ent r="6" t="220" w="504" /><ent r="5" t="220" w="523" /><ent r="5" t="220" w="541" /><ent r="5" t="220" w="559" /><ent r="5" t="220" w="578" /><ent r="6" t="220" w="596" /><ent r="6" t="220" w="614" /><ent r="6" t="220" w="632" /><ent r="6" t="220" w="650" /><ent r="6" t="220" w="665" /></phr><phr n="Line"><ent r="92" t="19" w="42" /><ent r="4" t="58" w="228" /><ent r="5" t="138" w="160" /><ent r="4" t="145" w="358" /><ent r="4" t="166" w="2639" /><ent r="3" t="166" w="2656" /><ent r="5" t="169" w="848" /><ent r="6" t="210" w="145" /><ent r="6" t="210" w="338" /><ent r="6" t="210" w="367" /><ent r="6" t="210" w="386" /><ent r="6" t="210" w="388" /><ent r="6" t="210" w="422" /><ent r="6" t="210" w="424" /><ent r="6" t="210" w="448" /><ent r="6" t="210" w="463" /><ent r="6" t="210" w="465" /><ent r="6" t="210" w="483" /><ent r="6" t="210" w="502" /><ent r="6" t="210" w="529" /></phr></stem><stem n="text"><phr n="text"><ent r="3" t="1" w="250" /><ent r="3" t="4" w="48" /><ent r="7" t="8" w="239" /><ent r="7" t="11" w="208" /><ent r="7" t="11" w="222" /><ent r="7" t="11" w="234" /><ent r="7" t="11" w="245" /><ent r="7" t="11" w="256" /><ent r="7" t="11" w="270" /><ent r="7" t="13" w="102" /><ent r="7" t="14" w="357" /><ent r="6" t="14" w="377" /><ent r="6" t="14" w="414" /><ent r="4" t="26" w="77" /><ent r="3" t="32" w="71" /><ent r="3" t="56" w="44" /><ent r="3" t="58" w="146" /><ent r="100" t="60" w="7" /><ent r="3" t="60" w="25" /><ent r="4" t="60" w="71" /><ent r="4" t="60" w="84" /><ent r="4" t="60" w="90" /><ent r="4" t="60" w="97" /><ent r="3" t="60" w="107" /><ent r="4" t="60" w="112" /><ent r="4" t="60" w="128" /><ent r="3" t="60" w="166" /><ent r="4" t="60" w="171" /><ent r="4" t="60" w="179" /><ent r="4" t="60" w="190" /><ent r="4" t="60" w="212" /><ent r="4" t="60" w="259" /><ent r="3" t="60" w="296" /><ent r="4" t="60" w="305" /><ent r="3" t="91" w="41" /><ent r="4" t="130" w="560" /><ent r="4" t="134" w="188" /><ent r="4" t="138" w="183" /><ent r="3" t="145" w="304" /><ent r="4" t="145" w="352" /><ent r="4" t="145" w="367" /><ent r="3" t="147" w="182" /><ent r="3" t="165" w="1500" /><ent r="3" t="166" w="2685" /><ent r="3" t="166" w="2694" /><ent r="3" t="166" w="2708" /><ent r="3" t="166" w="2716" /><ent r="4" t="166" w="2729" /><ent r="4" t="166" w="2750" /><ent r="3" t="169" w="1097" /><ent r="4" t="170" w="1049" /><ent r="3" t="171" w="611" /><ent r="3" t="171" w="652" /><ent r="4" t="171" w="795" /><ent r="3" t="171" w="1239" /><ent r="3" t="171" w="1255" /><ent r="3" t="174" w="28" /><ent r="7" t="175" w="178" /><ent r="5" t="175" w="259" /><ent r="3" t="181" w="27" /><ent r="7" t="181" w="496" /><ent r="3" t="198" w="260" /><ent r="6" t="210" w="261" /><ent r="6" t="210" w="560" /><ent r="6" t="210" w="593" /><ent r="6" t="210" w="596" /><ent r="6" t="220" w="41" /><ent r="6" t="220" w="54" /><ent r="6" t="220" w="66" /><ent r="6" t="220" w="79" /><ent r="6" t="220" w="91" /><ent r="6" t="220" w="104" /><ent r="6" t="220" w="116" /><ent r="6" t="220" w="129" /><ent r="5" t="220" w="142" /><ent r="5" t="220" w="154" /><ent r="5" t="220" w="166" /><ent r="5" t="220" w="179" /><ent r="6" t="220" w="191" /><ent r="6" t="220" w="203" /><ent r="6" t="220" w="226" /><ent r="6" t="220" w="235" /><ent r="6" t="220" w="375" /><ent r="6" t="220" w="394" /><ent r="6" t="220" w="412" /><ent r="6" t="220" w="431" /><ent r="6" t="220" w="449" /><ent r="6" t="220" w="468" /><ent r="6" t="220" w="486" /><ent r="6" t="220" w="505" /><ent r="5" t="220" w="524" /><ent r="5" t="220" w="542" /><ent r="5" t="220" w="560" /><ent r="5" t="220" w="579" /><ent r="6" t="220" w="597" /><ent r="6" t="220" w="615" /><ent r="6" t="220" w="633" /><ent r="6" t="220" w="639" /><ent r="6" t="220" w="651" /><ent r="6" t="220" w="666" /></phr><phr n="Text"><ent r="64" t="11" w="85" /><ent r="68" t="11" w="214" /><ent r="68" t="11" w="229" /><ent r="68" t="11" w="240" /><ent r="68" t="11" w="251" /><ent r="68" t="11" w="261" /><ent r="68" t="11" w="276" /><ent r="64" t="56" w="101" /><ent r="64" t="58" w="299" /><ent r="1000" t="60" w="4" /><ent r="102" t="60" w="14" /><ent r="100" t="60" w="18" /><ent r="3" t="60" w="45" /><ent r="4" t="60" w="271" /><ent r="3" t="69" w="144" /><ent r="3" t="69" w="163" /><ent r="5" t="134" w="180" /><ent r="5" t="138" w="175" /><ent r="4" t="145" w="331" /><ent r="4" t="145" w="360" /><ent r="92" t="147" w="170" /><ent r="3" t="147" w="174" /><ent r="92" t="147" w="187" /><ent r="4" t="166" w="2669" /><ent r="4" t="166" w="2741" /><ent r="3" t="171" w="584" /><ent r="3" t="171" w="594" /><ent r="3" t="171" w="645" /><ent r="4" t="171" w="809" /><ent r="4" t="171" w="833" /><ent r="4" t="171" w="1225" /><ent r="68" t="175" w="185" /><ent r="6" t="210" w="151" /><ent r="6" t="210" w="201" /><ent r="6" t="210" w="243" /><ent r="6" t="210" w="271" /><ent r="6" t="210" w="274" /><ent r="6" t="210" w="305" /><ent r="6" t="210" w="373" /><ent r="6" t="210" w="415" /><ent r="6" t="210" w="454" /><ent r="6" t="210" w="489" /><ent r="6" t="210" w="535" /><ent r="6" t="210" w="552" /><ent r="6" t="210" w="574" /><ent r="6" t="210" w="583" /><ent r="6" t="210" w="585" /><ent r="6" t="210" w="599" /><ent r="6" t="210" w="602" /><ent r="6" t="220" w="229" /><ent r="6" t="220" w="241" /><ent r="6" t="220" w="262" /><ent r="6" t="220" w="654" /><ent r="6" t="220" w="672" /></phr></stem><stem n="’s"><phr n="’s"><ent r="3" t="1" w="254" /><ent r="3" t="4" w="52" /><ent r="3" t="20" w="28" /><ent r="4" t="77" w="86" /><ent r="4" t="77" w="170" /><ent r="4" t="77" w="272" /><ent r="4" t="107" w="90" /><ent r="4" t="107" w="100" /><ent r="3" t="107" w="249" /><ent r="3" t="109" w="185" /><ent r="3" t="113" w="348" /><ent r="3" t="115" w="809" /><ent r="3" t="118" w="289" /><ent r="3" t="130" w="154" /><ent r="3" t="130" w="602" /><ent r="3" t="166" w="301" /><ent r="4" t="166" w="2275" /><ent r="3" t="169" w="156" /><ent r="3" t="169" w="1109" /><ent r="3" t="169" w="1113" /><ent r="3" t="170" w="146" /><ent r="7" t="181" w="488" /><ent r="6" t="210" w="86" /><ent r="6" t="210" w="117" /><ent r="6" t="210" w="327" /><ent r="3" t="215" w="372" /></phr></stem><stem n="s"><phr n="s"><ent r="3" t="1" w="254" /><ent r="3" t="4" w="52" /><ent r="3" t="20" w="28" /><ent r="3" t="37" w="111" /><ent r="4" t="62" w="114" /><ent r="4" t="77" w="86" /><ent r="4" t="77" w="170" /><ent r="4" t="77" w="272" /><ent r="3" t="88" w="292" /><ent r="4" t="94" w="177" /><ent r="4" t="94" w="225" /><ent r="4" t="99" w="464" /><ent r="7" t="106" w="80" /><ent r="7" t="106" w="119" /><ent r="7" t="106" w="153" /><ent r="5" t="106" w="229" /><ent r="4" t="107" w="90" /><ent r="4" t="107" w="100" /><ent r="3" t="107" w="249" /><ent r="3" t="109" w="185" /><ent r="3" t="112" w="193" /><ent r="3" t="113" w="348" /><ent r="3" t="115" w="550" /><ent r="3" t="115" w="809" /><ent r="3" t="118" w="289" /><ent r="3" t="130" w="154" /><ent r="3" t="130" w="602" /><ent r="3" t="166" w="301" /><ent r="4" t="166" w="1423" /><ent r="4" t="166" w="2275" /><ent r="3" t="166" w="2483" /><ent r="4" t="166" w="2759" /><ent r="4" t="168" w="928" /><ent r="3" t="169" w="156" /><ent r="3" t="169" w="1109" /><ent r="3" t="169" w="1113" /><ent r="3" t="170" w="146" /><ent r="5" t="170" w="636" /><ent r="4" t="172" w="1324" /><ent r="3" t="172" w="1575" /><ent r="3" t="172" w="1596" /><ent r="3" t="173" w="1000" /><ent r="3" t="173" w="1294" /><ent r="3" t="173" w="1315" /><ent r="5" t="181" w="58" /><ent r="7" t="181" w="488" /><ent r="5" t="206" w="69" /><ent r="6" t="210" w="86" /><ent r="6" t="210" w="117" /><ent r="6" t="210" w="327" /><ent r="3" t="215" w="372" /><ent r="7" t="216" w="70" /><ent r="7" t="216" w="109" /><ent r="7" t="216" w="144" /><ent r="5" t="218" w="120" /></phr><phr n="S"><ent r="7" t="14" w="158" /><ent r="5" t="29" w="27" /><ent r="6" t="83" w="135" /><ent r="4" t="91" w="162" /><ent r="4" t="110" w="46" /><ent r="4" t="129" w="201" /><ent r="5" t="206" w="185" /><ent r="7" t="217" w="157" /></phr></stem><stem n="layer"><phr n="layer"><ent r="3" t="1" w="256" /><ent r="3" t="4" w="54" /><ent r="3" t="4" w="79" /><ent r="3" t="4" w="95" /><ent r="7" t="5" w="86" /><ent r="7" t="5" w="122" /><ent r="7" t="5" w="150" /><ent r="7" t="5" w="159" /><ent r="7" t="5" w="182" /><ent r="7" t="5" w="231" /><ent r="7" t="6" w="146" /><ent r="3" t="8" w="26" /><ent r="3" t="8" w="31" /><ent r="7" t="8" w="132" /><ent r="7" t="8" w="141" /><ent r="6" t="9" w="50" /><ent r="4" t="10" w="22" /><ent r="4" t="10" w="44" /><ent r="7" t="10" w="121" /><ent r="4" t="11" w="25" /><ent r="4" t="11" w="30" /><ent r="6" t="11" w="117" /><ent r="6" t="11" w="124" /><ent r="7" t="12" w="58" /><ent r="6" t="12" w="80" /><ent r="4" t="20" w="138" /><ent r="4" t="20" w="432" /><ent r="4" t="21" w="301" /><ent r="4" t="21" w="311" /><ent r="4" t="29" w="43" /><ent r="3" t="37" w="172" /><ent r="4" t="42" w="149" /><ent r="4" t="42" w="151" /><ent r="4" t="42" w="164" /><ent r="4" t="42" w="168" /><ent r="100" t="47" w="5" /><ent r="3" t="47" w="34" /><ent r="4" t="47" w="58" /><ent r="4" t="47" w="65" /><ent r="4" t="47" w="70" /><ent r="4" t="47" w="75" /><ent r="4" t="47" w="91" /><ent r="4" t="47" w="99" /><ent r="4" t="47" w="108" /><ent r="4" t="47" w="112" /><ent r="4" t="47" w="117" /><ent r="4" t="47" w="124" /><ent r="4" t="47" w="131" /><ent r="4" t="47" w="157" /><ent r="4" t="47" w="166" /><ent r="4" t="47" w="175" /><ent r="4" t="47" w="181" /><ent r="100" t="48" w="11" /><ent r="100" t="48" w="13" /><ent r="3" t="48" w="19" /><ent r="4" t="48" w="34" /><ent r="4" t="48" w="57" /><ent r="4" t="48" w="64" /><ent r="4" t="48" w="66" /><ent r="4" t="48" w="82" /><ent r="100" t="49" w="13" /><ent r="100" t="49" w="15" /><ent r="3" t="49" w="23" /><ent r="4" t="49" w="47" /><ent r="4" t="49" w="75" /><ent r="4" t="49" w="100" /><ent r="4" t="49" w="107" /><ent r="3" t="49" w="111" /><ent r="3" t="49" w="125" /><ent r="3" t="50" w="26" /><ent r="4" t="50" w="38" /><ent r="4" t="50" w="48" /><ent r="4" t="50" w="56" /><ent r="4" t="50" w="65" /><ent r="3" t="50" w="75" /><ent r="3" t="50" w="85" /><ent r="3" t="50" w="92" /><ent r="3" t="50" w="110" /><ent r="100" t="51" w="3" /><ent r="100" t="51" w="117" /><ent r="3" t="51" w="130" /><ent r="3" t="51" w="135" /><ent r="3" t="51" w="147" /><ent r="4" t="51" w="168" /><ent r="4" t="51" w="193" /><ent r="4" t="51" w="220" /><ent r="100" t="55" w="6" /><ent r="100" t="55" w="11" /><ent r="4" t="55" w="55" /><ent r="3" t="55" w="157" /><ent r="3" t="55" w="162" /><ent r="100" t="56" w="5" /><ent r="100" t="56" w="7" /><ent r="3" t="56" w="15" /><ent r="3" t="56" w="55" /><ent r="3" t="56" w="60" /><ent r="3" t="56" w="76" /><ent r="3" t="57" w="35" /><ent r="5" t="57" w="46" /><ent r="4" t="58" w="23" /><ent r="3" t="59" w="33" /><ent r="4" t="59" w="91" /><ent r="3" t="60" w="31" /><ent r="3" t="61" w="27" /><ent r="3" t="61" w="154" /><ent r="100" t="63" w="7" /><ent r="100" t="63" w="10" /><ent r="64" t="63" w="24" /><ent r="3" t="63" w="39" /><ent r="3" t="63" w="52" /><ent r="4" t="63" w="83" /><ent r="3" t="63" w="102" /><ent r="3" t="63" w="117" /><ent r="65" t="64" w="38" /><ent r="3" t="69" w="159" /><ent r="3" t="69" w="180" /><ent r="3" t="69" w="236" /><ent r="3" t="75" w="27" /><ent r="4" t="78" w="58" /><ent r="4" t="78" w="71" /><ent r="3" t="79" w="92" /><ent r="3" t="79" w="142" /><ent r="3" t="79" w="158" /><ent r="3" t="79" w="214" /><ent r="3" t="81" w="35" /><ent r="3" t="81" w="51" /><ent r="4" t="81" w="103" /><ent r="3" t="81" w="143" /><ent r="3" t="81" w="278" /><ent r="3" t="82" w="82" /><ent r="3" t="82" w="95" /><ent r="6" t="82" w="259" /><ent r="4" t="83" w="43" /><ent r="4" t="84" w="64" /><ent r="4" t="84" w="77" /><ent r="3" t="85" w="108" /><ent r="3" t="85" w="121" /><ent r="4" t="86" w="48" /><ent r="4" t="86" w="61" /><ent r="3" t="87" w="27" /><ent r="5" t="87" w="64" /><ent r="4" t="87" w="143" /><ent r="5" t="87" w="188" /><ent r="5" t="88" w="65" /><ent r="4" t="89" w="47" /><ent r="4" t="89" w="60" /><ent r="3" t="91" w="73" /><ent r="3" t="91" w="75" /><ent r="4" t="99" w="379" /><ent r="5" t="99" w="396" /><ent r="4" t="99" w="414" /><ent r="4" t="99" w="433" /><ent r="3" t="119" w="62" /><ent r="3" t="119" w="66" /><ent r="3" t="119" w="70" /><ent r="3" t="119" w="91" /><ent r="3" t="122" w="27" /><ent r="3" t="123" w="24" /><ent r="3" t="123" w="38" /><ent r="3" t="123" w="53" /><ent r="3" t="124" w="28" /><ent r="3" t="126" w="170" /><ent r="3" t="130" w="187" /><ent r="100" t="135" w="10" /><ent r="100" t="135" w="15" /><ent r="4" t="135" w="72" /><ent r="3" t="135" w="177" /><ent r="3" t="135" w="201" /><ent r="3" t="135" w="216" /><ent r="4" t="136" w="85" /><ent r="100" t="137" w="13" /><ent r="3" t="137" w="34" /><ent r="4" t="137" w="80" /><ent r="100" t="139" w="10" /><ent r="3" t="139" w="29" /><ent r="4" t="139" w="71" /><ent r="100" t="140" w="10" /><ent r="3" t="140" w="26" /><ent r="4" t="140" w="68" /><ent r="5" t="140" w="420" /><ent r="5" t="140" w="837" /><ent r="100" t="141" w="10" /><ent r="3" t="141" w="26" /><ent r="4" t="141" w="68" /><ent r="3" t="141" w="216" /><ent r="3" t="141" w="239" /><ent r="3" t="141" w="254" /><ent r="4" t="142" w="79" /><ent r="3" t="142" w="190" /><ent r="3" t="142" w="215" /><ent r="3" t="142" w="230" /><ent r="3" t="145" w="65" /><ent r="3" t="145" w="69" /><ent r="3" t="145" w="387" /><ent r="3" t="145" w="400" /><ent r="100" t="148" w="6" /><ent r="4" t="148" w="52" /><ent r="5" t="148" w="552" /><ent r="100" t="149" w="6" /><ent r="100" t="149" w="11" /><ent r="3" t="149" w="33" /><ent r="4" t="149" w="88" /><ent r="3" t="149" w="159" /><ent r="100" t="150" w="6" /><ent r="100" t="150" w="11" /><ent r="3" t="150" w="32" /><ent r="4" t="150" w="77" /><ent r="100" t="151" w="14" /><ent r="3" t="151" w="38" /><ent r="4" t="151" w="69" /><ent r="4" t="151" w="83" /><ent r="3" t="151" w="257" /><ent r="4" t="152" w="85" /><ent r="3" t="153" w="27" /><ent r="3" t="153" w="63" /><ent r="3" t="153" w="73" /><ent r="3" t="153" w="87" /><ent r="3" t="153" w="103" /><ent r="5" t="153" w="705" /><ent r="3" t="156" w="246" /><ent r="3" t="161" w="80" /><ent r="3" t="161" w="89" /><ent r="4" t="162" w="94" /><ent r="3" t="165" w="1241" /><ent r="3" t="165" w="1246" /><ent r="3" t="165" w="1260" /><ent r="100" t="166" w="15" /><ent r="4" t="166" w="119" /><ent r="3" t="166" w="395" /><ent r="3" t="166" w="2462" /><ent r="3" t="166" w="2470" /><ent r="3" t="166" w="2478" /><ent r="3" t="166" w="2482" /><ent r="4" t="166" w="2560" /><ent r="4" t="166" w="2811" /><ent r="4" t="167" w="764" /><ent r="4" t="167" w="862" /><ent r="4" t="167" w="977" /><ent r="3" t="169" w="735" /><ent r="3" t="169" w="1015" /><ent r="4" t="170" w="752" /><ent r="4" t="170" w="896" /><ent r="4" t="170" w="906" /><ent r="3" t="170" w="1249" /><ent r="3" t="170" w="1260" /><ent r="4" t="171" w="114" /><ent r="4" t="171" w="118" /><ent r="4" t="171" w="121" /><ent r="4" t="171" w="133" /><ent r="4" t="171" w="145" /><ent r="4" t="171" w="706" /></phr><phr n="Layer"><ent r="64" t="4" w="108" /><ent r="68" t="5" w="95" /><ent r="68" t="5" w="131" /><ent r="68" t="5" w="168" /><ent r="5" t="6" w="135" /><ent r="64" t="8" w="39" /><ent r="64" t="8" w="45" /><ent r="7" t="8" w="116" /><ent r="64" t="11" w="38" /><ent r="64" t="11" w="44" /><ent r="7" t="13" w="82" /><ent r="6" t="13" w="91" /><ent r="64" t="16" w="33" /><ent r="5" t="20" w="372" /><ent r="5" t="20" w="421" /><ent r="5" t="20" w="453" /><ent r="5" t="21" w="293" /><ent r="3" t="47" w="42" /><ent r="4" t="47" w="46" /><ent r="65" t="47" w="80" /><ent r="64" t="47" w="196" /><ent r="1000" t="48" w="3" /><ent r="102" t="48" w="7" /><ent r="4" t="48" w="44" /><ent r="64" t="48" w="100" /><ent r="1000" t="49" w="4" /><ent r="102" t="49" w="9" /><ent r="5" t="49" w="63" /><ent r="4" t="49" w="68" /><ent r="64" t="49" w="141" /><ent r="64" t="51" w="140" /><ent r="5" t="51" w="179" /><ent r="64" t="51" w="306" /><ent r="64" t="51" w="310" /><ent r="1000" t="55" w="2" /><ent r="102" t="55" w="14" /><ent r="3" t="55" w="20" /><ent r="4" t="55" w="37" /><ent r="4" t="55" w="62" /><ent r="1000" t="56" w="2" /><ent r="102" t="56" w="11" /><ent r="64" t="56" w="65" /><ent r="64" t="56" w="86" /><ent r="64" t="56" w="109" /><ent r="64" t="56" w="113" /><ent r="66" t="57" w="53" /><ent r="3" t="57" w="222" /><ent r="3" t="57" w="243" /><ent r="64" t="57" w="248" /><ent r="65" t="58" w="30" /><ent r="64" t="59" w="141" /><ent r="64" t="60" w="38" /><ent r="64" t="61" w="163" /><ent r="1000" t="63" w="3" /><ent r="102" t="63" w="15" /><ent r="3" t="63" w="19" /><ent r="5" t="63" w="70" /><ent r="64" t="65" w="68" /><ent r="64" t="66" w="311" /><ent r="3" t="81" w="155" /><ent r="4" t="84" w="164" /><ent r="5" t="99" w="421" /><ent r="64" t="119" w="83" /><ent r="3" t="120" w="203" /><ent r="64" t="126" w="181" /><ent r="64" t="126" w="185" /><ent r="64" t="133" w="26" /><ent r="64" t="133" w="30" /><ent r="64" t="133" w="34" /><ent r="64" t="133" w="39" /><ent r="64" t="133" w="43" /><ent r="64" t="133" w="47" /><ent r="64" t="133" w="51" /><ent r="64" t="133" w="55" /><ent r="64" t="133" w="60" /><ent r="1000" t="134" w="2" /><ent r="102" t="134" w="6" /><ent r="100" t="134" w="10" /><ent r="100" t="134" w="15" /><ent r="3" t="134" w="19" /><ent r="4" t="134" w="72" /><ent r="1000" t="135" w="2" /><ent r="102" t="135" w="6" /><ent r="3" t="135" w="19" /><ent r="1000" t="136" w="2" /><ent r="102" t="136" w="6" /><ent r="100" t="136" w="10" /><ent r="100" t="136" w="15" /><ent r="3" t="136" w="19" /><ent r="1000" t="137" w="3" /><ent r="102" t="137" w="8" /><ent r="3" t="137" w="19" /><ent r="1000" t="138" w="2" /><ent r="102" t="138" w="6" /><ent r="3" t="138" w="11" /><ent r="4" t="138" w="67" /><ent r="1000" t="139" w="2" /><ent r="102" t="139" w="6" /><ent r="3" t="139" w="15" /><ent r="1000" t="140" w="2" /><ent r="102" t="140" w="6" /><ent r="3" t="140" w="16" /><ent r="1000" t="141" w="2" /><ent r="102" t="141" w="6" /><ent r="3" t="141" w="16" /><ent r="1000" t="142" w="3" /><ent r="102" t="142" w="8" /><ent r="100" t="142" w="13" /><ent r="100" t="142" w="19" /><ent r="3" t="142" w="24" /><ent r="3" t="142" w="241" /><ent r="4" t="145" w="55" /><ent r="4" t="145" w="58" /><ent r="92" t="145" w="289" /><ent r="3" t="145" w="293" /><ent r="4" t="145" w="311" /><ent r="92" t="145" w="374" /><ent r="3" t="145" w="378" /><ent r="64" t="145" w="404" /><ent r="3" t="145" w="412" /><ent r="64" t="145" w="422" /><ent r="1000" t="148" w="2" /><ent r="100" t="148" w="11" /><ent r="102" t="148" w="14" /><ent r="3" t="148" w="19" /><ent r="4" t="148" w="37" /><ent r="4" t="148" w="59" /><ent r="1000" t="149" w="2" /><ent r="102" t="149" w="14" /><ent r="3" t="149" w="20" /><ent r="4" t="149" w="71" /><ent r="4" t="149" w="95" /><ent r="1000" t="150" w="2" /><ent r="102" t="150" w="14" /><ent r="3" t="150" w="19" /><ent r="3" t="150" w="41" /><ent r="3" t="150" w="53" /><ent r="4" t="150" w="60" /><ent r="4" t="150" w="84" /><ent r="1000" t="151" w="3" /><ent r="100" t="151" w="8" /><ent r="102" t="151" w="18" /><ent r="4" t="151" w="51" /><ent r="4" t="151" w="76" /><ent r="1000" t="152" w="3" /><ent r="100" t="152" w="8" /><ent r="100" t="152" w="14" /><ent r="102" t="152" w="18" /><ent r="3" t="152" w="25" /><ent r="4" t="152" w="67" /><ent r="4" t="152" w="92" /><ent r="1000" t="153" w="2" /><ent r="1000" t="153" w="6" /><ent r="100" t="153" w="10" /><ent r="100" t="153" w="15" /><ent r="102" t="153" w="18" /><ent r="102" t="153" w="22" /><ent r="100" t="153" w="77" /><ent r="100" t="153" w="83" /><ent r="3" t="153" w="137" /><ent r="64" t="164" w="334" /><ent r="102" t="166" w="28" /><ent r="4" t="166" w="360" /><ent r="4" t="166" w="1111" /><ent r="5" t="166" w="2552" /><ent r="5" t="167" w="693" /><ent r="4" t="168" w="1033" /><ent r="5" t="170" w="842" /><ent r="4" t="170" w="919" /><ent r="5" t="171" w="567" /><ent r="4" t="171" w="1075" /></phr><phr n="layers"><ent r="6" t="11" w="133" /><ent r="4" t="28" w="222" /><ent r="3" t="42" w="70" /><ent r="100" t="47" w="12" /><ent r="3" t="47" w="25" /><ent r="4" t="47" w="144" /><ent r="4" t="49" w="88" /><ent r="100" t="50" w="10" /><ent r="100" t="50" w="13" /><ent r="100" t="50" w="15" /><ent r="100" t="50" w="18" /><ent r="3" t="69" w="140" /><ent r="3" t="69" w="225" /><ent r="3" t="69" w="373" /><ent r="3" t="79" w="123" /><ent r="3" t="81" w="62" /><ent r="3" t="85" w="56" /><ent r="4" t="96" w="169" /><ent r="4" t="97" w="111" /><ent r="4" t="98" w="124" /><ent r="4" t="99" w="125" /><ent r="3" t="99" w="299" /><ent r="3" t="99" w="301" /><ent r="3" t="99" w="304" /><ent r="3" t="99" w="536" /><ent r="3" t="126" w="154" /><ent r="5" t="131" w="209" /><ent r="4" t="132" w="79" /><ent r="100" t="133" w="7" /><ent r="3" t="133" w="23" /><ent r="4" t="134" w="118" /><ent r="4" t="135" w="118" /><ent r="3" t="135" w="195" /><ent r="4" t="136" w="132" /><ent r="4" t="137" w="129" /><ent r="4" t="138" w="113" /><ent r="4" t="139" w="120" /><ent r="4" t="140" w="114" /><ent r="4" t="141" w="117" /><ent r="3" t="141" w="233" /><ent r="4" t="142" w="125" /><ent r="3" t="142" w="209" /><ent r="3" t="145" w="52" /><ent r="100" t="161" w="4" /><ent r="100" t="161" w="8" /><ent r="3" t="161" w="27" /><ent r="3" t="161" w="30" /><ent r="3" t="161" w="49" /><ent r="3" t="161" w="58" /><ent r="3" t="161" w="82" /><ent r="3" t="161" w="102" /><ent r="3" t="161" w="117" /><ent r="4" t="161" w="128" /><ent r="4" t="161" w="142" /><ent r="64" t="162" w="29" /><ent r="3" t="165" w="1252" /><ent r="3" t="166" w="369" /><ent r="3" t="166" w="378" /><ent r="3" t="166" w="380" /><ent r="3" t="166" w="385" /><ent r="3" t="166" w="388" /><ent r="3" t="166" w="403" /><ent r="4" t="169" w="1131" /><ent r="4" t="171" w="111" /><ent r="4" t="171" w="210" /></phr><phr n="Layers"><ent r="5" t="42" w="139" /><ent r="4" t="42" w="157" /><ent r="1000" t="47" w="3" /><ent r="102" t="47" w="10" /><ent r="64" t="47" w="200" /><ent r="64" t="48" w="95" /><ent r="64" t="48" w="104" /><ent r="64" t="49" w="137" /><ent r="1000" t="50" w="3" /><ent r="102" t="50" w="7" /><ent r="64" t="51" w="303" /><ent r="64" t="56" w="106" /><ent r="3" t="99" w="528" /><ent r="66" t="131" w="196" /><ent r="1000" t="133" w="1" /><ent r="102" t="133" w="4" /><ent r="3" t="133" w="11" /><ent r="4" t="134" w="112" /><ent r="4" t="135" w="112" /><ent r="4" t="136" w="126" /><ent r="5" t="137" w="122" /><ent r="4" t="138" w="107" /><ent r="5" t="139" w="113" /><ent r="4" t="140" w="108" /><ent r="5" t="141" w="110" /><ent r="4" t="142" w="119" /><ent r="64" t="159" w="325" /><ent r="65" t="160" w="299" /><ent r="64" t="160" w="306" /><ent r="1000" t="161" w="2" /><ent r="102" t="161" w="11" /><ent r="4" t="161" w="122" /></phr></stem></index>