﻿<?xml version="1.0" encoding="utf-8"?><index PreMerged="False"><stem n="kei"><phr n="keys"><ent r="1" t="1" w="178" /><ent r="1" t="1" w="508" /><ent r="1" t="1" w="545" /><ent r="1" t="2" w="34" /><ent r="1" t="2" w="151" /><ent r="1" t="2" w="192" /><ent r="51" t="7" w="275" /><ent r="1" t="41" w="101" /><ent r="1" t="57" w="153" /><ent r="1" t="70" w="66" /><ent r="1" t="70" w="74" /><ent r="1" t="153" w="410" /><ent r="1" t="153" w="1342" /><ent r="1" t="157" w="627" /><ent r="1" t="184" w="105" /><ent r="1" t="184" w="143" /></phr><phr n="Keys"><ent r="90" t="1" w="502" /><ent r="51" t="1" w="556" /><ent r="51" t="2" w="39" /><ent r="51" t="2" w="145" /><ent r="51" t="5" w="14" /><ent r="1" t="150" w="329" /><ent r="1000" t="184" w="3" /><ent r="100" t="184" w="7" /><ent r="1" t="196" w="37" /><ent r="1" t="197" w="37" /><ent r="1" t="198" w="37" /></phr><phr n="key"><ent r="1" t="2" w="169" /><ent r="1" t="2" w="174" /><ent r="51" t="2" w="496" /><ent r="51" t="2" w="517" /><ent r="1" t="53" w="62" /><ent r="1" t="57" w="89" /><ent r="1" t="57" w="149" /><ent r="1" t="107" w="73" /><ent r="1" t="107" w="79" /><ent r="1" t="107" w="270" /><ent r="1" t="148" w="132" /><ent r="1" t="150" w="309" /><ent r="1" t="153" w="1104" /><ent r="1" t="153" w="1314" /><ent r="1" t="153" w="1725" /><ent r="1" t="154" w="1370" /><ent r="1" t="154" w="1521" /><ent r="1" t="157" w="664" /><ent r="1" t="159" w="1266" /><ent r="1" t="159" w="1444" /><ent r="1" t="159" w="1839" /><ent r="1" t="160" w="1017" /><ent r="1" t="160" w="1272" /><ent r="1" t="160" w="1701" /><ent r="1" t="160" w="1741" /><ent r="1" t="168" w="272" /><ent r="1" t="184" w="17" /><ent r="1" t="184" w="28" /><ent r="1" t="184" w="51" /><ent r="1" t="184" w="55" /><ent r="1" t="184" w="158" /><ent r="1" t="184" w="167" /></phr><phr n="Key"><ent r="51" t="2" w="184" /><ent r="1" t="2" w="197" /><ent r="51" t="2" w="485" /><ent r="51" t="2" w="504" /><ent r="51" t="92" w="260" /><ent r="51" t="92" w="273" /><ent r="51" t="195" w="141" /><ent r="51" t="195" w="158" /></phr></stem><stem n="appear"><phr n="appear"><ent r="1" t="1" w="185" /><ent r="1" t="2" w="157" /><ent r="1" t="58" w="95" /><ent r="1" t="59" w="78" /><ent r="1" t="59" w="110" /><ent r="1" t="107" w="96" /><ent r="1" t="107" w="256" /><ent r="1" t="119" w="441" /><ent r="1" t="139" w="311" /><ent r="1" t="152" w="1998" /><ent r="1" t="152" w="2164" /><ent r="1" t="152" w="2181" /><ent r="1" t="153" w="1609" /><ent r="1" t="153" w="1848" /><ent r="1" t="153" w="2096" /><ent r="1" t="153" w="2670" /><ent r="1" t="154" w="1258" /><ent r="1" t="154" w="1321" /><ent r="1" t="158" w="576" /><ent r="1" t="158" w="646" /><ent r="1" t="158" w="662" /><ent r="1" t="158" w="961" /><ent r="1" t="158" w="1160" /><ent r="1" t="158" w="1206" /><ent r="1" t="158" w="1220" /><ent r="1" t="159" w="1655" /><ent r="1" t="160" w="1541" /><ent r="1" t="180" w="381" /></phr><phr n="appears"><ent r="1" t="14" w="174" /><ent r="1" t="29" w="254" /><ent r="1" t="41" w="68" /><ent r="1" t="87" w="55" /><ent r="1" t="99" w="107" /><ent r="1" t="152" w="641" /><ent r="1" t="152" w="2148" /><ent r="1" t="152" w="2240" /><ent r="1" t="154" w="1387" /><ent r="1" t="155" w="877" /><ent r="1" t="155" w="1187" /><ent r="1" t="156" w="879" /><ent r="1" t="159" w="259" /><ent r="1" t="159" w="1633" /></phr></stem><stem n="area"><phr n="Area"><ent r="90" t="1" w="191" /><ent r="1" t="1" w="353" /><ent r="90" t="1" w="428" /><ent r="1" t="1" w="433" /><ent r="1" t="1" w="459" /><ent r="51" t="27" w="225" /><ent r="1" t="51" w="6" /><ent r="51" t="64" w="183" /><ent r="51" t="64" w="234" /><ent r="51" t="64" w="283" /><ent r="90" t="129" w="256" /><ent r="1" t="129" w="261" /><ent r="51" t="129" w="272" /><ent r="51" t="129" w="367" /><ent r="1" t="143" w="422" /><ent r="1" t="154" w="44" /><ent r="90" t="154" w="620" /><ent r="1" t="155" w="83" /><ent r="1" t="155" w="919" /></phr><phr n="area"><ent r="1" t="1" w="309" /><ent r="1" t="1" w="449" /><ent r="1" t="1" w="486" /><ent r="1" t="4" w="176" /><ent r="1" t="21" w="325" /><ent r="1" t="21" w="338" /><ent r="1" t="21" w="381" /><ent r="1" t="40" w="172" /><ent r="1" t="40" w="182" /><ent r="1" t="40" w="190" /><ent r="1" t="41" w="74" /><ent r="1" t="41" w="92" /><ent r="1" t="41" w="108" /><ent r="1" t="43" w="171" /><ent r="1" t="43" w="201" /><ent r="1" t="43" w="260" /><ent r="1" t="43" w="278" /><ent r="1" t="43" w="304" /><ent r="1" t="43" w="311" /><ent r="1" t="43" w="322" /><ent r="1" t="43" w="356" /><ent r="1" t="43" w="370" /><ent r="1" t="43" w="386" /><ent r="1" t="43" w="405" /><ent r="1" t="51" w="70" /><ent r="1" t="64" w="219" /><ent r="1" t="68" w="206" /><ent r="1" t="68" w="226" /><ent r="1" t="72" w="79" /><ent r="1" t="72" w="163" /><ent r="1" t="72" w="265" /><ent r="1" t="74" w="130" /><ent r="1" t="74" w="149" /><ent r="1" t="74" w="160" /><ent r="1" t="74" w="170" /><ent r="1" t="76" w="18" /><ent r="1" t="76" w="37" /><ent r="1" t="76" w="59" /><ent r="1" t="76" w="69" /><ent r="1" t="78" w="120" /><ent r="1" t="87" w="141" /><ent r="1" t="91" w="210" /><ent r="1" t="91" w="244" /><ent r="1" t="91" w="313" /><ent r="1" t="94" w="200" /><ent r="1" t="94" w="222" /><ent r="1" t="94" w="226" /><ent r="1" t="94" w="234" /><ent r="1" t="94" w="348" /><ent r="1" t="97" w="141" /><ent r="1" t="99" w="93" /><ent r="1" t="119" w="567" /><ent r="51" t="129" w="129" /><ent r="1" t="129" w="277" /><ent r="1" t="131" w="170" /><ent r="1" t="131" w="236" /><ent r="1" t="133" w="278" /><ent r="1" t="133" w="355" /><ent r="1" t="135" w="167" /><ent r="1" t="139" w="213" /><ent r="1" t="139" w="235" /><ent r="1" t="143" w="398" /><ent r="1" t="143" w="952" /><ent r="1" t="143" w="1030" /><ent r="1" t="150" w="121" /><ent r="1" t="152" w="375" /><ent r="1" t="152" w="590" /><ent r="1" t="152" w="601" /><ent r="1" t="152" w="616" /><ent r="1" t="152" w="650" /><ent r="1" t="152" w="752" /><ent r="1" t="152" w="2151" /><ent r="1" t="152" w="2162" /><ent r="1" t="153" w="519" /><ent r="1" t="153" w="689" /><ent r="1" t="153" w="2566" /><ent r="1" t="153" w="2629" /><ent r="1" t="154" w="69" /><ent r="1" t="154" w="244" /><ent r="1" t="154" w="525" /><ent r="1" t="154" w="540" /><ent r="1" t="155" w="203" /><ent r="1" t="155" w="997" /><ent r="1" t="155" w="1031" /><ent r="1" t="155" w="1489" /><ent r="1" t="156" w="262" /><ent r="1" t="156" w="487" /><ent r="1" t="156" w="653" /><ent r="1" t="156" w="736" /><ent r="1" t="157" w="245" /><ent r="1" t="157" w="466" /><ent r="1" t="158" w="361" /><ent r="1" t="158" w="1091" /><ent r="1" t="159" w="375" /><ent r="1" t="159" w="564" /><ent r="1" t="159" w="632" /><ent r="1" t="159" w="803" /><ent r="1" t="160" w="272" /></phr><phr n="areas"><ent r="1" t="64" w="171" /><ent r="1" t="64" w="379" /><ent r="1" t="133" w="338" /><ent r="1" t="152" w="1636" /><ent r="1" t="152" w="1944" /><ent r="1" t="152" w="1950" /><ent r="1" t="152" w="1997" /><ent r="1" t="153" w="2013" /><ent r="1" t="156" w="1114" /></phr></stem><stem n="same"><phr n="same"><ent r="1" t="1" w="201" /><ent r="1" t="4" w="13" /><ent r="1" t="14" w="713" /><ent r="1" t="22" w="77" /><ent r="1" t="42" w="28" /><ent r="1" t="42" w="248" /><ent r="1" t="79" w="172" /><ent r="1" t="92" w="356" /><ent r="1" t="96" w="254" /><ent r="1" t="103" w="177" /><ent r="1" t="107" w="32" /><ent r="1" t="107" w="147" /><ent r="1" t="107" w="206" /><ent r="1" t="116" w="63" /><ent r="1" t="128" w="487" /><ent r="1" t="128" w="888" /><ent r="1" t="129" w="386" /><ent r="1" t="133" w="407" /><ent r="1" t="136" w="252" /><ent r="1" t="141" w="391" /><ent r="1" t="143" w="293" /><ent r="1" t="143" w="724" /><ent r="1" t="143" w="884" /><ent r="1" t="144" w="128" /><ent r="1" t="147" w="35" /><ent r="1" t="149" w="344" /><ent r="1" t="153" w="316" /><ent r="1" t="153" w="2375" /><ent r="1" t="153" w="2479" /><ent r="1" t="155" w="701" /><ent r="1" t="155" w="1116" /><ent r="1" t="155" w="1488" /><ent r="1" t="156" w="280" /><ent r="1" t="156" w="306" /><ent r="1" t="156" w="1083" /><ent r="1" t="157" w="263" /><ent r="1" t="157" w="287" /><ent r="1" t="157" w="1156" /><ent r="1" t="159" w="1715" /><ent r="1" t="168" w="341" /><ent r="51" t="169" w="632" /><ent r="51" t="169" w="658" /><ent r="1" t="180" w="243" /><ent r="1" t="180" w="477" /><ent r="1" t="180" w="500" /><ent r="1" t="180" w="547" /><ent r="1" t="193" w="20" /></phr></stem><stem n="special"><phr n="specialized"><ent r="1" t="1" w="214" /><ent r="1" t="4" w="26" /></phr><phr n="special"><ent r="1" t="143" w="276" /><ent r="1" t="145" w="181" /></phr></stem><stem n="exampl"><phr n="example"><ent r="1" t="1" w="217" /><ent r="1" t="4" w="29" /><ent r="1" t="42" w="21" /><ent r="1" t="102" w="172" /><ent r="1" t="103" w="198" /><ent r="1" t="128" w="494" /><ent r="1" t="128" w="562" /><ent r="1" t="128" w="895" /><ent r="1" t="128" w="963" /><ent r="1" t="129" w="435" /><ent r="1" t="132" w="207" /><ent r="1" t="136" w="259" /><ent r="1" t="136" w="327" /><ent r="1" t="138" w="112" /><ent r="1" t="141" w="398" /><ent r="1" t="141" w="466" /><ent r="1" t="143" w="730" /><ent r="1" t="151" w="24" /><ent r="1" t="153" w="1389" /><ent r="1" t="153" w="1803" /><ent r="1" t="154" w="1476" /><ent r="1" t="154" w="1516" /><ent r="1" t="156" w="283" /><ent r="1" t="156" w="1128" /><ent r="1" t="157" w="266" /><ent r="1" t="157" w="1189" /><ent r="1" t="157" w="1227" /><ent r="1" t="159" w="1109" /><ent r="1" t="168" w="121" /><ent r="51" t="169" w="139" /><ent r="1" t="180" w="50" /><ent r="1" t="180" w="78" /><ent r="1" t="184" w="11" /><ent r="1" t="184" w="45" /><ent r="1" t="184" w="154" /><ent r="1" t="191" w="198" /><ent r="1" t="193" w="27" /><ent r="1" t="193" w="95" /></phr><phr n="examples"><ent r="1" t="14" w="499" /><ent r="1" t="152" w="462" /><ent r="1" t="153" w="606" /><ent r="1" t="154" w="331" /><ent r="1" t="155" w="290" /><ent r="1" t="156" w="574" /><ent r="1" t="157" w="553" /><ent r="1" t="158" w="448" /><ent r="1" t="159" w="462" /><ent r="1" t="159" w="1782" /><ent r="1" t="160" w="359" /></phr><phr n="Example"><ent r="1" t="19" w="79" /><ent r="51" t="102" w="252" /><ent r="51" t="102" w="395" /><ent r="51" t="102" w="532" /><ent r="51" t="103" w="337" /><ent r="51" t="159" w="1797" /><ent r="51" t="159" w="1822" /><ent r="51" t="159" w="1858" /><ent r="51" t="159" w="1879" /><ent r="1" t="159" w="1920" /></phr><phr n="Examples"><ent r="1" t="153" w="404" /></phr></stem><stem n="annot"><phr n="Annotation"><ent r="1" t="1" w="219" /><ent r="1" t="4" w="31" /><ent r="1" t="4" w="97" /><ent r="51" t="4" w="237" /><ent r="51" t="5" w="86" /><ent r="51" t="5" w="89" /><ent r="51" t="5" w="122" /><ent r="51" t="5" w="125" /><ent r="51" t="5" w="159" /><ent r="51" t="5" w="162" /><ent r="1000" t="11" w="1" /><ent r="100" t="11" w="4" /><ent r="51" t="11" w="8" /><ent r="51" t="11" w="53" /><ent r="51" t="11" w="60" /><ent r="51" t="11" w="77" /><ent r="51" t="11" w="82" /><ent r="51" t="11" w="165" /><ent r="51" t="11" w="172" /><ent r="51" t="11" w="189" /><ent r="51" t="11" w="204" /><ent r="51" t="11" w="215" /><ent r="51" t="11" w="226" /><ent r="51" t="11" w="236" /><ent r="51" t="11" w="251" /><ent r="51" t="11" w="266" /><ent r="51" t="11" w="280" /><ent r="51" t="11" w="294" /><ent r="1" t="23" w="193" /><ent r="1" t="49" w="77" /><ent r="1000" t="56" w="1" /><ent r="100" t="56" w="4" /><ent r="51" t="56" w="27" /><ent r="51" t="56" w="89" /><ent r="51" t="56" w="94" /><ent r="51" t="56" w="102" /><ent r="51" t="56" w="106" /><ent r="1000" t="57" w="1" /><ent r="100" t="57" w="6" /><ent r="1" t="57" w="12" /><ent r="51" t="57" w="35" /><ent r="51" t="57" w="56" /><ent r="1" t="57" w="61" /><ent r="1" t="57" w="211" /><ent r="1" t="57" w="232" /><ent r="51" t="57" w="237" /><ent r="1000" t="58" w="3" /><ent r="100" t="58" w="8" /><ent r="51" t="58" w="19" /><ent r="1" t="58" w="33" /><ent r="51" t="58" w="39" /><ent r="1" t="58" w="45" /><ent r="51" t="58" w="66" /><ent r="51" t="58" w="191" /><ent r="51" t="58" w="219" /><ent r="1" t="58" w="224" /><ent r="51" t="58" w="261" /><ent r="1" t="58" w="266" /><ent r="51" t="58" w="295" /><ent r="1000" t="59" w="3" /><ent r="100" t="59" w="9" /><ent r="1" t="59" w="22" /><ent r="1" t="59" w="36" /><ent r="51" t="59" w="43" /><ent r="1" t="59" w="49" /><ent r="1" t="59" w="55" /><ent r="51" t="59" w="210" /><ent r="51" t="59" w="227" /><ent r="51" t="59" w="257" /><ent r="1" t="59" w="262" /><ent r="51" t="59" w="303" /><ent r="51" t="59" w="327" /><ent r="51" t="78" w="155" /><ent r="51" t="109" w="79" /><ent r="51" t="122" w="22" /><ent r="1000" t="123" w="1" /><ent r="100" t="123" w="5" /><ent r="1" t="123" w="10" /><ent r="51" t="123" w="63" /><ent r="51" t="123" w="113" /><ent r="51" t="133" w="395" /><ent r="51" t="133" w="413" /><ent r="1000" t="138" w="1" /><ent r="100" t="138" w="5" /><ent r="1" t="138" w="10" /><ent r="1" t="138" w="44" /><ent r="51" t="138" w="51" /><ent r="51" t="138" w="89" /><ent r="51" t="138" w="96" /><ent r="1" t="138" w="102" /><ent r="51" t="138" w="151" /><ent r="1" t="152" w="1512" /><ent r="51" t="153" w="370" /><ent r="51" t="153" w="452" /><ent r="51" t="153" w="2504" /><ent r="1" t="153" w="2517" /><ent r="1" t="153" w="2530" /><ent r="1" t="153" w="2536" /><ent r="1" t="153" w="2589" /><ent r="1" t="153" w="2596" /><ent r="1" t="153" w="2606" /><ent r="1" t="153" w="2691" /><ent r="51" t="156" w="420" /><ent r="1" t="156" w="965" /><ent r="1" t="156" w="1016" /><ent r="1" t="156" w="1020" /><ent r="51" t="158" w="125" /><ent r="51" t="158" w="292" /><ent r="51" t="158" w="531" /><ent r="1" t="158" w="536" /><ent r="1" t="158" w="542" /><ent r="1" t="158" w="585" /><ent r="1" t="158" w="603" /><ent r="1" t="158" w="607" /><ent r="51" t="158" w="735" /><ent r="1" t="158" w="740" /><ent r="1" t="158" w="775" /><ent r="1" t="158" w="1003" /><ent r="1" t="158" w="1050" /><ent r="1" t="158" w="1177" /><ent r="1" t="158" w="1183" /><ent r="1000" t="162" w="1" /><ent r="100" t="162" w="4" /><ent r="51" t="162" w="10" /><ent r="1" t="162" w="16" /><ent r="51" t="162" w="35" /><ent r="51" t="162" w="181" /><ent r="1000" t="185" w="3" /><ent r="100" t="185" w="8" /><ent r="51" t="185" w="18" /></phr><phr n="annotation"><ent r="1" t="1" w="238" /><ent r="51" t="2" w="416" /><ent r="51" t="2" w="474" /><ent r="51" t="2" w="527" /><ent r="51" t="2" w="541" /><ent r="51" t="2" w="555" /><ent r="51" t="3" w="22" /><ent r="1" t="4" w="51" /><ent r="51" t="5" w="56" /><ent r="51" t="5" w="65" /><ent r="51" t="5" w="77" /><ent r="51" t="5" w="95" /><ent r="51" t="5" w="101" /><ent r="51" t="5" w="113" /><ent r="51" t="5" w="141" /><ent r="51" t="5" w="150" /><ent r="51" t="11" w="19" /><ent r="51" t="11" w="24" /><ent r="51" t="11" w="140" /><ent r="51" t="11" w="152" /><ent r="51" t="11" w="162" /><ent r="51" t="11" w="245" /><ent r="51" t="11" w="260" /><ent r="51" t="11" w="274" /><ent r="51" t="11" w="288" /><ent r="1" t="20" w="135" /><ent r="1" t="42" w="56" /><ent r="1" t="42" w="135" /><ent r="1" t="55" w="153" /><ent r="1" t="56" w="8" /><ent r="1" t="56" w="48" /><ent r="1" t="56" w="69" /><ent r="1" t="57" w="24" /><ent r="51" t="57" w="30" /><ent r="1" t="57" w="206" /><ent r="51" t="58" w="14" /><ent r="1" t="58" w="196" /><ent r="1" t="59" w="16" /><ent r="1" t="59" w="88" /><ent r="1" t="78" w="195" /><ent r="1" t="109" w="45" /><ent r="1" t="109" w="72" /><ent r="1" t="123" w="142" /><ent r="1" t="123" w="179" /><ent r="1" t="123" w="200" /><ent r="1" t="123" w="224" /><ent r="1" t="133" w="28" /><ent r="1" t="133" w="43" /><ent r="1" t="133" w="378" /><ent r="1" t="133" w="391" /><ent r="1" t="138" w="23" /><ent r="1" t="138" w="68" /><ent r="1" t="148" w="23" /><ent r="1" t="148" w="73" /><ent r="1" t="148" w="78" /><ent r="1" t="148" w="82" /><ent r="1" t="148" w="110" /><ent r="51" t="149" w="21" /><ent r="1" t="153" w="389" /><ent r="1" t="153" w="400" /><ent r="1" t="153" w="406" /><ent r="1" t="153" w="2510" /><ent r="1" t="156" w="840" /><ent r="1" t="156" w="1095" /><ent r="1" t="158" w="91" /><ent r="51" t="158" w="119" /><ent r="51" t="158" w="131" /><ent r="1" t="158" w="707" /><ent r="51" t="162" w="174" /><ent r="51" t="162" w="213" /><ent r="1" t="162" w="261" /><ent r="51" t="185" w="101" /></phr><phr n="annotations"><ent r="1" t="21" w="69" /><ent r="1" t="123" w="22" /><ent r="1" t="153" w="101" /><ent r="1" t="156" w="316" /><ent r="1" t="157" w="297" /><ent r="51" t="158" w="197" /><ent r="1" t="158" w="988" /></phr><phr n="Annotations"><ent r="51" t="151" w="271" /><ent r="100" t="153" w="18" /></phr><phr n="annotate"><ent r="1" t="153" w="53" /><ent r="1" t="153" w="2920" /><ent r="1" t="162" w="249" /></phr><phr n="Annotating"><ent r="90" t="153" w="2394" /></phr></stem><stem n="mean"><phr n="means"><ent r="1" t="1" w="225" /><ent r="1" t="4" w="38" /><ent r="1" t="22" w="194" /><ent r="1" t="22" w="226" /><ent r="1" t="22" w="275" /><ent r="1" t="22" w="335" /><ent r="1" t="79" w="159" /><ent r="1" t="91" w="288" /><ent r="1" t="92" w="473" /><ent r="1" t="93" w="205" /><ent r="1" t="94" w="307" /><ent r="1" t="103" w="857" /><ent r="51" t="141" w="233" /><ent r="1" t="154" w="1483" /><ent r="1" t="159" w="147" /><ent r="1" t="159" w="1543" /><ent r="1" t="160" w="1339" /><ent r="1" t="194" w="97" /><ent r="1" t="194" w="428" /></phr><phr n="meaning"><ent r="1" t="77" w="302" /><ent r="51" t="95" w="274" /><ent r="51" t="95" w="308" /><ent r="1" t="128" w="454" /><ent r="1" t="128" w="690" /><ent r="1" t="128" w="871" /><ent r="1" t="128" w="1091" /><ent r="1" t="129" w="372" /><ent r="1" t="136" w="229" /><ent r="1" t="141" w="368" /><ent r="1" t="159" w="922" /><ent r="51" t="198" w="179" /><ent r="51" t="198" w="217" /></phr><phr n="mean"><ent r="1" t="92" w="426" /><ent r="1" t="93" w="143" /><ent r="1" t="163" w="95" /><ent r="1" t="194" w="63" /><ent r="1" t="194" w="345" /></phr></stem><stem n="creat"><phr n="create"><ent r="1" t="1" w="227" /><ent r="1" t="2" w="30" /><ent r="1" t="4" w="40" /><ent r="51" t="11" w="159" /><ent r="1" t="27" w="51" /><ent r="1" t="43" w="16" /><ent r="1" t="43" w="33" /><ent r="1" t="43" w="66" /><ent r="1" t="43" w="99" /><ent r="1" t="44" w="22" /><ent r="51" t="44" w="75" /><ent r="1" t="47" w="83" /><ent r="1" t="49" w="12" /><ent r="1" t="49" w="67" /><ent r="1" t="49" w="70" /><ent r="1" t="51" w="110" /><ent r="1" t="51" w="129" /><ent r="51" t="52" w="83" /><ent r="51" t="52" w="95" /><ent r="51" t="52" w="145" /><ent r="51" t="52" w="157" /><ent r="1" t="56" w="32" /><ent r="1" t="56" w="73" /><ent r="1" t="58" w="31" /><ent r="1" t="59" w="34" /><ent r="51" t="64" w="306" /><ent r="51" t="65" w="85" /><ent r="1" t="66" w="20" /><ent r="51" t="66" w="26" /><ent r="1" t="68" w="195" /><ent r="1" t="82" w="255" /><ent r="1" t="94" w="17" /><ent r="1" t="94" w="178" /><ent r="1" t="96" w="237" /><ent r="1" t="102" w="69" /><ent r="1" t="102" w="175" /><ent r="1" t="102" w="298" /><ent r="1" t="102" w="430" /><ent r="1" t="102" w="578" /><ent r="1" t="109" w="40" /><ent r="51" t="116" w="26" /><ent r="1" t="133" w="24" /><ent r="1" t="143" w="420" /><ent r="1" t="145" w="180" /><ent r="1" t="147" w="69" /><ent r="1" t="147" w="183" /><ent r="1" t="149" w="98" /><ent r="1" t="152" w="283" /><ent r="1" t="153" w="2634" /><ent r="1" t="154" w="115" /><ent r="1" t="154" w="518" /><ent r="1" t="154" w="819" /><ent r="1" t="154" w="1544" /><ent r="1" t="155" w="670" /><ent r="1" t="155" w="690" /><ent r="1" t="155" w="864" /><ent r="1" t="155" w="936" /><ent r="1" t="155" w="994" /><ent r="1" t="155" w="1457" /><ent r="1" t="157" w="1265" /><ent r="1" t="158" w="87" /><ent r="51" t="158" w="168" /><ent r="51" t="158" w="212" /><ent r="1" t="158" w="1257" /><ent r="1" t="160" w="626" /><ent r="1" t="160" w="632" /><ent r="1" t="161" w="74" /><ent r="51" t="162" w="85" /><ent r="51" t="162" w="97" /><ent r="51" t="162" w="120" /><ent r="51" t="162" w="132" /><ent r="1" t="163" w="86" /><ent r="1" t="163" w="119" /><ent r="1" t="168" w="237" /><ent r="1" t="168" w="368" /><ent r="1" t="184" w="14" /><ent r="1" t="184" w="25" /><ent r="1" t="191" w="16" /></phr><phr n="Creating"><ent r="51" t="1" w="554" /><ent r="51" t="2" w="37" /><ent r="51" t="2" w="143" /><ent r="51" t="146" w="334" /><ent r="1000" t="147" w="1" /><ent r="100" t="147" w="5" /><ent r="1" t="155" w="533" /><ent r="1000" t="184" w="1" /><ent r="100" t="184" w="5" /></phr><phr n="Create"><ent r="51" t="8" w="30" /><ent r="51" t="11" w="30" /><ent r="51" t="14" w="42" /><ent r="1" t="43" w="152" /><ent r="1" t="43" w="238" /><ent r="1000" t="44" w="1" /><ent r="100" t="44" w="5" /><ent r="51" t="47" w="188" /><ent r="51" t="48" w="90" /><ent r="1000" t="49" w="1" /><ent r="100" t="49" w="6" /><ent r="51" t="56" w="77" /><ent r="51" t="63" w="110" /><ent r="51" t="64" w="405" /><ent r="51" t="65" w="120" /><ent r="1000" t="66" w="1" /><ent r="100" t="66" w="6" /><ent r="51" t="67" w="221" /><ent r="51" t="82" w="264" /><ent r="1" t="93" w="277" /><ent r="51" t="94" w="366" /><ent r="51" t="94" w="405" /><ent r="1000" t="96" w="1" /><ent r="100" t="96" w="5" /><ent r="51" t="100" w="108" /><ent r="51" t="101" w="225" /><ent r="51" t="104" w="123" /><ent r="51" t="105" w="123" /><ent r="51" t="106" w="193" /><ent r="51" t="109" w="108" /><ent r="1000" t="110" w="1" /><ent r="100" t="110" w="6" /><ent r="1" t="110" w="11" /><ent r="51" t="111" w="99" /><ent r="51" t="113" w="89" /><ent r="1000" t="116" w="1" /><ent r="100" t="116" w="4" /><ent r="51" t="116" w="51" /><ent r="51" t="117" w="121" /><ent r="51" t="118" w="48" /><ent r="1" t="152" w="2113" /><ent r="1" t="152" w="2167" /><ent r="1" t="154" w="96" /><ent r="1" t="154" w="625" /><ent r="1" t="155" w="510" /><ent r="90" t="155" w="677" /><ent r="1" t="157" w="48" /><ent r="90" t="157" w="735" /><ent r="1" t="158" w="55" /><ent r="90" t="158" w="864" /><ent r="51" t="160" w="531" /><ent r="51" t="160" w="1164" /><ent r="1" t="160" w="1441" /><ent r="1000" t="191" w="1" /><ent r="100" t="191" w="6" /><ent r="51" t="191" w="79" /></phr><phr n="created"><ent r="51" t="8" w="137" /><ent r="1" t="21" w="306" /><ent r="1" t="33" w="49" /><ent r="1" t="33" w="66" /><ent r="1" t="62" w="23" /><ent r="1" t="69" w="49" /><ent r="1" t="110" w="50" /><ent r="1" t="110" w="173" /><ent r="1" t="111" w="51" /><ent r="1" t="112" w="29" /><ent r="1" t="131" w="36" /><ent r="1" t="131" w="50" /><ent r="1" t="137" w="44" /><ent r="1" t="141" w="53" /><ent r="1" t="143" w="123" /><ent r="1" t="144" w="31" /><ent r="1" t="152" w="234" /><ent r="1" t="152" w="2184" /><ent r="1" t="153" w="237" /><ent r="1" t="153" w="385" /><ent r="1" t="153" w="1483" /><ent r="1" t="156" w="397" /><ent r="1" t="157" w="377" /><ent r="51" t="158" w="250" /><ent r="1" t="158" w="1146" /><ent r="1" t="159" w="1620" /><ent r="1" t="160" w="44" /><ent r="1" t="160" w="109" /><ent r="1" t="160" w="432" /><ent r="51" t="160" w="1498" /><ent r="1" t="160" w="1545" /></phr><phr n="creates"><ent r="51" t="13" w="56" /><ent r="1" t="35" w="10" /><ent r="1" t="51" w="175" /><ent r="1" t="57" w="192" /><ent r="1" t="102" w="468" /><ent r="1" t="110" w="15" /><ent r="1" t="110" w="74" /><ent r="1" t="111" w="11" /><ent r="1" t="116" w="59" /><ent r="1" t="153" w="1453" /></phr><phr n="Creates"><ent r="1" t="47" w="109" /><ent r="51" t="52" w="63" /><ent r="51" t="52" w="73" /><ent r="51" t="52" w="108" /><ent r="51" t="52" w="115" /><ent r="51" t="52" w="120" /><ent r="51" t="52" w="125" /><ent r="51" t="52" w="170" /><ent r="51" t="52" w="181" /><ent r="51" t="95" w="15" /><ent r="51" t="162" w="39" /><ent r="51" t="162" w="43" /><ent r="51" t="162" w="50" /><ent r="51" t="162" w="54" /><ent r="51" t="162" w="58" /><ent r="51" t="162" w="65" /><ent r="51" t="162" w="110" /><ent r="51" t="162" w="145" /><ent r="51" t="162" w="158" /><ent r="1" t="162" w="258" /><ent r="51" t="197" w="50" /></phr><phr n="creating"><ent r="1" t="51" w="202" /><ent r="1" t="68" w="87" /><ent r="51" t="77" w="260" /><ent r="1" t="82" w="24" /><ent r="1" t="123" w="21" /><ent r="1" t="124" w="21" /><ent r="1" t="125" w="21" /><ent r="1" t="130" w="24" /><ent r="1" t="146" w="196" /><ent r="1" t="147" w="20" /><ent r="1" t="154" w="42" /><ent r="1" t="154" w="1260" /><ent r="1" t="154" w="1450" /><ent r="1" t="155" w="665" /><ent r="1" t="157" w="24" /><ent r="1" t="158" w="24" /><ent r="51" t="158" w="159" /><ent r="1" t="182" w="21" /><ent r="1" t="194" w="229" /></phr></stem><stem n="modifi"><phr n="modify"><ent r="1" t="1" w="229" /><ent r="1" t="4" w="42" /><ent r="1" t="43" w="396" /><ent r="1" t="56" w="34" /><ent r="51" t="77" w="402" /><ent r="1" t="133" w="206" /><ent r="1" t="134" w="19" /><ent r="1" t="150" w="246" /><ent r="1" t="152" w="172" /><ent r="1" t="155" w="1335" /><ent r="1" t="180" w="444" /></phr><phr n="modified"><ent r="1" t="47" w="130" /></phr><phr n="Modify"><ent r="51" t="186" w="149" /><ent r="51" t="186" w="210" /><ent r="51" t="186" w="278" /></phr></stem><stem n="object"><phr n="objects"><ent r="1" t="1" w="230" /><ent r="51" t="2" w="475" /><ent r="51" t="2" w="528" /><ent r="51" t="2" w="542" /><ent r="51" t="2" w="556" /><ent r="51" t="3" w="23" /><ent r="1" t="4" w="43" /><ent r="51" t="5" w="66" /><ent r="51" t="5" w="102" /><ent r="51" t="8" w="119" /><ent r="1" t="11" w="114" /><ent r="1" t="11" w="121" /><ent r="1" t="20" w="132" /><ent r="1" t="56" w="35" /><ent r="1" t="57" w="21" /><ent r="51" t="57" w="31" /><ent r="1" t="57" w="81" /><ent r="1" t="57" w="110" /><ent r="1" t="57" w="145" /><ent r="1" t="57" w="167" /><ent r="1" t="57" w="207" /><ent r="1" t="57" w="218" /><ent r="51" t="58" w="15" /><ent r="1" t="58" w="63" /><ent r="1" t="109" w="46" /><ent r="1" t="109" w="73" /><ent r="1" t="110" w="172" /><ent r="1" t="111" w="28" /><ent r="1" t="112" w="16" /><ent r="1" t="112" w="27" /><ent r="1" t="133" w="29" /><ent r="1" t="133" w="297" /><ent r="1" t="138" w="20" /><ent r="1" t="148" w="79" /><ent r="1" t="153" w="407" /><ent r="1" t="157" w="757" /><ent r="1" t="158" w="92" /><ent r="51" t="158" w="120" /><ent r="51" t="158" w="132" /><ent r="51" t="185" w="102" /></phr><phr n="object"><ent r="51" t="2" w="417" /><ent r="51" t="5" w="57" /><ent r="51" t="5" w="96" /><ent r="51" t="8" w="140" /><ent r="51" t="11" w="141" /><ent r="51" t="11" w="153" /><ent r="51" t="11" w="163" /><ent r="51" t="11" w="318" /><ent r="51" t="13" w="101" /><ent r="1" t="55" w="144" /><ent r="1" t="55" w="156" /><ent r="1" t="55" w="172" /><ent r="1" t="57" w="68" /><ent r="1" t="57" w="73" /><ent r="1" t="57" w="94" /><ent r="1" t="57" w="120" /><ent r="1" t="57" w="135" /><ent r="1" t="57" w="187" /><ent r="1" t="57" w="197" /><ent r="1" t="58" w="55" /><ent r="1" t="58" w="80" /><ent r="1" t="58" w="85" /><ent r="1" t="58" w="89" /><ent r="1" t="58" w="148" /><ent r="1" t="58" w="156" /><ent r="1" t="58" w="167" /><ent r="1" t="58" w="186" /><ent r="1" t="58" w="214" /><ent r="51" t="58" w="250" /><ent r="1" t="58" w="256" /><ent r="1" t="59" w="64" /><ent r="1" t="78" w="162" /><ent r="1" t="78" w="200" /><ent r="1" t="87" w="54" /><ent r="1" t="87" w="61" /><ent r="1" t="111" w="56" /><ent r="1" t="113" w="29" /><ent r="1" t="113" w="42" /><ent r="1" t="113" w="59" /><ent r="1" t="113" w="67" /><ent r="1" t="123" w="143" /><ent r="1" t="123" w="163" /><ent r="1" t="138" w="129" /><ent r="1" t="138" w="133" /><ent r="1" t="153" w="396" /><ent r="1" t="153" w="1620" /><ent r="1" t="153" w="1701" /><ent r="1" t="153" w="2357" /><ent r="1" t="158" w="773" /><ent r="1" t="162" w="26" /><ent r="51" t="185" w="73" /><ent r="51" t="185" w="112" /><ent r="51" t="185" w="177" /><ent r="51" t="185" w="230" /><ent r="51" t="185" w="322" /><ent r="51" t="185" w="346" /><ent r="51" t="185" w="514" /><ent r="51" t="185" w="614" /><ent r="51" t="185" w="640" /></phr><phr n="Object"><ent r="51" t="8" w="68" /><ent r="1" t="58" w="34" /><ent r="1" t="58" w="46" /><ent r="1" t="59" w="50" /><ent r="1" t="153" w="2531" /><ent r="1" t="153" w="2616" /><ent r="1" t="154" w="920" /><ent r="1" t="158" w="543" /><ent r="1" t="158" w="1056" /><ent r="1" t="158" w="1184" /><ent r="1" t="162" w="17" /><ent r="51" t="185" w="400" /></phr><phr n="Objects"><ent r="51" t="11" w="54" /><ent r="51" t="11" w="166" /><ent r="51" t="11" w="173" /><ent r="51" t="11" w="267" /><ent r="51" t="11" w="281" /><ent r="51" t="11" w="295" /><ent r="51" t="56" w="90" /><ent r="1000" t="58" w="4" /><ent r="100" t="58" w="9" /><ent r="51" t="58" w="67" /><ent r="1" t="59" w="56" /><ent r="51" t="59" w="328" /><ent r="51" t="138" w="152" /><ent r="1" t="153" w="384" /><ent r="1000" t="162" w="2" /><ent r="100" t="162" w="5" /><ent r="51" t="162" w="36" /><ent r="1000" t="185" w="4" /><ent r="100" t="185" w="9" /><ent r="51" t="185" w="19" /></phr><phr n="Objective"><ent r="1" t="151" w="50" /><ent r="51" t="152" w="14" /><ent r="51" t="153" w="24" /><ent r="51" t="154" w="21" /><ent r="51" t="155" w="18" /><ent r="51" t="156" w="14" /><ent r="51" t="157" w="12" /><ent r="51" t="158" w="12" /><ent r="51" t="159" w="10" /><ent r="51" t="160" w="18" /></phr></stem></index>