<?xml version="1.0" encoding="utf-8"?><index><stem n="o"><phr n="O"><ent r="7" t="5" w="35" /><ent r="4" t="17" w="87" /><ent r="4" t="22" w="172" /><ent r="4" t="43" w="165" /><ent r="5" t="55" w="146" /><ent r="4" t="153" w="85" /><ent r="4" t="196" w="74" /><ent r="5" t="242" w="167" /><ent r="5" t="242" w="280" /><ent r="5" t="248" w="58" /><ent r="4" t="254" w="666" /><ent r="4" t="254" w="776" /><ent r="7" t="258" w="146" /></phr></stem><stem n="print"><phr n="print"><ent r="100" t="5" w="47" /><ent r="1000" t="77" w="1" /><ent r="100" t="77" w="6" /><ent r="102" t="77" w="10" /><ent r="3" t="77" w="24" /><ent r="3" t="77" w="40" /><ent r="5" t="77" w="59" /><ent r="3" t="77" w="83" /><ent r="4" t="77" w="89" /><ent r="4" t="77" w="99" /><ent r="5" t="77" w="113" /><ent r="3" t="77" w="121" /><ent r="64" t="118" w="236" /><ent r="7" t="122" w="145" /><ent r="67" t="122" w="152" /><ent r="1000" t="132" w="1" /><ent r="100" t="132" w="8" /><ent r="100" t="132" w="10" /><ent r="102" t="132" w="14" /><ent r="3" t="132" w="36" /><ent r="3" t="132" w="65" /><ent r="3" t="132" w="76" /><ent r="5" t="132" w="97" /><ent r="3" t="132" w="127" /><ent r="4" t="132" w="135" /><ent r="3" t="132" w="150" /><ent r="4" t="132" w="168" /><ent r="5" t="132" w="182" /><ent r="3" t="171" w="86" /><ent r="64" t="171" w="89" /><ent r="3" t="242" w="31" /><ent r="5" t="242" w="169" /><ent r="5" t="242" w="196" /><ent r="7" t="258" w="173" /><ent r="100" t="258" w="175" /></phr><phr n="Prints"><ent r="7" t="5" w="49" /><ent r="7" t="122" w="147" /><ent r="7" t="151" w="66" /><ent r="7" t="258" w="179" /></phr><phr n="printing"><ent r="3" t="77" w="16" /><ent r="3" t="132" w="22" /><ent r="3" t="132" w="55" /><ent r="3" t="171" w="38" /></phr></stem><stem n="state"><phr n="state"><ent r="7" t="5" w="53" /><ent r="3" t="109" w="153" /><ent r="3" t="218" w="167" /><ent r="6" t="246" w="389" /></phr><phr n="stating"><ent r="4" t="210" w="2289" /><ent r="4" t="210" w="2332" /></phr></stem><stem n="cut"><phr n="Cuts"><ent r="7" t="5" w="61" /><ent r="7" t="151" w="76" /><ent r="7" t="257" w="66" /></phr><phr n="cut"><ent r="7" t="5" w="77" /><ent r="5" t="242" w="145" /><ent r="100" t="257" w="14" /><ent r="7" t="257" w="64" /></phr></stem><stem n="store"><phr n="stores"><ent r="7" t="5" w="67" /><ent r="7" t="151" w="82" /><ent r="7" t="257" w="72" /></phr><phr n="store"><ent r="4" t="34" w="149" /><ent r="4" t="178" w="316" /><ent r="3" t="178" w="575" /><ent r="4" t="178" w="597" /><ent r="4" t="178" w="618" /><ent r="3" t="214" w="179" /><ent r="3" t="215" w="169" /></phr><phr n="stored"><ent r="4" t="160" w="806" /><ent r="3" t="178" w="625" /><ent r="3" t="191" w="232" /><ent r="3" t="197" w="163" /></phr><phr n="Storing"><ent r="92" t="178" w="536" /><ent r="3" t="178" w="540" /></phr></stem><stem n="clipboard"><phr n="Clipboard"><ent r="7" t="5" w="71" /><ent r="7" t="5" w="107" /><ent r="7" t="5" w="145" /><ent r="3" t="73" w="169" /><ent r="3" t="76" w="41" /><ent r="3" t="76" w="47" /><ent r="3" t="76" w="174" /><ent r="3" t="76" w="283" /><ent r="4" t="79" w="226" /><ent r="5" t="122" w="644" /><ent r="7" t="151" w="86" /><ent r="7" t="151" w="122" /><ent r="7" t="151" w="156" /><ent r="7" t="257" w="76" /><ent r="7" t="257" w="112" /><ent r="7" t="257" w="147" /></phr></stem><stem n="crtl"><phr n="Crtl"><ent r="7" t="5" w="90" /><ent r="7" t="5" w="126" /><ent r="7" t="5" w="163" /><ent r="7" t="5" w="214" /><ent r="7" t="5" w="260" /></phr></stem><stem n="x"><phr n="X"><ent r="7" t="5" w="92" /><ent r="6" t="14" w="402" /><ent r="7" t="14" w="405" /><ent r="3" t="28" w="124" /><ent r="6" t="36" w="120" /><ent r="6" t="36" w="168" /><ent r="6" t="36" w="188" /><ent r="6" t="36" w="207" /><ent r="6" t="36" w="216" /><ent r="6" t="36" w="234" /><ent r="6" t="36" w="243" /><ent r="6" t="36" w="261" /><ent r="6" t="36" w="273" /><ent r="7" t="36" w="291" /><ent r="6" t="36" w="303" /><ent r="3" t="99" w="58" /><ent r="4" t="114" w="152" /><ent r="4" t="114" w="167" /><ent r="3" t="118" w="45" /><ent r="4" t="129" w="86" /><ent r="4" t="141" w="214" /><ent r="4" t="141" w="522" /><ent r="3" t="150" w="350" /><ent r="4" t="179" w="874" /><ent r="3" t="206" w="59" /><ent r="3" t="206" w="261" /><ent r="4" t="206" w="271" /><ent r="3" t="210" w="163" /><ent r="4" t="210" w="781" /><ent r="4" t="210" w="1135" /><ent r="4" t="210" w="1162" /><ent r="4" t="210" w="1798" /><ent r="4" t="211" w="1401" /><ent r="7" t="211" w="1693" /><ent r="3" t="213" w="1466" /><ent r="3" t="213" w="1691" /><ent r="3" t="213" w="1743" /><ent r="4" t="217" w="1197" /><ent r="7" t="224" w="78" /><ent r="7" t="224" w="86" /><ent r="7" t="224" w="92" /><ent r="7" t="224" w="96" /><ent r="7" t="228" w="379" /><ent r="7" t="228" w="420" /><ent r="7" t="228" w="432" /><ent r="7" t="228" w="517" /><ent r="7" t="228" w="535" /><ent r="7" t="228" w="548" /><ent r="5" t="242" w="150" /><ent r="5" t="242" w="271" /><ent r="7" t="244" w="80" /><ent r="6" t="244" w="89" /><ent r="3" t="252" w="411" /><ent r="7" t="257" w="101" /></phr></stem><stem n="c"><phr n="C"><ent r="7" t="5" w="128" /><ent r="3" t="18" w="87" /><ent r="3" t="18" w="98" /><ent r="4" t="76" w="126" /><ent r="3" t="94" w="122" /><ent r="4" t="219" w="1525" /><ent r="5" t="242" w="143" /><ent r="5" t="242" w="318" /><ent r="5" t="242" w="365" /><ent r="7" t="257" w="137" /></phr></stem><stem n="past"><phr n="Pastes"><ent r="7" t="5" w="136" /><ent r="7" t="151" w="151" /><ent r="7" t="257" w="141" /></phr><phr n="past"><ent r="3" t="66" w="247" /></phr><phr n="paste"><ent r="3" t="76" w="50" /><ent r="5" t="242" w="152" /><ent r="100" t="257" w="6" /><ent r="7" t="257" w="139" /></phr><phr n="pasting"><ent r="3" t="217" w="962" /></phr></stem><stem n="item"><phr n="item"><ent r="7" t="5" w="142" /><ent r="7" t="5" w="202" /><ent r="7" t="5" w="209" /><ent r="7" t="5" w="248" /><ent r="7" t="5" w="255" /><ent r="3" t="20" w="128" /><ent r="4" t="74" w="197" /><ent r="3" t="83" w="98" /><ent r="4" t="117" w="47" /><ent r="6" t="122" w="123" /><ent r="6" t="122" w="521" /><ent r="4" t="124" w="53" /><ent r="3" t="125" w="97" /><ent r="4" t="126" w="37" /><ent r="4" t="129" w="36" /><ent r="3" t="132" w="113" /><ent r="3" t="133" w="117" /><ent r="3" t="136" w="106" /><ent r="4" t="136" w="176" /><ent r="4" t="136" w="224" /><ent r="4" t="150" w="218" /><ent r="92" t="150" w="263" /><ent r="100" t="150" w="267" /><ent r="3" t="150" w="276" /><ent r="3" t="150" w="287" /><ent r="3" t="150" w="366" /><ent r="3" t="150" w="375" /><ent r="3" t="150" w="436" /><ent r="92" t="150" w="507" /><ent r="100" t="150" w="511" /><ent r="100" t="150" w="516" /><ent r="3" t="150" w="520" /><ent r="3" t="150" w="530" /><ent r="7" t="151" w="79" /><ent r="7" t="151" w="105" /><ent r="7" t="151" w="110" /><ent r="7" t="151" w="118" /><ent r="7" t="151" w="141" /><ent r="7" t="151" w="146" /><ent r="7" t="151" w="152" /><ent r="7" t="151" w="179" /><ent r="7" t="151" w="184" /><ent r="7" t="151" w="216" /><ent r="68" t="151" w="223" /><ent r="5" t="151" w="228" /><ent r="7" t="151" w="243" /><ent r="7" t="151" w="246" /><ent r="7" t="151" w="260" /><ent r="7" t="151" w="277" /><ent r="7" t="151" w="280" /><ent r="7" t="151" w="294" /><ent r="3" t="158" w="258" /><ent r="3" t="158" w="316" /><ent r="3" t="158" w="319" /><ent r="3" t="158" w="399" /><ent r="3" t="158" w="448" /><ent r="3" t="158" w="451" /><ent r="3" t="158" w="536" /><ent r="3" t="158" w="592" /><ent r="3" t="158" w="595" /><ent r="100" t="160" w="7" /><ent r="100" t="160" w="11" /><ent r="100" t="160" w="15" /><ent r="3" t="160" w="25" /><ent r="3" t="160" w="55" /><ent r="3" t="160" w="106" /><ent r="3" t="160" w="147" /><ent r="92" t="160" w="219" /><ent r="3" t="160" w="228" /><ent r="3" t="160" w="242" /><ent r="3" t="160" w="251" /><ent r="3" t="160" w="258" /><ent r="3" t="160" w="272" /><ent r="64" t="160" w="287" /><ent r="3" t="160" w="331" /><ent r="3" t="160" w="348" /><ent r="6" t="160" w="356" /><ent r="3" t="160" w="463" /><ent r="3" t="160" w="476" /><ent r="3" t="160" w="502" /><ent r="3" t="160" w="515" /><ent r="3" t="160" w="527" /><ent r="3" t="160" w="540" /><ent r="3" t="160" w="637" /><ent r="3" t="160" w="675" /><ent r="3" t="160" w="688" /><ent r="3" t="160" w="709" /><ent r="3" t="160" w="719" /><ent r="3" t="160" w="908" /><ent r="3" t="160" w="917" /><ent r="3" t="160" w="929" /><ent r="3" t="160" w="936" /><ent r="3" t="160" w="939" /><ent r="3" t="160" w="945" /><ent r="1000" t="161" w="5" /><ent r="100" t="161" w="12" /><ent r="100" t="161" w="18" /><ent r="102" t="161" w="28" /><ent r="3" t="161" w="34" /><ent r="4" t="161" w="52" /><ent r="4" t="161" w="63" /><ent r="3" t="161" w="84" /><ent r="4" t="161" w="96" /><ent r="3" t="161" w="106" /><ent r="3" t="161" w="122" /><ent r="64" t="161" w="132" /><ent r="4" t="161" w="138" /><ent r="4" t="161" w="152" /><ent r="3" t="161" w="165" /><ent r="4" t="161" w="176" /><ent r="3" t="161" w="189" /><ent r="3" t="161" w="198" /><ent r="4" t="161" w="206" /><ent r="4" t="161" w="216" /><ent r="4" t="161" w="251" /><ent r="4" t="161" w="275" /><ent r="4" t="161" w="342" /><ent r="4" t="161" w="348" /><ent r="4" t="161" w="357" /><ent r="3" t="161" w="371" /><ent r="4" t="161" w="376" /><ent r="4" t="161" w="393" /><ent r="3" t="161" w="401" /><ent r="4" t="161" w="407" /><ent r="4" t="161" w="413" /><ent r="64" t="161" w="426" /><ent r="1000" t="162" w="2" /><ent r="102" t="162" w="7" /><ent r="3" t="162" w="13" /><ent r="65" t="162" w="33" /><ent r="4" t="162" w="41" /><ent r="3" t="163" w="28" /><ent r="3" t="163" w="35" /><ent r="3" t="163" w="175" /><ent r="3" t="163" w="187" /><ent r="3" t="163" w="195" /><ent r="100" t="164" w="26" /><ent r="3" t="164" w="194" /><ent r="3" t="164" w="201" /><ent r="3" t="164" w="274" /><ent r="3" t="164" w="304" /><ent r="3" t="164" w="325" /><ent r="3" t="164" w="334" /><ent r="4" t="164" w="353" /><ent r="5" t="164" w="363" /><ent r="3" t="164" w="394" /><ent r="3" t="164" w="400" /><ent r="4" t="164" w="419" /><ent r="5" t="164" w="429" /><ent r="4" t="176" w="91" /><ent r="4" t="177" w="69" /><ent r="3" t="179" w="104" /><ent r="4" t="181" w="832" /><ent r="4" t="182" w="63" /><ent r="3" t="192" w="133" /><ent r="4" t="192" w="179" /><ent r="4" t="192" w="368" /><ent r="4" t="194" w="167" /><ent r="4" t="194" w="353" /><ent r="4" t="211" w="2805" /><ent r="4" t="211" w="2822" /><ent r="4" t="211" w="3117" /><ent r="4" t="211" w="3201" /><ent r="4" t="215" w="902" /><ent r="3" t="218" w="251" /><ent r="92" t="218" w="443" /><ent r="4" t="218" w="448" /><ent r="4" t="218" w="459" /><ent r="4" t="218" w="464" /><ent r="3" t="218" w="472" /><ent r="92" t="218" w="489" /><ent r="4" t="218" w="494" /><ent r="4" t="218" w="507" /><ent r="3" t="218" w="516" /><ent r="4" t="218" w="552" /><ent r="3" t="218" w="568" /><ent r="92" t="218" w="592" /><ent r="4" t="218" w="597" /><ent r="4" t="218" w="606" /><ent r="4" t="218" w="614" /><ent r="3" t="218" w="665" /><ent r="4" t="218" w="682" /><ent r="4" t="218" w="691" /><ent r="4" t="218" w="699" /><ent r="4" t="218" w="748" /><ent r="3" t="218" w="777" /><ent r="3" t="218" w="957" /><ent r="3" t="218" w="975" /><ent r="7" t="218" w="1108" /><ent r="7" t="218" w="1112" /><ent r="6" t="218" w="1206" /><ent r="4" t="218" w="1230" /><ent r="3" t="218" w="1286" /><ent r="3" t="218" w="1313" /><ent r="3" t="218" w="1334" /><ent r="4" t="219" w="78" /><ent r="4" t="219" w="81" /><ent r="4" t="219" w="544" /><ent r="4" t="219" w="556" /><ent r="4" t="219" w="561" /><ent r="92" t="219" w="571" /><ent r="4" t="219" w="582" /><ent r="4" t="219" w="592" /><ent r="4" t="219" w="597" /><ent r="4" t="219" w="633" /><ent r="4" t="219" w="642" /><ent r="4" t="219" w="647" /><ent r="3" t="219" w="666" /><ent r="3" t="219" w="670" /><ent r="4" t="219" w="684" /><ent r="4" t="219" w="697" /><ent r="4" t="219" w="723" /><ent r="3" t="219" w="755" /><ent r="4" t="219" w="786" /><ent r="3" t="219" w="898" /><ent r="7" t="219" w="938" /><ent r="7" t="219" w="942" /><ent r="7" t="219" w="1014" /><ent r="4" t="219" w="1091" /><ent r="3" t="219" w="1137" /><ent r="3" t="219" w="1164" /><ent r="3" t="219" w="1185" /><ent r="4" t="219" w="1195" /><ent r="4" t="219" w="1205" /><ent r="4" t="219" w="1226" /><ent r="3" t="234" w="402" /><ent r="3" t="234" w="411" /><ent r="3" t="234" w="416" /><ent r="3" t="234" w="433" /><ent r="3" t="234" w="460" /><ent r="3" t="234" w="1085" /><ent r="3" t="234" w="1094" /><ent r="3" t="243" w="493" /><ent r="65" t="248" w="150" /><ent r="6" t="256" w="40" /><ent r="7" t="256" w="84" /><ent r="7" t="256" w="89" /><ent r="6" t="257" w="52" /><ent r="7" t="257" w="69" /><ent r="7" t="257" w="89" /><ent r="7" t="257" w="94" /><ent r="7" t="257" w="108" /><ent r="7" t="257" w="125" /><ent r="7" t="257" w="130" /><ent r="7" t="257" w="143" /><ent r="7" t="257" w="164" /><ent r="7" t="257" w="169" /><ent r="6" t="258" w="55" /><ent r="1000" t="259" w="3" /><ent r="100" t="259" w="18" /><ent r="100" t="259" w="25" /><ent r="102" t="259" w="30" /><ent r="6" t="259" w="52" /><ent r="7" t="259" w="97" /><ent r="68" t="259" w="110" /><ent r="5" t="259" w="115" /><ent r="5" t="259" w="119" /><ent r="100" t="259" w="134" /><ent r="7" t="259" w="145" /><ent r="7" t="259" w="148" /><ent r="7" t="259" w="162" /><ent r="7" t="259" w="183" /><ent r="7" t="259" w="186" /><ent r="7" t="259" w="200" /><ent r="1000" t="260" w="2" /><ent r="100" t="260" w="6" /><ent r="102" t="260" w="10" /></phr><phr n="items"><ent r="3" t="89" w="27" /><ent r="3" t="108" w="136" /><ent r="3" t="108" w="144" /><ent r="6" t="122" w="534" /><ent r="3" t="136" w="43" /><ent r="4" t="136" w="188" /><ent r="3" t="136" w="219" /><ent r="4" t="136" w="236" /><ent r="4" t="136" w="258" /><ent r="3" t="150" w="159" /><ent r="3" t="150" w="168" /><ent r="100" t="150" w="272" /><ent r="3" t="150" w="295" /><ent r="3" t="150" w="308" /><ent r="64" t="150" w="312" /><ent r="3" t="150" w="328" /><ent r="3" t="150" w="333" /><ent r="3" t="150" w="387" /><ent r="3" t="150" w="447" /><ent r="3" t="150" w="456" /><ent r="64" t="150" w="460" /><ent r="3" t="150" w="550" /><ent r="64" t="150" w="554" /><ent r="7" t="151" w="68" /><ent r="7" t="151" w="98" /><ent r="7" t="151" w="134" /><ent r="7" t="151" w="172" /><ent r="68" t="151" w="265" /><ent r="68" t="151" w="299" /><ent r="65" t="152" w="62" /><ent r="4" t="152" w="68" /><ent r="65" t="152" w="73" /><ent r="4" t="152" w="175" /><ent r="4" t="153" w="123" /><ent r="4" t="157" w="43" /><ent r="3" t="157" w="109" /><ent r="3" t="157" w="138" /><ent r="3" t="157" w="164" /><ent r="64" t="157" w="181" /><ent r="3" t="158" w="307" /><ent r="3" t="158" w="439" /><ent r="3" t="158" w="585" /><ent r="3" t="159" w="46" /><ent r="1000" t="160" w="2" /><ent r="100" t="160" w="18" /><ent r="102" t="160" w="21" /><ent r="3" t="160" w="49" /><ent r="3" t="160" w="74" /><ent r="3" t="160" w="80" /><ent r="100" t="160" w="97" /><ent r="100" t="160" w="101" /><ent r="92" t="160" w="160" /><ent r="3" t="160" w="167" /><ent r="3" t="160" w="187" /><ent r="3" t="160" w="207" /><ent r="3" t="160" w="280" /><ent r="3" t="160" w="293" /><ent r="3" t="160" w="341" /><ent r="82" t="160" w="618" /><ent r="3" t="160" w="621" /><ent r="3" t="160" w="626" /><ent r="3" t="160" w="725" /><ent r="4" t="160" w="760" /><ent r="4" t="160" w="765" /><ent r="4" t="160" w="791" /><ent r="3" t="160" w="809" /><ent r="3" t="160" w="820" /><ent r="3" t="160" w="838" /><ent r="3" t="160" w="860" /><ent r="3" t="160" w="881" /><ent r="64" t="160" w="900" /><ent r="64" t="160" w="956" /><ent r="100" t="161" w="14" /><ent r="100" t="161" w="21" /><ent r="3" t="161" w="264" /><ent r="4" t="161" w="291" /><ent r="4" t="161" w="300" /><ent r="4" t="161" w="309" /><ent r="4" t="161" w="328" /><ent r="4" t="161" w="332" /><ent r="64" t="161" w="431" /><ent r="1000" t="163" w="3" /><ent r="100" t="163" w="7" /><ent r="100" t="163" w="10" /><ent r="102" t="163" w="15" /><ent r="64" t="163" w="18" /><ent r="3" t="163" w="126" /><ent r="64" t="163" w="204" /><ent r="1000" t="164" w="5" /><ent r="100" t="164" w="13" /><ent r="102" t="164" w="21" /><ent r="3" t="164" w="29" /><ent r="4" t="164" w="58" /><ent r="4" t="164" w="63" /><ent r="4" t="164" w="83" /><ent r="3" t="164" w="99" /><ent r="3" t="164" w="128" /><ent r="3" t="164" w="154" /><ent r="3" t="164" w="191" /><ent r="3" t="164" w="228" /><ent r="3" t="164" w="240" /><ent r="3" t="164" w="259" /><ent r="92" t="164" w="298" /><ent r="64" t="164" w="455" /><ent r="64" t="164" w="459" /><ent r="4" t="217" w="68" /><ent r="4" t="217" w="913" /><ent r="92" t="217" w="923" /><ent r="3" t="217" w="951" /><ent r="4" t="218" w="55" /><ent r="3" t="218" w="178" /><ent r="4" t="218" w="188" /><ent r="4" t="218" w="207" /><ent r="4" t="218" w="221" /><ent r="3" t="218" w="263" /><ent r="92" t="218" w="764" /><ent r="64" t="218" w="789" /><ent r="4" t="218" w="1100" /><ent r="3" t="218" w="1266" /><ent r="3" t="218" w="1284" /><ent r="3" t="218" w="1301" /><ent r="3" t="218" w="1323" /><ent r="3" t="218" w="1364" /><ent r="4" t="219" w="83" /><ent r="4" t="219" w="606" /><ent r="92" t="219" w="616" /><ent r="3" t="219" w="624" /><ent r="4" t="219" w="641" /><ent r="4" t="219" w="782" /><ent r="3" t="219" w="1117" /><ent r="3" t="219" w="1135" /><ent r="3" t="219" w="1152" /><ent r="3" t="219" w="1174" /><ent r="4" t="219" w="1236" /><ent r="3" t="234" w="393" /><ent r="3" t="234" w="423" /><ent r="3" t="234" w="468" /><ent r="3" t="234" w="480" /><ent r="3" t="256" w="24" /><ent r="3" t="257" w="36" /><ent r="7" t="257" w="82" /><ent r="7" t="257" w="118" /><ent r="7" t="257" w="157" /><ent r="3" t="258" w="39" /><ent r="7" t="258" w="181" /><ent r="100" t="259" w="10" /><ent r="100" t="259" w="16" /><ent r="3" t="259" w="36" /><ent r="7" t="259" w="75" /><ent r="68" t="259" w="167" /><ent r="68" t="259" w="205" /><ent r="64" t="260" w="26" /></phr></stem><stem n="v"><phr n="V"><ent r="7" t="5" w="165" /><ent r="5" t="242" w="157" /><ent r="5" t="242" w="224" /><ent r="3" t="253" w="45" /><ent r="3" t="253" w="49" /><ent r="7" t="257" w="176" /></phr></stem><stem n="undo"><phr n="Undoes"><ent r="7" t="5" w="173" /></phr><phr n="undo"><ent r="7" t="5" w="194" /><ent r="7" t="5" w="207" /><ent r="3" t="70" w="90" /><ent r="4" t="97" w="89" /><ent r="3" t="97" w="108" /><ent r="3" t="199" w="288" /><ent r="3" t="199" w="297" /><ent r="4" t="243" w="198" /></phr></stem><stem n="recent"><phr n="recent"><ent r="7" t="5" w="176" /><ent r="7" t="5" w="222" /><ent r="3" t="243" w="196" /></phr><phr n="recently"><ent r="3" t="17" w="191" /><ent r="3" t="17" w="210" /><ent r="3" t="17" w="233" /><ent r="5" t="46" w="208" /><ent r="3" t="243" w="140" /><ent r="4" t="243" w="165" /></phr></stem><stem n="properti"><phr n="property"><ent r="7" t="5" w="180" /><ent r="7" t="5" w="226" /><ent r="4" t="186" w="83" /><ent r="6" t="246" w="15" /><ent r="6" t="246" w="72" /><ent r="6" t="246" w="508" /></phr><phr n="properties"><ent r="7" t="6" w="183" /><ent r="68" t="6" w="194" /><ent r="92" t="18" w="142" /><ent r="5" t="22" w="310" /><ent r="4" t="22" w="315" /><ent r="64" t="25" w="222" /><ent r="5" t="46" w="245" /><ent r="3" t="51" w="19" /><ent r="3" t="51" w="61" /><ent r="4" t="52" w="128" /><ent r="4" t="52" w="140" /><ent r="5" t="52" w="144" /><ent r="4" t="52" w="147" /><ent r="5" t="52" w="182" /><ent r="4" t="52" w="185" /><ent r="5" t="52" w="198" /><ent r="4" t="52" w="201" /><ent r="5" t="52" w="220" /><ent r="4" t="52" w="224" /><ent r="3" t="55" w="27" /><ent r="4" t="55" w="156" /><ent r="4" t="55" w="170" /><ent r="4" t="56" w="130" /><ent r="4" t="56" w="142" /><ent r="5" t="56" w="146" /><ent r="4" t="56" w="149" /><ent r="5" t="56" w="166" /><ent r="4" t="56" w="169" /><ent r="5" t="56" w="181" /><ent r="4" t="56" w="184" /><ent r="3" t="57" w="25" /><ent r="5" t="57" w="132" /><ent r="4" t="58" w="124" /><ent r="4" t="58" w="136" /><ent r="92" t="58" w="172" /><ent r="6" t="59" w="128" /><ent r="92" t="59" w="160" /><ent r="64" t="61" w="69" /><ent r="65" t="66" w="266" /><ent r="5" t="69" w="61" /><ent r="4" t="69" w="66" /><ent r="4" t="69" w="168" /><ent r="5" t="70" w="298" /><ent r="4" t="70" w="303" /><ent r="5" t="79" w="237" /><ent r="4" t="79" w="242" /><ent r="65" t="79" w="247" /><ent r="64" t="84" w="310" /><ent r="1000" t="88" w="3" /><ent r="100" t="88" w="7" /><ent r="100" t="88" w="9" /><ent r="102" t="88" w="15" /><ent r="4" t="88" w="38" /><ent r="5" t="88" w="65" /><ent r="3" t="88" w="70" /><ent r="4" t="88" w="192" /><ent r="3" t="88" w="209" /><ent r="64" t="89" w="113" /><ent r="92" t="90" w="238" /><ent r="3" t="90" w="244" /><ent r="64" t="90" w="249" /><ent r="5" t="92" w="95" /><ent r="4" t="92" w="101" /><ent r="64" t="99" w="69" /><ent r="3" t="100" w="300" /><ent r="4" t="100" w="305" /><ent r="64" t="100" w="312" /><ent r="5" t="103" w="86" /><ent r="4" t="103" w="131" /><ent r="5" t="103" w="208" /><ent r="4" t="103" w="257" /><ent r="5" t="103" w="283" /><ent r="4" t="103" w="336" /><ent r="5" t="103" w="391" /><ent r="4" t="103" w="458" /><ent r="5" t="104" w="61" /><ent r="4" t="104" w="105" /><ent r="5" t="105" w="56" /><ent r="4" t="105" w="100" /><ent r="5" t="106" w="92" /><ent r="4" t="106" w="172" /><ent r="64" t="117" w="173" /><ent r="3" t="120" w="237" /><ent r="64" t="120" w="242" /><ent r="7" t="122" w="682" /><ent r="67" t="122" w="720" /><ent r="64" t="135" w="162" /><ent r="5" t="138" w="181" /><ent r="92" t="140" w="413" /><ent r="4" t="140" w="420" /><ent r="3" t="148" w="171" /><ent r="3" t="148" w="261" /><ent r="3" t="148" w="267" /><ent r="3" t="148" w="281" /><ent r="3" t="148" w="316" /><ent r="3" t="148" w="370" /><ent r="100" t="150" w="25" /><ent r="100" t="150" w="465" /><ent r="92" t="150" w="468" /><ent r="3" t="150" w="472" /><ent r="92" t="150" w="508" /><ent r="100" t="150" w="512" /><ent r="100" t="150" w="514" /><ent r="3" t="150" w="521" /><ent r="3" t="150" w="525" /><ent r="4" t="157" w="204" /><ent r="5" t="164" w="364" /><ent r="5" t="164" w="430" /><ent r="3" t="165" w="97" /><ent r="3" t="169" w="25" /><ent r="3" t="169" w="54" /><ent r="64" t="172" w="186" /><ent r="1000" t="179" w="1" /><ent r="100" t="179" w="3" /><ent r="102" t="179" w="5" /><ent r="3" t="179" w="17" /><ent r="3" t="179" w="26" /><ent r="3" t="179" w="58" /><ent r="5" t="179" w="76" /><ent r="3" t="179" w="89" /><ent r="4" t="179" w="110" /><ent r="4" t="179" w="125" /><ent r="64" t="179" w="1023" /><ent r="64" t="179" w="1027" /><ent r="1000" t="180" w="3" /><ent r="100" t="180" w="7" /><ent r="100" t="180" w="9" /><ent r="102" t="180" w="15" /><ent r="3" t="180" w="20" /><ent r="3" t="180" w="66" /><ent r="3" t="180" w="74" /><ent r="5" t="180" w="101" /><ent r="3" t="180" w="105" /><ent r="5" t="180" w="126" /><ent r="3" t="180" w="144" /><ent r="3" t="180" w="1152" /><ent r="3" t="180" w="1177" /><ent r="1000" t="181" w="3" /><ent r="100" t="181" w="7" /><ent r="100" t="181" w="9" /><ent r="102" t="181" w="15" /><ent r="3" t="181" w="73" /><ent r="3" t="181" w="76" /><ent r="92" t="181" w="82" /><ent r="4" t="181" w="89" /><ent r="4" t="181" w="92" /><ent r="5" t="181" w="105" /><ent r="4" t="181" w="128" /><ent r="3" t="181" w="133" /><ent r="4" t="181" w="162" /><ent r="3" t="181" w="179" /><ent r="3" t="181" w="800" /><ent r="5" t="181" w="839" /><ent r="3" t="181" w="879" /><ent r="3" t="181" w="908" /><ent r="64" t="181" w="923" /><ent r="1000" t="182" w="3" /><ent r="100" t="182" w="7" /><ent r="100" t="182" w="9" /><ent r="102" t="182" w="15" /><ent r="4" t="182" w="48" /><ent r="5" t="182" w="84" /><ent r="3" t="182" w="90" /><ent r="5" t="182" w="192" /><ent r="3" t="182" w="209" /><ent r="1000" t="183" w="3" /><ent r="100" t="183" w="7" /><ent r="100" t="183" w="9" /><ent r="102" t="183" w="15" /><ent r="3" t="183" w="22" /><ent r="5" t="183" w="48" /><ent r="3" t="183" w="55" /><ent r="6" t="183" w="65" /><ent r="3" t="183" w="83" /><ent r="1000" t="184" w="3" /><ent r="100" t="184" w="7" /><ent r="100" t="184" w="9" /><ent r="102" t="184" w="15" /><ent r="4" t="184" w="72" /><ent r="5" t="184" w="98" /><ent r="5" t="184" w="114" /><ent r="3" t="184" w="120" /><ent r="4" t="184" w="237" /><ent r="3" t="184" w="254" /><ent r="1000" t="185" w="3" /><ent r="100" t="185" w="7" /><ent r="100" t="185" w="9" /><ent r="102" t="185" w="15" /><ent r="3" t="185" w="20" /><ent r="3" t="185" w="25" /><ent r="3" t="185" w="37" /><ent r="3" t="185" w="54" /><ent r="4" t="185" w="61" /><ent r="5" t="185" w="87" /><ent r="5" t="185" w="113" /><ent r="3" t="185" w="122" /><ent r="3" t="185" w="129" /><ent r="3" t="185" w="152" /><ent r="64" t="185" w="156" /><ent r="3" t="185" w="166" /><ent r="3" t="185" w="183" /><ent r="1000" t="186" w="4" /><ent r="100" t="186" w="9" /><ent r="100" t="186" w="11" /><ent r="102" t="186" w="19" /><ent r="3" t="186" w="24" /><ent r="4" t="186" w="52" /><ent r="5" t="186" w="79" /><ent r="4" t="186" w="94" /><ent r="4" t="186" w="100" /><ent r="3" t="186" w="117" /><ent r="1000" t="187" w="4" /><ent r="100" t="187" w="9" /><ent r="100" t="187" w="11" /><ent r="102" t="187" w="19" /><ent r="3" t="187" w="49" /><ent r="4" t="187" w="68" /><ent r="5" t="187" w="95" /><ent r="3" t="187" w="102" /><ent r="4" t="187" w="197" /><ent r="3" t="187" w="214" /><ent r="1000" t="188" w="3" /><ent r="100" t="188" w="7" /><ent r="100" t="188" w="9" /><ent r="102" t="188" w="15" /><ent r="3" t="188" w="45" /><ent r="3" t="188" w="88" /><ent r="5" t="188" w="111" /><ent r="3" t="188" w="115" /><ent r="4" t="188" w="126" /><ent r="4" t="188" w="132" /><ent r="3" t="188" w="149" /><ent r="1000" t="189" w="3" /><ent r="102" t="189" w="7" /><ent r="100" t="189" w="11" /><ent r="100" t="189" w="13" /><ent r="3" t="189" w="22" /><ent r="5" t="189" w="46" /><ent r="3" t="189" w="51" /><ent r="1000" t="190" w="3" /><ent r="100" t="190" w="7" /><ent r="100" t="190" w="9" /><ent r="102" t="190" w="15" /><ent r="3" t="190" w="19" /><ent r="3" t="190" w="37" /><ent r="3" t="190" w="46" /><ent r="3" t="190" w="122" /><ent r="5" t="190" w="152" /><ent r="3" t="190" w="158" /><ent r="5" t="194" w="74" /><ent r="4" t="194" w="610" /><ent r="3" t="200" w="117" /><ent r="5" t="200" w="134" /><ent r="4" t="206" w="201" /><ent r="3" t="211" w="2766" /><ent r="92" t="216" w="532" /><ent r="6" t="216" w="558" /><ent r="4" t="217" w="151" /><ent r="5" t="217" w="752" /><ent r="4" t="217" w="763" /><ent r="4" t="217" w="778" /><ent r="4" t="218" w="553" /><ent r="3" t="218" w="1410" /><ent r="4" t="218" w="1830" /><ent r="4" t="219" w="502" /><ent r="5" t="242" w="121" /><ent r="1000" t="246" w="1" /><ent r="100" t="246" w="8" /><ent r="102" t="246" w="10" /><ent r="6" t="246" w="320" /><ent r="6" t="246" w="629" /><ent r="64" t="248" w="16" /><ent r="1000" t="254" w="3" /><ent r="100" t="254" w="11" /><ent r="100" t="254" w="14" /><ent r="102" t="254" w="20" /><ent r="64" t="254" w="31" /><ent r="3" t="254" w="173" /><ent r="5" t="254" w="436" /><ent r="4" t="254" w="444" /><ent r="65" t="254" w="452" /><ent r="4" t="254" w="501" /><ent r="7" t="256" w="87" /><ent r="7" t="256" w="90" /><ent r="64" t="260" w="20" /></phr></stem></index>