﻿<?xml version="1.0" encoding="utf-8"?><index><stem n="toggl"><phr n="toggled"><ent r="3" t="1" w="261" /><ent r="3" t="4" w="59" /><ent r="3" t="98" w="74" /></phr><phr n="toggle"><ent r="4" t="1" w="309" /><ent r="4" t="1" w="357" /><ent r="4" t="4" w="164" /><ent r="4" t="4" w="214" /><ent r="7" t="6" w="30" /><ent r="7" t="6" w="43" /><ent r="7" t="6" w="56" /><ent r="7" t="6" w="81" /><ent r="7" t="6" w="93" /><ent r="7" t="8" w="119" /><ent r="4" t="50" w="268" /><ent r="3" t="77" w="130" /><ent r="3" t="86" w="19" /><ent r="3" t="86" w="31" /><ent r="7" t="90" w="162" /><ent r="4" t="141" w="44" /><ent r="3" t="142" w="339" /><ent r="4" t="180" w="375" /><ent r="4" t="180" w="425" /><ent r="4" t="181" w="525" /><ent r="4" t="181" w="575" /><ent r="3" t="181" w="2456" /><ent r="4" t="181" w="2823" /><ent r="4" t="182" w="237" /><ent r="4" t="182" w="287" /><ent r="4" t="183" w="200" /><ent r="4" t="183" w="250" /><ent r="4" t="183" w="1522" /><ent r="4" t="184" w="475" /><ent r="4" t="184" w="525" /><ent r="4" t="185" w="460" /><ent r="4" t="185" w="510" /><ent r="4" t="187" w="351" /><ent r="4" t="187" w="401" /><ent r="3" t="188" w="353" /><ent r="4" t="189" w="262" /><ent r="4" t="189" w="312" /><ent r="3" t="220" w="93" /><ent r="4" t="221" w="61" /><ent r="3" t="222" w="98" /><ent r="4" t="223" w="79" /><ent r="4" t="224" w="91" /><ent r="4" t="225" w="64" /></phr><phr n="Toggles"><ent r="6" t="7" w="282" /><ent r="6" t="13" w="89" /><ent r="5" t="13" w="102" /><ent r="5" t="13" w="119" /><ent r="7" t="13" w="135" /><ent r="4" t="53" w="56" /><ent r="6" t="230" w="391" /><ent r="7" t="242" w="60" /><ent r="7" t="242" w="72" /></phr><phr n="Toggle"><ent r="7" t="8" w="68" /><ent r="7" t="8" w="171" /><ent r="5" t="177" w="231" /><ent r="5" t="183" w="1518" /><ent r="5" t="226" w="334" /></phr><phr n="toggles"><ent r="7" t="8" w="81" /><ent r="7" t="8" w="103" /><ent r="7" t="10" w="86" /><ent r="3" t="57" w="83" /><ent r="3" t="62" w="175" /><ent r="4" t="162" w="580" /><ent r="4" t="167" w="763" /></phr></stem><stem n="off"><phr n="off"><ent r="3" t="1" w="264" /><ent r="4" t="1" w="313" /><ent r="4" t="1" w="361" /><ent r="3" t="4" w="62" /><ent r="4" t="4" w="168" /><ent r="4" t="4" w="218" /><ent r="5" t="6" w="133" /><ent r="5" t="6" w="135" /><ent r="7" t="8" w="137" /><ent r="7" t="10" w="101" /><ent r="3" t="38" w="131" /><ent r="100" t="41" w="11" /><ent r="3" t="41" w="15" /><ent r="3" t="49" w="590" /><ent r="3" t="56" w="64" /><ent r="3" t="57" w="89" /><ent r="3" t="77" w="133" /><ent r="3" t="86" w="135" /><ent r="3" t="86" w="141" /><ent r="3" t="98" w="55" /><ent r="3" t="98" w="75" /><ent r="4" t="109" w="402" /><ent r="3" t="115" w="367" /><ent r="3" t="115" w="376" /><ent r="4" t="141" w="49" /><ent r="3" t="142" w="344" /><ent r="3" t="142" w="553" /><ent r="3" t="166" w="47" /><ent r="3" t="166" w="182" /><ent r="4" t="180" w="379" /><ent r="4" t="180" w="429" /><ent r="3" t="181" w="372" /><ent r="4" t="181" w="529" /><ent r="4" t="181" w="579" /><ent r="3" t="181" w="2461" /><ent r="4" t="181" w="2824" /><ent r="4" t="182" w="241" /><ent r="4" t="182" w="291" /><ent r="4" t="183" w="204" /><ent r="4" t="183" w="254" /><ent r="4" t="184" w="479" /><ent r="4" t="184" w="529" /><ent r="4" t="185" w="464" /><ent r="4" t="185" w="514" /><ent r="4" t="187" w="355" /><ent r="4" t="187" w="405" /><ent r="3" t="188" w="357" /><ent r="4" t="189" w="266" /><ent r="4" t="189" w="316" /><ent r="7" t="242" w="63" /><ent r="7" t="242" w="75" /></phr><phr n="Off"><ent r="66" t="6" w="147" /><ent r="3" t="38" w="139" /><ent r="1000" t="41" w="3" /><ent r="102" t="41" w="7" /><ent r="3" t="41" w="31" /><ent r="3" t="56" w="72" /><ent r="92" t="98" w="50" /></phr></stem><stem n="two"><phr n="two"><ent r="3" t="1" w="268" /><ent r="3" t="4" w="123" /><ent r="3" t="13" w="23" /><ent r="4" t="28" w="58" /><ent r="4" t="28" w="106" /><ent r="4" t="28" w="148" /><ent r="4" t="28" w="260" /><ent r="3" t="44" w="332" /><ent r="3" t="48" w="27" /><ent r="3" t="48" w="42" /><ent r="3" t="58" w="34" /><ent r="7" t="59" w="122" /><ent r="4" t="60" w="21" /><ent r="3" t="73" w="16" /><ent r="3" t="75" w="27" /><ent r="3" t="82" w="18" /><ent r="3" t="82" w="43" /><ent r="4" t="83" w="183" /><ent r="3" t="101" w="37" /><ent r="3" t="110" w="28" /><ent r="3" t="119" w="17" /><ent r="5" t="154" w="607" /><ent r="5" t="154" w="1030" /><ent r="3" t="157" w="141" /><ent r="3" t="158" w="470" /><ent r="3" t="159" w="50" /><ent r="3" t="159" w="143" /><ent r="3" t="160" w="99" /><ent r="5" t="162" w="475" /><ent r="5" t="167" w="596" /><ent r="3" t="169" w="218" /><ent r="3" t="172" w="119" /><ent r="4" t="173" w="51" /><ent r="3" t="173" w="246" /><ent r="3" t="174" w="42" /><ent r="4" t="174" w="177" /><ent r="4" t="176" w="352" /><ent r="3" t="177" w="21" /><ent r="4" t="177" w="303" /><ent r="4" t="180" w="1100" /><ent r="3" t="181" w="68" /><ent r="3" t="181" w="332" /><ent r="3" t="181" w="719" /><ent r="3" t="181" w="892" /><ent r="4" t="181" w="1520" /><ent r="4" t="181" w="2150" /><ent r="3" t="182" w="1076" /><ent r="3" t="183" w="841" /><ent r="3" t="183" w="963" /><ent r="4" t="183" w="1291" /><ent r="3" t="183" w="1561" /><ent r="4" t="187" w="110" /><ent r="4" t="187" w="163" /><ent r="4" t="187" w="265" /><ent r="3" t="188" w="903" /><ent r="4" t="188" w="1835" /><ent r="3" t="189" w="931" /><ent r="7" t="191" w="65" /><ent r="3" t="215" w="75" /><ent r="3" t="215" w="299" /><ent r="3" t="216" w="19" /><ent r="3" t="218" w="19" /><ent r="3" t="223" w="25" /><ent r="3" t="233" w="109" /><ent r="3" t="238" w="165" /><ent r="3" t="238" w="191" /></phr><phr n="Two"><ent r="4" t="48" w="235" /><ent r="4" t="181" w="2327" /><ent r="5" t="195" w="57" /><ent r="4" t="195" w="60" /></phr></stem><stem n="wai"><phr n="ways"><ent r="3" t="1" w="269" /><ent r="3" t="4" w="124" /><ent r="5" t="20" w="80" /><ent r="3" t="75" w="28" /><ent r="3" t="90" w="25" /><ent r="3" t="119" w="18" /><ent r="7" t="125" w="397" /><ent r="3" t="128" w="120" /><ent r="3" t="180" w="335" /><ent r="3" t="181" w="485" /><ent r="3" t="181" w="720" /><ent r="3" t="182" w="197" /><ent r="3" t="183" w="160" /><ent r="3" t="184" w="435" /><ent r="3" t="185" w="420" /><ent r="3" t="187" w="311" /><ent r="3" t="189" w="222" /><ent r="3" t="201" w="53" /></phr><phr n="Way"><ent r="4" t="48" w="236" /><ent r="4" t="181" w="2328" /></phr><phr n="way"><ent r="4" t="105" w="23" /><ent r="3" t="106" w="18" /><ent r="3" t="185" w="1197" /><ent r="3" t="188" w="1430" /></phr></stem><stem n="go"><phr n="Go"><ent r="4" t="1" w="275" /><ent r="4" t="4" w="130" /><ent r="3" t="14" w="40" /><ent r="3" t="18" w="195" /><ent r="4" t="21" w="236" /><ent r="4" t="21" w="277" /><ent r="4" t="21" w="323" /><ent r="4" t="21" w="400" /><ent r="4" t="24" w="23" /><ent r="4" t="29" w="23" /><ent r="4" t="30" w="30" /><ent r="4" t="44" w="142" /><ent r="4" t="44" w="157" /><ent r="4" t="44" w="262" /><ent r="3" t="46" w="73" /><ent r="4" t="51" w="49" /><ent r="4" t="54" w="21" /><ent r="4" t="55" w="28" /><ent r="4" t="62" w="43" /><ent r="3" t="69" w="36" /><ent r="4" t="70" w="38" /><ent r="4" t="70" w="220" /><ent r="4" t="71" w="59" /><ent r="4" t="72" w="87" /><ent r="4" t="77" w="61" /><ent r="5" t="83" w="227" /><ent r="4" t="83" w="234" /><ent r="4" t="85" w="101" /><ent r="4" t="85" w="185" /><ent r="4" t="86" w="36" /><ent r="4" t="86" w="49" /><ent r="4" t="88" w="26" /><ent r="3" t="89" w="135" /><ent r="3" t="90" w="62" /><ent r="3" t="90" w="73" /><ent r="4" t="91" w="21" /><ent r="4" t="91" w="34" /><ent r="4" t="92" w="42" /><ent r="4" t="92" w="55" /><ent r="3" t="93" w="86" /><ent r="3" t="93" w="99" /><ent r="4" t="94" w="26" /><ent r="4" t="94" w="39" /><ent r="4" t="97" w="25" /><ent r="4" t="97" w="38" /><ent r="3" t="100" w="103" /><ent r="3" t="100" w="114" /><ent r="3" t="101" w="106" /><ent r="3" t="101" w="117" /><ent r="3" t="102" w="191" /><ent r="3" t="102" w="252" /><ent r="3" t="103" w="124" /><ent r="3" t="104" w="124" /><ent r="3" t="111" w="75" /><ent r="3" t="111" w="96" /><ent r="4" t="129" w="359" /><ent r="4" t="129" w="367" /><ent r="4" t="129" w="425" /><ent r="4" t="129" w="433" /><ent r="4" t="131" w="126" /><ent r="3" t="138" w="34" /><ent r="3" t="138" w="89" /><ent r="5" t="139" w="18" /><ent r="4" t="142" w="360" /><ent r="3" t="142" w="479" /><ent r="3" t="142" w="579" /><ent r="3" t="142" w="653" /><ent r="3" t="143" w="165" /><ent r="3" t="143" w="178" /><ent r="3" t="157" w="94" /><ent r="4" t="158" w="81" /><ent r="3" t="159" w="110" /><ent r="4" t="159" w="313" /><ent r="4" t="160" w="52" /><ent r="4" t="160" w="64" /><ent r="4" t="161" w="24" /><ent r="4" t="162" w="40" /><ent r="4" t="163" w="76" /><ent r="4" t="164" w="65" /><ent r="4" t="164" w="93" /><ent r="4" t="165" w="56" /><ent r="4" t="166" w="72" /><ent r="4" t="167" w="108" /><ent r="3" t="170" w="21" /><ent r="4" t="176" w="82" /><ent r="4" t="178" w="37" /><ent r="4" t="180" w="341" /><ent r="4" t="180" w="1952" /><ent r="4" t="181" w="491" /><ent r="4" t="181" w="2656" /><ent r="4" t="182" w="203" /><ent r="4" t="182" w="685" /><ent r="4" t="182" w="763" /><ent r="4" t="182" w="853" /><ent r="5" t="182" w="913" /><ent r="4" t="182" w="981" /><ent r="4" t="183" w="166" /><ent r="4" t="183" w="436" /><ent r="4" t="183" w="952" /><ent r="4" t="183" w="1160" /><ent r="4" t="183" w="1196" /><ent r="4" t="184" w="441" /><ent r="4" t="185" w="426" /><ent r="4" t="185" w="826" /><ent r="4" t="187" w="317" /><ent r="4" t="187" w="551" /><ent r="4" t="187" w="681" /><ent r="4" t="187" w="801" /><ent r="4" t="187" w="829" /><ent r="4" t="189" w="228" /><ent r="4" t="196" w="404" /><ent r="3" t="227" w="142" /></phr><phr n="go"><ent r="4" t="2" w="67" /><ent r="4" t="2" w="85" /><ent r="4" t="18" w="35" /><ent r="4" t="23" w="45" /><ent r="4" t="26" w="130" /><ent r="4" t="32" w="102" /><ent r="3" t="35" w="29" /><ent r="4" t="36" w="38" /><ent r="3" t="39" w="33" /><ent r="3" t="40" w="45" /><ent r="4" t="44" w="291" /><ent r="4" t="44" w="352" /><ent r="4" t="47" w="40" /><ent r="4" t="48" w="83" /><ent r="4" t="49" w="129" /><ent r="4" t="52" w="47" /><ent r="4" t="66" w="79" /><ent r="4" t="66" w="103" /><ent r="4" t="70" w="50" /><ent r="4" t="70" w="232" /><ent r="3" t="74" w="56" /><ent r="4" t="77" w="45" /><ent r="4" t="78" w="78" /><ent r="4" t="79" w="49" /><ent r="4" t="80" w="90" /><ent r="4" t="80" w="166" /><ent r="4" t="81" w="36" /><ent r="3" t="81" w="342" /><ent r="3" t="87" w="60" /><ent r="3" t="102" w="160" /><ent r="3" t="103" w="94" /><ent r="4" t="106" w="130" /><ent r="4" t="107" w="72" /><ent r="4" t="108" w="85" /><ent r="4" t="109" w="86" /><ent r="3" t="115" w="92" /><ent r="4" t="117" w="25" /><ent r="4" t="118" w="39" /><ent r="4" t="118" w="64" /><ent r="4" t="119" w="75" /><ent r="3" t="119" w="176" /><ent r="4" t="120" w="25" /><ent r="3" t="121" w="52" /><ent r="4" t="122" w="205" /><ent r="3" t="123" w="95" /><ent r="3" t="123" w="107" /><ent r="4" t="126" w="45" /><ent r="4" t="126" w="271" /><ent r="4" t="131" w="97" /><ent r="4" t="131" w="114" /><ent r="4" t="137" w="50" /><ent r="4" t="143" w="125" /><ent r="4" t="144" w="117" /><ent r="4" t="145" w="42" /><ent r="4" t="146" w="42" /><ent r="4" t="148" w="81" /><ent r="4" t="149" w="81" /><ent r="4" t="150" w="95" /><ent r="4" t="151" w="90" /><ent r="4" t="153" w="81" /><ent r="4" t="154" w="77" /><ent r="4" t="155" w="78" /><ent r="4" t="156" w="88" /><ent r="4" t="157" w="68" /><ent r="4" t="173" w="211" /><ent r="3" t="173" w="321" /><ent r="3" t="173" w="339" /><ent r="4" t="174" w="127" /><ent r="4" t="174" w="292" /><ent r="4" t="176" w="179" /><ent r="4" t="180" w="1149" /><ent r="4" t="180" w="1801" /><ent r="4" t="180" w="1948" /><ent r="4" t="181" w="681" /><ent r="3" t="181" w="863" /><ent r="4" t="181" w="981" /><ent r="4" t="181" w="1784" /><ent r="3" t="181" w="2018" /><ent r="4" t="181" w="2165" /><ent r="4" t="181" w="2247" /><ent r="4" t="181" w="2488" /><ent r="4" t="182" w="393" /><ent r="3" t="182" w="1151" /><ent r="4" t="183" w="658" /><ent r="4" t="183" w="1112" /><ent r="3" t="183" w="1408" /><ent r="4" t="184" w="785" /><ent r="3" t="184" w="942" /><ent r="4" t="185" w="1011" /><ent r="4" t="185" w="1044" /><ent r="4" t="186" w="253" /><ent r="4" t="187" w="626" /><ent r="4" t="187" w="669" /><ent r="3" t="187" w="1007" /><ent r="3" t="188" w="315" /><ent r="3" t="188" w="1698" /><ent r="3" t="188" w="1715" /><ent r="4" t="189" w="438" /><ent r="4" t="189" w="508" /><ent r="4" t="189" w="1376" /><ent r="4" t="189" w="1532" /><ent r="4" t="201" w="66" /><ent r="4" t="201" w="85" /><ent r="4" t="227" w="83" /><ent r="4" t="228" w="71" /><ent r="4" t="229" w="82" /></phr><phr n="going"><ent r="3" t="119" w="159" /><ent r="4" t="126" w="218" /><ent r="4" t="180" w="687" /><ent r="4" t="181" w="1612" /><ent r="4" t="182" w="672" /></phr></stem><stem n="select"><phr n="select"><ent r="4" t="1" w="285" /><ent r="4" t="2" w="76" /><ent r="4" t="2" w="91" /><ent r="4" t="4" w="140" /><ent r="7" t="6" w="166" /><ent r="6" t="7" w="68" /><ent r="7" t="7" w="93" /><ent r="7" t="12" w="56" /><ent r="6" t="12" w="78" /><ent r="7" t="13" w="182" /><ent r="3" t="14" w="26" /><ent r="3" t="14" w="48" /><ent r="3" t="14" w="72" /><ent r="6" t="14" w="204" /><ent r="4" t="18" w="43" /><ent r="4" t="18" w="104" /><ent r="3" t="18" w="113" /><ent r="3" t="18" w="131" /><ent r="4" t="18" w="141" /><ent r="3" t="18" w="203" /><ent r="3" t="18" w="226" /><ent r="3" t="20" w="42" /><ent r="4" t="21" w="244" /><ent r="3" t="21" w="366" /><ent r="4" t="21" w="486" /><ent r="4" t="21" w="496" /><ent r="4" t="23" w="35" /><ent r="4" t="23" w="53" /><ent r="3" t="23" w="119" /><ent r="4" t="24" w="32" /><ent r="4" t="24" w="45" /><ent r="3" t="24" w="65" /><ent r="4" t="26" w="136" /><ent r="4" t="26" w="175" /><ent r="4" t="26" w="221" /><ent r="4" t="26" w="238" /><ent r="4" t="26" w="256" /><ent r="3" t="26" w="302" /><ent r="3" t="26" w="304" /><ent r="3" t="26" w="327" /><ent r="4" t="26" w="336" /><ent r="4" t="26" w="344" /><ent r="4" t="26" w="393" /><ent r="5" t="26" w="464" /><ent r="5" t="26" w="505" /><ent r="4" t="26" w="534" /><ent r="5" t="27" w="32" /><ent r="3" t="27" w="40" /><ent r="3" t="27" w="54" /><ent r="4" t="27" w="74" /><ent r="3" t="29" w="59" /><ent r="4" t="29" w="98" /><ent r="4" t="30" w="38" /><ent r="3" t="30" w="58" /><ent r="3" t="31" w="39" /><ent r="3" t="31" w="71" /><ent r="4" t="32" w="110" /><ent r="4" t="32" w="157" /><ent r="4" t="32" w="171" /><ent r="3" t="35" w="36" /><ent r="3" t="36" w="27" /><ent r="3" t="39" w="22" /><ent r="3" t="39" w="45" /><ent r="7" t="39" w="140" /><ent r="3" t="40" w="34" /><ent r="3" t="40" w="57" /><ent r="4" t="40" w="106" /><ent r="4" t="40" w="131" /><ent r="4" t="40" w="140" /><ent r="4" t="40" w="163" /><ent r="4" t="43" w="46" /><ent r="4" t="43" w="68" /><ent r="4" t="44" w="134" /><ent r="4" t="44" w="176" /><ent r="4" t="44" w="185" /><ent r="4" t="44" w="202" /><ent r="4" t="44" w="231" /><ent r="4" t="44" w="299" /><ent r="4" t="44" w="360" /><ent r="3" t="46" w="81" /><ent r="4" t="47" w="48" /><ent r="3" t="47" w="91" /><ent r="3" t="47" w="183" /><ent r="3" t="47" w="203" /><ent r="4" t="47" w="233" /><ent r="4" t="47" w="298" /><ent r="4" t="48" w="91" /><ent r="4" t="48" w="271" /><ent r="3" t="49" w="35" /><ent r="4" t="49" w="137" /><ent r="4" t="49" w="215" /><ent r="3" t="49" w="273" /><ent r="5" t="49" w="385" /><ent r="5" t="49" w="387" /><ent r="5" t="49" w="410" /><ent r="5" t="49" w="419" /><ent r="5" t="49" w="427" /><ent r="4" t="49" w="462" /><ent r="3" t="49" w="507" /><ent r="4" t="50" w="162" /><ent r="4" t="50" w="216" /><ent r="4" t="51" w="57" /><ent r="3" t="51" w="81" /><ent r="4" t="52" w="30" /><ent r="4" t="52" w="55" /><ent r="4" t="54" w="46" /><ent r="4" t="54" w="59" /><ent r="4" t="55" w="60" /><ent r="4" t="55" w="71" /><ent r="3" t="57" w="78" /><ent r="4" t="58" w="156" /><ent r="4" t="58" w="185" /><ent r="3" t="59" w="28" /><ent r="3" t="59" w="49" /><ent r="4" t="60" w="51" /><ent r="4" t="60" w="70" /><ent r="4" t="60" w="131" /><ent r="4" t="61" w="32" /><ent r="4" t="62" w="52" /><ent r="4" t="62" w="64" /><ent r="3" t="62" w="85" /><ent r="3" t="62" w="104" /><ent r="3" t="62" w="120" /><ent r="3" t="64" w="75" /><ent r="3" t="64" w="89" /><ent r="3" t="64" w="226" /><ent r="4" t="65" w="54" /><ent r="4" t="65" w="204" /><ent r="4" t="65" w="232" /><ent r="4" t="65" w="274" /><ent r="4" t="66" w="93" /><ent r="4" t="66" w="116" /><ent r="4" t="67" w="92" /><ent r="4" t="67" w="192" /><ent r="4" t="67" w="210" /><ent r="4" t="67" w="239" /><ent r="3" t="69" w="42" /><ent r="3" t="69" w="58" /><ent r="3" t="69" w="122" /><ent r="3" t="69" w="137" /><ent r="4" t="70" w="65" /><ent r="4" t="70" w="143" /><ent r="4" t="70" w="241" /><ent r="4" t="71" w="66" /><ent r="4" t="72" w="94" /><ent r="3" t="74" w="64" /><ent r="3" t="74" w="230" /><ent r="4" t="78" w="86" /><ent r="4" t="79" w="57" /><ent r="4" t="80" w="98" /><ent r="4" t="80" w="174" /><ent r="4" t="81" w="42" /><ent r="3" t="81" w="349" /><ent r="3" t="81" w="530" /><ent r="3" t="83" w="123" /><ent r="4" t="84" w="81" /><ent r="4" t="85" w="108" /><ent r="4" t="85" w="192" /><ent r="4" t="86" w="109" /><ent r="3" t="87" w="68" /><ent r="4" t="88" w="55" /><ent r="4" t="88" w="66" /><ent r="3" t="89" w="82" /><ent r="4" t="89" w="98" /><ent r="3" t="89" w="157" /><ent r="4" t="89" w="167" /><ent r="5" t="90" w="427" /><ent r="5" t="90" w="456" /><ent r="5" t="91" w="123" /><ent r="3" t="94" w="15" /><ent r="4" t="95" w="100" /><ent r="4" t="95" w="107" /><ent r="4" t="95" w="225" /><ent r="4" t="96" w="102" /><ent r="4" t="96" w="126" /><ent r="4" t="96" w="138" /><ent r="3" t="96" w="152" /><ent r="4" t="98" w="34" /><ent r="3" t="98" w="66" /><ent r="4" t="99" w="37" /><ent r="3" t="99" w="95" /><ent r="3" t="99" w="111" /><ent r="4" t="99" w="174" /><ent r="3" t="102" w="168" /><ent r="3" t="102" w="206" /><ent r="3" t="102" w="211" /><ent r="3" t="102" w="260" /><ent r="3" t="103" w="102" /><ent r="3" t="103" w="116" /><ent r="3" t="103" w="145" /><ent r="3" t="104" w="132" /><ent r="3" t="104" w="154" /><ent r="4" t="106" w="138" /><ent r="4" t="107" w="80" /><ent r="4" t="108" w="93" /><ent r="3" t="108" w="368" /><ent r="4" t="109" w="94" /><ent r="3" t="110" w="105" /><ent r="4" t="110" w="375" /><ent r="3" t="110" w="388" /><ent r="3" t="110" w="402" /><ent r="3" t="110" w="417" /><ent r="3" t="110" w="429" /><ent r="4" t="110" w="453" /><ent r="3" t="112" w="16" /><ent r="3" t="115" w="100" /><ent r="4" t="117" w="33" /><ent r="4" t="117" w="154" /><ent r="4" t="118" w="47" /><ent r="4" t="118" w="72" /><ent r="4" t="119" w="83" /><ent r="3" t="119" w="182" /><ent r="4" t="120" w="33" /><ent r="3" t="121" w="60" /><ent r="4" t="122" w="218" /><ent r="3" t="123" w="117" /><ent r="4" t="123" w="280" /><ent r="4" t="123" w="558" /><ent r="3" t="125" w="205" /><ent r="3" t="125" w="225" /><ent r="3" t="125" w="620" /><ent r="3" t="125" w="645" /><ent r="3" t="125" w="696" /><ent r="4" t="126" w="282" /><ent r="4" t="126" w="290" /><ent r="4" t="128" w="140" /><ent r="3" t="129" w="340" /><ent r="4" t="129" w="376" /><ent r="3" t="129" w="406" /><ent r="4" t="129" w="442" /><ent r="3" t="131" w="46" /><ent r="4" t="131" w="105" /><ent r="4" t="131" w="120" /><ent r="3" t="132" w="93" /><ent r="4" t="133" w="44" /><ent r="4" t="134" w="79" /><ent r="4" t="135" w="49" /><ent r="4" t="135" w="64" /><ent r="100" t="136" w="15" /><ent r="4" t="136" w="46" /><ent r="4" t="136" w="58" /><ent r="4" t="137" w="56" /><ent r="3" t="138" w="26" /><ent r="3" t="138" w="43" /><ent r="3" t="138" w="74" /><ent r="3" t="138" w="98" /><ent r="5" t="139" w="27" /><ent r="4" t="141" w="55" /><ent r="4" t="141" w="72" /><ent r="4" t="142" w="206" /><ent r="4" t="142" w="224" /><ent r="4" t="142" w="262" /><ent r="4" t="142" w="376" /><ent r="3" t="142" w="401" /><ent r="4" t="142" w="428" /><ent r="3" t="142" w="495" /><ent r="3" t="142" w="516" /><ent r="3" t="142" w="595" /><ent r="3" t="142" w="616" /><ent r="3" t="142" w="669" /><ent r="3" t="142" w="690" /><ent r="4" t="143" w="131" /><ent r="3" t="143" w="281" /><ent r="4" t="143" w="370" /><ent r="4" t="143" w="421" /><ent r="4" t="143" w="468" /><ent r="4" t="143" w="489" /><ent r="4" t="143" w="513" /><ent r="4" t="143" w="534" /><ent r="3" t="143" w="625" /><ent r="3" t="143" w="655" /><ent r="4" t="144" w="123" /><ent r="5" t="144" w="184" /><ent r="4" t="144" w="287" /><ent r="4" t="145" w="50" /><ent r="3" t="145" w="180" /><ent r="3" t="145" w="199" /><ent r="3" t="145" w="283" /><ent r="3" t="145" w="302" /><ent r="3" t="145" w="366" /><ent r="3" t="145" w="402" /><ent r="3" t="145" w="487" /><ent r="3" t="145" w="506" /><ent r="3" t="145" w="534" /><ent r="3" t="145" w="651" /><ent r="3" t="145" w="670" /><ent r="4" t="146" w="50" /><ent r="3" t="146" w="113" /><ent r="3" t="146" w="123" /><ent r="3" t="146" w="228" /><ent r="4" t="148" w="89" /><ent r="4" t="149" w="89" /><ent r="4" t="149" w="131" /><ent r="3" t="149" w="148" /><ent r="3" t="149" w="208" /><ent r="3" t="150" w="70" /><ent r="4" t="150" w="103" /><ent r="4" t="150" w="145" /><ent r="3" t="150" w="161" /><ent r="3" t="150" w="184" /><ent r="4" t="151" w="98" /><ent r="4" t="151" w="143" /><ent r="3" t="151" w="161" /><ent r="3" t="151" w="184" /><ent r="4" t="152" w="91" /><ent r="4" t="153" w="89" /><ent r="4" t="153" w="140" /><ent r="4" t="154" w="85" /><ent r="4" t="154" w="229" /><ent r="4" t="154" w="341" /><ent r="4" t="154" w="567" /><ent r="4" t="154" w="764" /><ent r="4" t="154" w="990" /><ent r="4" t="155" w="86" /><ent r="3" t="155" w="170" /><ent r="3" t="155" w="187" /><ent r="3" t="155" w="246" /><ent r="4" t="156" w="96" /><ent r="4" t="156" w="138" /><ent r="3" t="156" w="161" /><ent r="3" t="156" w="222" /><ent r="4" t="157" w="74" /><ent r="3" t="157" w="103" /><ent r="3" t="157" w="109" /><ent r="3" t="157" w="209" /><ent r="3" t="158" w="55" /><ent r="4" t="159" w="103" /><ent r="3" t="159" w="127" /><ent r="4" t="159" w="337" /><ent r="3" t="159" w="384" /><ent r="4" t="160" w="70" /><ent r="4" t="160" w="82" /><ent r="4" t="161" w="36" /><ent r="4" t="161" w="45" /><ent r="3" t="161" w="179" /><ent r="4" t="162" w="49" /><ent r="4" t="162" w="61" /><ent r="4" t="162" w="168" /><ent r="4" t="162" w="179" /><ent r="4" t="162" w="195" /><ent r="4" t="162" w="441" /><ent r="4" t="163" w="85" /><ent r="4" t="163" w="97" /><ent r="3" t="163" w="131" /><ent r="3" t="163" w="168" /><ent r="3" t="163" w="196" /><ent r="3" t="163" w="217" /><ent r="4" t="164" w="74" /><ent r="4" t="164" w="86" /><ent r="4" t="164" w="101" /><ent r="4" t="164" w="112" /><ent r="4" t="165" w="65" /><ent r="4" t="165" w="78" /><ent r="4" t="165" w="170" /><ent r="3" t="165" w="198" /><ent r="3" t="165" w="213" /><ent r="4" t="166" w="81" /><ent r="4" t="166" w="94" /><ent r="3" t="166" w="113" /><ent r="3" t="166" w="135" /><ent r="3" t="166" w="158" /><ent r="4" t="167" w="117" /><ent r="4" t="167" w="128" /><ent r="5" t="167" w="225" /><ent r="3" t="167" w="256" /><ent r="5" t="167" w="276" /><ent r="4" t="167" w="304" /><ent r="4" t="167" w="320" /><ent r="4" t="167" w="562" /><ent r="3" t="167" w="724" /><ent r="3" t="167" w="737" /><ent r="4" t="168" w="55" /><ent r="3" t="168" w="131" /><ent r="4" t="168" w="149" /><ent r="4" t="169" w="153" /><ent r="5" t="169" w="179" /><ent r="5" t="169" w="184" /><ent r="4" t="169" w="387" /><ent r="3" t="169" w="418" /><ent r="4" t="169" w="471" /><ent r="3" t="169" w="755" /><ent r="3" t="169" w="780" /><ent r="3" t="170" w="27" /><ent r="3" t="170" w="43" /><ent r="4" t="170" w="76" /><ent r="4" t="171" w="71" /><ent r="3" t="171" w="98" /><ent r="3" t="171" w="120" /><ent r="4" t="173" w="50" /><ent r="4" t="173" w="67" /><ent r="4" t="173" w="141" /><ent r="4" t="173" w="218" /><ent r="3" t="173" w="332" /><ent r="3" t="174" w="15" /><ent r="3" t="175" w="42" /><ent r="3" t="175" w="72" /><ent r="3" t="175" w="95" /><ent r="3" t="175" w="107" /><ent r="4" t="175" w="121" /><ent r="4" t="175" w="135" /><ent r="4" t="175" w="146" /><ent r="100" t="176" w="10" /><ent r="100" t="176" w="13" /><ent r="64" t="176" w="25" /><ent r="3" t="176" w="33" /><ent r="3" t="176" w="57" /><ent r="4" t="177" w="126" /><ent r="4" t="177" w="359" /><ent r="4" t="178" w="46" /><ent r="3" t="180" w="227" /><ent r="4" t="180" w="351" /><ent r="4" t="180" w="531" /><ent r="4" t="180" w="542" /><ent r="4" t="180" w="620" /><ent r="3" t="180" w="801" /><ent r="4" t="180" w="859" /><ent r="4" t="180" w="902" /><ent r="4" t="180" w="956" /><ent r="3" t="180" w="969" /><ent r="4" t="180" w="998" /><ent r="4" t="180" w="1019" /><ent r="4" t="180" w="1077" /><ent r="4" t="180" w="1156" /><ent r="3" t="180" w="1602" /><ent r="4" t="180" w="1661" /><ent r="4" t="180" w="1716" /><ent r="4" t="180" w="1808" /><ent r="4" t="180" w="1912" /><ent r="4" t="180" w="1934" /><ent r="4" t="180" w="2080" /><ent r="4" t="180" w="2126" /><ent r="4" t="180" w="2212" /><ent r="4" t="180" w="2322" /><ent r="4" t="181" w="501" /><ent r="4" t="181" w="752" /><ent r="3" t="181" w="872" /><ent r="4" t="181" w="988" /><ent r="4" t="181" w="1064" /><ent r="4" t="181" w="1117" /><ent r="4" t="181" w="1146" /><ent r="4" t="181" w="1157" /><ent r="4" t="181" w="1222" /><ent r="4" t="181" w="1697" /><ent r="4" t="181" w="1706" /><ent r="4" t="181" w="1791" /><ent r="4" t="181" w="1810" /><ent r="4" t="181" w="2002" /><ent r="3" t="181" w="2109" /><ent r="4" t="181" w="2171" /><ent r="4" t="181" w="2219" /><ent r="4" t="181" w="2494" /><ent r="4" t="181" w="2545" /><ent r="4" t="181" w="2584" /><ent r="4" t="181" w="2664" /><ent r="3" t="181" w="2672" /><ent r="4" t="181" w="2892" /><ent r="3" t="182" w="72" /><ent r="3" t="182" w="171" /><ent r="4" t="182" w="213" /><ent r="4" t="182" w="409" /><ent r="4" t="182" w="797" /><ent r="4" t="182" w="865" /><ent r="5" t="182" w="923" /><ent r="4" t="182" w="992" /><ent r="4" t="182" w="1028" /><ent r="4" t="182" w="1066" /><ent r="3" t="182" w="1159" /><ent r="3" t="182" w="1189" /><ent r="3" t="182" w="1200" /><ent r="4" t="182" w="1247" /><ent r="4" t="183" w="176" /><ent r="4" t="183" w="400" /><ent r="4" t="183" w="444" /><ent r="4" t="183" w="487" /><ent r="3" t="183" w="570" /><ent r="4" t="183" w="665" /><ent r="4" t="183" w="996" /><ent r="4" t="183" w="1020" /><ent r="4" t="183" w="1036" /><ent r="4" t="183" w="1171" /><ent r="4" t="183" w="1179" /><ent r="3" t="183" w="1416" /><ent r="4" t="184" w="451" /><ent r="4" t="184" w="631" /><ent r="4" t="184" w="643" /><ent r="4" t="184" w="691" /><ent r="4" t="184" w="700" /><ent r="4" t="184" w="774" /><ent r="6" t="184" w="794" /><ent r="4" t="184" w="805" /><ent r="4" t="184" w="820" /><ent r="4" t="184" w="866" /><ent r="3" t="184" w="957" /><ent r="4" t="184" w="999" /><ent r="4" t="185" w="436" /><ent r="4" t="185" w="616" /><ent r="3" t="185" w="725" /><ent r="4" t="185" w="840" /><ent r="4" t="185" w="857" /><ent r="4" t="185" w="899" /><ent r="4" t="185" w="935" /><ent r="4" t="185" w="948" /><ent r="6" t="185" w="984" /><ent r="4" t="185" w="1010" /><ent r="4" t="185" w="1017" /><ent r="3" t="185" w="1075" /><ent r="4" t="185" w="1093" /><ent r="4" t="186" w="240" /><ent r="4" t="186" w="259" /><ent r="4" t="186" w="268" /><ent r="4" t="186" w="281" /><ent r="5" t="186" w="520" /><ent r="5" t="186" w="537" /><ent r="4" t="187" w="327" /><ent r="4" t="187" w="508" /><ent r="4" t="187" w="517" /><ent r="3" t="187" w="585" /><ent r="4" t="187" w="635" /><ent r="3" t="187" w="644" /><ent r="4" t="187" w="675" /><ent r="4" t="187" w="751" /><ent r="4" t="187" w="808" /><ent r="4" t="187" w="845" /><ent r="4" t="187" w="908" /><ent r="4" t="187" w="991" /><ent r="3" t="187" w="1013" /><ent r="4" t="187" w="1073" /><ent r="4" t="187" w="1147" /><ent r="4" t="187" w="1196" /><ent r="3" t="188" w="329" /><ent r="4" t="188" w="427" /><ent r="4" t="188" w="458" /><ent r="4" t="188" w="508" /><ent r="4" t="188" w="752" /><ent r="3" t="188" w="1070" /><ent r="4" t="189" w="238" /><ent r="4" t="189" w="419" /><ent r="6" t="189" w="446" /><ent r="4" t="189" w="515" /><ent r="4" t="189" w="551" /><ent r="4" t="189" w="589" /><ent r="4" t="189" w="640" /><ent r="3" t="189" w="688" /><ent r="3" t="189" w="984" /><ent r="4" t="189" w="1282" /><ent r="6" t="189" w="1389" /><ent r="4" t="189" w="1540" /><ent r="3" t="190" w="35" /><ent r="4" t="190" w="110" /><ent r="3" t="191" w="25" /><ent r="3" t="193" w="112" /><ent r="4" t="196" w="412" /><ent r="4" t="196" w="432" /><ent r="4" t="196" w="578" /><ent r="3" t="196" w="661" /><ent r="4" t="196" w="715" /><ent r="3" t="199" w="50" /><ent r="3" t="199" w="55" /><ent r="3" t="199" w="189" /><ent r="4" t="199" w="248" /><ent r="4" t="199" w="324" /><ent r="4" t="199" w="356" /><ent r="4" t="199" w="368" /><ent r="4" t="201" w="74" /><ent r="4" t="201" w="106" /><ent r="3" t="209" w="168" /><ent r="3" t="209" w="232" /><ent r="3" t="209" w="267" /><ent r="3" t="209" w="345" /><ent r="4" t="209" w="542" /><ent r="3" t="213" w="75" /><ent r="3" t="213" w="77" /><ent r="3" t="213" w="100" /><ent r="3" t="213" w="109" /><ent r="3" t="213" w="117" /><ent r="3" t="214" w="41" /><ent r="3" t="214" w="44" /><ent r="3" t="214" w="54" /><ent r="3" t="214" w="74" /><ent r="3" t="215" w="83" /><ent r="3" t="215" w="97" /><ent r="4" t="215" w="152" /><ent r="4" t="215" w="169" /><ent r="4" t="215" w="187" /><ent r="3" t="215" w="233" /><ent r="3" t="215" w="235" /><ent r="3" t="215" w="258" /><ent r="4" t="215" w="267" /><ent r="4" t="215" w="275" /><ent r="4" t="215" w="329" /><ent r="3" t="216" w="27" /><ent r="4" t="216" w="83" /><ent r="4" t="216" w="100" /><ent r="4" t="216" w="118" /><ent r="3" t="216" w="164" /><ent r="3" t="216" w="166" /><ent r="3" t="216" w="189" /><ent r="4" t="216" w="198" /><ent r="4" t="216" w="206" /><ent r="4" t="217" w="42" /><ent r="4" t="217" w="59" /><ent r="4" t="217" w="77" /><ent r="3" t="217" w="123" /><ent r="3" t="217" w="125" /><ent r="3" t="217" w="148" /><ent r="4" t="217" w="157" /><ent r="4" t="217" w="165" /><ent r="3" t="218" w="27" /><ent r="4" t="218" w="81" /><ent r="4" t="218" w="98" /><ent r="4" t="218" w="116" /><ent r="3" t="218" w="162" /><ent r="3" t="218" w="164" /><ent r="3" t="218" w="187" /><ent r="4" t="218" w="196" /><ent r="4" t="218" w="204" /><ent r="4" t="221" w="22" /><ent r="4" t="224" w="22" /><ent r="4" t="225" w="24" /><ent r="4" t="227" w="91" /><ent r="3" t="227" w="155" /><ent r="3" t="228" w="40" /><ent r="4" t="228" w="79" /><ent r="4" t="229" w="90" /><ent r="6" t="230" w="174" /><ent r="6" t="230" w="227" /><ent r="6" t="230" w="259" /><ent r="6" t="230" w="344" /><ent r="6" t="230" w="472" /><ent r="6" t="230" w="558" /><ent r="5" t="230" w="610" /><ent r="6" t="230" w="657" /><ent r="3" t="232" w="171" /><ent r="3" t="234" w="24" /></phr><phr n="Select"><ent r="4" t="1" w="304" /><ent r="4" t="1" w="352" /><ent r="4" t="4" w="159" /><ent r="4" t="4" w="209" /><ent r="7" t="5" w="203" /><ent r="7" t="5" w="252" /><ent r="92" t="19" w="100" /><ent r="4" t="21" w="287" /><ent r="4" t="23" w="61" /><ent r="3" t="24" w="57" /><ent r="4" t="26" w="115" /><ent r="4" t="26" w="281" /><ent r="4" t="27" w="66" /><ent r="4" t="29" w="44" /><ent r="3" t="30" w="50" /><ent r="4" t="36" w="45" /><ent r="4" t="36" w="50" /><ent r="3" t="39" w="40" /><ent r="3" t="40" w="52" /><ent r="4" t="43" w="53" /><ent r="4" t="43" w="59" /><ent r="4" t="43" w="93" /><ent r="4" t="44" w="120" /><ent r="4" t="44" w="125" /><ent r="4" t="44" w="282" /><ent r="4" t="44" w="306" /><ent r="4" t="44" w="642" /><ent r="4" t="48" w="119" /><ent r="4" t="48" w="136" /><ent r="3" t="48" w="174" /><ent r="3" t="48" w="194" /><ent r="3" t="48" w="232" /><ent r="5" t="49" w="297" /><ent r="6" t="49" w="305" /><ent r="6" t="49" w="321" /><ent r="6" t="49" w="337" /><ent r="5" t="49" w="364" /><ent r="4" t="49" w="435" /><ent r="4" t="50" w="154" /><ent r="4" t="50" w="208" /><ent r="4" t="51" w="104" /><ent r="4" t="54" w="29" /><ent r="4" t="55" w="36" /><ent r="4" t="57" w="41" /><ent r="4" t="58" w="176" /><ent r="4" t="58" w="247" /><ent r="4" t="60" w="77" /><ent r="4" t="61" w="50" /><ent r="92" t="64" w="210" /><ent r="4" t="65" w="90" /><ent r="4" t="65" w="149" /><ent r="4" t="65" w="187" /><ent r="4" t="65" w="215" /><ent r="4" t="65" w="257" /><ent r="4" t="67" w="133" /><ent r="4" t="67" w="174" /><ent r="4" t="67" w="221" /><ent r="4" t="67" w="267" /><ent r="4" t="70" w="263" /><ent r="3" t="70" w="270" /><ent r="3" t="74" w="285" /><ent r="4" t="77" w="53" /><ent r="4" t="78" w="112" /><ent r="4" t="85" w="94" /><ent r="5" t="85" w="124" /><ent r="4" t="85" w="178" /><ent r="4" t="85" w="208" /><ent r="4" t="85" w="280" /><ent r="4" t="86" w="77" /><ent r="3" t="86" w="99" /><ent r="4" t="88" w="44" /><ent r="4" t="89" w="127" /><ent r="3" t="89" w="141" /><ent r="4" t="91" w="62" /><ent r="3" t="91" w="89" /><ent r="4" t="91" w="100" /><ent r="4" t="92" w="83" /><ent r="3" t="92" w="107" /><ent r="4" t="93" w="77" /><ent r="3" t="93" w="127" /><ent r="4" t="94" w="67" /><ent r="3" t="94" w="75" /><ent r="3" t="94" w="101" /><ent r="4" t="94" w="107" /><ent r="5" t="95" w="61" /><ent r="4" t="95" w="89" /><ent r="4" t="95" w="117" /><ent r="5" t="95" w="185" /><ent r="4" t="95" w="214" /><ent r="4" t="95" w="245" /><ent r="5" t="96" w="62" /><ent r="4" t="96" w="91" /><ent r="4" t="97" w="66" /><ent r="4" t="99" w="32" /><ent r="4" t="99" w="47" /><ent r="4" t="99" w="90" /><ent r="4" t="99" w="107" /><ent r="4" t="100" w="96" /><ent r="3" t="100" w="133" /><ent r="4" t="100" w="174" /><ent r="4" t="101" w="99" /><ent r="3" t="101" w="136" /><ent r="4" t="101" w="178" /><ent r="3" t="103" w="137" /><ent r="4" t="104" w="173" /><ent r="4" t="104" w="221" /><ent r="4" t="110" w="304" /><ent r="4" t="110" w="336" /><ent r="3" t="111" w="81" /><ent r="3" t="111" w="102" /><ent r="3" t="118" w="79" /><ent r="4" t="126" w="55" /><ent r="4" t="126" w="60" /><ent r="4" t="126" w="297" /><ent r="4" t="126" w="373" /><ent r="4" t="129" w="351" /><ent r="4" t="129" w="417" /><ent r="64" t="130" w="132" /><ent r="64" t="131" w="230" /><ent r="64" t="132" w="123" /><ent r="4" t="134" w="66" /><ent r="64" t="134" w="110" /><ent r="1000" t="136" w="1" /><ent r="102" t="136" w="20" /><ent r="4" t="136" w="71" /><ent r="3" t="138" w="51" /><ent r="3" t="138" w="58" /><ent r="3" t="138" w="106" /><ent r="3" t="138" w="113" /><ent r="4" t="139" w="34" /><ent r="4" t="139" w="41" /><ent r="4" t="142" w="114" /><ent r="4" t="142" w="158" /><ent r="4" t="142" w="252" /><ent r="4" t="143" w="108" /><ent r="3" t="143" w="157" /><ent r="3" t="143" w="193" /><ent r="4" t="143" w="207" /><ent r="4" t="143" w="294" /><ent r="4" t="143" w="306" /><ent r="4" t="143" w="321" /><ent r="4" t="143" w="493" /><ent r="4" t="143" w="538" /><ent r="4" t="143" w="562" /><ent r="4" t="145" w="82" /><ent r="3" t="146" w="91" /><ent r="3" t="146" w="128" /><ent r="4" t="148" w="125" /><ent r="4" t="152" w="127" /><ent r="4" t="154" w="121" /><ent r="4" t="158" w="89" /><ent r="4" t="158" w="94" /><ent r="4" t="158" w="104" /><ent r="4" t="159" w="325" /><ent r="3" t="161" w="211" /><ent r="3" t="161" w="248" /><ent r="4" t="162" w="136" /><ent r="4" t="162" w="144" /><ent r="4" t="162" w="247" /><ent r="3" t="164" w="139" /><ent r="3" t="165" w="150" /><ent r="4" t="167" w="203" /><ent r="4" t="167" w="368" /><ent r="4" t="169" w="168" /><ent r="4" t="169" w="557" /><ent r="3" t="169" w="742" /><ent r="4" t="170" w="275" /><ent r="4" t="170" w="322" /><ent r="4" t="171" w="85" /><ent r="4" t="171" w="197" /><ent r="4" t="173" w="168" /><ent r="4" t="174" w="176" /><ent r="4" t="174" w="223" /><ent r="4" t="176" w="131" /><ent r="4" t="176" w="152" /><ent r="4" t="176" w="217" /><ent r="4" t="177" w="104" /><ent r="4" t="180" w="370" /><ent r="4" t="180" w="420" /><ent r="4" t="180" w="1980" /><ent r="4" t="180" w="2156" /><ent r="4" t="180" w="2328" /><ent r="4" t="181" w="520" /><ent r="4" t="181" w="570" /><ent r="6" t="181" w="758" /><ent r="4" t="181" w="905" /><ent r="6" t="181" w="1625" /><ent r="4" t="181" w="2253" /><ent r="4" t="181" w="2500" /><ent r="4" t="181" w="2572" /><ent r="4" t="182" w="232" /><ent r="4" t="182" w="282" /><ent r="4" t="182" w="699" /><ent r="4" t="182" w="774" /><ent r="4" t="182" w="889" /><ent r="4" t="182" w="1052" /><ent r="4" t="182" w="1297" /><ent r="4" t="183" w="195" /><ent r="4" t="183" w="245" /><ent r="4" t="183" w="375" /><ent r="4" t="183" w="903" /><ent r="92" t="183" w="1061" /><ent r="4" t="183" w="1146" /><ent r="4" t="183" w="1225" /><ent r="4" t="183" w="1234" /><ent r="4" t="183" w="1648" /><ent r="4" t="184" w="470" /><ent r="4" t="184" w="520" /><ent r="4" t="184" w="834" /><ent r="4" t="184" w="857" /><ent r="4" t="184" w="863" /><ent r="4" t="184" w="962" /><ent r="4" t="185" w="455" /><ent r="4" t="185" w="505" /><ent r="4" t="185" w="832" /><ent r="6" t="185" w="1000" /><ent r="4" t="186" w="542" /><ent r="4" t="187" w="346" /><ent r="4" t="187" w="396" /><ent r="4" t="187" w="566" /><ent r="4" t="187" w="836" /><ent r="4" t="187" w="879" /><ent r="3" t="187" w="1060" /><ent r="3" t="188" w="348" /><ent r="4" t="188" w="1229" /><ent r="4" t="188" w="1805" /><ent r="4" t="189" w="257" /><ent r="4" t="189" w="307" /><ent r="4" t="189" w="479" /><ent r="3" t="189" w="711" /><ent r="3" t="189" w="860" /><ent r="3" t="189" w="971" /><ent r="4" t="190" w="100" /><ent r="4" t="196" w="419" /><ent r="4" t="201" w="92" /><ent r="3" t="213" w="54" /><ent r="4" t="215" w="212" /><ent r="4" t="216" w="143" /><ent r="4" t="217" w="102" /><ent r="4" t="218" w="141" /><ent r="4" t="219" w="232" /><ent r="4" t="219" w="280" /><ent r="5" t="226" w="128" /><ent r="4" t="227" w="249" /><ent r="4" t="231" w="131" /><ent r="4" t="231" w="285" /><ent r="4" t="232" w="130" /><ent r="4" t="232" w="206" /><ent r="4" t="237" w="47" /><ent r="4" t="237" w="53" /><ent r="3" t="237" w="66" /><ent r="7" t="241" w="70" /></phr><phr n="selected"><ent r="6" t="3" w="24" /><ent r="7" t="5" w="63" /><ent r="7" t="5" w="102" /><ent r="7" t="5" w="141" /><ent r="7" t="11" w="207" /><ent r="5" t="13" w="66" /><ent r="3" t="20" w="22" /><ent r="3" t="21" w="381" /><ent r="3" t="34" w="46" /><ent r="4" t="49" w="211" /><ent r="4" t="51" w="88" /><ent r="3" t="51" w="119" /><ent r="4" t="53" w="98" /><ent r="3" t="58" w="26" /><ent r="3" t="58" w="273" /><ent r="3" t="64" w="119" /><ent r="3" t="64" w="129" /><ent r="3" t="64" w="144" /><ent r="3" t="64" w="176" /><ent r="3" t="64" w="196" /><ent r="3" t="77" w="274" /><ent r="3" t="78" w="142" /><ent r="4" t="81" w="671" /><ent r="4" t="84" w="104" /><ent r="3" t="89" w="277" /><ent r="5" t="90" w="501" /><ent r="3" t="92" w="30" /><ent r="3" t="94" w="128" /><ent r="4" t="95" w="151" /><ent r="4" t="104" w="210" /><ent r="3" t="104" w="216" /><ent r="4" t="106" w="256" /><ent r="4" t="107" w="134" /><ent r="4" t="108" w="153" /><ent r="4" t="109" w="153" /><ent r="3" t="115" w="528" /><ent r="7" t="116" w="78" /><ent r="7" t="116" w="100" /><ent r="7" t="116" w="104" /><ent r="7" t="116" w="109" /><ent r="7" t="116" w="117" /><ent r="7" t="116" w="136" /><ent r="7" t="116" w="140" /><ent r="7" t="116" w="145" /><ent r="7" t="116" w="174" /><ent r="7" t="116" w="178" /><ent r="7" t="116" w="183" /><ent r="7" t="116" w="214" /><ent r="5" t="116" w="227" /><ent r="7" t="116" w="241" /><ent r="7" t="116" w="275" /><ent r="3" t="126" w="110" /><ent r="4" t="126" w="344" /><ent r="100" t="134" w="6" /><ent r="3" t="134" w="29" /><ent r="3" t="134" w="64" /><ent r="3" t="140" w="198" /><ent r="3" t="141" w="32" /><ent r="3" t="142" w="648" /><ent r="4" t="145" w="107" /><ent r="4" t="146" w="267" /><ent r="3" t="148" w="246" /><ent r="3" t="149" w="191" /><ent r="4" t="149" w="228" /><ent r="4" t="150" w="208" /><ent r="4" t="151" w="199" /><ent r="3" t="152" w="208" /><ent r="4" t="153" w="158" /><ent r="4" t="154" w="158" /><ent r="4" t="155" w="148" /><ent r="3" t="155" w="230" /><ent r="3" t="156" w="204" /><ent r="4" t="156" w="265" /><ent r="3" t="157" w="136" /><ent r="4" t="162" w="188" /><ent r="3" t="167" w="50" /><ent r="4" t="167" w="313" /><ent r="3" t="169" w="226" /><ent r="3" t="169" w="967" /><ent r="3" t="171" w="115" /><ent r="3" t="171" w="140" /><ent r="3" t="173" w="314" /><ent r="3" t="174" w="217" /><ent r="4" t="174" w="248" /><ent r="4" t="176" w="122" /><ent r="4" t="177" w="373" /><ent r="4" t="180" w="444" /><ent r="4" t="180" w="567" /><ent r="3" t="180" w="678" /><ent r="3" t="180" w="1792" /><ent r="4" t="180" w="1979" /><ent r="4" t="180" w="2188" /><ent r="4" t="180" w="2196" /><ent r="3" t="181" w="148" /><ent r="4" t="181" w="594" /><ent r="3" t="181" w="795" /><ent r="3" t="181" w="853" /><ent r="4" t="181" w="1168" /><ent r="3" t="182" w="121" /><ent r="4" t="182" w="306" /><ent r="4" t="182" w="475" /><ent r="3" t="182" w="1141" /><ent r="4" t="183" w="269" /><ent r="4" t="184" w="544" /><ent r="4" t="185" w="529" /><ent r="4" t="187" w="420" /><ent r="4" t="188" w="548" /><ent r="3" t="188" w="568" /><ent r="4" t="188" w="655" /><ent r="4" t="188" w="744" /><ent r="4" t="189" w="331" /><ent r="3" t="193" w="75" /><ent r="4" t="196" w="756" /><ent r="3" t="199" w="169" /><ent r="3" t="213" w="29" /><ent r="3" t="214" w="119" /><ent r="3" t="214" w="138" /><ent r="4" t="229" w="157" /><ent r="3" t="231" w="320" /><ent r="4" t="237" w="63" /><ent r="3" t="238" w="188" /><ent r="3" t="238" w="199" /><ent r="7" t="239" w="68" /><ent r="7" t="239" w="84" /><ent r="7" t="239" w="88" /><ent r="7" t="239" w="93" /><ent r="7" t="239" w="107" /><ent r="7" t="239" w="120" /><ent r="7" t="239" w="124" /><ent r="7" t="239" w="129" /><ent r="7" t="239" w="159" /><ent r="7" t="239" w="163" /><ent r="7" t="239" w="168" /><ent r="7" t="241" w="95" /><ent r="5" t="241" w="118" /><ent r="7" t="241" w="143" /><ent r="7" t="241" w="181" /></phr><phr n="selection"><ent r="6" t="3" w="36" /><ent r="4" t="26" w="269" /><ent r="4" t="26" w="298" /><ent r="4" t="47" w="69" /><ent r="6" t="49" w="345" /><ent r="5" t="49" w="381" /><ent r="4" t="49" w="455" /><ent r="3" t="86" w="97" /><ent r="4" t="126" w="324" /><ent r="3" t="145" w="549" /><ent r="3" t="169" w="398" /><ent r="3" t="213" w="71" /><ent r="4" t="215" w="200" /><ent r="4" t="215" w="229" /><ent r="4" t="216" w="131" /><ent r="4" t="216" w="160" /><ent r="4" t="217" w="90" /><ent r="4" t="217" w="119" /><ent r="4" t="218" w="129" /><ent r="4" t="218" w="158" /><ent r="5" t="243" w="255" /><ent r="6" t="243" w="280" /><ent r="6" t="243" w="288" /><ent r="5" t="243" w="296" /><ent r="6" t="243" w="304" /><ent r="6" t="243" w="312" /><ent r="5" t="243" w="320" /><ent r="6" t="243" w="328" /><ent r="6" t="243" w="337" /><ent r="5" t="243" w="345" /><ent r="5" t="243" w="353" /><ent r="5" t="243" w="361" /><ent r="6" t="243" w="369" /></phr><phr n="Selection"><ent r="7" t="8" w="152" /><ent r="68" t="8" w="162" /><ent r="5" t="26" w="274" /><ent r="92" t="26" w="279" /><ent r="7" t="49" w="351" /><ent r="6" t="49" w="359" /><ent r="1000" t="59" w="3" /><ent r="100" t="59" w="7" /><ent r="100" t="59" w="12" /><ent r="102" t="59" w="17" /><ent r="3" t="59" w="23" /><ent r="3" t="59" w="40" /><ent r="3" t="59" w="58" /><ent r="4" t="128" w="142" /><ent r="5" t="182" w="468" /><ent r="3" t="182" w="732" /><ent r="4" t="182" w="880" /><ent r="4" t="183" w="1169" /><ent r="4" t="185" w="851" /><ent r="3" t="199" w="303" /><ent r="92" t="213" w="52" /><ent r="5" t="215" w="205" /><ent r="92" t="215" w="210" /><ent r="5" t="216" w="136" /><ent r="92" t="216" w="141" /><ent r="5" t="217" w="95" /><ent r="92" t="217" w="100" /><ent r="5" t="218" w="134" /><ent r="92" t="218" w="139" /><ent r="5" t="243" w="251" /><ent r="6" t="243" w="276" /><ent r="6" t="243" w="284" /><ent r="5" t="243" w="292" /><ent r="6" t="243" w="300" /><ent r="6" t="243" w="308" /><ent r="5" t="243" w="316" /><ent r="6" t="243" w="324" /><ent r="6" t="243" w="333" /><ent r="5" t="243" w="341" /><ent r="5" t="243" w="349" /><ent r="5" t="243" w="357" /><ent r="6" t="243" w="365" /></phr><phr n="selects"><ent r="7" t="8" w="232" /><ent r="4" t="20" w="112" /><ent r="3" t="44" w="450" /><ent r="3" t="149" w="171" /><ent r="3" t="155" w="210" /><ent r="3" t="156" w="184" /><ent r="4" t="169" w="455" /><ent r="4" t="169" w="616" /><ent r="4" t="169" w="812" /><ent r="3" t="216" w="51" /></phr><phr n="selections"><ent r="4" t="26" w="356" /><ent r="3" t="39" w="9" /><ent r="3" t="40" w="9" /><ent r="3" t="90" w="111" /><ent r="4" t="143" w="252" /><ent r="4" t="143" w="267" /><ent r="4" t="143" w="339" /><ent r="4" t="157" w="339" /><ent r="3" t="157" w="368" /><ent r="3" t="215" w="120" /><ent r="4" t="215" w="287" /><ent r="4" t="216" w="218" /><ent r="4" t="217" w="177" /><ent r="3" t="218" w="49" /><ent r="4" t="218" w="216" /></phr><phr n="selecting"><ent r="3" t="47" w="213" /><ent r="4" t="75" w="53" /><ent r="3" t="85" w="246" /><ent r="3" t="87" w="110" /><ent r="4" t="109" w="428" /><ent r="3" t="117" w="246" /><ent r="3" t="119" w="165" /><ent r="3" t="173" w="231" /><ent r="4" t="177" w="204" /><ent r="4" t="180" w="694" /><ent r="4" t="180" w="1957" /><ent r="4" t="181" w="743" /><ent r="4" t="185" w="918" /><ent r="3" t="185" w="1199" /><ent r="4" t="188" w="1731" /><ent r="4" t="188" w="1823" /><ent r="4" t="188" w="1847" /><ent r="4" t="189" w="1495" /><ent r="6" t="230" w="186" /><ent r="6" t="230" w="355" /><ent r="6" t="230" w="399" /><ent r="6" t="230" w="402" /><ent r="6" t="230" w="566" /></phr><phr n="Selects"><ent r="7" t="59" w="67" /><ent r="3" t="64" w="213" /><ent r="7" t="241" w="73" /></phr><phr n="Selected"><ent r="5" t="109" w="425" /><ent r="64" t="130" w="129" /><ent r="64" t="131" w="227" /><ent r="64" t="132" w="120" /><ent r="1000" t="134" w="2" /><ent r="102" t="134" w="10" /><ent r="3" t="134" w="15" /><ent r="5" t="134" w="82" /><ent r="3" t="189" w="948" /></phr><phr n="Selecting"><ent r="64" t="175" w="159" /><ent r="1000" t="176" w="1" /><ent r="102" t="176" w="15" /><ent r="92" t="214" w="19" /><ent r="93" t="238" w="141" /></phr><phr n="Selections"><ent r="4" t="213" w="47" /></phr></stem></index>