﻿<?xml version="1.0" encoding="utf-8"?><index><stem n="24"><phr n="24"><ent r="4" t="28" w="60" /><ent r="4" t="28" w="150" /></phr></stem><stem n="24-bit"><phr n="24-bit"><ent r="4" t="28" w="60" /><ent r="4" t="28" w="150" /></phr></stem><stem n="(.bmp)."><phr n="(.bmp)."><ent r="4" t="28" w="71" /></phr></stem><stem n="paper"><phr n="paper"><ent r="4" t="28" w="77" /><ent r="4" t="28" w="119" /><ent r="4" t="28" w="174" /><ent r="4" t="28" w="283" /><ent r="3" t="130" w="55" /><ent r="3" t="130" w="105" /><ent r="100" t="136" w="6" /><ent r="100" t="136" w="12" /><ent r="100" t="136" w="17" /><ent r="3" t="136" w="35" /><ent r="3" t="158" w="43" /><ent r="3" t="186" w="105" /><ent r="4" t="186" w="159" /><ent r="3" t="223" w="39" /></phr><phr n="Paper"><ent r="64" t="130" w="134" /><ent r="64" t="131" w="232" /><ent r="64" t="132" w="125" /><ent r="64" t="134" w="112" /><ent r="1000" t="136" w="3" /><ent r="102" t="136" w="22" /><ent r="3" t="136" w="26" /><ent r="5" t="136" w="48" /><ent r="4" t="136" w="54" /><ent r="5" t="136" w="64" /></phr></stem><stem n="joint"><phr n="Joint"><ent r="6" t="28" w="161" /></phr></stem><stem n="photograph"><phr n="Photographic"><ent r="6" t="28" w="162" /></phr></stem><stem n="expert"><phr n="Experts"><ent r="6" t="28" w="163" /></phr></stem><stem n="(.jpeg)."><phr n="(.jpeg)."><ent r="4" t="28" w="168" /></phr></stem><stem n="compress"><phr n="Compression"><ent r="4" t="28" w="183" /><ent r="4" t="144" w="327" /><ent r="4" t="144" w="355" /><ent r="4" t="144" w="392" /><ent r="82" t="217" w="201" /><ent r="3" t="217" w="251" /><ent r="4" t="223" w="82" /></phr><phr n="compression"><ent r="3" t="144" w="348" /><ent r="3" t="144" w="364" /><ent r="3" t="144" w="381" /><ent r="3" t="216" w="43" /><ent r="3" t="216" w="236" /><ent r="4" t="216" w="265" /><ent r="4" t="216" w="278" /><ent r="3" t="217" w="31" /><ent r="3" t="217" w="195" /><ent r="3" t="217" w="205" /><ent r="4" t="217" w="233" /><ent r="3" t="217" w="257" /><ent r="3" t="217" w="288" /><ent r="4" t="223" w="110" /><ent r="4" t="224" w="27" /><ent r="4" t="224" w="38" /><ent r="4" t="224" w="53" /><ent r="4" t="224" w="102" /><ent r="4" t="224" w="112" /><ent r="4" t="224" w="118" /><ent r="5" t="224" w="127" /><ent r="5" t="224" w="130" /></phr><phr n="compress"><ent r="3" t="167" w="51" /></phr><phr n="compressed"><ent r="3" t="217" w="214" /></phr><phr n="Compressing"><ent r="3" t="217" w="215" /></phr><phr n="compresses"><ent r="4" t="217" w="246" /></phr></stem><stem n="kml"><phr n="KML"><ent r="5" t="28" w="198" /></phr></stem><stem n="googl"><phr n="Google"><ent r="4" t="28" w="213" /><ent r="3" t="81" w="623" /></phr></stem><stem n="earth"><phr n="Earth"><ent r="4" t="28" w="214" /><ent r="3" t="81" w="624" /></phr></stem><stem n="-type"><phr n="-type"><ent r="4" t="28" w="217" /><ent r="4" t="28" w="217" /></phr></stem><stem n="raster-typ"><phr n="raster-type"><ent r="4" t="28" w="217" /></phr></stem><stem n="portabl"><phr n="Portable"><ent r="7" t="28" w="271" /></phr></stem><stem n="network"><phr n="Network"><ent r="7" t="28" w="272" /></phr><phr n="networks"><ent r="3" t="183" w="252" /><ent r="3" t="184" w="241" /></phr></stem><stem n="graphic"><phr n="Graphic"><ent r="7" t="28" w="273" /></phr><phr n="graphics"><ent r="3" t="46" w="116" /><ent r="4" t="153" w="223" /></phr><phr n="graphically"><ent r="4" t="91" w="122" /><ent r="3" t="238" w="278" /></phr><phr n="graphical"><ent r="3" t="115" w="324" /><ent r="3" t="187" w="118" /></phr><phr n="graphic"><ent r="3" t="179" w="1299" /><ent r="4" t="179" w="2049" /><ent r="3" t="187" w="569" /><ent r="3" t="187" w="585" /></phr></stem><stem n="(.png)."><phr n="(.PNG)."><ent r="4" t="28" w="277" /></phr></stem><stem n="postscript"><phr n="PostScript"><ent r="5" t="28" w="303" /></phr></stem><stem n=":shape"><phr n=":shape"><ent r="100" t="29" w="10" /><ent r="100" t="184" w="11" /></phr></stem><stem n="ession"><phr n="ession"><ent r="5" t="29" w="29" /></phr></stem><stem n="folder"><phr n="folder"><ent r="4" t="29" w="69" /><ent r="4" t="70" w="145" /><ent r="4" t="70" w="156" /><ent r="3" t="81" w="322" /><ent r="3" t="81" w="336" /><ent r="3" t="96" w="281" /><ent r="3" t="167" w="874" /><ent r="4" t="188" w="1674" /></phr><phr n="Folder"><ent r="4" t="70" w="137" /><ent r="5" t="70" w="162" /><ent r="4" t="81" w="313" /></phr></stem><stem n="primari"><phr n="Primary"><ent r="1000" t="30" w="2" /><ent r="102" t="30" w="7" /><ent r="4" t="171" w="140" /><ent r="4" t="172" w="106" /><ent r="4" t="172" w="174" /><ent r="4" t="175" w="110" /><ent r="5" t="175" w="220" /><ent r="4" t="182" w="542" /><ent r="3" t="182" w="609" /><ent r="3" t="182" w="1339" /></phr><phr n="primary"><ent r="100" t="30" w="12" /><ent r="3" t="30" w="22" /><ent r="3" t="30" w="77" /><ent r="4" t="83" w="160" /><ent r="3" t="84" w="36" /><ent r="3" t="172" w="39" /><ent r="4" t="173" w="100" /><ent r="4" t="175" w="207" /><ent r="4" t="176" w="282" /><ent r="4" t="182" w="1130" /><ent r="4" t="182" w="1143" /><ent r="4" t="182" w="1177" /><ent r="4" t="182" w="1211" /><ent r="3" t="182" w="1592" /><ent r="4" t="182" w="1650" /><ent r="5" t="198" w="314" /><ent r="4" t="198" w="333" /></phr></stem><stem n="vari"><phr n="vary"><ent r="3" t="31" w="50" /><ent r="3" t="129" w="251" /><ent r="3" t="162" w="135" /></phr><phr n="varies"><ent r="3" t="238" w="478" /></phr></stem><stem n="classif"><phr n="Classification"><ent r="65" t="31" w="82" /><ent r="3" t="130" w="65" /><ent r="3" t="130" w="90" /><ent r="3" t="156" w="144" /><ent r="92" t="156" w="294" /><ent r="3" t="156" w="299" /><ent r="3" t="156" w="315" /><ent r="5" t="156" w="369" /><ent r="4" t="156" w="489" /><ent r="5" t="156" w="544" /><ent r="3" t="156" w="687" /><ent r="92" t="157" w="274" /><ent r="3" t="157" w="279" /><ent r="3" t="157" w="291" /><ent r="5" t="157" w="345" /><ent r="4" t="157" w="462" /><ent r="5" t="157" w="517" /><ent r="3" t="157" w="660" /><ent r="4" t="158" w="54" /><ent r="82" t="158" w="271" /><ent r="3" t="158" w="276" /><ent r="3" t="158" w="287" /><ent r="5" t="158" w="342" /><ent r="4" t="158" w="459" /><ent r="5" t="158" w="514" /><ent r="3" t="158" w="657" /><ent r="92" t="158" w="762" /><ent r="3" t="158" w="766" /><ent r="4" t="158" w="784" /><ent r="5" t="158" w="801" /><ent r="4" t="186" w="117" /><ent r="4" t="186" w="144" /><ent r="64" t="208" w="739" /><ent r="64" t="209" w="235" /><ent r="64" t="210" w="44" /><ent r="64" t="211" w="60" /><ent r="64" t="212" w="134" /><ent r="1000" t="213" w="1" /><ent r="100" t="213" w="4" /><ent r="102" t="213" w="7" /><ent r="4" t="213" w="201" /><ent r="5" t="213" w="207" /><ent r="4" t="213" w="316" /><ent r="5" t="213" w="322" /><ent r="5" t="213" w="470" /><ent r="4" t="213" w="590" /><ent r="5" t="213" w="644" /><ent r="3" t="213" w="792" /><ent r="3" t="218" w="35" /><ent r="92" t="218" w="222" /><ent r="3" t="218" w="228" /></phr><phr n="classification"><ent r="3" t="67" w="53" /><ent r="3" t="68" w="35" /><ent r="4" t="68" w="182" /><ent r="3" t="130" w="100" /><ent r="3" t="156" w="305" /><ent r="3" t="156" w="356" /><ent r="3" t="156" w="479" /><ent r="3" t="156" w="515" /><ent r="3" t="156" w="531" /><ent r="3" t="156" w="693" /><ent r="3" t="156" w="699" /><ent r="3" t="156" w="725" /><ent r="3" t="157" w="285" /><ent r="3" t="157" w="332" /><ent r="3" t="157" w="452" /><ent r="3" t="157" w="488" /><ent r="3" t="157" w="504" /><ent r="3" t="157" w="666" /><ent r="3" t="157" w="672" /><ent r="3" t="157" w="698" /><ent r="3" t="158" w="68" /><ent r="3" t="158" w="282" /><ent r="3" t="158" w="329" /><ent r="3" t="158" w="449" /><ent r="3" t="158" w="485" /><ent r="3" t="158" w="501" /><ent r="3" t="158" w="663" /><ent r="3" t="158" w="669" /><ent r="3" t="158" w="695" /><ent r="3" t="158" w="776" /><ent r="4" t="171" w="290" /><ent r="3" t="180" w="3074" /><ent r="4" t="186" w="154" /><ent r="3" t="213" w="18" /><ent r="3" t="213" w="25" /><ent r="3" t="213" w="57" /><ent r="3" t="213" w="64" /><ent r="3" t="213" w="105" /><ent r="4" t="213" w="269" /><ent r="3" t="213" w="390" /><ent r="3" t="213" w="406" /><ent r="3" t="213" w="409" /><ent r="3" t="213" w="417" /><ent r="3" t="213" w="457" /><ent r="3" t="213" w="580" /><ent r="3" t="213" w="615" /><ent r="3" t="213" w="631" /><ent r="3" t="213" w="798" /><ent r="3" t="213" w="804" /><ent r="3" t="213" w="830" /><ent r="3" t="218" w="41" /><ent r="3" t="218" w="240" /></phr><phr n="CLASSIFICATION"><ent r="4" t="68" w="178" /></phr></stem><stem n="(envi)"><phr n="(ENVI)"><ent r="3" t="32" w="30" /></phr></stem><stem n="usual"><phr n="usually"><ent r="3" t="32" w="50" /><ent r="3" t="38" w="26" /><ent r="3" t="129" w="220" /><ent r="3" t="169" w="105" /></phr></stem><stem n="(*.hdr)"><phr n="(*.hdr)"><ent r="4" t="32" w="169" /></phr></stem><stem n="*.sli"><phr n="*.sli"><ent r="3" t="33" w="49" /></phr></stem><stem n="sli"><phr n="sli"><ent r="3" t="33" w="49" /></phr></stem><stem n="*.spl"><phr n="*.spl"><ent r="3" t="33" w="51" /></phr></stem><stem n="spl"><phr n="spl"><ent r="3" t="33" w="51" /></phr></stem><stem n="selector"><phr n="Selector"><ent r="3" t="33" w="73" /></phr></stem><stem n="describ"><phr n="describes"><ent r="3" t="33" w="84" /><ent r="3" t="90" w="104" /><ent r="4" t="117" w="97" /></phr><phr n="described"><ent r="3" t="143" w="31" /><ent r="4" t="188" w="658" /></phr><phr n="describe"><ent r="3" t="184" w="1222" /></phr><phr n="describing"><ent r="7" t="199" w="83" /></phr><phr n="Describes"><ent r="7" t="199" w="338" /></phr></stem><stem n="spectra"><phr n="spectra"><ent r="3" t="34" w="47" /><ent r="3" t="181" w="138" /></phr></stem><stem n="-"><phr n="-"><ent r="64" t="35" w="68" /><ent r="64" t="35" w="68" /><ent r="64" t="40" w="257" /><ent r="64" t="40" w="257" /><ent r="64" t="46" w="147" /><ent r="64" t="46" w="147" /><ent r="64" t="50" w="96" /><ent r="64" t="50" w="96" /><ent r="1000" t="108" w="4" /><ent r="1000" t="108" w="4" /><ent r="1000" t="109" w="4" /><ent r="1000" t="109" w="4" /><ent r="4" t="180" w="1608" /><ent r="4" t="180" w="1608" /><ent r="3" t="188" w="1641" /><ent r="3" t="188" w="1641" /><ent r="7" t="199" w="385" /><ent r="7" t="199" w="385" /><ent r="6" t="242" w="122" /><ent r="6" t="242" w="122" /></phr></stem><stem n="sub"><phr n="sub"><ent r="4" t="36" w="56" /><ent r="3" t="39" w="51" /><ent r="3" t="40" w="63" /><ent r="4" t="40" w="103" /><ent r="4" t="40" w="128" /><ent r="4" t="40" w="160" /><ent r="4" t="55" w="69" /><ent r="4" t="58" w="183" /><ent r="4" t="86" w="107" /><ent r="4" t="89" w="165" /><ent r="3" t="102" w="68" /><ent r="3" t="102" w="84" /><ent r="3" t="102" w="87" /><ent r="3" t="102" w="132" /><ent r="3" t="123" w="305" /><ent r="3" t="123" w="437" /><ent r="3" t="123" w="583" /><ent r="3" t="156" w="319" /><ent r="3" t="157" w="295" /><ent r="3" t="158" w="291" /></phr><phr n="Sub"><ent r="3" t="123" w="317" /><ent r="3" t="123" w="449" /><ent r="3" t="123" w="593" /><ent r="83" t="156" w="330" /><ent r="83" t="156" w="505" /><ent r="83" t="157" w="306" /><ent r="83" t="157" w="478" /><ent r="83" t="158" w="302" /><ent r="83" t="158" w="475" /></phr></stem><stem n="sub-menu"><phr n="sub-menu"><ent r="4" t="36" w="56" /><ent r="3" t="39" w="51" /><ent r="3" t="40" w="63" /><ent r="4" t="40" w="103" /><ent r="4" t="40" w="128" /><ent r="4" t="40" w="160" /><ent r="4" t="55" w="69" /><ent r="4" t="58" w="183" /><ent r="4" t="86" w="107" /><ent r="4" t="89" w="165" /><ent r="3" t="123" w="305" /><ent r="3" t="123" w="437" /><ent r="3" t="123" w="583" /></phr><phr n="Sub-menu"><ent r="3" t="123" w="317" /><ent r="3" t="123" w="449" /><ent r="3" t="123" w="593" /></phr></stem><stem n="-menu."><phr n="-menu."><ent r="4" t="36" w="58" /><ent r="4" t="36" w="58" /><ent r="3" t="39" w="53" /><ent r="3" t="39" w="53" /><ent r="3" t="40" w="65" /><ent r="3" t="40" w="65" /></phr></stem><stem n="delai"><phr n="Delay"><ent r="4" t="36" w="65" /></phr><phr n="delay"><ent r="3" t="208" w="691" /></phr></stem><stem n="instant"><phr n="Instant"><ent r="4" t="36" w="76" /></phr></stem><stem n=":mous"><phr n=":mouse"><ent r="100" t="37" w="11" /><ent r="100" t="91" w="18" /></phr></stem><stem n="&quot;mous"><phr n="&quot;mouse"><ent r="3" t="37" w="29" /></phr></stem><stem n=".&quot;"><phr n=".&quot;"><ent r="3" t="37" w="32" /><ent r="4" t="44" w="556" /><ent r="4" t="70" w="127" /><ent r="3" t="141" w="95" /><ent r="4" t="185" w="464" /></phr></stem><stem n="particularli"><phr n="particularly"><ent r="3" t="37" w="36" /><ent r="3" t="178" w="85" /></phr></stem><stem n="differ"><phr n="different"><ent r="3" t="37" w="51" /><ent r="3" t="44" w="333" /><ent r="3" t="48" w="43" /><ent r="3" t="49" w="509" /><ent r="4" t="53" w="111" /><ent r="3" t="62" w="151" /><ent r="3" t="74" w="281" /><ent r="3" t="78" w="41" /><ent r="4" t="80" w="156" /><ent r="3" t="96" w="305" /><ent r="4" t="120" w="107" /><ent r="3" t="129" w="204" /><ent r="3" t="158" w="72" /><ent r="3" t="167" w="20" /><ent r="3" t="167" w="214" /><ent r="4" t="167" w="720" /><ent r="3" t="171" w="58" /><ent r="4" t="172" w="52" /><ent r="3" t="173" w="43" /><ent r="4" t="175" w="347" /><ent r="7" t="178" w="295" /><ent r="7" t="179" w="512" /><ent r="3" t="179" w="1256" /><ent r="3" t="179" w="1275" /><ent r="3" t="179" w="1466" /><ent r="7" t="180" w="663" /><ent r="7" t="181" w="374" /><ent r="3" t="182" w="131" /><ent r="7" t="182" w="337" /><ent r="3" t="182" w="842" /><ent r="4" t="182" w="1286" /><ent r="7" t="183" w="612" /><ent r="7" t="184" w="614" /><ent r="7" t="185" w="221" /><ent r="7" t="186" w="488" /><ent r="7" t="187" w="409" /><ent r="5" t="188" w="164" /><ent r="7" t="188" w="399" /><ent r="3" t="195" w="314" /><ent r="3" t="198" w="84" /><ent r="3" t="198" w="180" /><ent r="3" t="208" w="672" /><ent r="3" t="209" w="132" /><ent r="3" t="224" w="190" /><ent r="3" t="237" w="124" /></phr><phr n="Different"><ent r="92" t="44" w="321" /><ent r="5" t="90" w="603" /><ent r="5" t="165" w="265" /></phr><phr n="Difference"><ent r="3" t="180" w="281" /><ent r="3" t="180" w="2034" /></phr><phr n="difference"><ent r="5" t="224" w="163" /><ent r="3" t="224" w="197" /></phr></stem><stem n="'s"><phr n="'s"><ent r="3" t="37" w="111" /><ent r="4" t="70" w="114" /><ent r="3" t="96" w="292" /><ent r="4" t="99" w="76" /><ent r="4" t="109" w="465" /><ent r="3" t="122" w="193" /><ent r="4" t="126" w="278" /><ent r="4" t="177" w="105" /><ent r="3" t="180" w="2657" /><ent r="4" t="180" w="2947" /><ent r="4" t="182" w="1003" /><ent r="4" t="182" w="1218" /><ent r="3" t="185" w="352" /><ent r="5" t="199" w="58" /><ent r="3" t="233" w="8" /></phr></stem><stem n="mouse'"><phr n="mouse's"><ent r="3" t="37" w="111" /><ent r="3" t="37" w="110" /></phr></stem><stem n="closer"><phr n="closer"><ent r="3" t="37" w="118" /><ent r="4" t="109" w="552" /><ent r="3" t="180" w="2227" /></phr></stem><stem n="slower"><phr n="slower"><ent r="3" t="37" w="127" /><ent r="4" t="175" w="283" /><ent r="4" t="208" w="526" /></phr></stem><stem n="exit"><phr n="exit"><ent r="3" t="37" w="133" /><ent r="4" t="180" w="2110" /><ent r="4" t="186" w="1206" /></phr><phr n="Exit"><ent r="5" t="188" w="1500" /><ent r="7" t="196" w="106" /></phr></stem><stem n="don"><phr n="don"><ent r="3" t="37" w="154" /><ent r="3" t="37" w="164" /><ent r="3" t="44" w="58" /><ent r="3" t="74" w="328" /><ent r="4" t="108" w="511" /><ent r="3" t="131" w="74" /><ent r="3" t="174" w="91" /><ent r="3" t="180" w="974" /><ent r="3" t="187" w="1022" /><ent r="6" t="188" w="1403" /><ent r="3" t="224" w="186" /><ent r="3" t="231" w="65" /></phr><phr n="Don"><ent r="5" t="181" w="1302" /><ent r="4" t="231" w="77" /></phr></stem><stem n="'t"><phr n="'t"><ent r="3" t="37" w="155" /><ent r="3" t="37" w="165" /><ent r="3" t="44" w="59" /><ent r="4" t="47" w="316" /><ent r="3" t="81" w="495" /><ent r="3" t="106" w="236" /><ent r="4" t="108" w="508" /><ent r="4" t="108" w="512" /><ent r="4" t="109" w="405" /><ent r="4" t="109" w="548" /><ent r="4" t="109" w="563" /><ent r="3" t="145" w="207" /><ent r="3" t="156" w="50" /><ent r="3" t="174" w="92" /><ent r="4" t="180" w="2478" /><ent r="3" t="181" w="1491" /><ent r="4" t="182" w="1109" /><ent r="3" t="182" w="1405" /><ent r="3" t="187" w="1023" /><ent r="6" t="188" w="1404" /><ent r="92" t="214" w="98" /><ent r="3" t="224" w="187" /><ent r="3" t="231" w="66" /><ent r="4" t="231" w="78" /></phr></stem><stem n="don't"><phr n="don't"><ent r="3" t="37" w="155" /><ent r="3" t="37" w="154" /><ent r="3" t="37" w="165" /><ent r="3" t="37" w="164" /><ent r="3" t="44" w="59" /><ent r="3" t="44" w="58" /><ent r="4" t="108" w="512" /><ent r="4" t="108" w="511" /><ent r="3" t="174" w="92" /><ent r="3" t="174" w="91" /><ent r="3" t="187" w="1023" /><ent r="3" t="187" w="1022" /><ent r="6" t="188" w="1404" /><ent r="6" t="188" w="1403" /><ent r="3" t="224" w="187" /><ent r="3" t="224" w="186" /><ent r="3" t="231" w="66" /><ent r="3" t="231" w="65" /></phr><phr n="Don't"><ent r="4" t="231" w="78" /><ent r="4" t="231" w="77" /></phr></stem><stem n="adjust"><phr n="adjust"><ent r="64" t="37" w="180" /><ent r="4" t="70" w="184" /><ent r="5" t="90" w="571" /><ent r="3" t="142" w="357" /><ent r="4" t="176" w="169" /><ent r="4" t="179" w="1383" /><ent r="3" t="179" w="1425" /><ent r="3" t="179" w="1785" /><ent r="4" t="179" w="1990" /><ent r="3" t="180" w="1071" /><ent r="3" t="184" w="777" /><ent r="4" t="224" w="100" /><ent r="3" t="237" w="15" /></phr><phr n="adjusts"><ent r="5" t="90" w="384" /></phr><phr n="Adjust"><ent r="5" t="91" w="89" /><ent r="4" t="91" w="98" /><ent r="4" t="91" w="105" /><ent r="4" t="142" w="290" /><ent r="5" t="142" w="378" /><ent r="4" t="142" w="403" /><ent r="3" t="142" w="408" /><ent r="4" t="179" w="1815" /><ent r="4" t="179" w="1834" /><ent r="4" t="179" w="1862" /><ent r="4" t="179" w="2016" /></phr><phr n="Adjusting"><ent r="92" t="142" w="346" /></phr><phr n="adjusting"><ent r="3" t="179" w="1773" /><ent r="4" t="179" w="1882" /><ent r="3" t="184" w="789" /><ent r="3" t="195" w="388" /><ent r="3" t="209" w="206" /></phr><phr n="adjustments"><ent r="4" t="179" w="1921" /><ent r="4" t="179" w="1974" /><ent r="3" t="182" w="1583" /><ent r="3" t="182" w="1598" /></phr><phr n="adjusted"><ent r="4" t="182" w="1468" /></phr></stem><stem n="perform"><phr n="perform"><ent r="3" t="38" w="15" /><ent r="3" t="102" w="50" /><ent r="3" t="103" w="32" /><ent r="3" t="115" w="59" /><ent r="7" t="125" w="399" /><ent r="3" t="167" w="140" /><ent r="3" t="176" w="92" /><ent r="3" t="178" w="45" /><ent r="3" t="178" w="206" /><ent r="3" t="180" w="53" /><ent r="3" t="180" w="954" /><ent r="3" t="180" w="2020" /><ent r="3" t="180" w="3156" /><ent r="3" t="181" w="87" /><ent r="4" t="181" w="540" /><ent r="3" t="182" w="70" /><ent r="3" t="185" w="59" /><ent r="3" t="186" w="44" /><ent r="3" t="187" w="33" /><ent r="3" t="187" w="47" /><ent r="3" t="187" w="92" /><ent r="3" t="187" w="1884" /><ent r="3" t="188" w="66" /><ent r="3" t="188" w="1711" /><ent r="3" t="208" w="280" /><ent r="4" t="208" w="429" /></phr><phr n="performed"><ent r="3" t="102" w="21" /><ent r="3" t="103" w="71" /><ent r="3" t="167" w="416" /><ent r="4" t="170" w="212" /><ent r="3" t="180" w="247" /><ent r="3" t="180" w="260" /><ent r="7" t="199" w="88" /></phr><phr n="performance"><ent r="3" t="171" w="70" /><ent r="3" t="208" w="250" /><ent r="3" t="208" w="359" /></phr><phr n="Perform"><ent r="4" t="180" w="109" /></phr><phr n="performing"><ent r="3" t="186" w="1224" /></phr><phr n="Performance"><ent r="92" t="208" w="215" /></phr></stem><stem n="here"><phr n="Here"><ent r="3" t="38" w="48" /><ent r="3" t="44" w="325" /><ent r="3" t="45" w="15" /><ent r="3" t="125" w="705" /><ent r="4" t="143" w="147" /><ent r="3" t="187" w="784" /></phr><phr n="here"><ent r="64" t="44" w="685" /><ent r="3" t="81" w="261" /><ent r="64" t="115" w="181" /><ent r="64" t="115" w="195" /><ent r="64" t="115" w="209" /><ent r="64" t="115" w="223" /><ent r="3" t="143" w="32" /><ent r="3" t="156" w="360" /><ent r="3" t="156" w="535" /><ent r="3" t="157" w="336" /><ent r="3" t="157" w="508" /><ent r="3" t="158" w="333" /><ent r="3" t="158" w="505" /><ent r="64" t="170" w="194" /><ent r="3" t="213" w="461" /><ent r="3" t="213" w="635" /><ent r="64" t="226" w="35" /><ent r="64" t="232" w="97" /></phr></stem><stem n="free"><phr n="Free"><ent r="6" t="38" w="101" /><ent r="7" t="39" w="162" /><ent r="4" t="179" w="1021" /></phr><phr n="free"><ent r="3" t="85" w="59" /></phr></stem><stem n="-clockwis"><phr n="-clockwise"><ent r="7" t="39" w="81" /><ent r="7" t="39" w="81" /></phr></stem><stem n="counter"><phr n="counter"><ent r="7" t="39" w="81" /><ent r="3" t="43" w="135" /></phr></stem><stem n="counter-clockwis"><phr n="counter-clockwise"><ent r="7" t="39" w="81" /><ent r="3" t="43" w="135" /></phr></stem><stem n="(you"><phr n="(You"><ent r="3" t="40" w="24" /><ent r="3" t="115" w="406" /><ent r="3" t="226" w="37" /></phr></stem><stem n="level"><phr n="level"><ent r="3" t="40" w="31" /><ent r="3" t="47" w="276" /><ent r="3" t="77" w="375" /><ent r="5" t="90" w="375" /><ent r="4" t="108" w="292" /><ent r="3" t="110" w="149" /><ent r="3" t="110" w="167" /><ent r="4" t="141" w="67" /><ent r="3" t="144" w="365" /><ent r="4" t="173" w="231" /><ent r="82" t="178" w="70" /><ent r="3" t="179" w="848" /><ent r="3" t="180" w="346" /><ent r="3" t="187" w="1594" /><ent r="3" t="213" w="19" /><ent r="3" t="213" w="70" /><ent r="4" t="213" w="285" /><ent r="3" t="238" w="54" /><ent r="3" t="238" w="71" /><ent r="3" t="238" w="474" /></phr><phr n="Level"><ent r="4" t="144" w="393" /><ent r="5" t="156" w="370" /><ent r="4" t="156" w="490" /><ent r="5" t="157" w="346" /><ent r="4" t="157" w="463" /><ent r="5" t="158" w="343" /><ent r="4" t="158" w="460" /><ent r="5" t="213" w="208" /><ent r="5" t="213" w="323" /><ent r="5" t="213" w="471" /><ent r="4" t="213" w="591" /><ent r="3" t="217" w="252" /></phr><phr n="levels"><ent r="3" t="156" w="480" /><ent r="3" t="157" w="453" /><ent r="3" t="158" w="450" /><ent r="3" t="179" w="156" /><ent r="4" t="187" w="1457" /><ent r="3" t="213" w="581" /></phr></stem><stem n="center"><phr n="Center"><ent r="5" t="40" w="86" /><ent r="4" t="49" w="595" /><ent r="3" t="64" w="179" /><ent r="4" t="181" w="966" /></phr><phr n="center"><ent r="4" t="40" w="97" /><ent r="4" t="40" w="218" /><ent r="3" t="49" w="576" /><ent r="3" t="49" w="591" /><ent r="3" t="49" w="606" /><ent r="3" t="64" w="181" /><ent r="3" t="101" w="48" /><ent r="4" t="156" w="288" /><ent r="3" t="157" w="910" /><ent r="3" t="158" w="253" /><ent r="4" t="173" w="135" /><ent r="4" t="179" w="1045" /><ent r="4" t="180" w="2583" /><ent r="3" t="182" w="1613" /><ent r="4" t="185" w="87" /><ent r="3" t="185" w="153" /><ent r="3" t="185" w="303" /><ent r="4" t="185" w="552" /><ent r="3" t="193" w="121" /><ent r="3" t="193" w="137" /><ent r="3" t="193" w="195" /><ent r="3" t="193" w="199" /><ent r="3" t="193" w="213" /><ent r="3" t="193" w="225" /><ent r="3" t="194" w="21" /><ent r="4" t="194" w="48" /><ent r="4" t="194" w="100" /><ent r="4" t="194" w="116" /><ent r="4" t="194" w="191" /><ent r="3" t="194" w="241" /><ent r="3" t="194" w="264" /><ent r="3" t="195" w="142" /><ent r="7" t="199" w="618" /></phr><phr n="centers"><ent r="3" t="64" w="208" /><ent r="4" t="180" w="3050" /></phr></stem><stem n="-menu"><phr n="-menu"><ent r="4" t="40" w="103" /><ent r="4" t="40" w="103" /><ent r="4" t="40" w="128" /><ent r="4" t="40" w="128" /><ent r="4" t="40" w="160" /><ent r="4" t="40" w="160" /><ent r="4" t="86" w="107" /><ent r="4" t="86" w="107" /><ent r="3" t="123" w="305" /><ent r="3" t="123" w="305" /><ent r="3" t="123" w="437" /><ent r="3" t="123" w="437" /><ent r="3" t="123" w="583" /><ent r="3" t="123" w="583" /></phr></stem><stem n="percent"><phr n="Percent"><ent r="5" t="40" w="144" /></phr><phr n="percent"><ent r="4" t="47" w="263" /><ent r="4" t="47" w="269" /><ent r="3" t="106" w="223" /><ent r="3" t="106" w="229" /><ent r="3" t="144" w="536" /></phr></stem><stem n="maximum"><phr n="maximum"><ent r="3" t="40" w="248" /><ent r="3" t="44" w="430" /><ent r="3" t="44" w="458" /><ent r="3" t="44" w="463" /><ent r="3" t="81" w="393" /><ent r="4" t="97" w="83" /><ent r="3" t="109" w="315" /><ent r="5" t="153" w="435" /><ent r="5" t="153" w="870" /><ent r="4" t="154" w="413" /><ent r="5" t="165" w="473" /><ent r="3" t="167" w="529" /><ent r="3" t="167" w="660" /><ent r="3" t="167" w="666" /><ent r="3" t="167" w="686" /><ent r="3" t="179" w="1343" /><ent r="3" t="193" w="154" /><ent r="3" t="195" w="627" /><ent r="3" t="195" w="672" /><ent r="4" t="197" w="87" /><ent r="4" t="197" w="154" /><ent r="3" t="197" w="186" /><ent r="7" t="199" w="515" /><ent r="4" t="236" w="71" /></phr><phr n="Maximum"><ent r="3" t="193" w="62" /><ent r="3" t="193" w="72" /><ent r="3" t="193" w="220" /><ent r="3" t="195" w="619" /></phr></stem><stem n="manual"><phr n="manually"><ent r="3" t="43" w="32" /><ent r="3" t="73" w="105" /><ent r="4" t="75" w="52" /><ent r="3" t="110" w="103" /><ent r="3" t="180" w="838" /><ent r="3" t="195" w="276" /><ent r="3" t="209" w="94" /><ent r="3" t="238" w="178" /><ent r="3" t="238" w="274" /></phr><phr n="manual"><ent r="3" t="176" w="68" /><ent r="3" t="176" w="210" /><ent r="3" t="180" w="54" /><ent r="3" t="182" w="1394" /><ent r="3" t="182" w="1485" /></phr><phr n="Manual"><ent r="84" t="180" w="842" /><ent r="83" t="180" w="1204" /></phr></stem><stem n="-click."><phr n="-click."><ent r="4" t="43" w="59" /><ent r="4" t="43" w="59" /><ent r="4" t="54" w="42" /><ent r="4" t="54" w="42" /><ent r="4" t="88" w="51" /><ent r="4" t="88" w="51" /><ent r="3" t="89" w="153" /><ent r="3" t="89" w="153" /><ent r="3" t="90" w="54" /><ent r="3" t="90" w="54" /><ent r="3" t="91" w="233" /><ent r="3" t="91" w="233" /><ent r="3" t="138" w="58" /><ent r="3" t="138" w="58" /><ent r="3" t="138" w="113" /><ent r="3" t="138" w="113" /><ent r="4" t="139" w="41" /><ent r="4" t="139" w="41" /><ent r="4" t="157" w="104" /><ent r="4" t="157" w="104" /><ent r="4" t="159" w="77" /><ent r="4" t="159" w="77" /></phr></stem><stem n="&quot;special&quot;"><phr n="&quot;Special&quot;"><ent r="4" t="43" w="98" /></phr></stem><stem n="child"><phr n="Child"><ent r="4" t="43" w="102" /><ent r="5" t="231" w="89" /></phr></stem><stem n="sensorupangl"><phr n="SensorUpAngle"><ent r="3" t="43" w="119" /></phr></stem><stem n="doubl"><phr n="double"><ent r="3" t="43" w="123" /><ent r="7" t="59" w="111" /><ent r="7" t="59" w="174" /><ent r="3" t="125" w="657" /><ent r="4" t="126" w="180" /><ent r="4" t="131" w="136" /><ent r="4" t="184" w="982" /><ent r="7" t="190" w="107" /><ent r="7" t="190" w="143" /><ent r="7" t="199" w="218" /><ent r="6" t="199" w="231" /><ent r="6" t="199" w="237" /><ent r="6" t="199" w="244" /><ent r="7" t="199" w="350" /><ent r="3" t="208" w="120" /><ent r="6" t="243" w="200" /></phr><phr n="Double"><ent r="4" t="44" w="498" /><ent r="4" t="44" w="557" /><ent r="4" t="44" w="602" /><ent r="4" t="81" w="277" /><ent r="3" t="126" w="398" /><ent r="3" t="180" w="1411" /><ent r="4" t="180" w="1459" /><ent r="4" t="180" w="1623" /><ent r="3" t="180" w="2062" /><ent r="3" t="180" w="2092" /><ent r="3" t="180" w="2126" /><ent r="3" t="180" w="2139" /></phr></stem></index>