<?xml version="1.0" encoding="utf-8"?><index><stem n="degre"><phr n="degrees"><ent r="6" t="7" w="189" /><ent r="6" t="7" w="210" /><ent r="7" t="65" w="135" /><ent r="7" t="65" w="156" /><ent r="3" t="69" w="159" /><ent r="5" t="199" w="199" /><ent r="4" t="199" w="214" /><ent r="4" t="210" w="1027" /><ent r="3" t="211" w="1546" /><ent r="7" t="219" w="978" /><ent r="6" t="246" w="523" /><ent r="6" t="246" w="646" /><ent r="7" t="250" w="44" /><ent r="7" t="250" w="51" /><ent r="7" t="250" w="60" /><ent r="7" t="250" w="65" /><ent r="7" t="250" w="73" /></phr><phr n="degree"><ent r="3" t="211" w="1554" /><ent r="3" t="211" w="1605" /><ent r="3" t="226" w="14" /><ent r="3" t="226" w="23" /><ent r="3" t="226" w="52" /><ent r="3" t="226" w="58" /><ent r="3" t="226" w="76" /><ent r="3" t="226" w="114" /><ent r="3" t="228" w="690" /></phr></stem><stem n="enter"><phr n="enter"><ent r="6" t="7" w="191" /><ent r="6" t="7" w="207" /><ent r="3" t="18" w="55" /><ent r="3" t="18" w="79" /><ent r="4" t="22" w="766" /><ent r="3" t="25" w="99" /><ent r="4" t="26" w="134" /><ent r="4" t="29" w="250" /><ent r="4" t="29" w="274" /><ent r="3" t="33" w="58" /><ent r="6" t="36" w="371" /><ent r="6" t="36" w="412" /><ent r="4" t="37" w="146" /><ent r="4" t="37" w="168" /><ent r="4" t="38" w="67" /><ent r="4" t="40" w="88" /><ent r="4" t="40" w="192" /><ent r="3" t="41" w="52" /><ent r="5" t="47" w="331" /><ent r="3" t="48" w="166" /><ent r="3" t="48" w="354" /><ent r="3" t="48" w="524" /><ent r="3" t="48" w="600" /><ent r="3" t="48" w="667" /><ent r="4" t="58" w="316" /><ent r="4" t="58" w="751" /><ent r="6" t="59" w="124" /><ent r="7" t="65" w="137" /><ent r="7" t="65" w="153" /><ent r="4" t="66" w="212" /><ent r="4" t="69" w="35" /><ent r="4" t="69" w="111" /><ent r="3" t="69" w="142" /><ent r="3" t="69" w="147" /><ent r="4" t="70" w="525" /><ent r="5" t="70" w="534" /><ent r="4" t="70" w="622" /><ent r="3" t="73" w="274" /><ent r="3" t="73" w="326" /><ent r="4" t="74" w="560" /><ent r="4" t="75" w="642" /><ent r="4" t="76" w="234" /><ent r="4" t="93" w="112" /><ent r="4" t="93" w="117" /><ent r="4" t="114" w="239" /><ent r="4" t="114" w="277" /><ent r="7" t="122" w="302" /><ent r="4" t="124" w="131" /><ent r="4" t="124" w="149" /><ent r="4" t="124" w="173" /><ent r="4" t="124" w="234" /><ent r="4" t="124" w="260" /><ent r="4" t="125" w="140" /><ent r="3" t="128" w="289" /><ent r="4" t="129" w="78" /><ent r="3" t="135" w="28" /><ent r="3" t="135" w="62" /><ent r="3" t="135" w="67" /><ent r="3" t="140" w="345" /><ent r="3" t="142" w="97" /><ent r="4" t="142" w="414" /><ent r="4" t="142" w="530" /><ent r="3" t="147" w="39" /><ent r="3" t="148" w="215" /><ent r="3" t="148" w="229" /><ent r="1000" t="159" w="1" /><ent r="102" t="159" w="9" /><ent r="3" t="159" w="41" /><ent r="3" t="160" w="269" /><ent r="4" t="161" w="90" /><ent r="4" t="161" w="136" /><ent r="4" t="161" w="204" /><ent r="65" t="161" w="237" /><ent r="64" t="164" w="465" /><ent r="4" t="170" w="62" /><ent r="4" t="172" w="248" /><ent r="4" t="178" w="415" /><ent r="4" t="179" w="645" /><ent r="4" t="180" w="634" /><ent r="3" t="180" w="970" /><ent r="3" t="180" w="1004" /><ent r="4" t="181" w="632" /><ent r="4" t="181" w="865" /><ent r="3" t="186" w="297" /><ent r="4" t="188" w="221" /><ent r="4" t="188" w="384" /><ent r="4" t="192" w="181" /><ent r="5" t="192" w="299" /><ent r="4" t="192" w="402" /><ent r="4" t="192" w="420" /><ent r="4" t="192" w="444" /><ent r="4" t="192" w="503" /><ent r="4" t="192" w="529" /><ent r="4" t="193" w="110" /><ent r="4" t="193" w="128" /><ent r="4" t="193" w="152" /><ent r="4" t="193" w="213" /><ent r="4" t="193" w="239" /><ent r="4" t="194" w="169" /><ent r="5" t="194" w="287" /><ent r="4" t="194" w="387" /><ent r="4" t="194" w="405" /><ent r="4" t="194" w="429" /><ent r="4" t="194" w="490" /><ent r="4" t="194" w="516" /><ent r="3" t="195" w="829" /><ent r="3" t="196" w="137" /><ent r="4" t="196" w="245" /><ent r="4" t="198" w="351" /><ent r="3" t="211" w="1420" /><ent r="3" t="211" w="1467" /><ent r="5" t="211" w="1521" /><ent r="3" t="211" w="1558" /><ent r="5" t="211" w="1679" /><ent r="3" t="211" w="2986" /><ent r="4" t="211" w="3225" /><ent r="4" t="212" w="1421" /><ent r="4" t="216" w="449" /><ent r="3" t="217" w="594" /><ent r="3" t="217" w="1159" /><ent r="4" t="218" w="626" /><ent r="4" t="218" w="649" /><ent r="4" t="218" w="711" /><ent r="3" t="219" w="677" /><ent r="4" t="219" w="1548" /><ent r="4" t="219" w="1586" /><ent r="4" t="221" w="118" /><ent r="3" t="227" w="37" /><ent r="4" t="230" w="337" /><ent r="4" t="234" w="715" /><ent r="4" t="234" w="768" /><ent r="4" t="234" w="780" /><ent r="3" t="235" w="13" /><ent r="4" t="235" w="103" /><ent r="3" t="235" w="134" /><ent r="4" t="236" w="32" /><ent r="4" t="237" w="53" /><ent r="4" t="237" w="92" /><ent r="4" t="238" w="61" /><ent r="3" t="239" w="16" /><ent r="4" t="239" w="108" /><ent r="3" t="239" w="139" /><ent r="4" t="240" w="34" /><ent r="4" t="243" w="582" /><ent r="3" t="245" w="61" /><ent r="4" t="245" w="100" /><ent r="3" t="247" w="40" /><ent r="3" t="247" w="71" /><ent r="4" t="248" w="126" /><ent r="4" t="248" w="160" /><ent r="3" t="254" w="279" /><ent r="4" t="254" w="710" /></phr><phr n="entered"><ent r="5" t="7" w="261" /><ent r="3" t="69" w="20" /><ent r="3" t="69" w="31" /><ent r="3" t="100" w="18" /><ent r="3" t="142" w="128" /><ent r="3" t="191" w="213" /><ent r="4" t="198" w="390" /><ent r="3" t="211" w="1613" /><ent r="3" t="211" w="1649" /><ent r="3" t="234" w="800" /><ent r="3" t="252" w="273" /><ent r="3" t="252" w="298" /><ent r="3" t="252" w="308" /></phr><phr n="entering"><ent r="4" t="101" w="64" /><ent r="3" t="211" w="1545" /><ent r="3" t="211" w="1574" /><ent r="3" t="252" w="24" /></phr></stem><stem n="360"><phr n="360"><ent r="6" t="7" w="212" /><ent r="6" t="7" w="214" /><ent r="7" t="65" w="158" /><ent r="7" t="65" w="160" /><ent r="6" t="246" w="522" /><ent r="6" t="246" w="645" /></phr></stem><stem n="-360."><phr n="-360."><ent r="6" t="7" w="215" /><ent r="6" t="7" w="215" /><ent r="7" t="65" w="161" /><ent r="7" t="65" w="161" /></phr></stem><stem n="freeli"><phr n="freely"><ent r="6" t="7" w="221" /><ent r="7" t="65" w="168" /></phr></stem><stem n="georeferenc"><phr n="georeferenced"><ent r="5" t="7" w="239" /><ent r="64" t="13" w="35" /><ent r="3" t="26" w="30" /><ent r="65" t="37" w="529" /><ent r="4" t="37" w="554" /><ent r="4" t="39" w="233" /><ent r="3" t="68" w="23" /><ent r="3" t="92" w="49" /><ent r="3" t="92" w="59" /><ent r="3" t="99" w="83" /><ent r="3" t="142" w="79" /><ent r="3" t="142" w="113" /><ent r="6" t="145" w="19" /><ent r="4" t="201" w="159" /><ent r="3" t="211" w="165" /><ent r="3" t="211" w="214" /><ent r="4" t="211" w="1199" /><ent r="4" t="211" w="2569" /><ent r="4" t="211" w="2578" /><ent r="3" t="213" w="1407" /><ent r="3" t="214" w="753" /><ent r="5" t="223" w="234" /><ent r="5" t="223" w="249" /><ent r="7" t="228" w="557" /></phr><phr n="georeferencing"><ent r="5" t="46" w="230" /><ent r="3" t="49" w="21" /><ent r="64" t="75" w="81" /><ent r="3" t="142" w="187" /><ent r="3" t="142" w="353" /><ent r="7" t="160" w="392" /><ent r="7" t="160" w="400" /><ent r="3" t="186" w="40" /><ent r="3" t="201" w="104" /><ent r="4" t="201" w="148" /><ent r="4" t="201" w="155" /><ent r="3" t="202" w="242" /><ent r="3" t="211" w="55" /><ent r="3" t="211" w="184" /><ent r="3" t="211" w="191" /><ent r="3" t="211" w="968" /><ent r="64" t="211" w="1028" /><ent r="4" t="211" w="1053" /><ent r="4" t="211" w="1058" /><ent r="65" t="211" w="1187" /><ent r="4" t="211" w="1762" /><ent r="3" t="211" w="2318" /><ent r="3" t="211" w="2323" /><ent r="3" t="211" w="3263" /><ent r="3" t="213" w="781" /><ent r="3" t="213" w="791" /><ent r="3" t="213" w="796" /><ent r="1000" t="252" w="3" /><ent r="102" t="252" w="7" /><ent r="93" t="252" w="11" /><ent r="100" t="252" w="14" /></phr></stem><stem n="so"><phr n="so"><ent r="5" t="7" w="241" /><ent r="4" t="20" w="496" /><ent r="4" t="66" w="193" /><ent r="3" t="68" w="25" /><ent r="4" t="68" w="57" /><ent r="3" t="74" w="223" /><ent r="4" t="74" w="256" /><ent r="4" t="84" w="207" /><ent r="4" t="98" w="90" /><ent r="4" t="110" w="84" /><ent r="5" t="122" w="385" /><ent r="3" t="134" w="207" /><ent r="4" t="140" w="264" /><ent r="5" t="151" w="202" /><ent r="3" t="160" w="948" /><ent r="3" t="188" w="66" /><ent r="3" t="195" w="657" /><ent r="3" t="195" w="726" /><ent r="3" t="206" w="52" /><ent r="3" t="208" w="134" /><ent r="3" t="209" w="149" /><ent r="3" t="210" w="280" /><ent r="4" t="210" w="623" /><ent r="4" t="210" w="2109" /><ent r="3" t="211" w="341" /><ent r="4" t="211" w="804" /><ent r="3" t="211" w="2277" /><ent r="4" t="211" w="2447" /><ent r="4" t="211" w="2903" /><ent r="4" t="211" w="3049" /><ent r="3" t="211" w="3170" /><ent r="4" t="213" w="538" /><ent r="4" t="213" w="974" /><ent r="4" t="213" w="1136" /><ent r="3" t="215" w="801" /><ent r="4" t="216" w="493" /><ent r="3" t="218" w="1019" /><ent r="3" t="218" w="1297" /><ent r="4" t="219" w="607" /><ent r="4" t="219" w="788" /><ent r="3" t="219" w="1148" /><ent r="6" t="219" w="1322" /><ent r="4" t="220" w="181" /><ent r="3" t="226" w="65" /><ent r="3" t="234" w="987" /><ent r="3" t="234" w="1028" /><ent r="3" t="247" w="37" /><ent r="3" t="247" w="68" /><ent r="3" t="252" w="431" /><ent r="7" t="256" w="131" /></phr><phr n="SOs"><ent r="3" t="190" w="87" /></phr></stem><stem n="north"><phr n="north"><ent r="5" t="7" w="248" /><ent r="66" t="7" w="250" /><ent r="1000" t="68" w="1" /><ent r="102" t="68" w="4" /><ent r="100" t="68" w="7" /><ent r="3" t="68" w="11" /><ent r="3" t="68" w="34" /><ent r="4" t="68" w="43" /><ent r="4" t="68" w="64" /><ent r="5" t="223" w="226" /><ent r="7" t="228" w="440" /><ent r="3" t="228" w="751" /><ent r="6" t="246" w="157" /><ent r="6" t="246" w="209" /><ent r="6" t="246" w="381" /><ent r="6" t="246" w="497" /><ent r="6" t="246" w="538" /><ent r="6" t="246" w="544" /><ent r="6" t="246" w="578" /></phr><phr n="northing"><ent r="7" t="228" w="431" /></phr></stem><stem n="angl"><phr n="angle"><ent r="5" t="7" w="260" /><ent r="3" t="69" w="19" /><ent r="3" t="69" w="28" /><ent r="4" t="69" w="38" /><ent r="3" t="69" w="128" /><ent r="3" t="102" w="102" /><ent r="6" t="246" w="515" /><ent r="6" t="246" w="635" /></phr><phr n="angles"><ent r="4" t="52" w="207" /><ent r="3" t="201" w="59" /><ent r="3" t="213" w="131" /></phr></stem><stem n="raster"><phr n="raster"><ent r="5" t="7" w="264" /><ent r="3" t="22" w="404" /><ent r="3" t="25" w="55" /><ent r="3" t="26" w="27" /><ent r="3" t="26" w="48" /><ent r="4" t="29" w="351" /><ent r="4" t="29" w="498" /><ent r="5" t="35" w="115" /><ent r="3" t="36" w="49" /><ent r="3" t="36" w="79" /><ent r="6" t="36" w="404" /><ent r="4" t="39" w="217" /><ent r="1000" t="41" w="3" /><ent r="102" t="41" w="8" /><ent r="100" t="41" w="13" /><ent r="3" t="41" w="23" /><ent r="3" t="41" w="78" /><ent r="5" t="46" w="232" /><ent r="3" t="49" w="23" /><ent r="3" t="51" w="192" /><ent r="3" t="51" w="199" /><ent r="64" t="51" w="263" /><ent r="1000" t="58" w="1" /><ent r="102" t="58" w="5" /><ent r="100" t="58" w="9" /><ent r="3" t="58" w="15" /><ent r="3" t="58" w="25" /><ent r="4" t="58" w="67" /><ent r="5" t="58" w="118" /><ent r="5" t="58" w="392" /><ent r="5" t="58" w="684" /><ent r="5" t="58" w="827" /><ent r="5" t="58" w="1119" /><ent r="3" t="69" w="23" /><ent r="4" t="70" w="173" /><ent r="3" t="70" w="195" /><ent r="4" t="70" w="293" /><ent r="5" t="70" w="407" /><ent r="4" t="79" w="189" /><ent r="3" t="102" w="26" /><ent r="3" t="102" w="49" /><ent r="3" t="102" w="72" /><ent r="3" t="103" w="140" /><ent r="3" t="103" w="379" /><ent r="3" t="118" w="120" /><ent r="3" t="120" w="35" /><ent r="3" t="120" w="219" /><ent r="3" t="120" w="231" /><ent r="3" t="120" w="235" /><ent r="64" t="120" w="240" /><ent r="5" t="122" w="400" /><ent r="6" t="122" w="432" /><ent r="6" t="122" w="504" /><ent r="5" t="122" w="598" /><ent r="4" t="123" w="101" /><ent r="4" t="123" w="114" /><ent r="3" t="127" w="27" /><ent r="4" t="127" w="141" /><ent r="4" t="131" w="34" /><ent r="3" t="142" w="282" /><ent r="3" t="143" w="13" /><ent r="3" t="143" w="24" /><ent r="3" t="143" w="32" /><ent r="3" t="143" w="37" /><ent r="3" t="143" w="61" /><ent r="3" t="143" w="70" /><ent r="4" t="143" w="186" /><ent r="3" t="143" w="275" /><ent r="3" t="143" w="292" /><ent r="3" t="144" w="20" /><ent r="3" t="144" w="123" /><ent r="4" t="172" w="38" /><ent r="3" t="172" w="157" /><ent r="3" t="172" w="173" /><ent r="3" t="172" w="179" /><ent r="64" t="172" w="184" /><ent r="6" t="172" w="322" /><ent r="6" t="172" w="350" /><ent r="3" t="180" w="56" /><ent r="3" t="180" w="109" /><ent r="3" t="180" w="192" /><ent r="3" t="180" w="825" /><ent r="3" t="180" w="1185" /><ent r="3" t="180" w="1218" /><ent r="1000" t="188" w="1" /><ent r="100" t="188" w="5" /><ent r="100" t="188" w="10" /><ent r="102" t="188" w="13" /><ent r="3" t="188" w="18" /><ent r="3" t="188" w="48" /><ent r="3" t="188" w="86" /><ent r="5" t="188" w="260" /><ent r="5" t="188" w="716" /><ent r="4" t="189" w="337" /><ent r="4" t="189" w="390" /><ent r="3" t="204" w="26" /><ent r="3" t="204" w="43" /><ent r="3" t="204" w="52" /><ent r="3" t="204" w="109" /><ent r="64" t="205" w="26" /><ent r="3" t="218" w="1001" /><ent r="3" t="219" w="1039" /><ent r="3" t="234" w="1004" /><ent r="3" t="244" w="18" /><ent r="3" t="254" w="62" /><ent r="3" t="254" w="183" /><ent r="4" t="254" w="423" /></phr></stem><stem n="metadata"><phr n="metadata"><ent r="5" t="7" w="266" /><ent r="65" t="19" w="83" /><ent r="64" t="20" w="744" /><ent r="64" t="21" w="63" /><ent r="64" t="22" w="895" /><ent r="64" t="23" w="136" /><ent r="1000" t="24" w="1" /><ent r="102" t="24" w="4" /><ent r="100" t="24" w="7" /><ent r="100" t="24" w="12" /><ent r="3" t="24" w="16" /><ent r="3" t="24" w="20" /><ent r="3" t="24" w="36" /><ent r="3" t="24" w="45" /><ent r="3" t="24" w="47" /><ent r="64" t="24" w="53" /><ent r="64" t="25" w="245" /><ent r="64" t="26" w="230" /><ent r="64" t="27" w="94" /><ent r="4" t="29" w="332" /><ent r="5" t="29" w="609" /><ent r="4" t="32" w="86" /><ent r="3" t="32" w="106" /><ent r="3" t="32" w="121" /><ent r="3" t="32" w="135" /><ent r="64" t="32" w="140" /><ent r="64" t="32" w="145" /><ent r="4" t="34" w="129" /><ent r="5" t="34" w="254" /><ent r="3" t="36" w="47" /><ent r="5" t="37" w="581" /><ent r="4" t="37" w="587" /><ent r="3" t="69" w="25" /><ent r="5" t="69" w="71" /><ent r="4" t="69" w="95" /><ent r="4" t="69" w="108" /><ent r="3" t="93" w="50" /><ent r="3" t="94" w="32" /><ent r="92" t="94" w="42" /><ent r="3" t="94" w="45" /><ent r="3" t="94" w="53" /><ent r="4" t="94" w="63" /><ent r="3" t="94" w="164" /><ent r="3" t="134" w="43" /><ent r="3" t="143" w="49" /><ent r="6" t="172" w="325" /><ent r="6" t="172" w="353" /><ent r="3" t="180" w="32" /><ent r="3" t="180" w="50" /><ent r="3" t="180" w="117" /><ent r="92" t="180" w="746" /><ent r="3" t="180" w="750" /><ent r="3" t="180" w="754" /><ent r="3" t="180" w="770" /><ent r="3" t="180" w="773" /><ent r="64" t="180" w="788" /><ent r="3" t="180" w="1197" /><ent r="64" t="180" w="1226" /><ent r="3" t="211" w="931" /><ent r="3" t="216" w="370" /><ent r="1000" t="245" w="1" /><ent r="102" t="245" w="4" /><ent r="64" t="245" w="17" /><ent r="3" t="245" w="32" /><ent r="3" t="245" w="57" /><ent r="1000" t="248" w="3" /><ent r="102" t="248" w="7" /><ent r="100" t="248" w="9" /><ent r="3" t="248" w="27" /><ent r="92" t="248" w="36" /><ent r="4" t="248" w="41" /><ent r="4" t="248" w="48" /><ent r="3" t="248" w="113" /><ent r="4" t="248" w="128" /><ent r="4" t="248" w="162" /><ent r="92" t="248" w="171" /><ent r="4" t="248" w="176" /><ent r="3" t="248" w="212" /><ent r="4" t="248" w="221" /><ent r="3" t="248" w="244" /><ent r="64" t="248" w="248" /><ent r="92" t="248" w="253" /><ent r="4" t="248" w="258" /><ent r="4" t="248" w="287" /><ent r="3" t="248" w="299" /><ent r="92" t="248" w="310" /><ent r="3" t="248" w="317" /><ent r="4" t="248" w="326" /><ent r="3" t="255" w="301" /><ent r="3" t="255" w="305" /></phr></stem><stem n="reset"><phr n="Resets"><ent r="6" t="7" w="271" /><ent r="5" t="7" w="292" /><ent r="7" t="65" w="183" /><ent r="6" t="198" w="514" /></phr><phr n="Reset"><ent r="66" t="7" w="301" /><ent r="3" t="22" w="588" /><ent r="5" t="22" w="605" /><ent r="4" t="47" w="137" /><ent r="4" t="47" w="152" /><ent r="64" t="47" w="183" /><ent r="7" t="65" w="181" /><ent r="3" t="73" w="143" /><ent r="4" t="73" w="172" /><ent r="64" t="120" w="249" /><ent r="1000" t="121" w="2" /><ent r="102" t="121" w="5" /><ent r="100" t="121" w="7" /><ent r="100" t="121" w="11" /><ent r="3" t="121" w="24" /><ent r="4" t="121" w="31" /><ent r="5" t="121" w="50" /><ent r="4" t="121" w="59" /><ent r="3" t="121" w="72" /><ent r="4" t="121" w="79" /><ent r="4" t="121" w="84" /><ent r="3" t="121" w="89" /><ent r="3" t="121" w="96" /><ent r="3" t="121" w="119" /><ent r="5" t="122" w="567" /><ent r="5" t="122" w="580" /><ent r="66" t="122" w="588" /><ent r="64" t="173" w="128" /><ent r="1000" t="176" w="1" /><ent r="102" t="176" w="5" /><ent r="100" t="176" w="9" /><ent r="3" t="176" w="30" /><ent r="4" t="176" w="65" /><ent r="5" t="176" w="99" /><ent r="3" t="176" w="111" /><ent r="4" t="178" w="296" /><ent r="4" t="178" w="497" /><ent r="4" t="178" w="518" /><ent r="3" t="179" w="466" /><ent r="5" t="179" w="483" /><ent r="3" t="180" w="455" /><ent r="5" t="180" w="472" /><ent r="4" t="181" w="453" /><ent r="5" t="181" w="470" /><ent r="4" t="196" w="162" /><ent r="4" t="210" w="66" /><ent r="4" t="210" w="1101" /><ent r="4" t="210" w="1105" /><ent r="4" t="210" w="1778" /><ent r="3" t="210" w="2070" /><ent r="3" t="210" w="2078" /><ent r="5" t="242" w="228" /></phr><phr n="Resetting"><ent r="92" t="178" w="459" /><ent r="3" t="178" w="463" /><ent r="3" t="178" w="650" /></phr></stem><stem n="origin"><phr n="original"><ent r="6" t="7" w="277" /><ent r="7" t="65" w="189" /><ent r="3" t="75" w="84" /><ent r="3" t="116" w="216" /><ent r="3" t="121" w="29" /><ent r="3" t="121" w="127" /><ent r="7" t="122" w="319" /><ent r="5" t="122" w="585" /><ent r="3" t="144" w="122" /><ent r="3" t="172" w="409" /><ent r="3" t="195" w="110" /><ent r="3" t="195" w="121" /><ent r="3" t="195" w="136" /><ent r="3" t="195" w="964" /><ent r="3" t="195" w="972" /><ent r="3" t="199" w="249" /><ent r="3" t="210" w="265" /><ent r="3" t="210" w="274" /><ent r="4" t="210" w="1110" /><ent r="4" t="217" w="701" /><ent r="3" t="218" w="952" /><ent r="3" t="219" w="893" /><ent r="5" t="238" w="154" /><ent r="5" t="242" w="232" /><ent r="3" t="252" w="458" /></phr><phr n="origin"><ent r="3" t="140" w="429" /><ent r="5" t="140" w="455" /><ent r="5" t="141" w="481" /><ent r="4" t="141" w="497" /><ent r="5" t="179" w="259" /><ent r="5" t="179" w="854" /><ent r="4" t="179" w="860" /><ent r="4" t="179" w="900" /><ent r="3" t="181" w="220" /><ent r="3" t="181" w="223" /></phr><phr n="originally"><ent r="4" t="195" w="573" /><ent r="3" t="201" w="85" /></phr></stem><stem n="orient"><phr n="orientation"><ent r="6" t="7" w="278" /><ent r="7" t="65" w="190" /><ent r="3" t="98" w="21" /><ent r="5" t="141" w="511" /><ent r="5" t="171" w="74" /><ent r="5" t="179" w="868" /><ent r="4" t="179" w="892" /><ent r="4" t="210" w="1113" /><ent r="5" t="242" w="233" /></phr><phr n="oriented"><ent r="6" t="246" w="542" /></phr></stem><stem n="rgb"><phr n="RGB"><ent r="6" t="7" w="287" /><ent r="4" t="58" w="140" /><ent r="92" t="58" w="282" /><ent r="6" t="58" w="293" /><ent r="4" t="58" w="368" /><ent r="4" t="58" w="803" /><ent r="5" t="70" w="309" /><ent r="5" t="122" w="404" /><ent r="3" t="172" w="163" /><ent r="4" t="188" w="188" /><ent r="92" t="188" w="228" /><ent r="3" t="188" w="233" /><ent r="3" t="188" w="243" /><ent r="3" t="210" w="216" /><ent r="3" t="210" w="1230" /><ent r="4" t="210" w="2025" /><ent r="5" t="210" w="2052" /><ent r="4" t="210" w="2063" /><ent r="4" t="210" w="2139" /><ent r="4" t="212" w="1477" /><ent r="3" t="212" w="1505" /><ent r="3" t="215" w="791" /><ent r="5" t="242" w="295" /></phr></stem><stem n="grayscal"><phr n="grayscale"><ent r="6" t="7" w="289" /><ent r="4" t="58" w="143" /><ent r="92" t="58" w="717" /><ent r="6" t="58" w="728" /><ent r="6" t="122" w="445" /><ent r="3" t="127" w="40" /><ent r="5" t="127" w="63" /><ent r="5" t="127" w="185" /><ent r="3" t="128" w="34" /><ent r="5" t="128" w="65" /><ent r="3" t="172" w="27" /><ent r="4" t="188" w="186" /><ent r="92" t="188" w="226" /><ent r="3" t="188" w="231" /><ent r="3" t="188" w="241" /><ent r="3" t="210" w="1252" /><ent r="3" t="210" w="1264" /><ent r="3" t="210" w="1396" /><ent r="4" t="210" w="2013" /><ent r="4" t="210" w="2021" /><ent r="5" t="242" w="241" /><ent r="5" t="242" w="250" /><ent r="5" t="242" w="277" /></phr></stem><stem n="stretch"><phr n="stretch"><ent r="5" t="7" w="294" /><ent r="66" t="7" w="300" /><ent r="4" t="58" w="141" /><ent r="4" t="58" w="144" /><ent r="92" t="58" w="283" /><ent r="6" t="58" w="290" /><ent r="4" t="58" w="302" /><ent r="4" t="58" w="310" /><ent r="4" t="58" w="331" /><ent r="4" t="58" w="344" /><ent r="4" t="58" w="347" /><ent r="4" t="58" w="358" /><ent r="4" t="58" w="361" /><ent r="5" t="58" w="409" /><ent r="5" t="58" w="424" /><ent r="5" t="58" w="449" /><ent r="5" t="58" w="465" /><ent r="5" t="58" w="513" /><ent r="5" t="58" w="539" /><ent r="5" t="58" w="553" /><ent r="4" t="58" w="570" /><ent r="5" t="58" w="582" /><ent r="5" t="58" w="588" /><ent r="5" t="58" w="620" /><ent r="5" t="58" w="653" /><ent r="5" t="58" w="691" /><ent r="92" t="58" w="718" /><ent r="6" t="58" w="725" /><ent r="4" t="58" w="737" /><ent r="4" t="58" w="745" /><ent r="4" t="58" w="766" /><ent r="4" t="58" w="779" /><ent r="4" t="58" w="782" /><ent r="4" t="58" w="793" /><ent r="4" t="58" w="796" /><ent r="5" t="58" w="844" /><ent r="5" t="58" w="859" /><ent r="5" t="58" w="884" /><ent r="5" t="58" w="900" /><ent r="5" t="58" w="948" /><ent r="5" t="58" w="974" /><ent r="5" t="58" w="988" /><ent r="4" t="58" w="1005" /><ent r="5" t="58" w="1017" /><ent r="5" t="58" w="1023" /><ent r="5" t="58" w="1055" /><ent r="5" t="58" w="1088" /><ent r="5" t="58" w="1126" /><ent r="4" t="59" w="399" /><ent r="4" t="59" w="424" /><ent r="4" t="59" w="440" /><ent r="3" t="103" w="29" /><ent r="92" t="103" w="135" /><ent r="5" t="103" w="165" /><ent r="4" t="103" w="173" /><ent r="92" t="103" w="362" /><ent r="3" t="103" w="368" /><ent r="3" t="103" w="380" /><ent r="5" t="103" w="407" /><ent r="5" t="103" w="412" /><ent r="3" t="118" w="139" /><ent r="3" t="118" w="161" /><ent r="64" t="118" w="196" /><ent r="1000" t="120" w="1" /><ent r="100" t="120" w="6" /><ent r="100" t="120" w="9" /><ent r="102" t="120" w="12" /><ent r="3" t="120" w="32" /><ent r="4" t="120" w="82" /><ent r="5" t="120" w="101" /><ent r="4" t="120" w="111" /><ent r="5" t="120" w="117" /><ent r="5" t="120" w="126" /><ent r="5" t="120" w="148" /><ent r="5" t="120" w="179" /><ent r="5" t="120" w="206" /><ent r="3" t="120" w="213" /><ent r="3" t="120" w="227" /><ent r="64" t="120" w="248" /><ent r="1000" t="121" w="1" /><ent r="102" t="121" w="4" /><ent r="100" t="121" w="8" /><ent r="100" t="121" w="10" /><ent r="3" t="121" w="17" /><ent r="3" t="121" w="26" /><ent r="5" t="121" w="49" /><ent r="3" t="121" w="74" /><ent r="64" t="121" w="132" /><ent r="5" t="122" w="187" /><ent r="7" t="122" w="452" /><ent r="7" t="122" w="460" /><ent r="68" t="122" w="468" /><ent r="7" t="122" w="471" /><ent r="6" t="122" w="475" /><ent r="6" t="122" w="486" /><ent r="6" t="122" w="489" /><ent r="67" t="122" w="496" /><ent r="5" t="122" w="499" /><ent r="6" t="122" w="512" /><ent r="7" t="122" w="517" /><ent r="7" t="122" w="526" /><ent r="5" t="122" w="566" /><ent r="5" t="122" w="573" /><ent r="5" t="122" w="582" /><ent r="66" t="122" w="587" /><ent r="5" t="123" w="90" /><ent r="4" t="123" w="99" /><ent r="4" t="123" w="126" /><ent r="4" t="127" w="156" /><ent r="3" t="142" w="139" /><ent r="5" t="188" w="366" /><ent r="4" t="188" w="370" /><ent r="4" t="188" w="378" /><ent r="5" t="188" w="394" /><ent r="4" t="188" w="398" /><ent r="4" t="188" w="409" /><ent r="5" t="188" w="446" /><ent r="5" t="188" w="461" /><ent r="5" t="188" w="486" /><ent r="5" t="188" w="502" /><ent r="5" t="188" w="550" /><ent r="5" t="188" w="576" /><ent r="5" t="188" w="590" /><ent r="5" t="188" w="597" /><ent r="4" t="188" w="608" /><ent r="5" t="188" w="614" /><ent r="5" t="188" w="620" /><ent r="5" t="188" w="652" /><ent r="5" t="188" w="682" /><ent r="5" t="188" w="723" /><ent r="4" t="189" w="288" /><ent r="4" t="189" w="313" /><ent r="4" t="189" w="329" /><ent r="4" t="210" w="1645" /><ent r="4" t="210" w="1650" /><ent r="3" t="210" w="1816" /><ent r="7" t="228" w="561" /><ent r="7" t="228" w="567" /><ent r="3" t="228" w="775" /><ent r="1000" t="251" w="1" /><ent r="102" t="251" w="4" /><ent r="100" t="251" w="7" /><ent r="3" t="251" w="11" /><ent r="4" t="251" w="44" /><ent r="4" t="251" w="59" /><ent r="4" t="251" w="84" /><ent r="4" t="251" w="100" /><ent r="4" t="251" w="148" /><ent r="4" t="251" w="174" /><ent r="4" t="251" w="188" /><ent r="3" t="252" w="43" /></phr><phr n="stretched"><ent r="3" t="188" w="73" /></phr></stem><stem n="refresh"><phr n="Refreshes"><ent r="7" t="7" w="303" /><ent r="3" t="62" w="21" /><ent r="4" t="62" w="68" /><ent r="4" t="62" w="79" /><ent r="5" t="122" w="286" /></phr><phr n="Refresh"><ent r="5" t="122" w="283" /><ent r="92" t="131" w="151" /><ent r="3" t="131" w="161" /><ent r="5" t="131" w="176" /><ent r="3" t="156" w="42" /><ent r="5" t="242" w="205" /></phr></stem><stem n="r"><phr n="R"><ent r="7" t="7" w="311" /><ent r="5" t="122" w="612" /><ent r="5" t="188" w="274" /><ent r="7" t="228" w="476" /><ent r="5" t="242" w="210" /><ent r="5" t="242" w="307" /><ent r="5" t="259" w="127" /></phr></stem><stem n="forc"><phr n="Forces"><ent r="6" t="7" w="314" /><ent r="4" t="20" w="365" /><ent r="4" t="20" w="463" /><ent r="4" t="20" w="538" /><ent r="3" t="72" w="89" /></phr><phr n="forced"><ent r="3" t="157" w="141" /><ent r="3" t="160" w="863" /><ent r="3" t="164" w="131" /></phr></stem><stem n="fulli"><phr n="fully"><ent r="6" t="7" w="317" /><ent r="3" t="72" w="92" /><ent r="4" t="140" w="269" /><ent r="3" t="218" w="105" /></phr></stem><stem n="render"><phr n="render"><ent r="6" t="7" w="318" /><ent r="6" t="36" w="377" /><ent r="3" t="72" w="93" /><ent r="3" t="141" w="305" /></phr><phr n="rendering"><ent r="3" t="20" w="308" /></phr><phr n="renders"><ent r="3" t="72" w="45" /></phr></stem></index>