﻿<?xml version="1.0" encoding="utf-8"?><index><stem n="(play)"><phr n="(Play)"><ent r="7" t="14" w="125" /></phr></stem><stem n="paus"><phr n="Pause"><ent r="6" t="14" w="126" /><ent r="6" t="14" w="129" /><ent r="7" t="14" w="150" /><ent r="5" t="207" w="74" /></phr><phr n="pauses"><ent r="7" t="14" w="133" /></phr></stem><stem n="(pause)"><phr n="(Pause)"><ent r="6" t="14" w="127" /></phr></stem><stem n="play/paus"><phr n="Play/Pause"><ent r="6" t="14" w="129" /><ent r="6" t="14" w="128" /><ent r="5" t="207" w="74" /><ent r="5" t="207" w="73" /></phr></stem><stem n="play/pause."><phr n="Play/Pause."><ent r="6" t="14" w="129" /><ent r="6" t="14" w="128" /></phr></stem><stem n="/pause."><phr n="/Pause."><ent r="6" t="14" w="130" /></phr></stem><stem n="switch"><phr n="switches"><ent r="7" t="14" w="147" /><ent r="3" t="66" w="269" /><ent r="3" t="171" w="706" /></phr><phr n="switch"><ent r="3" t="37" w="158" /><ent r="3" t="37" w="168" /></phr><phr n="Switching"><ent r="3" t="119" w="184" /></phr></stem><stem n="tep"><phr n="tep"><ent r="7" t="14" w="160" /></phr></stem><stem n="step"><phr n="Steps"><ent r="6" t="14" w="163" /><ent r="6" t="14" w="173" /><ent r="4" t="21" w="507" /><ent r="4" t="88" w="146" /><ent r="3" t="92" w="64" /><ent r="3" t="100" w="395" /></phr><phr n="Step"><ent r="7" t="14" w="170" /><ent r="3" t="92" w="104" /><ent r="3" t="128" w="76" /><ent r="3" t="128" w="82" /><ent r="4" t="128" w="115" /><ent r="4" t="128" w="120" /><ent r="5" t="160" w="224" /><ent r="3" t="160" w="236" /><ent r="3" t="160" w="319" /><ent r="3" t="160" w="337" /><ent r="4" t="167" w="2219" /><ent r="4" t="167" w="2246" /><ent r="4" t="167" w="2367" /><ent r="4" t="169" w="571" /><ent r="4" t="169" w="674" /></phr><phr n="steps"><ent r="3" t="30" w="18" /><ent r="3" t="70" w="17" /><ent r="3" t="71" w="25" /><ent r="3" t="72" w="17" /><ent r="3" t="77" w="17" /><ent r="3" t="78" w="17" /><ent r="3" t="88" w="157" /><ent r="3" t="92" w="52" /><ent r="3" t="92" w="56" /><ent r="3" t="92" w="69" /><ent r="3" t="92" w="85" /><ent r="3" t="92" w="119" /><ent r="3" t="92" w="133" /><ent r="3" t="113" w="168" /><ent r="3" t="113" w="335" /><ent r="3" t="167" w="2090" /><ent r="3" t="168" w="833" /><ent r="4" t="171" w="957" /><ent r="3" t="173" w="152" /></phr><phr n="step"><ent r="7" t="82" w="348" /><ent r="3" t="85" w="24" /><ent r="4" t="85" w="143" /><ent r="3" t="92" w="112" /><ent r="3" t="115" w="654" /><ent r="4" t="160" w="202" /><ent r="4" t="160" w="210" /><ent r="3" t="160" w="257" /><ent r="4" t="160" w="270" /><ent r="4" t="160" w="303" /><ent r="3" t="161" w="32" /><ent r="4" t="161" w="296" /><ent r="3" t="162" w="68" /><ent r="4" t="169" w="554" /><ent r="4" t="169" w="558" /><ent r="3" t="169" w="588" /><ent r="3" t="169" w="633" /><ent r="3" t="169" w="662" /><ent r="3" t="218" w="192" /></phr></stem><stem n="back"><phr n="back"><ent r="6" t="14" w="166" /><ent r="3" t="77" w="149" /><ent r="3" t="77" w="217" /><ent r="4" t="128" w="67" /><ent r="3" t="166" w="1755" /><ent r="4" t="166" w="1954" /><ent r="4" t="166" w="1977" /><ent r="4" t="167" w="1515" /><ent r="3" t="167" w="2080" /><ent r="4" t="169" w="886" /><ent r="4" t="169" w="1080" /></phr><phr n="Back"><ent r="3" t="57" w="135" /><ent r="92" t="77" w="139" /></phr></stem><stem n="slow"><phr n="Slow"><ent r="7" t="14" w="180" /><ent r="5" t="99" w="281" /></phr><phr n="Slows"><ent r="6" t="14" w="183" /></phr><phr n="slowing"><ent r="6" t="14" w="509" /></phr><phr n="slow"><ent r="3" t="99" w="308" /></phr></stem><stem n="speed"><phr n="speed"><ent r="6" t="14" w="187" /><ent r="6" t="14" w="196" /><ent r="7" t="14" w="201" /><ent r="6" t="14" w="212" /><ent r="5" t="14" w="247" /><ent r="5" t="14" w="254" /><ent r="6" t="14" w="499" /><ent r="3" t="37" w="105" /><ent r="3" t="37" w="130" /><ent r="64" t="37" w="183" /><ent r="3" t="40" w="105" /><ent r="3" t="40" w="109" /><ent r="3" t="99" w="252" /><ent r="3" t="99" w="318" /><ent r="3" t="127" w="98" /><ent r="3" t="127" w="116" /><ent r="100" t="178" w="8" /><ent r="3" t="178" w="12" /><ent r="3" t="178" w="56" /><ent r="3" t="178" w="117" /><ent r="3" t="178" w="205" /><ent r="3" t="178" w="225" /><ent r="3" t="198" w="255" /><ent r="3" t="198" w="281" /><ent r="3" t="208" w="178" /><ent r="3" t="208" w="192" /><ent r="4" t="208" w="215" /><ent r="3" t="208" w="232" /><ent r="4" t="208" w="236" /></phr><phr n="Speed"><ent r="67" t="14" w="219" /><ent r="6" t="14" w="241" /><ent r="92" t="99" w="233" /><ent r="3" t="99" w="237" /><ent r="1000" t="178" w="2" /><ent r="102" t="178" w="5" /><ent r="6" t="178" w="78" /></phr><phr n="speeds"><ent r="5" t="132" w="170" /><ent r="3" t="178" w="72" /><ent r="3" t="208" w="26" /><ent r="3" t="208" w="52" /><ent r="3" t="208" w="163" /><ent r="3" t="208" w="168" /><ent r="3" t="208" w="171" /></phr></stem><stem n="reflect"><phr n="reflected"><ent r="6" t="14" w="192" /><ent r="5" t="14" w="250" /><ent r="3" t="76" w="41" /></phr><phr n="reflects"><ent r="3" t="79" w="135" /><ent r="3" t="81" w="28" /></phr><phr n="reflect"><ent r="3" t="86" w="125" /><ent r="4" t="141" w="492" /><ent r="4" t="142" w="389" /><ent r="5" t="149" w="258" /><ent r="5" t="154" w="379" /><ent r="4" t="217" w="21" /></phr><phr n="reflectance"><ent r="4" t="141" w="508" /><ent r="5" t="149" w="274" /><ent r="5" t="154" w="395" /><ent r="3" t="167" w="303" /><ent r="3" t="167" w="310" /><ent r="4" t="217" w="37" /></phr><phr n="Reflectance"><ent r="3" t="182" w="781" /></phr></stem><stem n="field"><phr n="field"><ent r="6" t="14" w="197" /><ent r="5" t="14" w="255" /><ent r="4" t="21" w="321" /><ent r="5" t="21" w="351" /><ent r="4" t="23" w="51" /><ent r="5" t="26" w="478" /><ent r="5" t="26" w="519" /><ent r="3" t="29" w="58" /><ent r="4" t="43" w="187" /><ent r="3" t="73" w="207" /><ent r="3" t="73" w="254" /><ent r="3" t="73" w="383" /><ent r="3" t="73" w="429" /><ent r="6" t="82" w="314" /><ent r="4" t="84" w="130" /><ent r="4" t="100" w="445" /><ent r="4" t="107" w="81" /><ent r="4" t="112" w="210" /><ent r="4" t="113" w="245" /><ent r="4" t="113" w="386" /><ent r="4" t="113" w="525" /><ent r="4" t="116" w="102" /><ent r="4" t="116" w="145" /><ent r="4" t="116" w="213" /><ent r="4" t="119" w="374" /><ent r="4" t="119" w="440" /><ent r="4" t="131" w="556" /><ent r="4" t="141" w="466" /><ent r="3" t="145" w="227" /><ent r="4" t="149" w="246" /><ent r="4" t="154" w="367" /><ent r="3" t="158" w="146" /><ent r="4" t="158" w="230" /><ent r="4" t="158" w="266" /><ent r="4" t="158" w="313" /><ent r="3" t="165" w="97" /><ent r="3" t="167" w="871" /><ent r="3" t="168" w="1393" /><ent r="4" t="171" w="1015" /><ent r="3" t="171" w="1226" /><ent r="3" t="171" w="1232" /><ent r="4" t="173" w="639" /><ent r="4" t="173" w="662" /><ent r="4" t="173" w="728" /><ent r="4" t="173" w="751" /><ent r="3" t="173" w="1406" /><ent r="3" t="174" w="785" /><ent r="4" t="183" w="91" /><ent r="3" t="191" w="70" /><ent r="3" t="191" w="89" /><ent r="3" t="191" w="100" /><ent r="3" t="191" w="107" /><ent r="3" t="191" w="118" /><ent r="4" t="197" w="246" /><ent r="3" t="200" w="157" /><ent r="3" t="200" w="176" /><ent r="4" t="200" w="202" /><ent r="4" t="200" w="209" /><ent r="4" t="200" w="212" /><ent r="4" t="200" w="234" /><ent r="3" t="200" w="256" /><ent r="4" t="200" w="281" /><ent r="3" t="201" w="153" /><ent r="3" t="203" w="158" /><ent r="4" t="204" w="91" /><ent r="3" t="208" w="133" /><ent r="4" t="212" w="125" /></phr><phr n="Fields"><ent r="4" t="21" w="344" /><ent r="5" t="97" w="123" /><ent r="3" t="200" w="147" /></phr><phr n="fields"><ent r="4" t="26" w="392" /><ent r="4" t="95" w="46" /><ent r="3" t="97" w="23" /><ent r="3" t="98" w="389" /><ent r="4" t="116" w="414" /><ent r="4" t="131" w="221" /><ent r="4" t="131" w="238" /><ent r="3" t="133" w="161" /><ent r="3" t="133" w="195" /><ent r="3" t="133" w="264" /><ent r="3" t="133" w="298" /><ent r="3" t="133" w="468" /><ent r="3" t="133" w="502" /><ent r="3" t="133" w="632" /><ent r="3" t="133" w="666" /><ent r="3" t="158" w="172" /><ent r="3" t="171" w="1215" /><ent r="3" t="181" w="87" /><ent r="3" t="191" w="78" /><ent r="3" t="191" w="94" /><ent r="3" t="191" w="104" /><ent r="3" t="191" w="111" /><ent r="3" t="199" w="258" /><ent r="3" t="201" w="64" /><ent r="3" t="203" w="69" /></phr><phr n="Field"><ent r="92" t="200" w="145" /><ent r="5" t="200" w="188" /><ent r="3" t="200" w="194" /><ent r="92" t="200" w="251" /><ent r="5" t="200" w="268" /><ent r="3" t="200" w="274" /><ent r="5" t="200" w="290" /></phr></stem><stem n="increas"><phr n="Increases"><ent r="5" t="14" w="244" /><ent r="7" t="106" w="234" /><ent r="7" t="221" w="136" /></phr><phr n="increase"><ent r="4" t="43" w="283" /><ent r="3" t="166" w="1458" /><ent r="100" t="221" w="6" /></phr><phr n="increases"><ent r="3" t="166" w="827" /><ent r="3" t="169" w="578" /></phr><phr n="Increase"><ent r="7" t="221" w="129" /></phr></stem><stem n="direct"><phr n="Direction"><ent r="6" t="14" w="258" /><ent r="64" t="16" w="37" /><ent r="1000" t="64" w="3" /><ent r="102" t="64" w="11" /><ent r="3" t="64" w="15" /><ent r="5" t="64" w="98" /><ent r="4" t="64" w="105" /><ent r="4" t="73" w="540" /></phr><phr n="direction"><ent r="5" t="14" w="262" /><ent r="4" t="37" w="84" /><ent r="100" t="64" w="7" /><ent r="4" t="64" w="76" /><ent r="4" t="64" w="85" /><ent r="3" t="64" w="128" /><ent r="3" t="73" w="544" /><ent r="4" t="73" w="555" /><ent r="4" t="73" w="590" /><ent r="3" t="130" w="53" /><ent r="6" t="177" w="49" /><ent r="6" t="177" w="58" /><ent r="6" t="177" w="65" /><ent r="6" t="177" w="80" /></phr><phr n="directed"><ent r="4" t="159" w="264" /></phr><phr n="directions"><ent r="7" t="182" w="536" /><ent r="3" t="218" w="414" /></phr></stem><stem n="revers"><phr n="Reverses"><ent r="5" t="14" w="260" /></phr><phr n="reversed"><ent r="3" t="130" w="63" /></phr></stem><stem n="playback"><phr n="playback"><ent r="5" t="14" w="265" /><ent r="5" t="14" w="312" /><ent r="3" t="127" w="164" /><ent r="3" t="130" w="17" /></phr></stem><stem n="cycl"><phr n="Cycle"><ent r="7" t="14" w="268" /><ent r="67" t="14" w="286" /><ent r="1000" t="177" w="2" /><ent r="102" t="177" w="5" /><ent r="6" t="177" w="30" /><ent r="3" t="208" w="132" /><ent r="64" t="208" w="155" /></phr><phr n="cycles"><ent r="3" t="127" w="17" /><ent r="3" t="173" w="934" /><ent r="3" t="174" w="861" /><ent r="3" t="208" w="151" /></phr><phr n="cycle"><ent r="3" t="127" w="102" /><ent r="3" t="127" w="112" /><ent r="4" t="128" w="14" /><ent r="5" t="132" w="166" /><ent r="100" t="177" w="8" /><ent r="3" t="177" w="12" /><ent r="3" t="208" w="22" /><ent r="3" t="208" w="36" /><ent r="4" t="208" w="125" /><ent r="3" t="208" w="143" /></phr></stem><stem n="determin"><phr n="Determines"><ent r="6" t="14" w="270" /><ent r="4" t="95" w="21" /><ent r="4" t="95" w="44" /><ent r="4" t="146" w="349" /><ent r="7" t="182" w="579" /></phr><phr n="determine"><ent r="3" t="20" w="19" /><ent r="3" t="36" w="16" /><ent r="3" t="96" w="16" /><ent r="3" t="97" w="21" /><ent r="3" t="99" w="170" /><ent r="4" t="99" w="206" /><ent r="4" t="135" w="148" /><ent r="4" t="135" w="186" /><ent r="4" t="135" w="202" /><ent r="4" t="139" w="150" /><ent r="4" t="139" w="173" /><ent r="4" t="139" w="188" /><ent r="3" t="142" w="375" /><ent r="3" t="198" w="207" /></phr><phr n="determined"><ent r="3" t="37" w="107" /></phr><phr n="determines"><ent r="4" t="41" w="251" /><ent r="3" t="73" w="443" /><ent r="3" t="73" w="542" /><ent r="4" t="73" w="645" /><ent r="6" t="82" w="303" /><ent r="3" t="96" w="211" /><ent r="3" t="99" w="330" /><ent r="4" t="100" w="376" /><ent r="4" t="141" w="455" /><ent r="3" t="142" w="279" /><ent r="3" t="146" w="225" /><ent r="4" t="149" w="235" /><ent r="4" t="154" w="356" /><ent r="4" t="157" w="206" /><ent r="3" t="177" w="13" /><ent r="3" t="208" w="37" /><ent r="6" t="211" w="80" /></phr></stem><stem n="behavior"><phr n="behavior"><ent r="6" t="14" w="272" /><ent r="3" t="177" w="15" /><ent r="3" t="208" w="39" /></phr><phr n="Behavior"><ent r="3" t="165" w="61" /></phr></stem><stem n="player"><phr n="player"><ent r="6" t="14" w="276" /><ent r="6" t="14" w="369" /><ent r="3" t="177" w="19" /><ent r="3" t="178" w="21" /><ent r="3" t="208" w="43" /><ent r="3" t="208" w="61" /></phr><phr n="players"><ent r="6" t="14" w="372" /><ent r="6" t="14" w="409" /><ent r="3" t="178" w="46" /><ent r="3" t="178" w="106" /></phr></stem><stem n="final"><phr n="final"><ent r="6" t="14" w="279" /><ent r="3" t="177" w="22" /><ent r="3" t="208" w="46" /></phr></stem><stem n="bumper"><phr n="Bumpers"><ent r="6" t="14" w="302" /><ent r="66" t="14" w="320" /><ent r="64" t="127" w="147" /><ent r="1000" t="130" w="2" /><ent r="100" t="130" w="5" /><ent r="102" t="130" w="8" /><ent r="3" t="130" w="11" /><ent r="92" t="130" w="67" /><ent r="4" t="130" w="110" /><ent r="4" t="130" w="154" /><ent r="4" t="130" w="293" /><ent r="4" t="130" w="295" /><ent r="4" t="130" w="299" /><ent r="4" t="130" w="302" /><ent r="4" t="130" w="319" /><ent r="3" t="130" w="337" /><ent r="92" t="130" w="350" /><ent r="4" t="130" w="374" /><ent r="5" t="130" w="381" /><ent r="4" t="130" w="406" /><ent r="92" t="130" w="463" /><ent r="4" t="130" w="500" /><ent r="4" t="130" w="521" /><ent r="92" t="130" w="540" /><ent r="4" t="130" w="600" /><ent r="4" t="130" w="621" /><ent r="92" t="130" w="635" /><ent r="4" t="130" w="674" /><ent r="4" t="130" w="695" /></phr><phr n="bumpers"><ent r="5" t="14" w="308" /><ent r="3" t="127" w="128" /><ent r="4" t="130" w="72" /><ent r="4" t="130" w="173" /><ent r="4" t="130" w="276" /><ent r="3" t="130" w="334" /><ent r="3" t="130" w="343" /><ent r="3" t="130" w="356" /><ent r="3" t="130" w="467" /><ent r="3" t="130" w="470" /><ent r="3" t="130" w="525" /><ent r="3" t="130" w="544" /><ent r="3" t="130" w="551" /><ent r="3" t="130" w="559" /><ent r="3" t="130" w="579" /><ent r="3" t="130" w="625" /><ent r="3" t="130" w="639" /><ent r="3" t="130" w="645" /><ent r="3" t="130" w="699" /><ent r="3" t="130" w="707" /></phr><phr n="bumper"><ent r="3" t="130" w="36" /><ent r="3" t="130" w="44" /><ent r="4" t="130" w="93" /><ent r="4" t="130" w="139" /><ent r="3" t="130" w="198" /><ent r="4" t="130" w="249" /></phr><phr n="Bumper"><ent r="5" t="130" w="118" /><ent r="5" t="130" w="164" /><ent r="5" t="130" w="228" /><ent r="5" t="130" w="267" /><ent r="4" t="130" w="306" /><ent r="4" t="130" w="313" /><ent r="3" t="130" w="411" /><ent r="3" t="130" w="493" /><ent r="3" t="130" w="593" /><ent r="3" t="130" w="667" /></phr></stem><stem n="limit"><phr n="limit"><ent r="5" t="14" w="310" /><ent r="3" t="22" w="39" /><ent r="3" t="22" w="76" /><ent r="3" t="39" w="251" /><ent r="3" t="99" w="313" /><ent r="4" t="99" w="555" /><ent r="4" t="99" w="570" /><ent r="3" t="130" w="15" /><ent r="3" t="144" w="264" /><ent r="3" t="156" w="402" /></phr><phr n="limits"><ent r="3" t="39" w="235" /><ent r="4" t="42" w="299" /><ent r="4" t="99" w="496" /><ent r="3" t="99" w="508" /><ent r="3" t="99" w="530" /></phr><phr n="Limits"><ent r="92" t="99" w="489" /></phr><phr n="Limit"><ent r="5" t="99" w="492" /><ent r="3" t="99" w="501" /><ent r="3" t="99" w="511" /><ent r="3" t="99" w="524" /><ent r="4" t="144" w="260" /></phr><phr n="limited"><ent r="3" t="156" w="532" /></phr><phr n="limitations"><ent r="3" t="170" w="326" /><ent r="3" t="171" w="313" /><ent r="3" t="178" w="213" /></phr><phr n="limitation"><ent r="3" t="170" w="346" /><ent r="3" t="171" w="333" /></phr></stem><stem n="progress"><phr n="Progress"><ent r="7" t="14" w="323" /><ent r="4" t="73" w="509" /></phr><phr n="progress"><ent r="6" t="14" w="328" /><ent r="3" t="73" w="522" /><ent r="3" t="94" w="42" /><ent r="3" t="94" w="58" /><ent r="3" t="94" w="71" /><ent r="3" t="94" w="87" /><ent r="3" t="94" w="218" /></phr></stem><stem n="channel"><phr n="channel"><ent r="6" t="14" w="348" /><ent r="3" t="127" w="167" /></phr><phr n="channels"><ent r="5" t="154" w="296" /></phr></stem><stem n="increment"><phr n="increment"><ent r="6" t="14" w="350" /></phr><phr n="incrementally"><ent r="4" t="166" w="858" /><ent r="3" t="166" w="1806" /></phr></stem><stem n="small"><phr n="small"><ent r="6" t="14" w="356" /><ent r="3" t="21" w="195" /><ent r="3" t="40" w="28" /><ent r="3" t="41" w="15" /><ent r="4" t="58" w="96" /><ent r="4" t="131" w="384" /><ent r="3" t="166" w="1456" /><ent r="4" t="170" w="842" /><ent r="4" t="172" w="1275" /><ent r="3" t="191" w="654" /></phr></stem><stem n="movi"><phr n="movie"><ent r="6" t="14" w="368" /><ent r="6" t="14" w="490" /><ent r="6" t="14" w="504" /><ent r="5" t="132" w="192" /><ent r="3" t="133" w="26" /><ent r="3" t="133" w="562" /><ent r="3" t="177" w="18" /><ent r="3" t="178" w="127" /><ent r="6" t="178" w="147" /><ent r="6" t="178" w="161" /><ent r="6" t="178" w="177" /><ent r="3" t="208" w="42" /></phr><phr n="Movie"><ent r="4" t="133" w="90" /><ent r="92" t="133" w="551" /></phr></stem><stem n="/y"><phr n="/y"><ent r="6" t="14" w="387" /><ent r="3" t="164" w="60" /><ent r="3" t="169" w="1252" /></phr></stem><stem n="x/y"><phr n="x/y"><ent r="6" t="14" w="387" /><ent r="6" t="14" w="386" /><ent r="3" t="164" w="60" /><ent r="3" t="164" w="59" /><ent r="3" t="169" w="1252" /><ent r="3" t="169" w="1251" /></phr></stem><stem n="yyyi"><phr n="yyyy"><ent r="6" t="14" w="422" /><ent r="7" t="14" w="430" /></phr><phr n="YYYY"><ent r="6" t="223" w="267" /></phr></stem><stem n="yyyy/mm"><phr n="yyyy/MM"><ent r="6" t="14" w="423" /><ent r="6" t="14" w="422" /></phr></stem><stem n="mm"><phr n="MM"><ent r="6" t="14" w="423" /><ent r="7" t="14" w="436" /><ent r="6" t="223" w="265" /><ent r="6" t="223" w="270" /></phr><phr n="mm"><ent r="6" t="14" w="426" /><ent r="7" t="14" w="454" /></phr></stem><stem n="/mm/dd"><phr n="/MM/dd"><ent r="6" t="14" w="424" /></phr></stem><stem n="yyyy/mm/dd"><phr n="yyyy/MM/dd"><ent r="6" t="14" w="424" /><ent r="6" t="14" w="422" /></phr></stem><stem n="dd"><phr n="dd"><ent r="6" t="14" w="424" /><ent r="7" t="14" w="442" /></phr><phr n="DD"><ent r="6" t="223" w="266" /></phr></stem><stem n="hh"><phr n="hh"><ent r="6" t="14" w="425" /><ent r="7" t="14" w="448" /></phr><phr n="HH"><ent r="6" t="223" w="269" /></phr></stem><stem n="hh.mm"><phr n="hh.mm"><ent r="6" t="14" w="426" /><ent r="6" t="14" w="425" /></phr></stem><stem n="hh.mm.ss"><phr n="hh.mm.ss"><ent r="6" t="14" w="427" /><ent r="6" t="14" w="425" /></phr></stem><stem n="ss"><phr n="ss"><ent r="6" t="14" w="427" /><ent r="7" t="14" w="460" /></phr><phr n="SS"><ent r="6" t="223" w="271" /></phr></stem><stem n=".mm.ss.zzzz"><phr n=".mm.ss.zzzZ"><ent r="6" t="14" w="428" /></phr></stem><stem n="hh.mm.ss.zzzz"><phr n="hh.mm.ss.zzzZ"><ent r="6" t="14" w="428" /><ent r="6" t="14" w="425" /></phr></stem><stem n="zzzz"><phr n="zzzZ"><ent r="6" t="14" w="428" /></phr></stem><stem n="year"><phr n="year"><ent r="6" t="14" w="434" /><ent r="4" t="131" w="473" /><ent r="4" t="131" w="518" /></phr></stem><stem n="month"><phr n="month"><ent r="6" t="14" w="440" /><ent r="4" t="131" w="470" /><ent r="4" t="131" w="515" /><ent r="3" t="169" w="54" /></phr></stem><stem n="dai"><phr n="day"><ent r="6" t="14" w="446" /></phr></stem><stem n="hour"><phr n="hour"><ent r="6" t="14" w="452" /></phr></stem><stem n="minut"><phr n="minute"><ent r="6" t="14" w="458" /><ent r="3" t="167" w="1404" /></phr><phr n="minutes"><ent r="3" t="68" w="117" /><ent r="3" t="72" w="60" /><ent r="4" t="73" w="688" /><ent r="3" t="138" w="165" /><ent r="4" t="167" w="1336" /><ent r="7" t="216" w="54" /><ent r="7" t="216" w="63" /><ent r="7" t="216" w="66" /><ent r="7" t="216" w="74" /></phr></stem><stem n="second"><phr n="second"><ent r="6" t="14" w="464" /><ent r="5" t="26" w="458" /><ent r="5" t="26" w="499" /><ent r="4" t="44" w="218" /><ent r="3" t="91" w="51" /><ent r="3" t="115" w="939" /><ent r="4" t="142" w="304" /><ent r="4" t="142" w="324" /><ent r="4" t="142" w="346" /><ent r="4" t="142" w="366" /><ent r="3" t="142" w="382" /><ent r="3" t="156" w="94" /><ent r="3" t="156" w="238" /><ent r="5" t="156" w="350" /><ent r="3" t="167" w="1406" /><ent r="4" t="169" w="1300" /><ent r="3" t="178" w="43" /><ent r="3" t="178" w="66" /><ent r="6" t="178" w="87" /><ent r="6" t="178" w="94" /><ent r="3" t="178" w="125" /><ent r="3" t="178" w="132" /><ent r="6" t="178" w="151" /><ent r="6" t="178" w="159" /><ent r="6" t="178" w="165" /><ent r="6" t="178" w="181" /></phr><phr n="Second"><ent r="6" t="26" w="475" /><ent r="6" t="26" w="516" /><ent r="4" t="142" w="541" /><ent r="3" t="156" w="199" /><ent r="3" t="156" w="206" /><ent r="3" t="156" w="222" /><ent r="3" t="156" w="263" /><ent r="3" t="156" w="303" /><ent r="92" t="174" w="582" /></phr><phr n="seconds"><ent r="3" t="138" w="166" /><ent r="4" t="167" w="1338" /><ent r="6" t="178" w="103" /><ent r="6" t="178" w="145" /><ent r="6" t="178" w="175" /><ent r="7" t="216" w="67" /><ent r="7" t="216" w="77" /></phr></stem><stem n="zzz"><phr n="zzz"><ent r="7" t="14" w="466" /></phr></stem><stem n="millisecond"><phr n="millisecond"><ent r="6" t="14" w="470" /></phr></stem><stem n="zulu"><phr n="Zulu"><ent r="6" t="14" w="475" /></phr></stem><stem n="),"><phr n="),"><ent r="6" t="14" w="489" /><ent r="3" t="57" w="182" /><ent r="3" t="57" w="187" /><ent r="3" t="73" w="173" /><ent r="3" t="92" w="105" /><ent r="5" t="141" w="193" /><ent r="3" t="162" w="78" /><ent r="3" t="168" w="52" /><ent r="3" t="173" w="246" /><ent r="3" t="191" w="316" /></phr></stem><stem n="maintain"><phr n="maintain"><ent r="6" t="14" w="495" /><ent r="3" t="133" w="542" /></phr></stem><stem n="request"><phr n="requested"><ent r="6" t="14" w="497" /><ent r="3" t="178" w="203" /><ent r="3" t="178" w="224" /></phr></stem><stem n=":aspam"><phr n=":ASPAM"><ent r="100" t="15" w="8" /><ent r="100" t="183" w="13" /></phr></stem><stem n="viewer"><phr n="Viewer"><ent r="64" t="15" w="22" /><ent r="8" t="115" w="421" /><ent r="1000" t="181" w="2" /><ent r="102" t="181" w="5" /><ent r="100" t="181" w="8" /><ent r="3" t="181" w="37" /><ent r="3" t="181" w="63" /><ent r="92" t="181" w="72" /><ent r="3" t="181" w="219" /><ent r="4" t="181" w="247" /><ent r="64" t="183" w="182" /></phr><phr n="viewer"><ent r="8" t="115" w="424" /><ent r="3" t="181" w="14" /></phr></stem><stem n="band"><phr n="Band"><ent r="64" t="16" w="21" /><ent r="4" t="26" w="308" /><ent r="4" t="26" w="313" /><ent r="68" t="82" w="239" /><ent r="5" t="82" w="326" /><ent r="1000" t="84" w="1" /><ent r="102" t="84" w="12" /><ent r="3" t="84" w="16" /><ent r="4" t="84" w="114" /><ent r="1000" t="86" w="2" /><ent r="100" t="86" w="5" /><ent r="102" t="86" w="8" /><ent r="5" t="86" w="70" /><ent r="4" t="86" w="104" /><ent r="5" t="149" w="175" /><ent r="1000" t="157" w="1" /><ent r="102" t="157" w="7" /><ent r="3" t="157" w="11" /><ent r="3" t="157" w="59" /><ent r="5" t="157" w="73" /><ent r="3" t="157" w="78" /><ent r="3" t="157" w="109" /><ent r="3" t="157" w="235" /><ent r="64" t="165" w="330" /><ent r="4" t="166" w="1947" /><ent r="1000" t="167" w="5" /><ent r="102" t="167" w="24" /><ent r="4" t="167" w="225" /><ent r="92" t="167" w="1781" /><ent r="5" t="167" w="1818" /><ent r="3" t="167" w="1823" /><ent r="3" t="167" w="1841" /><ent r="4" t="167" w="1891" /><ent r="3" t="167" w="1908" /><ent r="4" t="167" w="1921" /><ent r="4" t="167" w="1955" /><ent r="4" t="167" w="1968" /><ent r="4" t="167" w="2375" /><ent r="4" t="167" w="2416" /><ent r="4" t="167" w="2430" /><ent r="4" t="167" w="2571" /><ent r="4" t="168" w="481" /><ent r="4" t="168" w="483" /><ent r="5" t="173" w="510" /><ent r="4" t="173" w="543" /><ent r="3" t="173" w="1001" /><ent r="3" t="173" w="1028" /><ent r="3" t="173" w="1049" /><ent r="4" t="173" w="1112" /><ent r="7" t="173" w="1141" /><ent r="7" t="173" w="1177" /><ent r="3" t="173" w="1384" /><ent r="7" t="174" w="1090" /><ent r="7" t="174" w="1103" /><ent r="7" t="174" w="1113" /><ent r="7" t="174" w="1131" /><ent r="7" t="174" w="1134" /><ent r="7" t="174" w="1151" /><ent r="3" t="174" w="1160" /><ent r="3" t="174" w="1394" /><ent r="1000" t="180" w="1" /><ent r="102" t="180" w="9" /><ent r="3" t="182" w="800" /><ent r="3" t="182" w="806" /><ent r="3" t="182" w="812" /><ent r="3" t="182" w="818" /><ent r="3" t="182" w="824" /><ent r="3" t="182" w="830" /><ent r="3" t="182" w="836" /><ent r="3" t="191" w="255" /><ent r="4" t="194" w="80" /><ent r="4" t="194" w="85" /><ent r="4" t="196" w="239" /><ent r="4" t="196" w="244" /><ent r="4" t="197" w="170" /><ent r="4" t="197" w="175" /><ent r="4" t="198" w="129" /><ent r="4" t="198" w="134" /><ent r="4" t="199" w="168" /><ent r="4" t="199" w="173" /><ent r="5" t="207" w="246" /><ent r="5" t="207" w="256" /></phr><phr n="bands"><ent r="3" t="26" w="213" /><ent r="4" t="26" w="258" /><ent r="4" t="84" w="154" /><ent r="4" t="84" w="191" /><ent r="3" t="85" w="46" /><ent r="3" t="127" w="20" /><ent r="4" t="149" w="181" /><ent r="3" t="154" w="262" /><ent r="4" t="154" w="306" /><ent r="3" t="156" w="22" /><ent r="3" t="156" w="33" /><ent r="3" t="156" w="89" /><ent r="3" t="156" w="538" /><ent r="3" t="157" w="137" /><ent r="4" t="157" w="151" /><ent r="3" t="166" w="212" /><ent r="4" t="166" w="1972" /><ent r="4" t="166" w="2005" /><ent r="3" t="167" w="239" /><ent r="3" t="167" w="1833" /><ent r="4" t="168" w="94" /><ent r="4" t="168" w="438" /><ent r="4" t="168" w="443" /><ent r="3" t="168" w="497" /><ent r="5" t="168" w="1165" /><ent r="3" t="168" w="1403" /><ent r="4" t="168" w="1488" /><ent r="4" t="168" w="1499" /><ent r="3" t="168" w="1581" /><ent r="7" t="182" w="114" /><ent r="7" t="182" w="118" /><ent r="7" t="182" w="472" /><ent r="7" t="182" w="682" /><ent r="7" t="182" w="687" /><ent r="3" t="182" w="725" /><ent r="3" t="191" w="110" /><ent r="3" t="194" w="36" /><ent r="4" t="196" w="189" /><ent r="4" t="197" w="120" /><ent r="4" t="198" w="79" /><ent r="4" t="199" w="118" /></phr><phr n="Bands"><ent r="5" t="26" w="253" /><ent r="5" t="26" w="289" /><ent r="4" t="26" w="339" /><ent r="4" t="84" w="162" /><ent r="5" t="154" w="299" /><ent r="3" t="167" w="1837" /><ent r="4" t="168" w="464" /><ent r="7" t="182" w="486" /><ent r="4" t="194" w="61" /><ent r="3" t="194" w="111" /><ent r="5" t="196" w="184" /><ent r="5" t="196" w="220" /><ent r="4" t="196" w="270" /><ent r="5" t="197" w="115" /><ent r="5" t="197" w="151" /><ent r="4" t="197" w="201" /><ent r="5" t="198" w="74" /><ent r="5" t="198" w="110" /><ent r="4" t="198" w="160" /><ent r="5" t="199" w="113" /><ent r="5" t="199" w="149" /><ent r="4" t="199" w="199" /></phr><phr n="band"><ent r="3" t="69" w="160" /><ent r="3" t="69" w="182" /><ent r="3" t="79" w="89" /><ent r="6" t="82" w="320" /><ent r="5" t="82" w="333" /><ent r="100" t="84" w="8" /><ent r="3" t="84" w="31" /><ent r="4" t="84" w="178" /><ent r="3" t="86" w="17" /><ent r="4" t="86" w="109" /><ent r="3" t="86" w="129" /><ent r="3" t="91" w="65" /><ent r="4" t="141" w="472" /><ent r="4" t="141" w="695" /><ent r="4" t="147" w="73" /><ent r="4" t="149" w="189" /><ent r="4" t="149" w="227" /><ent r="4" t="154" w="314" /><ent r="4" t="154" w="348" /><ent r="3" t="156" w="122" /><ent r="100" t="157" w="4" /><ent r="3" t="157" w="22" /><ent r="3" t="157" w="163" /><ent r="3" t="157" w="178" /><ent r="3" t="157" w="265" /><ent r="4" t="159" w="130" /><ent r="4" t="166" w="1108" /><ent r="3" t="166" w="1205" /><ent r="3" t="166" w="1234" /><ent r="3" t="166" w="1254" /><ent r="3" t="166" w="1270" /><ent r="3" t="166" w="1335" /><ent r="3" t="166" w="1363" /><ent r="3" t="166" w="1374" /><ent r="3" t="166" w="1386" /><ent r="4" t="166" w="1603" /><ent r="3" t="166" w="1805" /><ent r="4" t="166" w="1927" /><ent r="4" t="166" w="1989" /><ent r="100" t="167" w="8" /><ent r="3" t="167" w="64" /><ent r="4" t="167" w="109" /><ent r="3" t="167" w="249" /><ent r="3" t="167" w="255" /><ent r="3" t="167" w="2067" /><ent r="3" t="167" w="2083" /><ent r="4" t="167" w="2532" /><ent r="4" t="167" w="2544" /><ent r="3" t="167" w="2959" /><ent r="3" t="168" w="1524" /><ent r="3" t="168" w="1533" /><ent r="3" t="168" w="1543" /><ent r="3" t="171" w="687" /><ent r="3" t="171" w="693" /><ent r="3" t="171" w="698" /><ent r="100" t="180" w="5" /><ent r="7" t="182" w="101" /><ent r="7" t="182" w="112" /><ent r="7" t="182" w="305" /><ent r="7" t="182" w="308" /><ent r="7" t="182" w="314" /><ent r="7" t="182" w="478" /><ent r="7" t="182" w="599" /><ent r="7" t="182" w="609" /><ent r="7" t="182" w="623" /><ent r="7" t="182" w="649" /><ent r="7" t="182" w="669" /><ent r="7" t="182" w="674" /><ent r="3" t="182" w="796" /><ent r="3" t="191" w="269" /><ent r="5" t="207" w="266" /><ent r="5" t="207" w="276" /><ent r="5" t="207" w="296" /><ent r="5" t="207" w="316" /></phr></stem></index>