<?xml version="1.0" encoding="utf-8"?><index><stem n="side-by-sid"><phr n="side-by-side"><ent r="4" t="201" w="208" /><ent r="4" t="201" w="223" /><ent r="3" t="205" w="51" /><ent r="5" t="205" w="143" /><ent r="4" t="205" w="241" /><ent r="3" t="206" w="31" /><ent r="92" t="206" w="287" /><ent r="3" t="206" w="295" /><ent r="4" t="206" w="305" /><ent r="4" t="206" w="382" /><ent r="4" t="206" w="402" /><ent r="4" t="211" w="2409" /><ent r="3" t="213" w="1177" /><ent r="92" t="213" w="1788" /><ent r="3" t="213" w="1796" /><ent r="4" t="213" w="1839" /><ent r="3" t="213" w="1871" /><ent r="4" t="217" w="904" /></phr></stem><stem n="by-sid"><phr n="by-side"><ent r="4" t="201" w="209" /><ent r="4" t="201" w="224" /><ent r="3" t="205" w="52" /><ent r="5" t="205" w="144" /><ent r="4" t="205" w="242" /><ent r="3" t="206" w="32" /><ent r="92" t="206" w="288" /><ent r="3" t="206" w="296" /><ent r="4" t="206" w="306" /><ent r="4" t="206" w="383" /><ent r="4" t="206" w="403" /><ent r="4" t="211" w="2410" /><ent r="3" t="213" w="1178" /><ent r="92" t="213" w="1789" /><ent r="3" t="213" w="1797" /><ent r="4" t="213" w="1840" /><ent r="3" t="213" w="1872" /><ent r="4" t="217" w="905" /></phr></stem><stem n="why"><phr n="why"><ent r="4" t="201" w="218" /></phr></stem><stem n="fall"><phr n="fall"><ent r="4" t="201" w="241" /></phr></stem><stem n="categori"><phr n="category"><ent r="4" t="201" w="244" /></phr></stem><stem n="desk"><phr n="Desk"><ent r="4" t="201" w="269" /></phr></stem><stem n="“not"><phr n="“Not"><ent r="4" t="201" w="277" /></phr></stem><stem n="“for"><phr n="“For"><ent r="4" t="201" w="282" /></phr></stem><stem n="dodii"><phr n="DODIIS"><ent r="4" t="201" w="299" /></phr></stem><stem n="certifi"><phr n="certified"><ent r="4" t="201" w="300" /></phr></stem><stem n="-in:start"><phr n="-in:starting"><ent r="100" t="202" w="16" /><ent r="100" t="202" w="16" /></phr></stem><stem n="properli"><phr n="properly"><ent r="4" t="202" w="61" /></phr></stem><stem n="recommend"><phr n="recommend"><ent r="4" t="202" w="64" /><ent r="3" t="213" w="653" /><ent r="3" t="213" w="768" /><ent r="3" t="218" w="1701" /></phr></stem><stem n="produc"><phr n="produce"><ent r="4" t="202" w="86" /><ent r="3" t="210" w="239" /><ent r="3" t="213" w="677" /><ent r="3" t="217" w="930" /></phr></stem><stem n="("><phr n="("><ent r="4" t="202" w="189" /><ent r="4" t="202" w="259" /><ent r="4" t="203" w="220" /><ent r="4" t="205" w="148" /><ent r="4" t="205" w="188" /><ent r="4" t="205" w="246" /><ent r="4" t="206" w="184" /><ent r="3" t="211" w="1639" /><ent r="4" t="213" w="724" /><ent r="4" t="219" w="472" /><ent r="3" t="225" w="12" /></phr></stem><stem n="agre"><phr n="agree"><ent r="3" t="202" w="239" /></phr></stem><stem n="did"><phr n="did"><ent r="3" t="202" w="330" /></phr></stem><stem n="inconsist"><phr n="inconsistencies"><ent r="3" t="203" w="53" /><ent r="3" t="213" w="935" /></phr></stem><stem n="verifi"><phr n="Verify"><ent r="5" t="203" w="241" /><ent r="4" t="203" w="245" /></phr></stem><stem n="-hair"><phr n="-hair"><ent r="4" t="203" w="266" /><ent r="4" t="203" w="266" /></phr></stem><stem n="cross"><phr n="cross"><ent r="4" t="203" w="266" /><ent r="4" t="203" w="282" /></phr></stem><stem n="cross-hair"><phr n="cross-hair"><ent r="4" t="203" w="266" /><ent r="4" t="203" w="282" /></phr></stem><stem n="hair"><phr n="hair"><ent r="4" t="203" w="267" /><ent r="4" t="203" w="283" /></phr></stem><stem n="-hair."><phr n="-hair."><ent r="4" t="203" w="284" /><ent r="4" t="203" w="284" /></phr></stem><stem n="transfer"><phr n="transferring"><ent r="3" t="204" w="25" /></phr><phr n="transfer"><ent r="4" t="204" w="127" /></phr></stem><stem n="flicker"><phr n="Flicker"><ent r="3" t="205" w="48" /><ent r="5" t="205" w="138" /><ent r="5" t="205" w="155" /><ent r="4" t="205" w="165" /><ent r="4" t="205" w="171" /><ent r="4" t="205" w="176" /><ent r="5" t="205" w="184" /><ent r="4" t="205" w="196" /><ent r="3" t="206" w="38" /><ent r="3" t="206" w="42" /><ent r="3" t="206" w="49" /><ent r="3" t="206" w="69" /><ent r="3" t="206" w="71" /><ent r="92" t="206" w="75" /><ent r="3" t="206" w="85" /><ent r="3" t="206" w="101" /><ent r="5" t="206" w="116" /><ent r="5" t="206" w="128" /><ent r="3" t="206" w="136" /><ent r="3" t="206" w="156" /><ent r="4" t="206" w="161" /><ent r="4" t="206" w="174" /><ent r="4" t="206" w="182" /><ent r="3" t="206" w="212" /><ent r="4" t="206" w="217" /><ent r="4" t="206" w="349" /><ent r="4" t="206" w="358" /><ent r="4" t="206" w="363" /><ent r="4" t="206" w="370" /><ent r="4" t="206" w="379" /><ent r="3" t="213" w="1174" /><ent r="5" t="213" w="1287" /><ent r="5" t="213" w="1295" /><ent r="4" t="213" w="1305" /><ent r="4" t="213" w="1311" /><ent r="92" t="213" w="1433" /><ent r="3" t="213" w="1445" /><ent r="3" t="213" w="1452" /><ent r="3" t="213" w="1459" /><ent r="3" t="213" w="1476" /><ent r="3" t="213" w="1478" /><ent r="3" t="213" w="1483" /><ent r="4" t="213" w="1499" /><ent r="3" t="213" w="1506" /><ent r="3" t="213" w="1529" /><ent r="3" t="213" w="1560" /><ent r="4" t="213" w="1565" /><ent r="5" t="213" w="1575" /><ent r="4" t="213" w="1585" /><ent r="5" t="213" w="1591" /><ent r="4" t="213" w="1597" /><ent r="3" t="213" w="1603" /><ent r="5" t="213" w="1610" /><ent r="5" t="213" w="1632" /><ent r="4" t="213" w="1803" /></phr><phr n="flickering"><ent r="4" t="206" w="343" /></phr></stem><stem n="/blend"><phr n="/Blend"><ent r="3" t="205" w="49" /><ent r="5" t="205" w="139" /><ent r="3" t="206" w="39" /><ent r="3" t="206" w="50" /><ent r="92" t="206" w="76" /><ent r="3" t="213" w="1175" /><ent r="5" t="213" w="1288" /><ent r="92" t="213" w="1434" /><ent r="3" t="213" w="1446" /><ent r="3" t="213" w="1460" /></phr></stem><stem n="done"><phr n="done"><ent r="5" t="205" w="158" /><ent r="5" t="213" w="1299" /><ent r="4" t="213" w="1865" /><ent r="3" t="232" w="239" /></phr></stem><stem n="optim"><phr n="Optimize"><ent r="5" t="205" w="273" /></phr><phr n="optimizations"><ent r="3" t="210" w="272" /></phr></stem><stem n="restart"><phr n="restarting"><ent r="4" t="205" w="293" /><ent r="4" t="205" w="354" /><ent r="4" t="213" w="1349" /></phr><phr n="restart"><ent r="4" t="206" w="356" /></phr></stem><stem n="soon"><phr n="soon"><ent r="4" t="205" w="319" /></phr></stem><stem n="/manual"><phr n="/manual"><ent r="3" t="206" w="68" /><ent r="3" t="213" w="1475" /></phr></stem><stem n=",y"><phr n=",y"><ent r="3" t="206" w="262" /></phr></stem><stem n="awai"><phr n="away"><ent r="4" t="206" w="280" /><ent r="3" t="243" w="361" /><ent r="3" t="243" w="394" /></phr></stem><stem n="/"><phr n="/"><ent r="4" t="206" w="317" /><ent r="4" t="206" w="321" /><ent r="4" t="206" w="325" /><ent r="4" t="206" w="329" /><ent r="5" t="211" w="3253" /><ent r="3" t="228" w="693" /><ent r="3" t="253" w="203" /></phr></stem><stem n="shift+z"><phr n="Shift+Z"><ent r="4" t="206" w="317" /></phr></stem><stem n="==&gt;"><phr n="==&gt;"><ent r="4" t="206" w="318" /><ent r="4" t="206" w="326" /><ent r="4" t="206" w="334" /></phr></stem><stem n="shift+right"><phr n="Shift+Right"><ent r="4" t="206" w="325" /></phr></stem><stem n="binari"><phr n="binary"><ent r="3" t="207" w="19" /></phr></stem><stem n="dilat"><phr n="dilation"><ent r="4" t="207" w="33" /><ent r="5" t="207" w="68" /><ent r="4" t="207" w="70" /><ent r="4" t="207" w="74" /><ent r="4" t="207" w="81" /><ent r="4" t="207" w="140" /></phr></stem><stem n="eros"><phr n="erosion"><ent r="4" t="207" w="37" /><ent r="5" t="207" w="98" /><ent r="4" t="207" w="100" /><ent r="4" t="207" w="104" /><ent r="4" t="207" w="111" /><ent r="4" t="207" w="136" /></phr></stem><stem n="3x3"><phr n="3x3"><ent r="4" t="207" w="40" /><ent r="4" t="207" w="77" /><ent r="4" t="207" w="107" /><ent r="4" t="207" w="143" /></phr></stem><stem n="contour"><phr n="contours"><ent r="4" t="207" w="50" /></phr><phr n="contour"><ent r="4" t="207" w="66" /><ent r="4" t="207" w="151" /></phr></stem><stem n="narrow"><phr n="narrow"><ent r="4" t="207" w="52" /><ent r="4" t="207" w="156" /></phr></stem><stem n="break"><phr n="breaks"><ent r="4" t="207" w="53" /><ent r="4" t="207" w="155" /></phr></stem><stem n="gulf"><phr n="gulfs"><ent r="4" t="207" w="57" /></phr></stem><stem n="hole"><phr n="holes"><ent r="4" t="207" w="60" /></phr></stem><stem n="grow"><phr n="grow"><ent r="4" t="207" w="86" /></phr></stem><stem n="nearbi"><phr n="nearby"><ent r="4" t="207" w="95" /></phr></stem><stem n="-2"><phr n="-2"><ent r="4" t="207" w="127" /><ent r="4" t="207" w="127" /></phr></stem><stem n="1-2"><phr n="1-2"><ent r="4" t="207" w="127" /></phr></stem><stem n="isthmus"><phr n="isthmuses"><ent r="4" t="207" w="157" /></phr></stem><stem n="protrus"><phr n="protrusions"><ent r="4" t="207" w="161" /></phr></stem><stem n="radiu"><phr n="radius"><ent r="5" t="208" w="63" /><ent r="4" t="208" w="70" /><ent r="4" t="208" w="83" /><ent r="3" t="208" w="150" /><ent r="3" t="252" w="455" /></phr></stem><stem n="smaller"><phr n="smaller"><ent r="4" t="208" w="81" /><ent r="3" t="210" w="678" /></phr></stem><stem n="(zoom"><phr n="(zoomed"><ent r="3" t="208" w="132" /></phr></stem><stem n="centroid"><phr n="centroid"><ent r="3" t="208" w="154" /></phr></stem><stem n="&quot;clusters.&quot;"><phr n="&quot;clusters.&quot;"><ent r="3" t="208" w="163" /></phr></stem><stem n="!"><phr n="!"><ent r="3" t="209" w="13" /></phr></stem><stem n="studio"><phr n="Studio"><ent r="3" t="209" w="19" /></phr></stem><stem n="scenario"><phr n="scenarios"><ent r="3" t="209" w="27" /></phr><phr n="scenario"><ent r="3" t="209" w="64" /><ent r="3" t="212" w="1193" /></phr></stem><stem n="learn"><phr n="Learning"><ent r="3" t="209" w="51" /><ent r="82" t="209" w="69" /><ent r="4" t="210" w="20" /><ent r="4" t="211" w="37" /><ent r="4" t="212" w="26" /><ent r="4" t="213" w="28" /><ent r="4" t="214" w="18" /><ent r="4" t="215" w="21" /><ent r="4" t="216" w="25" /><ent r="4" t="217" w="18" /><ent r="4" t="218" w="14" /><ent r="4" t="219" w="22" /></phr><phr n="learned"><ent r="3" t="218" w="121" /></phr></stem><stem n="intend"><phr n="Intended"><ent r="92" t="209" w="66" /><ent r="3" t="209" w="73" /></phr></stem><stem n="audienc"><phr n="audience"><ent r="92" t="209" w="67" /><ent r="3" t="209" w="74" /></phr></stem><stem n="anyon"><phr n="anyone"><ent r="3" t="209" w="79" /></phr></stem><stem n="/operators,"><phr n="/operators,"><ent r="3" t="209" w="100" /></phr></stem><stem n="supervisor"><phr n="supervisors"><ent r="3" t="209" w="103" /></phr></stem><stem n="critic"><phr n="criticality"><ent r="82" t="209" w="106" /></phr><phr n="critical"><ent r="3" t="209" w="155" /><ent r="3" t="228" w="32" /></phr></stem><stem n="basi"><phr n="basis"><ent r="3" t="209" w="113" /></phr></stem><stem n="necessarili"><phr n="necessarily"><ent r="3" t="209" w="131" /></phr></stem><stem n="knowledg"><phr n="knowledge"><ent r="3" t="209" w="143" /><ent r="3" t="209" w="173" /></phr></stem><stem n="prerequisit"><phr n="Prerequisites"><ent r="82" t="209" w="167" /></phr></stem><stem n="fundament"><phr n="fundamental"><ent r="3" t="209" w="172" /></phr></stem><stem n="workstat"><phr n="workstation"><ent r="3" t="209" w="180" /></phr></stem><stem n="train"><phr n="training"><ent r="3" t="209" w="187" /><ent r="3" t="209" w="198" /><ent r="3" t="209" w="208" /><ent r="3" t="252" w="519" /></phr></stem><stem n="expect"><phr n="expected"><ent r="3" t="209" w="204" /></phr></stem><stem n="(job"><phr n="(job"><ent r="3" t="209" w="207" /></phr></stem><stem n="job"><phr n="job"><ent r="3" t="209" w="207" /></phr></stem><stem n="exercis"><phr n="exercises"><ent r="3" t="209" w="217" /></phr><phr n="exercise"><ent r="3" t="212" w="1155" /><ent r="3" t="217" w="603" /><ent r="3" t="217" w="1167" /><ent r="3" t="252" w="520" /></phr></stem><stem n="download"><phr n="downloaded"><ent r="7" t="209" w="257" /><ent r="7" t="209" w="281" /><ent r="7" t="210" w="474" /><ent r="7" t="210" w="498" /><ent r="7" t="211" w="623" /><ent r="7" t="211" w="647" /><ent r="7" t="212" w="339" /><ent r="7" t="212" w="363" /><ent r="7" t="213" w="298" /><ent r="7" t="213" w="322" /><ent r="7" t="214" w="537" /><ent r="7" t="214" w="561" /><ent r="7" t="215" w="526" /><ent r="7" t="215" w="550" /><ent r="7" t="216" w="183" /><ent r="7" t="216" w="207" /><ent r="7" t="217" w="450" /><ent r="7" t="217" w="474" /><ent r="7" t="218" w="369" /><ent r="7" t="218" w="393" /><ent r="7" t="219" w="359" /><ent r="7" t="219" w="383" /></phr><phr n="download"><ent r="4" t="220" w="184" /><ent r="3" t="242" w="41" /></phr></stem><stem n="websit"><phr n="website"><ent r="7" t="209" w="261" /><ent r="7" t="210" w="478" /><ent r="7" t="211" w="627" /><ent r="7" t="212" w="343" /><ent r="7" t="213" w="302" /><ent r="7" t="214" w="541" /><ent r="7" t="215" w="530" /><ent r="7" t="216" w="187" /><ent r="7" t="217" w="454" /><ent r="7" t="218" w="373" /><ent r="7" t="219" w="363" /></phr><phr n="Websites"><ent r="1000" t="220" w="2" /><ent r="102" t="220" w="5" /><ent r="100" t="220" w="7" /><ent r="3" t="220" w="16" /><ent r="4" t="220" w="30" /><ent r="3" t="220" w="38" /></phr></stem><stem n="http"><phr n="http"><ent r="68" t="209" w="264" /><ent r="68" t="210" w="481" /><ent r="68" t="211" w="630" /><ent r="68" t="212" w="346" /><ent r="68" t="213" w="305" /><ent r="68" t="214" w="544" /><ent r="68" t="215" w="533" /><ent r="68" t="216" w="190" /><ent r="68" t="217" w="457" /><ent r="68" t="218" w="376" /><ent r="68" t="219" w="366" /><ent r="64" t="225" w="13" /></phr></stem><stem n="confluenc"><phr n="confluence"><ent r="68" t="209" w="267" /><ent r="68" t="210" w="484" /><ent r="68" t="211" w="633" /><ent r="68" t="212" w="349" /><ent r="68" t="213" w="308" /><ent r="68" t="214" w="547" /><ent r="68" t="215" w="536" /><ent r="68" t="216" w="193" /><ent r="68" t="217" w="460" /><ent r="68" t="218" w="379" /><ent r="68" t="219" w="369" /></phr></stem><stem n="://opticks.org/confluence/display/opticks/sample+data"><phr n="://opticks.org/confluence/display/opticks/Sample+Data"><ent r="68" t="209" w="270" /><ent r="68" t="210" w="487" /><ent r="68" t="211" w="636" /><ent r="68" t="212" w="352" /><ent r="68" t="213" w="311" /><ent r="68" t="214" w="550" /><ent r="68" t="215" w="539" /><ent r="68" t="216" w="196" /><ent r="68" t="217" w="463" /><ent r="68" t="218" w="382" /><ent r="68" t="219" w="372" /></phr></stem><stem n="sample+data"><phr n="Sample+Data"><ent r="68" t="209" w="270" /><ent r="68" t="210" w="487" /><ent r="68" t="211" w="636" /><ent r="68" t="212" w="352" /><ent r="68" t="213" w="311" /><ent r="68" t="214" w="550" /><ent r="68" t="215" w="539" /><ent r="68" t="216" w="196" /><ent r="68" t="217" w="463" /><ent r="68" t="218" w="382" /><ent r="68" t="219" w="372" /></phr></stem><stem n="/annotations,"><phr n="/Annotations,"><ent r="64" t="209" w="335" /><ent r="102" t="211" w="31" /></phr></stem><stem n="familiar"><phr n="familiar"><ent r="3" t="210" w="31" /><ent r="3" t="212" w="41" /><ent r="3" t="214" w="29" /><ent r="3" t="215" w="32" /><ent r="3" t="216" w="36" /><ent r="3" t="217" w="29" /><ent r="3" t="218" w="25" /><ent r="3" t="218" w="1919" /><ent r="3" t="219" w="33" /><ent r="3" t="219" w="1621" /></phr></stem><stem n="’ll"><phr n="’ll"><ent r="3" t="210" w="46" /><ent r="3" t="211" w="86" /><ent r="3" t="213" w="69" /><ent r="3" t="219" w="619" /></phr></stem><stem n="lesson"><phr n="Lesson"><ent r="4" t="210" w="96" /><ent r="4" t="211" w="129" /><ent r="3" t="211" w="274" /><ent r="4" t="212" w="116" /><ent r="4" t="213" w="102" /><ent r="4" t="214" w="84" /><ent r="4" t="215" w="74" /><ent r="4" t="216" w="120" /><ent r="4" t="217" w="75" /><ent r="4" t="217" w="281" /><ent r="4" t="218" w="74" /><ent r="4" t="219" w="108" /></phr></stem><stem n="graph"><phr n="graph"><ent r="3" t="210" w="142" /><ent r="4" t="212" w="1370" /></phr></stem><stem n="characterist"><phr n="characteristics"><ent r="3" t="210" w="191" /></phr></stem><stem n="/scaling,"><phr n="/scaling,"><ent r="3" t="210" w="234" /></phr></stem><stem n="crop"><phr n="cropping"><ent r="3" t="210" w="234" /></phr></stem><stem n="-format"><phr n="-formatted"><ent r="3" t="210" w="242" /><ent r="3" t="210" w="242" /></phr></stem><stem n="ice-format"><phr n="Ice-formatted"><ent r="3" t="210" w="242" /></phr></stem><stem n="d"><phr n="D"><ent r="66" t="210" w="318" /><ent r="4" t="211" w="1618" /></phr></stem><stem n="isplai"><phr n="isplay"><ent r="65" t="210" w="320" /></phr></stem><stem n="f970620t01p02"><phr n="f970620t01p02"><ent r="5" t="210" w="546" /><ent r="4" t="210" w="559" /><ent r="6" t="210" w="2391" /><ent r="5" t="212" w="418" /><ent r="5" t="216" w="274" /><ent r="4" t="216" w="292" /><ent r="6" t="216" w="549" /></phr></stem><stem n="r03"><phr n="r03"><ent r="5" t="210" w="547" /><ent r="4" t="210" w="560" /><ent r="6" t="210" w="2392" /><ent r="5" t="212" w="419" /><ent r="5" t="216" w="275" /><ent r="4" t="216" w="293" /><ent r="6" t="216" w="550" /></phr></stem><stem n="sc01"><phr n="sc01"><ent r="5" t="210" w="548" /><ent r="4" t="210" w="561" /><ent r="6" t="210" w="2393" /><ent r="5" t="212" w="420" /><ent r="5" t="216" w="276" /><ent r="4" t="216" w="294" /><ent r="6" t="216" w="551" /></phr></stem><stem n="_r03_sc01.a.bip."><phr n="_r03_sc01.a.bip."><ent r="5" t="210" w="551" /></phr></stem><stem n="(f970620t01p02_r03_sc01.a.hdr)"><phr n="(f970620t01p02_r03_sc01.a.hdr)"><ent r="4" t="210" w="564" /></phr></stem><stem n="outlin"><phr n="outlining"><ent r="3" t="210" w="727" /></phr><phr n="outline"><ent r="4" t="214" w="919" /></phr><phr n="outlined"><ent r="4" t="214" w="963" /><ent r="3" t="218" w="561" /></phr></stem><stem n="-size"><phr n="-size"><ent r="3" t="210" w="749" /><ent r="3" t="210" w="749" /></phr></stem><stem n="full-siz"><phr n="full-size"><ent r="3" t="210" w="749" /></phr></stem><stem n="(gcps)"><phr n="(GCPs)"><ent r="3" t="210" w="762" /></phr></stem><stem n="-spatial"><phr n="-spatial"><ent r="3" t="210" w="768" /><ent r="3" t="210" w="768" /></phr></stem><stem n="geo-spati"><phr n="geo-spatial"><ent r="3" t="210" w="768" /></phr></stem><stem n="enlarg"><phr n="enlarge"><ent r="4" t="210" w="962" /><ent r="4" t="212" w="640" /><ent r="4" t="217" w="1130" /></phr></stem><stem n="180"><phr n="180"><ent r="4" t="210" w="1026" /></phr></stem><stem n="horizontal-axi"><phr n="horizontal-axis"><ent r="4" t="210" w="1030" /></phr></stem><stem n="represent"><phr n="representation"><ent r="4" t="210" w="1124" /><ent r="7" t="228" w="189" /></phr></stem><stem n="windo"><phr n="Windo"><ent r="5" t="210" w="1182" /></phr></stem><stem n="white"><phr n="white"><ent r="3" t="210" w="1287" /><ent r="4" t="210" w="2242" /><ent r="3" t="217" w="616" /><ent r="4" t="217" w="1125" /><ent r="3" t="255" w="224" /></phr></stem><stem n="inact"><phr n="inactive"><ent r="3" t="210" w="1289" /></phr></stem><stem n="approxim"><phr n="approximately"><ent r="3" t="210" w="1332" /></phr><phr n="approximate"><ent r="3" t="253" w="124" /></phr></stem><stem n="260"><phr n="260"><ent r="3" t="210" w="1333" /></phr></stem><stem n="1780"><phr n="1780"><ent r="3" t="210" w="1337" /></phr></stem><stem n="meet"><phr n="meeting"><ent r="3" t="210" w="1354" /></phr></stem><stem n="experi"><phr n="Experiment"><ent r="3" t="210" w="1472" /><ent r="4" t="210" w="1950" /><ent r="4" t="210" w="2034" /></phr></stem><stem n="observ"><phr n="observing"><ent r="3" t="210" w="1482" /></phr><phr n="observe"><ent r="4" t="210" w="1909" /><ent r="4" t="210" w="1940" /></phr></stem><stem n="(red,"><phr n="(Red,"><ent r="3" t="210" w="1491" /></phr></stem><stem n="spreadsheet"><phr n="spreadsheets"><ent r="3" t="210" w="1605" /></phr></stem><stem n="(click"><phr n="(click"><ent r="4" t="210" w="1796" /><ent r="4" t="212" w="899" /><ent r="3" t="212" w="912" /></phr></stem><stem n="feel"><phr n="feel"><ent r="4" t="210" w="1970" /></phr></stem><stem n="relationship"><phr n="relationship"><ent r="4" t="210" w="1973" /></phr></stem><stem n="-grai"><phr n="-Gray"><ent r="4" t="210" w="2006" /><ent r="4" t="210" w="2006" /></phr></stem><stem n="1-grai"><phr n="1-Gray"><ent r="4" t="210" w="2006" /></phr></stem><stem n="69"><phr n="69"><ent r="5" t="210" w="2106" /></phr></stem><stem n="veget"><phr n="vegetative"><ent r="4" t="210" w="2112" /><ent r="3" t="211" w="2307" /><ent r="4" t="211" w="2910" /></phr><phr n="Vegetation"><ent r="3" t="211" w="283" /><ent r="3" t="211" w="291" /><ent r="3" t="211" w="302" /><ent r="3" t="211" w="2107" /><ent r="92" t="211" w="2727" /><ent r="4" t="211" w="2997" /></phr></stem><stem n="(top)"><phr n="(top)"><ent r="4" t="210" w="2124" /></phr></stem><stem n="(bottom)"><phr n="(bottom)"><ent r="4" t="210" w="2127" /></phr></stem><stem n="(assum"><phr n="(assuming"><ent r="4" t="210" w="2128" /></phr><phr n="(assumes"><ent r="4" t="255" w="72" /><ent r="4" t="255" w="164" /></phr></stem><stem n="assum"><phr n="assuming"><ent r="4" t="210" w="2128" /><ent r="3" t="255" w="255" /></phr><phr n="assumes"><ent r="4" t="255" w="72" /><ent r="4" t="255" w="92" /><ent r="4" t="255" w="164" /><ent r="4" t="255" w="184" /></phr></stem><stem n="–"><phr n="–"><ent r="92" t="210" w="2189" /><ent r="3" t="253" w="197" /><ent r="3" t="253" w="215" /></phr></stem><stem n="reload"><phr n="Reload"><ent r="92" t="210" w="2373" /><ent r="3" t="212" w="150" /><ent r="4" t="219" w="68" /><ent r="92" t="219" w="408" /></phr></stem><stem n="_r03_sc01.re.ice.h5"><phr n="_r03_sc01.re.ice.h5"><ent r="6" t="210" w="2396" /></phr></stem><stem n="/review"><phr n="/Review"><ent r="4" t="210" w="2421" /><ent r="4" t="212" w="1558" /><ent r="4" t="214" w="1157" /><ent r="4" t="215" w="1293" /><ent r="4" t="217" w="1207" /><ent r="4" t="218" w="1913" /></phr></stem><stem n="/annot"><phr n="/annotations"><ent r="4" t="211" w="122" /></phr></stem><stem n="(gcps)."><phr n="(GCPs)."><ent r="3" t="211" w="155" /></phr></stem><stem n="unitless"><phr n="unitless"><ent r="3" t="211" w="198" /></phr></stem><stem n="length"><phr n="lengths"><ent r="3" t="211" w="200" /></phr><phr n="length"><ent r="3" t="211" w="208" /><ent r="4" t="211" w="1987" /></phr></stem><stem n="equival"><phr n="equivalent"><ent r="3" t="211" w="205" /></phr></stem><stem n="form"><phr n="formed"><ent r="3" t="211" w="272" /></phr><phr n="form"><ent r="3" t="214" w="235" /><ent r="3" t="215" w="225" /></phr></stem><stem n="index"><phr n="Index"><ent r="3" t="211" w="284" /><ent r="3" t="211" w="2108" /><ent r="6" t="246" w="36" /></phr></stem><stem n="ndvi"><phr n="NDVI"><ent r="3" t="211" w="285" /><ent r="3" t="211" w="2109" /></phr></stem><stem n="(ndvi)"><phr n="(NDVI)"><ent r="3" t="211" w="286" /><ent r="3" t="211" w="2110" /></phr></stem><stem n="classifi"><phr n="classify"><ent r="3" t="211" w="290" /></phr><phr n="classified"><ent r="3" t="233" w="249" /><ent r="3" t="233" w="253" /></phr></stem><stem n="reli"><phr n="relies"><ent r="3" t="211" w="300" /></phr></stem><stem n="low"><phr n="low"><ent r="3" t="211" w="304" /><ent r="3" t="238" w="175" /></phr></stem><stem n="-ir"><phr n="-IR"><ent r="3" t="211" w="315" /><ent r="3" t="211" w="315" /></phr></stem><stem n="near-ir"><phr n="near-IR"><ent r="3" t="211" w="315" /></phr></stem><stem n="materi"><phr n="materials"><ent r="3" t="211" w="323" /><ent r="3" t="211" w="3271" /></phr></stem><stem n="reus"><phr n="reused"><ent r="3" t="211" w="416" /></phr></stem><stem n="callout"><phr n="callouts"><ent r="3" t="211" w="435" /></phr></stem><stem n="&quot;automat"><phr n="&quot;Automatically"><ent r="92" t="211" w="674" /></phr></stem><stem n="p014r033"><phr n="p014r033"><ent r="5" t="211" w="783" /><ent r="6" t="211" w="1222" /><ent r="5" t="211" w="1845" /><ent r="5" t="211" w="2478" /><ent r="5" t="211" w="2674" /></phr></stem><stem n="7t19990923"><phr n="7t19990923"><ent r="5" t="211" w="784" /><ent r="6" t="211" w="1223" /><ent r="5" t="211" w="1846" /><ent r="5" t="211" w="2479" /><ent r="5" t="211" w="2675" /></phr></stem><stem n="z18"><phr n="z18"><ent r="5" t="211" w="785" /><ent r="6" t="211" w="1224" /><ent r="5" t="211" w="1847" /><ent r="5" t="211" w="2480" /><ent r="5" t="211" w="2676" /></phr></stem><stem n="_7t19990923_z18_spectral.re.ice.h5"><phr n="_7t19990923_z18_spectral.re.ice.h5"><ent r="5" t="211" w="789" /><ent r="6" t="211" w="1228" /><ent r="5" t="211" w="1851" /></phr></stem><stem n="five"><phr n="five"><ent r="3" t="211" w="956" /><ent r="4" t="211" w="1305" /></phr></stem><stem n="(more"><phr n="(More"><ent r="3" t="211" w="969" /></phr></stem><stem n="inaccur"><phr n="inaccurate"><ent r="3" t="211" w="982" /></phr></stem><stem n="came"><phr n="came"><ent r="4" t="211" w="1158" /></phr></stem><stem n="reopen"><phr n="Reopen"><ent r="4" t="211" w="1219" /><ent r="4" t="211" w="1842" /></phr></stem><stem n="reappear"><phr n="reappear"><ent r="4" t="211" w="1239" /></phr></stem><stem n="7842"><phr n="7842"><ent r="4" t="211" w="1422" /><ent r="7" t="211" w="1719" /></phr></stem><stem n="tell"><phr n="tell"><ent r="3" t="211" w="1426" /></phr></stem><stem n="0°"><phr n="0°"><ent r="5" t="211" w="1486" /><ent r="5" t="211" w="1503" /><ent r="5" t="211" w="1664" /></phr></stem><stem n="backspac"><phr n="Backspace"><ent r="4" t="211" w="1490" /><ent r="4" t="211" w="1669" /></phr></stem><stem n="blank"><phr n="blank"><ent r="4" t="211" w="1507" /><ent r="4" t="217" w="71" /><ent r="4" t="217" w="229" /><ent r="4" t="217" w="890" /><ent r="4" t="217" w="899" /><ent r="92" t="217" w="925" /><ent r="3" t="217" w="938" /><ent r="3" t="217" w="1037" /></phr></stem><stem n="n37d52m"><phr n="N37d52m"><ent r="5" t="211" w="1516" /></phr></stem><stem n="n37°52"><phr n="N37°52"><ent r="5" t="211" w="1537" /></phr></stem><stem n="&quot;."><phr n="&quot;."><ent r="4" t="211" w="1539" /></phr></stem><stem n="0176"><phr n="0176"><ent r="3" t="211" w="1572" /></phr></stem><stem n="keypad"><phr n="keypad"><ent r="3" t="211" w="1583" /></phr></stem><stem n="numlock"><phr n="NumLock"><ent r="4" t="211" w="1587" /></phr></stem><stem n="letter"><phr n="letters"><ent r="3" t="211" w="1616" /></phr></stem><stem n="m"><phr n="m"><ent r="4" t="211" w="1621" /></phr></stem><stem n="south"><phr n="South"><ent r="3" t="211" w="1627" /><ent r="7" t="228" w="442" /></phr></stem><stem n="107°46"><phr n="107°46"><ent r="3" t="211" w="1644" /></phr></stem><stem n="37"><phr n="37"><ent r="3" t="211" w="1645" /></phr></stem><stem n="798"><phr n="798"><ent r="3" t="211" w="1646" /></phr><phr n="798s"><ent r="3" t="211" w="1653" /></phr></stem><stem n="'37.798&quot;"><phr n="'37.798&quot;"><ent r="3" t="211" w="1647" /></phr></stem><stem n="107d46m37"><phr n="107d46m37"><ent r="3" t="211" w="1652" /></phr></stem><stem n="-107d46m37.798"><phr n="-107d46m37.798s"><ent r="3" t="211" w="1653" /><ent r="3" t="211" w="1653" /></phr></stem><stem n="w76d46m"><phr n="W76d46m"><ent r="5" t="211" w="1675" /></phr></stem><stem n="-refer"><phr n="-Reference"><ent r="7" t="211" w="1693" /><ent r="7" t="211" w="1693" /><ent r="7" t="211" w="1696" /><ent r="7" t="211" w="1696" /></phr></stem><stem n="x-refer"><phr n="X-Reference"><ent r="7" t="211" w="1693" /></phr></stem><stem n="y-refer"><phr n="Y-Reference"><ent r="7" t="211" w="1696" /></phr></stem><stem n="n37°43"><phr n="N37°43"><ent r="8" t="211" w="1710" /></phr></stem><stem n="w76°47"><phr n="W76°47"><ent r="8" t="211" w="1712" /></phr></stem><stem n="8732"><phr n="8732"><ent r="8" t="211" w="1717" /></phr></stem><stem n="n37°53"><phr n="N37°53"><ent r="8" t="211" w="1721" /></phr></stem><stem n="w73°54"><phr n="W73°54"><ent r="8" t="211" w="1723" /></phr></stem><stem n="pair"><phr n="pairings"><ent r="3" t="211" w="1830" /><ent r="3" t="211" w="2395" /></phr><phr n="pair"><ent r="3" t="218" w="874" /><ent r="6" t="228" w="229" /><ent r="6" t="228" w="242" /></phr></stem></index>