﻿<?xml version="1.0" encoding="utf-8"?><index PreMerged="False"><stem n="latitude/longitude,"><phr n="latitude/longitude,"><ent r="1" t="27" w="385" /><ent r="1" t="27" w="384" /><ent r="1" t="60" w="23" /><ent r="1" t="60" w="22" /><ent r="1" t="60" w="84" /><ent r="1" t="60" w="83" /><ent r="1" t="93" w="67" /><ent r="1" t="93" w="66" /><ent r="1" t="93" w="253" /><ent r="1" t="93" w="252" /><ent r="1" t="163" w="30" /><ent r="1" t="163" w="29" /></phr><phr n="Latitude/Longitude,"><ent r="51" t="185" w="151" /><ent r="51" t="185" w="150" /><ent r="51" t="185" w="204" /><ent r="51" t="185" w="203" /><ent r="51" t="185" w="376" /><ent r="51" t="185" w="375" /><ent r="51" t="185" w="492" /><ent r="51" t="185" w="491" /><ent r="51" t="185" w="573" /><ent r="51" t="185" w="572" /></phr></stem><stem n="utm"><phr n="UTM"><ent r="1" t="27" w="386" /><ent r="51" t="60" w="25" /><ent r="1" t="60" w="85" /><ent r="51" t="61" w="241" /><ent r="1" t="93" w="71" /><ent r="1" t="93" w="254" /><ent r="51" t="139" w="164" /><ent r="1" t="153" w="837" /><ent r="1" t="163" w="31" /><ent r="51" t="169" w="432" /><ent r="51" t="169" w="459" /><ent r="1" t="169" w="767" /><ent r="51" t="189" w="81" /></phr></stem><stem n="mgr"><phr n="MGRS"><ent r="1" t="27" w="388" /><ent r="51" t="60" w="33" /><ent r="1" t="60" w="87" /><ent r="51" t="61" w="249" /><ent r="1" t="93" w="77" /><ent r="1" t="93" w="256" /><ent r="51" t="139" w="172" /><ent r="1" t="153" w="839" /><ent r="1" t="163" w="33" /><ent r="51" t="189" w="89" /></phr></stem><stem n="checkbox"><phr n="checkbox"><ent r="1" t="27" w="412" /><ent r="1" t="27" w="430" /><ent r="1" t="31" w="57" /><ent r="1" t="31" w="70" /><ent r="1" t="31" w="107" /><ent r="1" t="42" w="131" /><ent r="1" t="42" w="155" /><ent r="1" t="42" w="169" /><ent r="1" t="42" w="228" /><ent r="1" t="55" w="166" /><ent r="1" t="61" w="320" /><ent r="1" t="68" w="321" /><ent r="1" t="92" w="421" /><ent r="1" t="96" w="174" /><ent r="1" t="101" w="209" /><ent r="1" t="108" w="320" /><ent r="1" t="108" w="362" /><ent r="1" t="121" w="124" /><ent r="1" t="121" w="137" /><ent r="1" t="121" w="174" /><ent r="1" t="130" w="238" /><ent r="1" t="131" w="223" /><ent r="1" t="131" w="322" /><ent r="1" t="133" w="239" /><ent r="1" t="140" w="181" /><ent r="1" t="143" w="379" /><ent r="1" t="146" w="218" /><ent r="1" t="146" w="229" /><ent r="1" t="146" w="283" /><ent r="1" t="146" w="285" /><ent r="1" t="146" w="312" /><ent r="1" t="146" w="330" /><ent r="1" t="149" w="271" /><ent r="1" t="155" w="531" /><ent r="1" t="155" w="612" /><ent r="1" t="155" w="614" /><ent r="1" t="155" w="635" /><ent r="1" t="155" w="645" /><ent r="1" t="160" w="474" /><ent r="1" t="171" w="184" /><ent r="51" t="185" w="402" /></phr><phr n="checkboxes"><ent r="1" t="90" w="119" /></phr></stem><stem n="pictur"><phr n="picture"><ent r="51" t="28" w="15" /></phr></stem><stem n="n"><phr n="n"><ent r="51" t="28" w="19" /><ent r="51" t="157" w="938" /></phr><phr n="N"><ent r="51" t="197" w="85" /></phr></stem><stem n="ession"><phr n="ession"><ent r="51" t="29" w="21" /></phr></stem><stem n="folder"><phr n="folder"><ent r="1" t="29" w="59" /><ent r="1" t="68" w="184" /><ent r="1" t="68" w="198" /><ent r="1" t="143" w="868" /><ent r="1" t="157" w="1090" /><ent r="1" t="160" w="1764" /></phr><phr n="Folder"><ent r="1" t="68" w="175" /></phr></stem><stem n="refin"><phr n="refine"><ent r="1" t="29" w="102" /></phr></stem><stem n="highlight"><phr n="Highlight"><ent r="1" t="29" w="157" /><ent r="1" t="61" w="93" /><ent r="1" t="61" w="175" /><ent r="1" t="112" w="59" /><ent r="1" t="153" w="2132" /><ent r="1" t="155" w="389" /><ent r="1" t="155" w="852" /></phr><phr n="highlight"><ent r="1" t="29" w="184" /><ent r="1" t="119" w="463" /><ent r="1" t="119" w="508" /></phr><phr n="highlighting"><ent r="1" t="61" w="149" /></phr><phr n="highlighted"><ent r="1" t="154" w="461" /><ent r="1" t="155" w="887" /></phr><phr n="highlights"><ent r="1" t="156" w="1113" /></phr></stem><stem n="remov"><phr n="Remove"><ent r="90" t="29" w="170" /><ent r="51" t="29" w="199" /><ent r="90" t="29" w="343" /><ent r="51" t="29" w="360" /><ent r="1" t="29" w="366" /><ent r="90" t="107" w="226" /><ent r="51" t="119" w="655" /><ent r="1" t="154" w="82" /><ent r="1" t="159" w="1430" /><ent r="51" t="160" w="1257" /><ent r="51" t="198" w="124" /></phr><phr n="remove"><ent r="1" t="29" w="174" /><ent r="1" t="29" w="190" /><ent r="1" t="29" w="215" /><ent r="1" t="29" w="347" /><ent r="1" t="29" w="379" /><ent r="1" t="73" w="115" /><ent r="1" t="100" w="27" /><ent r="1" t="107" w="234" /><ent r="1" t="107" w="241" /><ent r="1" t="119" w="637" /><ent r="1" t="147" w="197" /><ent r="1" t="165" w="114" /><ent r="1" t="165" w="119" /><ent r="1" t="168" w="198" /></phr><phr n="removed"><ent r="1" t="29" w="206" /><ent r="1" t="107" w="308" /><ent r="1" t="107" w="345" /><ent r="1" t="112" w="23" /><ent r="1" t="135" w="125" /><ent r="1" t="153" w="1150" /><ent r="1" t="153" w="2021" /></phr><phr n="removing"><ent r="1" t="153" w="2732" /></phr><phr n="removes"><ent r="1" t="186" w="255" /></phr></stem><stem n="clear"><phr n="Clear"><ent r="90" t="29" w="211" /><ent r="51" t="29" w="232" /><ent r="51" t="41" w="179" /><ent r="1" t="144" w="281" /><ent r="90" t="186" w="250" /><ent r="51" t="186" w="298" /></phr><phr n="clear"><ent r="1" t="144" w="275" /><ent r="1" t="186" w="23" /></phr></stem><stem n="longer"><phr n="longer"><ent r="1" t="29" w="309" /><ent r="1" t="154" w="460" /><ent r="1" t="180" w="379" /><ent r="1" t="180" w="566" /></phr></stem><stem n="11"><phr n="11"><ent r="1" t="29" w="311" /><ent r="1" t="169" w="872" /></phr></stem><stem n="charact"><phr n="characters"><ent r="1" t="29" w="312" /><ent r="1" t="159" w="1663" /></phr><phr n="character"><ent r="51" t="169" w="79" /></phr></stem><stem n="alphanumer"><phr n="alphanumeric"><ent r="1" t="29" w="316" /></phr></stem><stem n="underscor"><phr n="underscores"><ent r="1" t="29" w="320" /></phr></stem><stem n="space"><phr n="spaces"><ent r="1" t="29" w="323" /></phr><phr n="spacing"><ent r="1" t="57" w="194" /><ent r="1" t="139" w="255" /><ent r="1" t="139" w="302" /></phr><phr n="space"><ent r="1" t="91" w="235" /><ent r="1" t="143" w="40" /><ent r="1" t="180" w="599" /></phr><phr n="Spacing"><ent r="90" t="139" w="231" /><ent r="1" t="139" w="234" /></phr></stem><stem n="primari"><phr n="Primary"><ent r="1000" t="30" w="2" /><ent r="100" t="30" w="7" /><ent r="1" t="145" w="126" /><ent r="1" t="146" w="98" /><ent r="1" t="146" w="166" /><ent r="1" t="149" w="103" /><ent r="51" t="149" w="213" /><ent r="1" t="155" w="402" /><ent r="1" t="155" w="469" /><ent r="1" t="155" w="1164" /></phr><phr n="primary"><ent r="1" t="30" w="17" /><ent r="1" t="30" w="83" /><ent r="1" t="70" w="156" /><ent r="1" t="71" w="28" /><ent r="1" t="141" w="79" /><ent r="1" t="146" w="31" /><ent r="1" t="147" w="92" /><ent r="1" t="149" w="200" /><ent r="1" t="150" w="279" /><ent r="1" t="155" w="781" /><ent r="1" t="155" w="800" /><ent r="1" t="155" w="986" /><ent r="1" t="155" w="1018" /><ent r="1" t="155" w="1387" /><ent r="1" t="155" w="1445" /><ent r="51" t="168" w="311" /><ent r="1" t="168" w="329" /></phr></stem><stem n="raster"><phr n="Raster"><ent r="1000" t="30" w="3" /><ent r="100" t="30" w="8" /><ent r="1" t="74" w="117" /><ent r="51" t="122" w="43" /><ent r="1000" t="128" w="1" /><ent r="100" t="128" w="5" /><ent r="1" t="128" w="11" /><ent r="51" t="128" w="63" /><ent r="51" t="128" w="113" /><ent r="1000" t="141" w="1" /><ent r="100" t="141" w="5" /><ent r="100" t="141" w="8" /><ent r="1" t="141" w="114" /><ent r="1" t="159" w="1150" /><ent r="1" t="160" w="1207" /></phr><phr n="raster"><ent r="1" t="30" w="18" /><ent r="1" t="30" w="84" /><ent r="1" t="47" w="135" /><ent r="51" t="77" w="255" /><ent r="1" t="78" w="131" /><ent r="1" t="82" w="19" /><ent r="1" t="82" w="135" /><ent r="1" t="128" w="21" /><ent r="1" t="128" w="416" /><ent r="1" t="128" w="833" /><ent r="1" t="132" w="185" /><ent r="1" t="136" w="543" /><ent r="1" t="141" w="14" /><ent r="1" t="141" w="50" /><ent r="1" t="141" w="60" /><ent r="1" t="141" w="64" /><ent r="1" t="141" w="80" /><ent r="51" t="141" w="288" /><ent r="1" t="141" w="682" /><ent r="1" t="148" w="20" /><ent r="1" t="148" w="42" /><ent r="1" t="148" w="51" /><ent r="1" t="148" w="108" /><ent r="51" t="149" w="19" /></phr></stem><stem n="pack"><phr n="Pack"><ent r="51" t="31" w="54" /><ent r="51" t="121" w="121" /></phr></stem><stem n="percent"><phr n="percent"><ent r="1" t="31" w="86" /><ent r="1" t="41" w="257" /><ent r="1" t="41" w="263" /><ent r="1" t="89" w="218" /><ent r="1" t="89" w="224" /><ent r="1" t="121" w="153" /></phr><phr n="Percent"><ent r="51" t="40" w="142" /></phr></stem><stem n="qualiti"><phr n="quality"><ent r="1" t="31" w="88" /><ent r="1" t="121" w="155" /><ent r="1" t="171" w="55" /><ent r="1" t="171" w="80" /><ent r="1" t="171" w="92" /><ent r="1" t="171" w="142" /><ent r="1" t="171" w="152" /></phr><phr n="Quality"><ent r="51" t="171" w="67" /></phr></stem><stem n="numer"><phr n="numerous"><ent r="1" t="31" w="126" /><ent r="1" t="121" w="186" /></phr><phr n="numeric"><ent r="1" t="159" w="1552" /><ent r="1" t="160" w="1348" /></phr></stem><stem n="fine"><phr n="fine"><ent r="1" t="31" w="129" /><ent r="1" t="121" w="189" /></phr></stem><stem n="fine-tun"><phr n="fine-tuning"><ent r="1" t="31" w="129" /><ent r="1" t="121" w="189" /></phr></stem><stem n="tune"><phr n="tuning"><ent r="1" t="31" w="130" /><ent r="1" t="121" w="190" /><ent r="1" t="180" w="276" /></phr><phr n="tuned"><ent r="1" t="180" w="227" /><ent r="1" t="180" w="255" /><ent r="1" t="180" w="268" /></phr></stem><stem n="plu"><phr n="plus"><ent r="1" t="31" w="137" /><ent r="1" t="57" w="150" /><ent r="1" t="85" w="132" /><ent r="1" t="89" w="152" /><ent r="1" t="90" w="93" /><ent r="1" t="91" w="108" /><ent r="1" t="91" w="124" /><ent r="1" t="92" w="109" /><ent r="1" t="92" w="125" /><ent r="1" t="120" w="80" /><ent r="1" t="121" w="62" /><ent r="1" t="121" w="197" /><ent r="1" t="123" w="99" /><ent r="1" t="124" w="99" /><ent r="1" t="125" w="113" /><ent r="1" t="126" w="111" /><ent r="1" t="127" w="103" /><ent r="1" t="128" w="99" /><ent r="1" t="129" w="100" /><ent r="1" t="130" w="104" /><ent r="1" t="143" w="898" /><ent r="1" t="184" w="52" /><ent r="1" t="184" w="115" /></phr></stem><stem n="minu"><phr n="minus"><ent r="1" t="31" w="140" /><ent r="1" t="120" w="83" /><ent r="1" t="121" w="200" /><ent r="1" t="153" w="1382" /></phr></stem><stem n="section"><phr n="section"><ent r="1" t="31" w="147" /><ent r="1" t="120" w="90" /><ent r="1" t="121" w="207" /><ent r="1" t="152" w="1550" /><ent r="1" t="153" w="1788" /><ent r="1" t="159" w="1287" /><ent r="1" t="159" w="1308" /><ent r="1" t="159" w="1325" /><ent r="1" t="160" w="1041" /></phr><phr n="sections"><ent r="1" t="141" w="262" /><ent r="1" t="159" w="1295" /><ent r="1" t="160" w="1050" /><ent r="1" t="170" w="125" /></phr></stem><stem n="vari"><phr n="vary"><ent r="1" t="32" w="41" /><ent r="1" t="138" w="127" /></phr><phr n="varies"><ent r="1" t="194" w="469" /></phr></stem><stem n="usual"><phr n="usually"><ent r="1" t="33" w="48" /><ent r="1" t="108" w="206" /></phr></stem><stem n="selector"><phr n="Selector"><ent r="1" t="34" w="65" /></phr></stem><stem n="describ"><phr n="describes"><ent r="1" t="34" w="76" /><ent r="1" t="77" w="101" /><ent r="1" t="96" w="110" /></phr><phr n="described"><ent r="1" t="120" w="29" /><ent r="1" t="160" w="659" /></phr><phr n="describe"><ent r="1" t="157" w="1177" /></phr><phr n="describing"><ent r="51" t="169" w="81" /></phr><phr n="Describes"><ent r="51" t="169" w="341" /></phr></stem><stem n="correspond"><phr n="corresponding"><ent r="1" t="34" w="83" /><ent r="1" t="36" w="20" /><ent r="1" t="82" w="148" /><ent r="1" t="92" w="404" /><ent r="1" t="144" w="171" /><ent r="1" t="152" w="224" /><ent r="51" t="152" w="1073" /><ent r="1" t="153" w="2492" /></phr><phr n="correspond"><ent r="1" t="93" w="216" /><ent r="1" t="128" w="511" /><ent r="1" t="128" w="912" /><ent r="1" t="136" w="276" /><ent r="1" t="141" w="415" /><ent r="1" t="153" w="1244" /><ent r="1" t="193" w="44" /><ent r="1" t="194" w="529" /></phr></stem><stem n="spectra"><phr n="spectra"><ent r="1" t="36" w="45" /><ent r="1" t="154" w="128" /></phr></stem><stem n="sub"><phr n="sub"><ent r="1" t="38" w="53" /><ent r="1" t="39" w="49" /><ent r="1" t="40" w="61" /><ent r="1" t="40" w="101" /><ent r="1" t="40" w="126" /><ent r="1" t="40" w="158" /><ent r="1" t="49" w="57" /><ent r="1" t="51" w="168" /><ent r="1" t="73" w="105" /><ent r="1" t="76" w="157" /><ent r="1" t="78" w="95" /><ent r="1" t="85" w="64" /><ent r="1" t="85" w="80" /><ent r="1" t="85" w="83" /><ent r="1" t="85" w="128" /><ent r="1" t="102" w="299" /><ent r="1" t="102" w="431" /><ent r="1" t="102" w="579" /></phr><phr n="Sub"><ent r="1" t="102" w="311" /><ent r="1" t="102" w="443" /><ent r="1" t="102" w="589" /></phr></stem><stem n="sub-menu"><phr n="sub-menu"><ent r="1" t="38" w="53" /><ent r="1" t="39" w="49" /><ent r="1" t="40" w="61" /><ent r="1" t="40" w="101" /><ent r="1" t="40" w="126" /><ent r="1" t="40" w="158" /><ent r="1" t="49" w="57" /><ent r="1" t="51" w="168" /><ent r="1" t="73" w="105" /><ent r="1" t="76" w="157" /><ent r="1" t="78" w="95" /><ent r="1" t="102" w="299" /><ent r="1" t="102" w="431" /><ent r="1" t="102" w="579" /></phr><phr n="Sub-menu"><ent r="1" t="102" w="311" /><ent r="1" t="102" w="443" /><ent r="1" t="102" w="589" /></phr></stem><stem n="delai"><phr n="Delay"><ent r="1" t="38" w="62" /></phr><phr n="delay"><ent r="1" t="180" w="647" /></phr></stem><stem n="instant"><phr n="Instant"><ent r="1" t="38" w="73" /></phr></stem><stem n="free"><phr n="Free"><ent r="51" t="39" w="161" /><ent r="1" t="152" w="956" /></phr><phr n="free"><ent r="1" t="72" w="56" /></phr></stem><stem n="center"><phr n="Center"><ent r="51" t="40" w="84" /><ent r="51" t="43" w="378" /><ent r="1" t="57" w="169" /><ent r="1" t="154" w="910" /></phr><phr n="center"><ent r="1" t="40" w="95" /><ent r="1" t="40" w="216" /><ent r="1" t="43" w="359" /><ent r="1" t="43" w="374" /><ent r="1" t="43" w="389" /><ent r="1" t="57" w="171" /><ent r="1" t="84" w="38" /><ent r="1" t="107" w="174" /><ent r="1" t="131" w="232" /><ent r="1" t="133" w="245" /><ent r="1" t="147" w="127" /><ent r="1" t="152" w="980" /><ent r="1" t="153" w="1623" /><ent r="1" t="153" w="2360" /><ent r="1" t="155" w="793" /><ent r="1" t="155" w="1408" /><ent r="1" t="158" w="655" /><ent r="51" t="169" w="619" /></phr><phr n="centers"><ent r="1" t="57" w="198" /><ent r="1" t="153" w="2813" /></phr></stem><stem n="so"><phr n="so"><ent r="1" t="40" w="191" /><ent r="1" t="42" w="174" /><ent r="1" t="42" w="207" /><ent r="1" t="51" w="193" /><ent r="1" t="66" w="72" /><ent r="1" t="91" w="261" /><ent r="1" t="103" w="879" /><ent r="1" t="141" w="94" /><ent r="1" t="143" w="651" /><ent r="1" t="150" w="49" /><ent r="1" t="152" w="263" /><ent r="1" t="152" w="1993" /><ent r="1" t="153" w="319" /><ent r="1" t="153" w="1466" /><ent r="1" t="153" w="1981" /><ent r="1" t="153" w="2148" /><ent r="1" t="153" w="2558" /><ent r="1" t="153" w="2707" /><ent r="1" t="153" w="2827" /><ent r="1" t="155" w="746" /><ent r="1" t="157" w="722" /><ent r="1" t="159" w="1520" /><ent r="1" t="160" w="612" /><ent r="1" t="160" w="767" /><ent r="1" t="160" w="1316" /><ent r="51" t="160" w="1489" /><ent r="1" t="163" w="60" /><ent r="1" t="180" w="453" /><ent r="1" t="194" w="422" /></phr><phr n="So"><ent r="1" t="151" w="147" /><ent r="1" t="159" w="1168" /></phr></stem><stem n="depict"><phr n="depicting"><ent r="1" t="41" w="72" /></phr></stem><stem n="left-click"><phr n="Left-click"><ent r="1" t="41" w="83" /></phr></stem><stem n="shift+left"><phr n="Shift+left"><ent r="1" t="41" w="95" /></phr><phr n="Shift+Left"><ent r="1" t="150" w="320" /></phr></stem><stem n="shift+left-click"><phr n="Shift+left-click"><ent r="1" t="41" w="95" /></phr></stem><stem n="trail"><phr n="Trail"><ent r="90" t="41" w="115" /><ent r="51" t="41" w="181" /><ent r="51" t="41" w="200" /><ent r="51" t="41" w="230" /><ent r="1" t="41" w="237" /><ent r="1" t="41" w="301" /><ent r="51" t="89" w="175" /></phr><phr n="trail"><ent r="1" t="41" w="127" /><ent r="1" t="41" w="139" /><ent r="1" t="41" w="150" /><ent r="51" t="41" w="168" /><ent r="51" t="41" w="187" /><ent r="1" t="41" w="249" /><ent r="1" t="41" w="313" /><ent r="1" t="41" w="335" /><ent r="1" t="88" w="23" /><ent r="1" t="88" w="36" /><ent r="1" t="89" w="17" /><ent r="1" t="89" w="32" /><ent r="1" t="89" w="85" /><ent r="1" t="89" w="97" /><ent r="1" t="89" w="110" /><ent r="1" t="89" w="188" /><ent r="1" t="89" w="210" /><ent r="1" t="89" w="234" /></phr></stem><stem n="leav"><phr n="leaves"><ent r="1" t="41" w="123" /><ent r="1" t="89" w="81" /></phr><phr n="leave"><ent r="1" t="55" w="198" /><ent r="1" t="70" w="49" /><ent r="1" t="131" w="353" /><ent r="1" t="132" w="139" /><ent r="1" t="133" w="173" /><ent r="1" t="134" w="177" /><ent r="1" t="135" w="76" /><ent r="1" t="136" w="94" /><ent r="1" t="137" w="249" /><ent r="1" t="138" w="178" /><ent r="1" t="139" w="110" /><ent r="1" t="140" w="206" /><ent r="1" t="141" w="179" /><ent r="1" t="143" w="928" /><ent r="1" t="144" w="226" /><ent r="1" t="153" w="1443" /><ent r="1" t="154" w="1273" /><ent r="1" t="155" w="626" /><ent r="1" t="191" w="209" /></phr><phr n="Leave"><ent r="1" t="152" w="2059" /></phr></stem><stem n="snail"><phr n="snail"><ent r="1" t="41" w="126" /><ent r="1" t="89" w="84" /></phr></stem><stem n="you'v"><phr n="you've"><ent r="1" t="41" w="131" /><ent r="1" t="41" w="130" /><ent r="1" t="89" w="89" /><ent r="1" t="89" w="88" /><ent r="1" t="155" w="383" /><ent r="1" t="155" w="382" /></phr></stem><stem n="ve"><phr n="ve"><ent r="1" t="41" w="131" /><ent r="1" t="89" w="89" /><ent r="1" t="109" w="9" /><ent r="1" t="155" w="383" /></phr></stem><stem n="look"><phr n="looked"><ent r="1" t="41" w="132" /><ent r="1" t="89" w="90" /></phr><phr n="looking"><ent r="1" t="42" w="25" /></phr><phr n="look"><ent r="1" t="102" w="259" /><ent r="1" t="102" w="401" /><ent r="1" t="102" w="539" /><ent r="1" t="152" w="1959" /><ent r="51" t="156" w="941" /><ent r="51" t="160" w="1232" /><ent r="1" t="160" w="1454" /><ent r="1" t="171" w="159" /></phr><phr n="looks"><ent r="1" t="123" w="144" /><ent r="1" t="143" w="712" /><ent r="1" t="160" w="772" /></phr><phr n="Look"><ent r="1000" t="145" w="4" /><ent r="100" t="145" w="13" /><ent r="1" t="145" w="22" /><ent r="51" t="145" w="302" /><ent r="1000" t="146" w="4" /><ent r="100" t="146" w="13" /><ent r="1" t="146" w="142" /><ent r="51" t="146" w="151" /><ent r="1" t="146" w="269" /><ent r="1" t="148" w="9" /><ent r="51" t="151" w="291" /><ent r="1000" t="155" w="3" /><ent r="100" t="155" w="11" /><ent r="1" t="155" w="48" /><ent r="1" t="155" w="69" /><ent r="51" t="155" w="98" /><ent r="1" t="155" w="356" /><ent r="1" t="155" w="364" /><ent r="1" t="155" w="374" /><ent r="1" t="155" w="599" /><ent r="1" t="155" w="656" /><ent r="1" t="155" w="738" /><ent r="1" t="155" w="906" /><ent r="1" t="155" w="1438" /><ent r="1" t="155" w="1506" /></phr></stem><stem n="opac"><phr n="opacity"><ent r="1" t="41" w="144" /><ent r="51" t="41" w="218" /><ent r="51" t="41" w="231" /><ent r="1" t="41" w="244" /><ent r="1" t="89" w="104" /><ent r="1" t="123" w="159" /><ent r="1" t="136" w="147" /><ent r="1" t="141" w="251" /></phr><phr n="Opacity"><ent r="1" t="41" w="238" /><ent r="51" t="89" w="204" /><ent r="51" t="136" w="143" /><ent r="51" t="141" w="247" /></phr></stem><stem n="snapshot"><phr n="snapshot"><ent r="1" t="41" w="156" /><ent r="1" t="44" w="24" /><ent r="1" t="44" w="65" /><ent r="51" t="44" w="77" /></phr><phr n="Snapshot"><ent r="1000" t="44" w="3" /><ent r="100" t="44" w="7" /><ent r="51" t="44" w="113" /></phr></stem><stem n="opaqu"><phr n="opaque"><ent r="1" t="41" w="247" /><ent r="1" t="41" w="266" /><ent r="1" t="89" w="208" /><ent r="1" t="89" w="227" /><ent r="1" t="150" w="252" /><ent r="1" t="155" w="1341" /><ent r="51" t="185" w="58" /></phr></stem><stem n="zero"><phr n="Zero"><ent r="1" t="41" w="256" /><ent r="1" t="89" w="217" /></phr><phr n="zero"><ent r="1" t="143" w="673" /><ent r="51" t="169" w="680" /></phr></stem><stem n="complet"><phr n="completely"><ent r="1" t="41" w="259" /><ent r="1" t="41" w="265" /><ent r="1" t="89" w="220" /><ent r="1" t="89" w="226" /><ent r="1" t="155" w="1307" /><ent r="51" t="158" w="215" /><ent r="51" t="160" w="169" /><ent r="1" t="160" w="489" /></phr><phr n="completion"><ent r="51" t="68" w="319" /><ent r="1" t="153" w="2084" /></phr><phr n="completed"><ent r="1" t="87" w="93" /><ent r="1" t="87" w="212" /><ent r="1" t="87" w="233" /><ent r="1" t="109" w="10" /><ent r="1" t="149" w="318" /><ent r="1" t="154" w="1413" /></phr><phr n="completes"><ent r="1" t="87" w="98" /></phr><phr n="complete"><ent r="1" t="93" w="193" /><ent r="1" t="152" w="536" /><ent r="1" t="152" w="2246" /><ent r="1" t="153" w="222" /><ent r="1" t="154" w="772" /><ent r="1" t="154" w="955" /><ent r="51" t="158" w="255" /><ent r="1" t="159" w="933" /><ent r="1" t="166" w="37" /><ent r="1" t="194" w="84" /></phr></stem><stem n="transpar"><phr n="transparent"><ent r="1" t="41" w="260" /><ent r="1" t="89" w="221" /><ent r="1" t="150" w="250" /><ent r="1" t="155" w="1308" /><ent r="1" t="155" w="1339" /><ent r="51" t="185" w="49" /></phr><phr n="transparency"><ent r="1" t="150" w="55" /><ent r="1" t="150" w="235" /><ent r="1" t="150" w="243" /><ent r="1" t="150" w="248" /><ent r="1" t="155" w="1202" /><ent r="1" t="155" w="1324" /><ent r="1" t="155" w="1332" /><ent r="1" t="155" w="1337" /><ent r="51" t="185" w="31" /></phr></stem><stem n="hundr"><phr n="hundred"><ent r="1" t="41" w="262" /><ent r="1" t="89" w="223" /></phr></stem><stem n="won"><phr n="won"><ent r="1" t="41" w="309" /><ent r="1" t="68" w="298" /><ent r="1" t="89" w="230" /><ent r="1" t="92" w="375" /><ent r="1" t="154" w="1431" /></phr></stem><stem n="won't"><phr n="won't"><ent r="1" t="41" w="310" /><ent r="1" t="41" w="309" /><ent r="1" t="68" w="299" /><ent r="1" t="68" w="298" /><ent r="1" t="89" w="231" /><ent r="1" t="89" w="230" /><ent r="1" t="92" w="376" /><ent r="1" t="92" w="375" /><ent r="1" t="154" w="1432" /><ent r="1" t="154" w="1431" /></phr></stem><stem n="reach"><phr n="reach"><ent r="1" t="41" w="316" /><ent r="1" t="89" w="237" /></phr></stem><stem n="aspect"><phr n="aspects"><ent r="1" t="42" w="15" /><ent r="1" t="42" w="42" /></phr></stem><stem n="taken"><phr n="taken"><ent r="1" t="42" w="30" /><ent r="1" t="44" w="67" /><ent r="1" t="145" w="42" /><ent r="1" t="155" w="35" /><ent r="1" t="155" w="118" /><ent r="1" t="169" w="50" /></phr></stem><stem n="differ"><phr n="different"><ent r="1" t="42" w="33" /><ent r="1" t="43" w="303" /><ent r="1" t="47" w="106" /><ent r="1" t="55" w="143" /><ent r="1" t="61" w="277" /><ent r="51" t="67" w="126" /><ent r="1" t="99" w="101" /><ent r="1" t="108" w="190" /><ent r="1" t="133" w="64" /><ent r="1" t="143" w="16" /><ent r="1" t="143" w="208" /><ent r="1" t="143" w="714" /><ent r="1" t="145" w="44" /><ent r="1" t="146" w="44" /><ent r="1" t="147" w="39" /><ent r="1" t="149" w="340" /><ent r="1" t="152" w="465" /><ent r="1" t="152" w="1190" /><ent r="1" t="152" w="1209" /><ent r="1" t="152" w="1400" /><ent r="1" t="153" w="609" /><ent r="1" t="154" w="334" /><ent r="1" t="155" w="120" /><ent r="1" t="155" w="293" /><ent r="1" t="155" w="705" /><ent r="1" t="155" w="1112" /><ent r="1" t="156" w="577" /><ent r="1" t="157" w="556" /><ent r="1" t="158" w="451" /><ent r="1" t="159" w="465" /><ent r="51" t="160" w="157" /><ent r="1" t="160" w="362" /><ent r="1" t="168" w="81" /><ent r="1" t="168" w="177" /><ent r="1" t="171" w="161" /><ent r="1" t="180" w="628" /><ent r="1" t="191" w="252" /></phr><phr n="Different"><ent r="51" t="141" w="293" /></phr><phr n="Difference"><ent r="1" t="153" w="260" /><ent r="1" t="153" w="1810" /></phr><phr n="difference"><ent r="51" t="171" w="134" /><ent r="1" t="171" w="168" /></phr></stem><stem n="duplic"><phr n="duplicate"><ent r="1" t="42" w="54" /><ent r="1" t="42" w="133" /></phr></stem><stem n="link/unlink."><phr n="Link/Unlink."><ent r="51" t="42" w="84" /><ent r="51" t="42" w="83" /></phr></stem><stem n="sourc"><phr n="source"><ent r="1" t="42" w="111" /><ent r="1" t="42" w="232" /><ent r="1" t="42" w="244" /><ent r="1" t="53" w="96" /><ent r="1" t="53" w="113" /><ent r="1" t="144" w="43" /><ent r="1" t="156" w="1159" /></phr><phr n="Source"><ent r="1" t="153" w="2185" /><ent r="1" t="153" w="2223" /><ent r="1" t="153" w="2296" /></phr></stem><stem n="next&gt;"><phr n="Next&gt;"><ent r="51" t="42" w="123" /><ent r="51" t="42" w="253" /><ent r="51" t="146" w="300" /><ent r="51" t="147" w="280" /><ent r="51" t="148" w="101" /><ent r="51" t="153" w="2191" /><ent r="51" t="153" w="2311" /><ent r="51" t="155" w="651" /><ent r="51" t="155" w="913" /><ent r="51" t="155" w="1046" /></phr></stem><stem n="individu"><phr n="individual"><ent r="1" t="42" w="153" /><ent r="1" t="64" w="392" /><ent r="1" t="70" w="41" /><ent r="1" t="96" w="185" /><ent r="1" t="101" w="99" /><ent r="1" t="101" w="155" /><ent r="1" t="103" w="811" /><ent r="1" t="107" w="243" /><ent r="1" t="108" w="82" /><ent r="1" t="108" w="138" /><ent r="1" t="152" w="194" /><ent r="1" t="154" w="692" /><ent r="1" t="194" w="374" /></phr><phr n="individually"><ent r="1" t="124" w="195" /><ent r="1" t="129" w="237" /><ent r="1" t="130" w="207" /></phr></stem><stem n="both"><phr n="both"><ent r="1" t="42" w="181" /><ent r="51" t="53" w="111" /><ent r="1" t="61" w="23" /><ent r="1" t="68" w="80" /><ent r="1" t="107" w="258" /><ent r="1" t="140" w="45" /><ent r="1" t="149" w="127" /><ent r="1" t="153" w="158" /><ent r="1" t="153" w="1985" /><ent r="1" t="153" w="2098" /><ent r="1" t="153" w="2149" /><ent r="1" t="153" w="2305" /><ent r="1" t="154" w="38" /><ent r="1" t="155" w="378" /><ent r="1" t="155" w="627" /><ent r="1" t="155" w="1033" /><ent r="1" t="155" w="1143" /><ent r="1" t="158" w="855" /><ent r="1" t="169" w="38" /><ent r="1" t="194" w="281" /></phr><phr n="Both"><ent r="1" t="155" w="1483" /><ent r="1" t="158" w="958" /></phr></stem><stem n="mirror"><phr n="Mirror"><ent r="51" t="42" w="193" /><ent r="1" t="153" w="2251" /></phr></stem><stem n="two-wai"><phr n="Two-Way"><ent r="51" t="42" w="225" /><ent r="51" t="153" w="2283" /></phr></stem><stem n="destin"><phr n="destination"><ent r="1" t="42" w="236" /><ent r="1" t="42" w="240" /><ent r="1" t="42" w="263" /><ent r="1" t="62" w="15" /><ent r="1" t="93" w="477" /><ent r="1" t="194" w="213" /><ent r="1" t="194" w="284" /></phr><phr n="Destination"><ent r="1" t="153" w="2301" /><ent r="1" t="153" w="2333" /></phr></stem><stem n="third"><phr n="third"><ent r="1" t="42" w="258" /></phr></stem><stem n="capabl"><phr n="capabilities"><ent r="1" t="43" w="62" /><ent r="1" t="160" w="134" /><ent r="1" t="194" w="227" /><ent r="1" t="194" w="250" /></phr><phr n="capability"><ent r="1" t="136" w="574" /><ent r="1" t="141" w="713" /></phr><phr n="capable"><ent r="1" t="145" w="101" /><ent r="1" t="195" w="106" /></phr></stem><stem n="corner"><phr n="Corner"><ent r="1" t="43" w="88" /><ent r="1" t="132" w="310" /><ent r="1" t="137" w="33" /><ent r="1" t="137" w="35" /><ent r="1" t="144" w="45" /><ent r="51" t="153" w="738" /><ent r="51" t="153" w="2068" /><ent r="1" t="153" w="2761" /></phr><phr n="corner"><ent r="1" t="46" w="79" /><ent r="51" t="52" w="71" /><ent r="1" t="62" w="29" /><ent r="1" t="85" w="229" /><ent r="1" t="90" w="37" /><ent r="1" t="152" w="704" /><ent r="1" t="153" w="964" /><ent r="1" t="154" w="483" /><ent r="1" t="154" w="580" /><ent r="1" t="156" w="1001" /><ent r="1" t="158" w="1244" /><ent r="1" t="159" w="558" /><ent r="1" t="159" w="626" /><ent r="1" t="159" w="797" /></phr><phr n="corners"><ent r="51" t="52" w="81" /><ent r="51" t="52" w="133" /><ent r="1" t="58" w="98" /><ent r="1" t="59" w="113" /><ent r="51" t="162" w="48" /><ent r="51" t="162" w="73" /><ent r="51" t="162" w="118" /></phr></stem><stem n="warn"><phr n="warning"><ent r="1" t="43" w="93" /><ent r="1" t="146" w="92" /><ent r="1" t="154" w="1388" /><ent r="1" t="155" w="463" /><ent r="1" t="155" w="1173" /></phr><phr n="warnings"><ent r="1" t="85" w="67" /></phr></stem><stem n="exact"><phr n="exact"><ent r="1" t="43" w="170" /></phr></stem><stem n="cursor"><phr n="cursor"><ent r="1" t="43" w="182" /><ent r="1" t="92" w="336" /><ent r="1" t="93" w="209" /><ent r="1" t="107" w="160" /><ent r="1" t="152" w="2133" /><ent r="1" t="153" w="1670" /><ent r="1" t="154" w="516" /><ent r="1" t="155" w="1400" /><ent r="1" t="158" w="1078" /><ent r="1" t="158" w="1195" /><ent r="1" t="194" w="101" /></phr></stem><stem n="extent"><phr n="extents"><ent r="1" t="43" w="295" /><ent r="1" t="91" w="264" /><ent r="1" t="92" w="505" /><ent r="1" t="139" w="259" /><ent r="1" t="156" w="365" /><ent r="1" t="157" w="346" /></phr><phr n="Extents"><ent r="1" t="92" w="485" /><ent r="1" t="92" w="497" /></phr><phr n="extent"><ent r="1" t="153" w="318" /></phr></stem><stem n="tri"><phr n="tries"><ent r="1" t="43" w="351" /></phr></stem><stem n="keep"><phr n="keep"><ent r="1" t="43" w="353" /><ent r="1" t="152" w="2222" /></phr></stem><stem n="becom"><phr n="become"><ent r="1" t="43" w="372" /><ent r="1" t="133" w="372" /><ent r="1" t="150" w="349" /><ent r="1" t="159" w="234" /></phr></stem><stem n="off-cent"><phr n="off-center"><ent r="1" t="43" w="373" /></phr></stem><stem n="ensur"><phr n="ensure"><ent r="1" t="43" w="400" /><ent r="1" t="96" w="242" /><ent r="1" t="153" w="786" /><ent r="1" t="153" w="796" /></phr></stem></index>