﻿<?xml version="1.0" encoding="utf-8"?><index><stem n="automat"><phr n="automatically"><ent r="7" t="8" w="231" /><ent r="4" t="10" w="38" /><ent r="4" t="20" w="111" /><ent r="4" t="20" w="123" /><ent r="4" t="49" w="97" /><ent r="4" t="51" w="221" /><ent r="4" t="51" w="251" /><ent r="3" t="61" w="68" /><ent r="3" t="61" w="82" /><ent r="3" t="66" w="268" /><ent r="3" t="68" w="110" /><ent r="3" t="72" w="53" /><ent r="3" t="73" w="393" /><ent r="4" t="73" w="531" /><ent r="3" t="78" w="139" /><ent r="3" t="115" w="262" /><ent r="3" t="116" w="109" /><ent r="3" t="116" w="200" /><ent r="3" t="120" w="27" /><ent r="3" t="126" w="88" /><ent r="4" t="131" w="281" /><ent r="4" t="155" w="811" /><ent r="4" t="160" w="143" /><ent r="3" t="160" w="171" /><ent r="3" t="163" w="138" /><ent r="4" t="163" w="344" /><ent r="3" t="165" w="826" /><ent r="3" t="165" w="1713" /><ent r="4" t="165" w="2255" /><ent r="3" t="166" w="216" /><ent r="3" t="166" w="802" /><ent r="4" t="166" w="1095" /><ent r="4" t="167" w="747" /><ent r="4" t="167" w="937" /><ent r="4" t="168" w="854" /><ent r="3" t="168" w="880" /><ent r="3" t="168" w="1272" /><ent r="4" t="172" w="2024" /><ent r="5" t="175" w="226" /><ent r="5" t="175" w="241" /><ent r="7" t="181" w="481" /><ent r="3" t="190" w="160" /><ent r="3" t="208" w="183" /></phr><phr n="Automatic"><ent r="5" t="42" w="201" /><ent r="4" t="151" w="259" /><ent r="84" t="166" w="729" /><ent r="4" t="166" w="2296" /></phr><phr n="Automatically"><ent r="4" t="73" w="379" /></phr><phr n="automatic"><ent r="3" t="166" w="725" /></phr></stem><stem n="contrast"><phr n="contrasting"><ent r="7" t="8" w="234" /><ent r="4" t="167" w="943" /></phr><phr n="contrast"><ent r="100" t="12" w="5" /><ent r="7" t="12" w="39" /><ent r="7" t="12" w="66" /><ent r="6" t="12" w="91" /><ent r="3" t="79" w="138" /><ent r="3" t="79" w="211" /><ent r="3" t="81" w="31" /><ent r="5" t="81" w="205" /><ent r="5" t="81" w="236" /><ent r="5" t="81" w="263" /><ent r="5" t="83" w="154" /><ent r="4" t="87" w="156" /><ent r="5" t="140" w="354" /><ent r="5" t="140" w="387" /><ent r="5" t="140" w="425" /><ent r="5" t="140" w="771" /><ent r="5" t="140" w="804" /><ent r="5" t="140" w="842" /><ent r="5" t="148" w="486" /><ent r="5" t="148" w="516" /><ent r="5" t="148" w="557" /><ent r="3" t="153" w="45" /><ent r="5" t="153" w="639" /><ent r="5" t="153" w="669" /><ent r="5" t="153" w="710" /><ent r="100" t="165" w="71" /><ent r="4" t="165" w="74" /><ent r="3" t="165" w="194" /><ent r="3" t="165" w="209" /><ent r="3" t="165" w="1411" /><ent r="3" t="165" w="1425" /><ent r="3" t="165" w="1433" /><ent r="3" t="165" w="1761" /><ent r="4" t="165" w="1841" /><ent r="4" t="165" w="1861" /><ent r="4" t="165" w="1925" /><ent r="4" t="165" w="1947" /></phr><phr n="Contrast"><ent r="5" t="140" w="237" /><ent r="4" t="165" w="200" /><ent r="92" t="165" w="1735" /><ent r="4" t="165" w="1808" /><ent r="5" t="165" w="2034" /></phr></stem><stem n=":geo"><phr n=":Geo"><ent r="100" t="9" w="8" /></phr></stem><stem n="georefer"><phr n="Georeference"><ent r="67" t="9" w="29" /><ent r="64" t="65" w="117" /><ent r="1000" t="100" w="1" /><ent r="102" t="100" w="5" /><ent r="3" t="100" w="259" /><ent r="5" t="100" w="307" /><ent r="3" t="100" w="311" /><ent r="3" t="100" w="319" /><ent r="4" t="100" w="339" /><ent r="7" t="115" w="389" /><ent r="4" t="158" w="173" /><ent r="64" t="164" w="327" /><ent r="1000" t="166" w="2" /><ent r="102" t="166" w="21" /><ent r="4" t="166" w="99" /><ent r="92" t="166" w="715" /><ent r="84" t="166" w="730" /><ent r="5" t="166" w="762" /><ent r="4" t="166" w="771" /><ent r="3" t="166" w="861" /><ent r="4" t="166" w="922" /><ent r="93" t="166" w="1079" /><ent r="4" t="166" w="1100" /><ent r="4" t="166" w="1614" /><ent r="5" t="166" w="1635" /><ent r="4" t="166" w="1645" /><ent r="4" t="166" w="2092" /><ent r="5" t="166" w="2103" /><ent r="3" t="166" w="2112" /><ent r="5" t="169" w="704" /><ent r="4" t="169" w="709" /><ent r="3" t="169" w="723" /><ent r="4" t="170" w="56" /><ent r="4" t="170" w="729" /><ent r="4" t="170" w="733" /><ent r="3" t="178" w="84" /></phr><phr n="georeference"><ent r="64" t="21" w="219" /><ent r="100" t="100" w="3" /><ent r="3" t="100" w="8" /><ent r="3" t="100" w="106" /><ent r="3" t="100" w="158" /><ent r="3" t="100" w="192" /><ent r="4" t="160" w="118" /><ent r="100" t="166" w="11" /><ent r="4" t="166" w="131" /><ent r="3" t="166" w="723" /><ent r="3" t="166" w="828" /><ent r="4" t="170" w="751" /><ent r="3" t="178" w="19" /><ent r="3" t="215" w="17" /><ent r="3" t="215" w="76" /><ent r="3" t="215" w="81" /><ent r="3" t="215" w="320" /></phr></stem><stem n="gcp"><phr n="GCP"><ent r="7" t="9" w="36" /><ent r="6" t="9" w="49" /><ent r="7" t="9" w="58" /><ent r="7" t="9" w="67" /><ent r="68" t="9" w="72" /><ent r="3" t="42" w="69" /><ent r="4" t="42" w="148" /><ent r="3" t="43" w="98" /><ent r="4" t="49" w="91" /><ent r="1000" t="65" w="1" /><ent r="100" t="65" w="3" /><ent r="102" t="65" w="5" /><ent r="3" t="65" w="11" /><ent r="64" t="65" w="67" /><ent r="64" t="65" w="109" /><ent r="1000" t="66" w="1" /><ent r="100" t="66" w="4" /><ent r="100" t="66" w="5" /><ent r="102" t="66" w="8" /><ent r="3" t="66" w="15" /><ent r="3" t="66" w="34" /><ent r="3" t="66" w="41" /><ent r="3" t="66" w="47" /><ent r="4" t="66" w="66" /><ent r="3" t="66" w="80" /><ent r="3" t="66" w="85" /><ent r="3" t="66" w="94" /><ent r="4" t="66" w="102" /><ent r="3" t="66" w="132" /><ent r="3" t="66" w="177" /><ent r="4" t="66" w="184" /><ent r="4" t="66" w="198" /><ent r="3" t="66" w="282" /><ent r="3" t="66" w="287" /><ent r="3" t="66" w="291" /><ent r="3" t="66" w="299" /><ent r="64" t="66" w="310" /><ent r="1000" t="67" w="1" /><ent r="100" t="67" w="4" /><ent r="102" t="67" w="7" /><ent r="3" t="67" w="11" /><ent r="3" t="67" w="23" /><ent r="65" t="67" w="72" /><ent r="3" t="100" w="88" /><ent r="64" t="100" w="169" /><ent r="65" t="100" w="284" /><ent r="3" t="100" w="391" /><ent r="64" t="100" w="501" /><ent r="64" t="100" w="503" /><ent r="64" t="133" w="33" /><ent r="1000" t="136" w="1" /><ent r="102" t="136" w="5" /><ent r="100" t="136" w="9" /><ent r="100" t="136" w="14" /><ent r="3" t="136" w="18" /><ent r="4" t="136" w="84" /><ent r="3" t="144" w="263" /><ent r="1000" t="149" w="1" /><ent r="100" t="149" w="5" /><ent r="100" t="149" w="10" /><ent r="102" t="149" w="13" /><ent r="3" t="149" w="19" /><ent r="3" t="149" w="37" /><ent r="3" t="149" w="50" /><ent r="4" t="149" w="70" /><ent r="4" t="149" w="87" /><ent r="65" t="149" w="107" /><ent r="3" t="149" w="120" /><ent r="3" t="149" w="158" /><ent r="4" t="158" w="161" /><ent r="64" t="160" w="157" /><ent r="3" t="160" w="165" /><ent r="4" t="160" w="196" /><ent r="4" t="165" w="2240" /><ent r="4" t="166" w="781" /><ent r="83" t="166" w="975" /><ent r="4" t="166" w="981" /><ent r="5" t="166" w="996" /><ent r="3" t="166" w="1003" /><ent r="4" t="166" w="1013" /><ent r="4" t="166" w="1033" /><ent r="4" t="166" w="1055" /><ent r="4" t="166" w="1105" /><ent r="5" t="166" w="1124" /><ent r="3" t="166" w="1129" /><ent r="4" t="166" w="1138" /><ent r="5" t="166" w="1150" /><ent r="5" t="166" w="1161" /><ent r="3" t="166" w="1200" /><ent r="5" t="166" w="1220" /><ent r="3" t="166" w="1227" /><ent r="3" t="166" w="1237" /><ent r="4" t="166" w="1246" /><ent r="4" t="166" w="1258" /><ent r="4" t="166" w="1269" /><ent r="3" t="166" w="1300" /><ent r="3" t="166" w="1488" /><ent r="4" t="166" w="1511" /><ent r="8" t="166" w="1547" /><ent r="8" t="166" w="1558" /><ent r="3" t="166" w="1574" /><ent r="3" t="166" w="2122" /><ent r="4" t="166" w="2803" /><ent r="3" t="168" w="610" /><ent r="3" t="168" w="868" /><ent r="3" t="168" w="875" /><ent r="4" t="168" w="912" /><ent r="1000" t="178" w="1" /><ent r="100" t="178" w="5" /><ent r="102" t="178" w="9" /><ent r="3" t="191" w="27" /><ent r="100" t="215" w="154" /><ent r="3" t="215" w="160" /><ent r="3" t="215" w="186" /><ent r="3" t="215" w="210" /><ent r="3" t="215" w="229" /><ent r="3" t="215" w="237" /><ent r="3" t="215" w="241" /><ent r="3" t="215" w="244" /><ent r="3" t="215" w="266" /><ent r="3" t="215" w="270" /><ent r="3" t="215" w="334" /><ent r="3" t="215" w="384" /><ent r="3" t="215" w="449" /></phr><phr n="gcp"><ent r="4" t="22" w="203" /></phr><phr n="GCPs"><ent r="3" t="92" w="39" /><ent r="3" t="100" w="33" /><ent r="3" t="100" w="55" /><ent r="3" t="100" w="113" /><ent r="3" t="100" w="131" /><ent r="4" t="100" w="280" /><ent r="3" t="136" w="30" /><ent r="3" t="136" w="79" /><ent r="3" t="144" w="254" /><ent r="4" t="160" w="178" /><ent r="3" t="160" w="210" /><ent r="3" t="165" w="727" /><ent r="3" t="166" w="152" /><ent r="3" t="166" w="153" /><ent r="4" t="166" w="1168" /><ent r="4" t="166" w="1471" /><ent r="3" t="166" w="1506" /><ent r="3" t="166" w="1530" /><ent r="4" t="166" w="1604" /><ent r="3" t="168" w="897" /><ent r="4" t="168" w="1501" /><ent r="4" t="171" w="205" /><ent r="3" t="178" w="63" /><ent r="3" t="178" w="69" /><ent r="3" t="178" w="96" /><ent r="3" t="178" w="112" /><ent r="3" t="178" w="126" /><ent r="3" t="191" w="18" /><ent r="3" t="215" w="26" /><ent r="3" t="215" w="50" /><ent r="3" t="215" w="248" /><ent r="3" t="215" w="329" /><ent r="3" t="215" w="470" /></phr><phr n="Gcp"><ent r="5" t="136" w="135" /></phr></stem><stem n="&quot;no&quot;"><phr n="&quot;NO&quot;"><ent r="6" t="9" w="46" /></phr><phr n="&quot;No&quot;"><ent r="3" t="149" w="146" /></phr></stem><stem n="editor"><phr n="Editor"><ent r="7" t="9" w="68" /><ent r="68" t="9" w="73" /><ent r="7" t="10" w="113" /><ent r="68" t="10" w="126" /><ent r="64" t="65" w="110" /><ent r="1000" t="66" w="2" /><ent r="100" t="66" w="6" /><ent r="102" t="66" w="9" /><ent r="3" t="66" w="35" /><ent r="4" t="66" w="67" /><ent r="3" t="66" w="81" /><ent r="3" t="66" w="86" /><ent r="65" t="67" w="73" /><ent r="64" t="74" w="85" /><ent r="1000" t="75" w="3" /><ent r="100" t="75" w="7" /><ent r="102" t="75" w="11" /><ent r="3" t="75" w="16" /><ent r="3" t="75" w="57" /><ent r="3" t="75" w="99" /><ent r="3" t="75" w="112" /><ent r="4" t="75" w="127" /><ent r="3" t="75" w="133" /><ent r="4" t="88" w="111" /><ent r="64" t="100" w="170" /><ent r="65" t="100" w="285" /><ent r="3" t="101" w="133" /><ent r="65" t="149" w="108" /><ent r="1000" t="157" w="3" /><ent r="100" t="157" w="9" /><ent r="102" t="157" w="12" /><ent r="3" t="157" w="19" /><ent r="4" t="157" w="31" /><ent r="4" t="157" w="47" /><ent r="64" t="160" w="158" /><ent r="83" t="166" w="976" /><ent r="4" t="166" w="982" /><ent r="5" t="166" w="997" /><ent r="3" t="166" w="1004" /><ent r="4" t="166" w="1014" /><ent r="4" t="166" w="1056" /><ent r="5" t="166" w="1125" /><ent r="3" t="166" w="1130" /><ent r="4" t="166" w="1139" /><ent r="5" t="166" w="1221" /><ent r="3" t="166" w="1228" /><ent r="3" t="166" w="1238" /><ent r="4" t="166" w="1247" /><ent r="3" t="166" w="1489" /><ent r="4" t="166" w="1512" /><ent r="3" t="166" w="1575" /><ent r="3" t="168" w="869" /><ent r="3" t="215" w="230" /></phr><phr n="editor"><ent r="3" t="32" w="72" /><ent r="3" t="66" w="48" /><ent r="3" t="157" w="51" /></phr></stem><stem n=":tie"><phr n=":Tie"><ent r="100" t="10" w="10" /><ent r="100" t="142" w="17" /><ent r="100" t="152" w="12" /></phr><phr n=":tie"><ent r="100" t="160" w="6" /></phr></stem><stem n="sure"><phr n="sure"><ent r="4" t="10" w="18" /><ent r="4" t="20" w="309" /><ent r="4" t="21" w="468" /><ent r="4" t="43" w="114" /><ent r="4" t="44" w="138" /><ent r="4" t="44" w="160" /><ent r="4" t="44" w="192" /><ent r="4" t="44" w="214" /><ent r="3" t="45" w="18" /><ent r="4" t="51" w="238" /><ent r="5" t="57" w="43" /><ent r="4" t="58" w="20" /><ent r="3" t="60" w="28" /><ent r="4" t="64" w="53" /><ent r="4" t="76" w="65" /><ent r="3" t="82" w="43" /><ent r="3" t="83" w="71" /><ent r="3" t="90" w="30" /><ent r="3" t="113" w="357" /><ent r="3" t="113" w="499" /><ent r="3" t="120" w="200" /><ent r="4" t="126" w="37" /><ent r="4" t="159" w="126" /><ent r="4" t="165" w="439" /><ent r="4" t="165" w="552" /><ent r="4" t="166" w="589" /><ent r="3" t="166" w="787" /><ent r="4" t="166" w="1165" /><ent r="4" t="166" w="1973" /><ent r="4" t="167" w="301" /><ent r="4" t="167" w="474" /><ent r="4" t="167" w="704" /><ent r="3" t="167" w="719" /><ent r="4" t="168" w="261" /><ent r="4" t="168" w="375" /><ent r="4" t="168" w="926" /><ent r="3" t="168" w="932" /><ent r="4" t="168" w="1349" /><ent r="3" t="169" w="396" /><ent r="4" t="169" w="539" /><ent r="3" t="169" w="742" /><ent r="3" t="170" w="382" /><ent r="4" t="170" w="524" /><ent r="4" t="171" w="415" /><ent r="4" t="171" w="527" /><ent r="4" t="171" w="936" /><ent r="4" t="172" w="429" /><ent r="4" t="172" w="700" /><ent r="3" t="172" w="1622" /><ent r="4" t="173" w="326" /><ent r="4" t="173" w="1361" /><ent r="3" t="180" w="40" /><ent r="3" t="208" w="37" /><ent r="4" t="211" w="39" /><ent r="4" t="211" w="153" /><ent r="4" t="211" w="214" /><ent r="4" t="211" w="282" /></phr></stem><stem n="alreadi"><phr n="already"><ent r="4" t="10" w="34" /><ent r="3" t="14" w="61" /><ent r="4" t="20" w="397" /><ent r="4" t="20" w="429" /><ent r="3" t="50" w="94" /><ent r="4" t="72" w="120" /><ent r="6" t="96" w="59" /><ent r="6" t="98" w="55" /><ent r="6" t="99" w="56" /><ent r="3" t="113" w="488" /><ent r="4" t="116" w="172" /><ent r="6" t="131" w="66" /><ent r="6" t="134" w="53" /><ent r="6" t="135" w="53" /><ent r="6" t="136" w="53" /><ent r="6" t="137" w="60" /><ent r="6" t="138" w="48" /><ent r="6" t="139" w="52" /><ent r="6" t="140" w="49" /><ent r="6" t="141" w="49" /><ent r="6" t="142" w="59" /><ent r="3" t="155" w="244" /><ent r="3" t="155" w="922" /><ent r="5" t="167" w="1099" /><ent r="4" t="167" w="1249" /><ent r="4" t="167" w="1260" /><ent r="4" t="167" w="1432" /><ent r="4" t="168" w="425" /><ent r="3" t="168" w="1193" /><ent r="3" t="208" w="47" /><ent r="6" t="209" w="53" /><ent r="4" t="211" w="87" /></phr></stem><stem n="appli"><phr n="apply"><ent r="3" t="10" w="51" /><ent r="4" t="55" w="184" /><ent r="3" t="55" w="201" /><ent r="3" t="66" w="337" /><ent r="4" t="81" w="107" /><ent r="3" t="81" w="147" /><ent r="4" t="84" w="148" /><ent r="4" t="88" w="226" /><ent r="3" t="88" w="246" /><ent r="4" t="130" w="259" /><ent r="3" t="130" w="352" /><ent r="4" t="131" w="266" /><ent r="6" t="140" w="283" /><ent r="6" t="140" w="708" /><ent r="4" t="143" w="337" /><ent r="3" t="143" w="351" /><ent r="5" t="144" w="124" /><ent r="3" t="144" w="142" /><ent r="4" t="145" w="159" /><ent r="3" t="145" w="176" /><ent r="5" t="146" w="163" /><ent r="3" t="146" w="180" /><ent r="6" t="147" w="61" /><ent r="3" t="147" w="79" /><ent r="4" t="148" w="80" /><ent r="3" t="148" w="97" /><ent r="4" t="149" w="235" /><ent r="3" t="149" w="252" /><ent r="3" t="150" w="164" /><ent r="3" t="150" w="181" /><ent r="4" t="151" w="98" /><ent r="3" t="151" w="115" /><ent r="4" t="152" w="194" /><ent r="3" t="152" w="211" /><ent r="4" t="153" w="179" /><ent r="3" t="153" w="196" /><ent r="3" t="157" w="184" /><ent r="3" t="171" w="855" /><ent r="3" t="220" w="15" /></phr><phr n="applied"><ent r="7" t="12" w="69" /><ent r="6" t="82" w="318" /><ent r="3" t="85" w="43" /><ent r="6" t="96" w="44" /><ent r="6" t="96" w="71" /><ent r="6" t="98" w="40" /><ent r="6" t="98" w="67" /><ent r="6" t="99" w="41" /><ent r="6" t="99" w="68" /><ent r="3" t="111" w="89" /><ent r="6" t="131" w="51" /><ent r="6" t="131" w="78" /><ent r="6" t="134" w="38" /><ent r="6" t="134" w="65" /><ent r="6" t="135" w="38" /><ent r="6" t="135" w="65" /><ent r="6" t="136" w="38" /><ent r="6" t="136" w="65" /><ent r="6" t="137" w="45" /><ent r="6" t="137" w="72" /><ent r="6" t="138" w="33" /><ent r="6" t="138" w="60" /><ent r="6" t="139" w="37" /><ent r="6" t="139" w="64" /><ent r="6" t="140" w="34" /><ent r="6" t="140" w="61" /><ent r="4" t="140" w="470" /><ent r="6" t="141" w="34" /><ent r="6" t="141" w="61" /><ent r="6" t="142" w="44" /><ent r="6" t="142" w="71" /><ent r="3" t="155" w="447" /><ent r="3" t="161" w="55" /><ent r="3" t="197" w="290" /><ent r="6" t="209" w="38" /><ent r="6" t="209" w="65" /></phr><phr n="applies"><ent r="6" t="12" w="85" /><ent r="3" t="22" w="19" /><ent r="3" t="78" w="153" /><ent r="3" t="81" w="273" /><ent r="4" t="140" w="307" /><ent r="3" t="149" w="180" /><ent r="4" t="159" w="294" /><ent r="3" t="168" w="656" /><ent r="3" t="181" w="38" /><ent r="6" t="210" w="73" /></phr><phr n="Apply"><ent r="4" t="55" w="214" /><ent r="5" t="66" w="124" /><ent r="5" t="66" w="170" /><ent r="5" t="66" w="213" /><ent r="3" t="66" w="318" /><ent r="3" t="66" w="323" /><ent r="3" t="66" w="334" /><ent r="5" t="88" w="241" /><ent r="3" t="143" w="348" /><ent r="4" t="144" w="155" /><ent r="4" t="145" w="189" /><ent r="4" t="146" w="193" /><ent r="4" t="147" w="92" /><ent r="4" t="148" w="110" /><ent r="4" t="149" w="265" /><ent r="4" t="150" w="194" /><ent r="4" t="151" w="128" /><ent r="4" t="152" w="224" /><ent r="4" t="153" w="209" /><ent r="3" t="154" w="171" /><ent r="4" t="157" w="180" /><ent r="4" t="166" w="1182" /><ent r="5" t="166" w="1586" /></phr><phr n="Applies"><ent r="4" t="148" w="605" /><ent r="4" t="153" w="758" /><ent r="4" t="197" w="236" /><ent r="6" t="210" w="19" /></phr></stem><stem n="(when"><phr n="(When"><ent r="7" t="10" w="96" /></phr></stem><stem n="turn"><phr n="turn"><ent r="7" t="10" w="98" /><ent r="3" t="132" w="345" /><ent r="3" t="152" w="41" /><ent r="3" t="152" w="176" /><ent r="3" t="166" w="367" /><ent r="4" t="196" w="263" /><ent r="4" t="203" w="108" /></phr><phr n="Turning"><ent r="3" t="78" w="134" /></phr><phr n="turns"><ent r="3" t="78" w="140" /><ent r="3" t="173" w="1185" /></phr><phr n="turned"><ent r="4" t="99" w="400" /></phr></stem><stem n="still"><phr n="still"><ent r="7" t="10" w="105" /><ent r="4" t="155" w="586" /><ent r="3" t="165" w="1728" /><ent r="4" t="172" w="706" /><ent r="4" t="173" w="202" /><ent r="3" t="208" w="170" /></phr></stem><stem n=":annot"><phr n=":Annotation"><ent r="100" t="11" w="8" /><ent r="100" t="56" w="8" /><ent r="100" t="57" w="14" /><ent r="100" t="134" w="14" /><ent r="100" t="150" w="10" /></phr><phr n=":annotation"><ent r="100" t="60" w="9" /></phr></stem><stem n="check"><phr n="Check"><ent r="6" t="11" w="111" /><ent r="4" t="26" w="564" /><ent r="4" t="26" w="580" /><ent r="3" t="132" w="337" /><ent r="4" t="155" w="377" /><ent r="5" t="167" w="1220" /><ent r="4" t="196" w="255" /><ent r="4" t="196" w="268" /><ent r="3" t="200" w="182" /><ent r="3" t="202" w="187" /><ent r="4" t="203" w="100" /></phr><phr n="check"><ent r="4" t="42" w="161" /><ent r="3" t="50" w="102" /><ent r="3" t="69" w="127" /><ent r="4" t="84" w="155" /><ent r="4" t="98" w="492" /><ent r="3" t="142" w="242" /><ent r="3" t="143" w="322" /><ent r="3" t="152" w="183" /><ent r="4" t="156" w="223" /><ent r="4" t="159" w="282" /><ent r="4" t="162" w="161" /><ent r="4" t="162" w="223" /><ent r="4" t="162" w="232" /><ent r="4" t="162" w="271" /><ent r="4" t="166" w="2265" /><ent r="4" t="168" w="1113" /><ent r="4" t="172" w="717" /><ent r="3" t="194" w="27" /><ent r="3" t="194" w="56" /><ent r="3" t="194" w="76" /><ent r="3" t="194" w="104" /><ent r="4" t="209" w="126" /></phr><phr n="checked"><ent r="4" t="50" w="54" /><ent r="3" t="66" w="326" /><ent r="3" t="73" w="387" /><ent r="3" t="73" w="426" /><ent r="3" t="73" w="462" /><ent r="3" t="98" w="323" /><ent r="3" t="98" w="342" /><ent r="4" t="98" w="495" /><ent r="4" t="98" w="508" /><ent r="4" t="99" w="466" /><ent r="4" t="99" w="477" /><ent r="3" t="132" w="129" /><ent r="3" t="132" w="232" /><ent r="3" t="132" w="436" /><ent r="3" t="132" w="600" /><ent r="3" t="143" w="227" /><ent r="3" t="151" w="279" /><ent r="3" t="156" w="234" /><ent r="3" t="200" w="33" /><ent r="3" t="202" w="38" /></phr><phr n="Checking"><ent r="3" t="145" w="244" /></phr><phr n="checks"><ent r="3" t="155" w="231" /></phr><phr n="checking"><ent r="3" t="168" w="646" /></phr></stem><stem n="lock"><phr n="lock"><ent r="6" t="11" w="115" /><ent r="4" t="44" w="253" /><ent r="3" t="200" w="79" /><ent r="4" t="201" w="46" /><ent r="3" t="202" w="84" /><ent r="4" t="203" w="64" /><ent r="4" t="204" w="75" /><ent r="4" t="205" w="49" /></phr><phr n="Lock"><ent r="4" t="44" w="259" /><ent r="3" t="200" w="85" /><ent r="4" t="201" w="52" /><ent r="3" t="202" w="90" /><ent r="4" t="203" w="70" /><ent r="4" t="204" w="81" /><ent r="4" t="205" w="55" /></phr><phr n="locked"><ent r="3" t="157" w="85" /></phr></stem><stem n="uncheck"><phr n="Uncheck"><ent r="6" t="11" w="118" /><ent r="3" t="142" w="249" /><ent r="4" t="209" w="137" /></phr><phr n="unchecked"><ent r="4" t="50" w="63" /><ent r="4" t="156" w="231" /><ent r="3" t="156" w="253" /><ent r="3" t="168" w="687" /></phr><phr n="uncheck"><ent r="3" t="132" w="148" /><ent r="3" t="132" w="251" /><ent r="3" t="132" w="455" /><ent r="3" t="132" w="619" /><ent r="3" t="152" w="185" /><ent r="3" t="200" w="52" /><ent r="3" t="202" w="57" /></phr><phr n="unchecking"><ent r="4" t="166" w="2813" /></phr></stem><stem n="unlock"><phr n="unlock"><ent r="6" t="11" w="122" /></phr><phr n="unlocked"><ent r="3" t="157" w="106" /></phr></stem><stem n="primarili"><phr n="primarily"><ent r="6" t="11" w="128" /><ent r="3" t="107" w="219" /></phr></stem><stem n="shape"><phr n="shape"><ent r="6" t="11" w="131" /><ent r="4" t="20" w="491" /><ent r="100" t="21" w="6" /><ent r="100" t="21" w="9" /><ent r="3" t="21" w="18" /><ent r="3" t="21" w="60" /><ent r="3" t="21" w="74" /><ent r="3" t="21" w="82" /><ent r="3" t="21" w="93" /><ent r="3" t="21" w="137" /><ent r="3" t="21" w="188" /><ent r="3" t="21" w="207" /><ent r="4" t="21" w="258" /><ent r="4" t="21" w="304" /><ent r="3" t="21" w="360" /><ent r="3" t="21" w="414" /><ent r="3" t="21" w="442" /><ent r="3" t="21" w="460" /><ent r="4" t="21" w="497" /><ent r="100" t="29" w="5" /><ent r="100" t="29" w="10" /><ent r="3" t="29" w="20" /><ent r="4" t="29" w="76" /><ent r="3" t="52" w="30" /><ent r="3" t="54" w="19" /><ent r="4" t="54" w="54" /><ent r="3" t="55" w="25" /><ent r="3" t="55" w="80" /><ent r="3" t="55" w="87" /><ent r="5" t="81" w="210" /><ent r="5" t="81" w="241" /><ent r="3" t="102" w="18" /><ent r="5" t="140" w="359" /><ent r="5" t="140" w="392" /><ent r="5" t="140" w="776" /><ent r="5" t="140" w="809" /><ent r="5" t="148" w="491" /><ent r="5" t="148" w="521" /><ent r="3" t="149" w="25" /><ent r="3" t="149" w="130" /><ent r="3" t="149" w="133" /><ent r="5" t="153" w="644" /><ent r="5" t="153" w="674" /><ent r="4" t="166" w="1725" /><ent r="100" t="169" w="7" /><ent r="3" t="169" w="34" /><ent r="3" t="169" w="45" /><ent r="3" t="169" w="54" /><ent r="4" t="169" w="67" /><ent r="4" t="169" w="72" /><ent r="4" t="169" w="81" /><ent r="4" t="169" w="88" /><ent r="3" t="169" w="165" /><ent r="3" t="169" w="277" /><ent r="3" t="169" w="290" /><ent r="3" t="169" w="312" /><ent r="3" t="169" w="318" /><ent r="3" t="169" w="329" /><ent r="3" t="169" w="336" /><ent r="3" t="169" w="352" /><ent r="3" t="169" w="364" /><ent r="3" t="169" w="387" /><ent r="3" t="169" w="399" /><ent r="4" t="169" w="907" /><ent r="4" t="169" w="982" /><ent r="3" t="169" w="1183" /><ent r="3" t="169" w="1198" /><ent r="3" t="169" w="1220" /><ent r="3" t="169" w="1229" /><ent r="100" t="170" w="6" /><ent r="100" t="170" w="11" /><ent r="3" t="170" w="37" /><ent r="3" t="170" w="46" /><ent r="4" t="170" w="65" /><ent r="4" t="170" w="69" /><ent r="4" t="170" w="78" /><ent r="3" t="170" w="155" /><ent r="3" t="170" w="266" /><ent r="3" t="170" w="279" /><ent r="3" t="170" w="299" /><ent r="3" t="170" w="305" /><ent r="3" t="170" w="316" /><ent r="3" t="170" w="323" /><ent r="3" t="170" w="339" /><ent r="3" t="170" w="351" /><ent r="3" t="170" w="373" /><ent r="3" t="170" w="385" /><ent r="3" t="170" w="787" /><ent r="4" t="170" w="1057" /><ent r="92" t="170" w="1147" /><ent r="4" t="170" w="1156" /><ent r="4" t="170" w="1174" /><ent r="3" t="170" w="1189" /><ent r="3" t="170" w="1257" /><ent r="3" t="170" w="1291" /><ent r="3" t="170" w="1311" /><ent r="3" t="199" w="31" /></phr><phr n="Shape"><ent r="5" t="20" w="481" /><ent r="4" t="20" w="486" /><ent r="65" t="20" w="504" /><ent r="64" t="20" w="527" /><ent r="1000" t="21" w="2" /><ent r="102" t="21" w="14" /><ent r="3" t="21" w="55" /><ent r="92" t="21" w="233" /><ent r="4" t="21" w="283" /><ent r="64" t="21" w="528" /><ent r="64" t="21" w="534" /><ent r="4" t="22" w="158" /><ent r="1000" t="29" w="2" /><ent r="102" t="29" w="14" /><ent r="4" t="29" w="61" /><ent r="65" t="29" w="104" /><ent r="64" t="29" w="122" /><ent r="64" t="31" w="58" /><ent r="6" t="52" w="61" /><ent r="4" t="55" w="172" /><ent r="4" t="101" w="53" /><ent r="4" t="101" w="58" /><ent r="4" t="101" w="63" /><ent r="64" t="164" w="365" /><ent r="64" t="164" w="370" /><ent r="1000" t="169" w="4" /><ent r="102" t="169" w="13" /><ent r="3" t="169" w="145" /><ent r="3" t="169" w="177" /><ent r="92" t="169" w="757" /><ent r="5" t="169" w="806" /><ent r="1000" t="170" w="3" /><ent r="102" t="170" w="16" /><ent r="3" t="170" w="135" /><ent r="3" t="170" w="167" /><ent r="92" t="170" w="974" /><ent r="5" t="170" w="1019" /><ent r="4" t="170" w="1032" /><ent r="4" t="170" w="1040" /><ent r="3" t="170" w="1071" /><ent r="4" t="170" w="1114" /><ent r="3" t="170" w="1207" /><ent r="1000" t="199" w="1" /><ent r="100" t="199" w="6" /><ent r="102" t="199" w="11" /><ent r="3" t="199" w="17" /><ent r="4" t="199" w="44" /><ent r="4" t="199" w="87" /><ent r="3" t="199" w="132" /><ent r="3" t="199" w="168" /><ent r="4" t="199" w="180" /><ent r="4" t="199" w="260" /></phr><phr n="shapes"><ent r="3" t="21" w="172" /><ent r="3" t="21" w="223" /><ent r="3" t="21" w="375" /><ent r="4" t="54" w="48" /><ent r="3" t="55" w="153" /><ent r="6" t="169" w="938" /><ent r="6" t="169" w="952" /><ent r="5" t="169" w="967" /><ent r="3" t="174" w="32" /></phr></stem><stem n="prevent"><phr n="prevents"><ent r="6" t="11" w="140" /></phr><phr n="prevent"><ent r="3" t="155" w="641" /><ent r="3" t="155" w="862" /><ent r="4" t="167" w="436" /></phr></stem><stem n="accident"><phr n="accidentally"><ent r="6" t="11" w="143" /><ent r="3" t="166" w="1352" /></phr></stem><stem n="especi"><phr n="especially"><ent r="6" t="11" w="149" /><ent r="3" t="99" w="297" /><ent r="3" t="155" w="23" /><ent r="5" t="204" w="141" /></phr></stem><stem n="those"><phr n="those"><ent r="6" t="11" w="150" /><ent r="3" t="111" w="110" /><ent r="3" t="132" w="193" /><ent r="3" t="132" w="296" /><ent r="3" t="132" w="500" /><ent r="3" t="132" w="664" /><ent r="3" t="145" w="417" /><ent r="3" t="164" w="86" /><ent r="3" t="164" w="227" /><ent r="3" t="165" w="1317" /><ent r="7" t="181" w="633" /><ent r="7" t="181" w="659" /></phr></stem></index>