﻿<?xml version="1.0" encoding="utf-8"?><index><stem n="note"><phr n="Note"><ent r="4" t="1" w="108" /><ent r="3" t="1" w="557" /><ent r="3" t="1" w="590" /><ent r="7" t="8" w="223" /><ent r="4" t="37" w="144" /><ent r="3" t="40" w="227" /><ent r="4" t="43" w="202" /><ent r="3" t="44" w="421" /><ent r="3" t="46" w="99" /><ent r="5" t="50" w="14" /><ent r="3" t="67" w="41" /><ent r="4" t="76" w="105" /><ent r="3" t="77" w="207" /><ent r="4" t="78" w="25" /><ent r="4" t="80" w="48" /><ent r="4" t="83" w="49" /><ent r="3" t="86" w="148" /><ent r="3" t="93" w="38" /><ent r="4" t="96" w="27" /><ent r="4" t="109" w="292" /><ent r="4" t="122" w="101" /><ent r="5" t="123" w="72" /><ent r="4" t="123" w="203" /><ent r="4" t="123" w="597" /><ent r="4" t="124" w="51" /><ent r="3" t="125" w="127" /><ent r="3" t="125" w="826" /><ent r="4" t="129" w="91" /><ent r="4" t="140" w="186" /><ent r="3" t="143" w="19" /><ent r="4" t="156" w="353" /><ent r="4" t="156" w="528" /><ent r="3" t="157" w="220" /><ent r="4" t="157" w="329" /><ent r="4" t="157" w="501" /><ent r="3" t="157" w="948" /><ent r="4" t="158" w="326" /><ent r="4" t="158" w="498" /><ent r="4" t="162" w="34" /><ent r="3" t="167" w="849" /><ent r="7" t="168" w="191" /><ent r="4" t="173" w="150" /><ent r="4" t="173" w="201" /><ent r="4" t="176" w="132" /><ent r="4" t="177" w="76" /><ent r="4" t="179" w="735" /><ent r="4" t="179" w="884" /><ent r="4" t="179" w="1047" /><ent r="4" t="179" w="1735" /><ent r="4" t="180" w="1515" /><ent r="3" t="180" w="2238" /><ent r="3" t="180" w="3076" /><ent r="3" t="181" w="497" /><ent r="4" t="181" w="1478" /><ent r="4" t="181" w="1513" /><ent r="4" t="182" w="564" /><ent r="4" t="182" w="928" /><ent r="4" t="182" w="1315" /><ent r="4" t="182" w="1422" /><ent r="4" t="182" w="1699" /><ent r="4" t="183" w="382" /><ent r="4" t="184" w="385" /><ent r="4" t="187" w="1105" /><ent r="7" t="187" w="1146" /><ent r="7" t="187" w="1186" /><ent r="4" t="187" w="1670" /><ent r="3" t="187" w="1691" /><ent r="3" t="188" w="43" /><ent r="4" t="188" w="763" /><ent r="4" t="188" w="1146" /><ent r="3" t="200" w="155" /><ent r="3" t="208" w="64" /><ent r="3" t="208" w="656" /><ent r="4" t="213" w="72" /><ent r="4" t="213" w="381" /><ent r="4" t="213" w="454" /><ent r="4" t="213" w="628" /><ent r="4" t="215" w="325" /><ent r="3" t="218" w="255" /><ent r="4" t="219" w="210" /><ent r="4" t="232" w="161" /><ent r="4" t="237" w="106" /></phr><phr n="Notes"><ent r="3" t="176" w="336" /></phr><phr n="NOTE"><ent r="5" t="181" w="1341" /></phr></stem><stem n=":"><phr n=":"><ent r="4" t="1" w="109" /><ent r="3" t="1" w="274" /><ent r="3" t="1" w="401" /><ent r="4" t="2" w="60" /><ent r="3" t="4" w="98" /><ent r="3" t="4" w="129" /><ent r="7" t="7" w="309" /><ent r="7" t="8" w="224" /><ent r="7" t="9" w="42" /><ent r="4" t="14" w="39" /><ent r="6" t="14" w="379" /><ent r="6" t="14" w="416" /><ent r="3" t="16" w="20" /><ent r="3" t="18" w="28" /><ent r="3" t="18" w="194" /><ent r="3" t="19" w="86" /><ent r="3" t="20" w="49" /><ent r="3" t="21" w="140" /><ent r="64" t="21" w="532" /><ent r="3" t="22" w="98" /><ent r="3" t="22" w="127" /><ent r="4" t="23" w="28" /><ent r="3" t="24" w="22" /><ent r="3" t="25" w="30" /><ent r="3" t="26" w="95" /><ent r="4" t="26" w="406" /><ent r="4" t="27" w="24" /><ent r="3" t="28" w="29" /><ent r="3" t="29" w="22" /><ent r="3" t="31" w="75" /><ent r="3" t="32" w="95" /><ent r="3" t="35" w="22" /><ent r="3" t="36" w="31" /><ent r="3" t="36" w="63" /><ent r="3" t="37" w="63" /><ent r="3" t="37" w="138" /><ent r="4" t="37" w="145" /><ent r="3" t="39" w="26" /><ent r="3" t="40" w="38" /><ent r="3" t="40" w="85" /><ent r="3" t="40" w="228" /><ent r="4" t="43" w="39" /><ent r="4" t="43" w="116" /><ent r="4" t="43" w="118" /><ent r="4" t="43" w="122" /><ent r="4" t="43" w="126" /><ent r="4" t="43" w="179" /><ent r="4" t="43" w="203" /><ent r="3" t="44" w="20" /><ent r="3" t="44" w="197" /><ent r="82" t="44" w="497" /><ent r="82" t="44" w="538" /><ent r="82" t="44" w="641" /><ent r="4" t="44" w="664" /><ent r="3" t="46" w="56" /><ent r="4" t="47" w="33" /><ent r="4" t="47" w="175" /><ent r="4" t="47" w="195" /><ent r="4" t="47" w="225" /><ent r="3" t="47" w="290" /><ent r="3" t="48" w="76" /><ent r="3" t="48" w="200" /><ent r="3" t="49" w="112" /><ent r="5" t="49" w="304" /><ent r="5" t="50" w="15" /><ent r="4" t="50" w="113" /><ent r="4" t="50" w="185" /><ent r="3" t="51" w="48" /><ent r="3" t="52" w="23" /><ent r="4" t="53" w="53" /><ent r="3" t="54" w="20" /><ent r="3" t="55" w="27" /><ent r="4" t="55" w="89" /><ent r="3" t="57" w="27" /><ent r="3" t="58" w="37" /><ent r="3" t="58" w="148" /><ent r="3" t="59" w="42" /><ent r="3" t="60" w="29" /><ent r="3" t="61" w="25" /><ent r="5" t="62" w="42" /><ent r="3" t="64" w="62" /><ent r="3" t="64" w="79" /><ent r="3" t="64" w="92" /><ent r="3" t="64" w="178" /><ent r="3" t="65" w="38" /><ent r="3" t="65" w="89" /><ent r="3" t="65" w="148" /><ent r="3" t="65" w="186" /><ent r="3" t="65" w="214" /><ent r="4" t="65" w="256" /><ent r="3" t="66" w="70" /><ent r="3" t="67" w="70" /><ent r="3" t="67" w="132" /><ent r="3" t="67" w="173" /><ent r="3" t="67" w="220" /><ent r="3" t="67" w="266" /><ent r="3" t="68" w="61" /><ent r="3" t="68" w="177" /><ent r="3" t="69" w="35" /><ent r="3" t="71" w="58" /><ent r="3" t="73" w="18" /><ent r="3" t="74" w="49" /><ent r="3" t="74" w="96" /><ent r="3" t="74" w="133" /><ent r="3" t="74" w="178" /><ent r="3" t="74" w="222" /><ent r="3" t="74" w="236" /><ent r="3" t="74" w="284" /><ent r="3" t="74" w="301" /><ent r="3" t="74" w="319" /><ent r="3" t="75" w="29" /><ent r="4" t="76" w="106" /><ent r="4" t="77" w="38" /><ent r="3" t="77" w="86" /><ent r="3" t="77" w="180" /><ent r="4" t="78" w="26" /><ent r="4" t="78" w="71" /><ent r="4" t="79" w="42" /><ent r="4" t="80" w="49" /><ent r="4" t="80" w="83" /><ent r="4" t="80" w="159" /><ent r="3" t="81" w="29" /><ent r="4" t="81" w="72" /><ent r="4" t="81" w="276" /><ent r="3" t="81" w="638" /><ent r="4" t="83" w="50" /><ent r="3" t="83" w="100" /><ent r="3" t="83" w="150" /><ent r="3" t="83" w="202" /><ent r="3" t="83" w="223" /><ent r="3" t="83" w="258" /><ent r="3" t="83" w="291" /><ent r="3" t="84" w="63" /><ent r="3" t="85" w="26" /><ent r="3" t="85" w="74" /><ent r="3" t="85" w="158" /><ent r="3" t="86" w="35" /><ent r="4" t="86" w="124" /><ent r="3" t="87" w="53" /><ent r="3" t="88" w="25" /><ent r="3" t="90" w="41" /><ent r="6" t="90" w="546" /><ent r="4" t="91" w="168" /><ent r="4" t="91" w="275" /><ent r="4" t="92" w="143" /><ent r="3" t="95" w="48" /><ent r="3" t="95" w="174" /><ent r="3" t="95" w="272" /><ent r="4" t="96" w="28" /><ent r="3" t="96" w="224" /><ent r="3" t="98" w="14" /><ent r="3" t="99" w="21" /><ent r="3" t="100" w="81" /><ent r="3" t="101" w="82" /><ent r="3" t="102" w="27" /><ent r="3" t="102" w="153" /><ent r="3" t="102" w="222" /><ent r="3" t="103" w="87" /><ent r="3" t="104" w="123" /><ent r="3" t="104" w="220" /><ent r="3" t="105" w="18" /><ent r="4" t="106" w="122" /><ent r="4" t="107" w="64" /><ent r="4" t="108" w="77" /><ent r="4" t="109" w="78" /><ent r="4" t="109" w="293" /><ent r="3" t="110" w="30" /><ent r="3" t="110" w="277" /><ent r="3" t="111" w="52" /><ent r="3" t="111" w="74" /><ent r="3" t="111" w="95" /><ent r="3" t="115" w="81" /><ent r="3" t="118" w="32" /><ent r="3" t="119" w="23" /><ent r="3" t="120" w="19" /><ent r="3" t="122" w="23" /><ent r="4" t="122" w="102" /><ent r="3" t="122" w="196" /><ent r="4" t="122" w="222" /><ent r="3" t="123" w="43" /><ent r="5" t="123" w="73" /><ent r="3" t="123" w="165" /><ent r="4" t="123" w="204" /><ent r="4" t="123" w="252" /><ent r="4" t="123" w="261" /><ent r="3" t="123" w="268" /><ent r="3" t="123" w="310" /><ent r="4" t="123" w="332" /><ent r="4" t="123" w="393" /><ent r="4" t="123" w="402" /><ent r="3" t="123" w="410" /><ent r="3" t="123" w="442" /><ent r="3" t="123" w="467" /><ent r="4" t="123" w="532" /><ent r="4" t="123" w="539" /><ent r="3" t="123" w="546" /><ent r="3" t="123" w="588" /><ent r="4" t="123" w="598" /><ent r="4" t="124" w="52" /><ent r="3" t="125" w="158" /><ent r="3" t="125" w="355" /><ent r="3" t="125" w="715" /><ent r="3" t="125" w="729" /><ent r="3" t="126" w="169" /><ent r="3" t="126" w="265" /><ent r="3" t="126" w="372" /><ent r="3" t="128" w="133" /><ent r="3" t="129" w="38" /><ent r="4" t="129" w="92" /><ent r="3" t="129" w="329" /><ent r="3" t="129" w="395" /><ent r="4" t="131" w="94" /><ent r="4" t="132" w="88" /><ent r="3" t="135" w="42" /><ent r="4" t="136" w="76" /><ent r="4" t="137" w="35" /><ent r="3" t="137" w="92" /><ent r="3" t="137" w="95" /><ent r="3" t="137" w="99" /><ent r="3" t="137" w="103" /><ent r="4" t="138" w="19" /><ent r="4" t="138" w="70" /><ent r="4" t="139" w="17" /><ent r="4" t="140" w="187" /><ent r="4" t="141" w="50" /><ent r="4" t="142" w="77" /><ent r="4" t="142" w="182" /><ent r="4" t="142" w="278" /><ent r="5" t="142" w="289" /><ent r="3" t="143" w="110" /><ent r="4" t="143" w="153" /><ent r="4" t="144" w="34" /><ent r="4" t="144" w="86" /><ent r="4" t="145" w="34" /><ent r="4" t="147" w="74" /><ent r="4" t="147" w="141" /><ent r="4" t="148" w="74" /><ent r="4" t="149" w="87" /><ent r="4" t="150" w="82" /><ent r="4" t="151" w="77" /><ent r="4" t="151" w="143" /><ent r="4" t="152" w="73" /><ent r="4" t="153" w="70" /><ent r="4" t="153" w="137" /><ent r="3" t="153" w="1162" /><ent r="4" t="154" w="70" /><ent r="4" t="155" w="81" /><ent r="3" t="156" w="61" /><ent r="3" t="156" w="143" /><ent r="4" t="156" w="354" /><ent r="4" t="156" w="435" /><ent r="3" t="156" w="486" /><ent r="4" t="156" w="529" /><ent r="3" t="157" w="80" /><ent r="3" t="157" w="118" /><ent r="4" t="157" w="330" /><ent r="4" t="157" w="408" /><ent r="3" t="157" w="459" /><ent r="4" t="157" w="502" /><ent r="3" t="157" w="945" /><ent r="3" t="158" w="53" /><ent r="4" t="158" w="95" /><ent r="3" t="158" w="145" /><ent r="4" t="158" w="157" /><ent r="4" t="158" w="327" /><ent r="4" t="158" w="405" /><ent r="4" t="158" w="456" /><ent r="4" t="158" w="499" /><ent r="4" t="158" w="786" /><ent r="3" t="158" w="821" /><ent r="4" t="159" w="51" /><ent r="3" t="159" w="101" /><ent r="3" t="160" w="23" /><ent r="4" t="161" w="75" /><ent r="4" t="162" w="35" /><ent r="4" t="162" w="64" /><ent r="4" t="163" w="55" /><ent r="4" t="163" w="96" /><ent r="3" t="163" w="156" /><ent r="4" t="164" w="71" /><ent r="3" t="165" w="89" /><ent r="4" t="165" w="127" /><ent r="3" t="165" w="314" /><ent r="3" t="166" w="47" /><ent r="3" t="167" w="145" /><ent r="4" t="167" w="174" /><ent r="5" t="167" w="348" /><ent r="3" t="168" w="20" /><ent r="7" t="168" w="192" /><ent r="3" t="168" w="223" /><ent r="3" t="168" w="256" /><ent r="3" t="168" w="303" /><ent r="4" t="169" w="328" /><ent r="3" t="169" w="415" /><ent r="3" t="169" w="592" /><ent r="3" t="169" w="605" /><ent r="3" t="171" w="126" /><ent r="4" t="172" w="229" /><ent r="3" t="173" w="81" /><ent r="4" t="173" w="151" /><ent r="3" t="173" w="203" /><ent r="3" t="174" w="113" /><ent r="3" t="175" w="63" /><ent r="4" t="175" w="138" /><ent r="3" t="176" w="103" /><ent r="4" t="176" w="133" /><ent r="3" t="176" w="157" /><ent r="3" t="176" w="213" /><ent r="3" t="176" w="240" /><ent r="3" t="176" w="263" /><ent r="3" t="176" w="298" /><ent r="4" t="176" w="314" /><ent r="3" t="176" w="337" /><ent r="7" t="178" w="263" /><ent r="3" t="178" w="317" /><ent r="64" t="178" w="319" /><ent r="64" t="178" w="325" /><ent r="64" t="178" w="340" /><ent r="64" t="178" w="353" /><ent r="64" t="178" w="361" /><ent r="64" t="178" w="367" /><ent r="64" t="178" w="372" /><ent r="64" t="178" w="381" /><ent r="64" t="178" w="385" /><ent r="64" t="178" w="389" /><ent r="1000" t="179" w="2" /><ent r="103" t="179" w="13" /><ent r="3" t="179" w="23" /><ent r="3" t="179" w="55" /><ent r="4" t="179" w="62" /><ent r="3" t="179" w="98" /><ent r="3" t="179" w="317" /><ent r="3" t="179" w="340" /><ent r="7" t="179" w="480" /><ent r="4" t="179" w="736" /><ent r="4" t="179" w="885" /><ent r="4" t="179" w="1048" /><ent r="4" t="179" w="1572" /><ent r="4" t="179" w="1736" /><ent r="3" t="179" w="2363" /><ent r="1000" t="180" w="2" /><ent r="102" t="180" w="21" /><ent r="3" t="180" w="43" /><ent r="3" t="180" w="95" /><ent r="3" t="180" w="130" /><ent r="3" t="180" w="463" /><ent r="3" t="180" w="491" /><ent r="7" t="180" w="631" /><ent r="4" t="180" w="1516" /><ent r="3" t="180" w="1619" /><ent r="4" t="180" w="1653" /><ent r="3" t="180" w="1697" /><ent r="3" t="180" w="2046" /><ent r="4" t="180" w="2156" /><ent r="3" t="180" w="3150" /><ent r="1000" t="181" w="2" /><ent r="102" t="181" w="12" /><ent r="3" t="181" w="33" /><ent r="3" t="181" w="91" /><ent r="3" t="181" w="115" /><ent r="3" t="181" w="183" /><ent r="3" t="181" w="202" /><ent r="7" t="181" w="342" /><ent r="3" t="181" w="787" /><ent r="5" t="181" w="1342" /><ent r="3" t="181" w="1414" /><ent r="4" t="181" w="1479" /><ent r="3" t="181" w="1582" /><ent r="3" t="181" w="1593" /><ent r="1000" t="182" w="2" /><ent r="102" t="182" w="19" /><ent r="3" t="182" w="31" /><ent r="3" t="182" w="76" /><ent r="3" t="182" w="104" /><ent r="3" t="182" w="143" /><ent r="3" t="182" w="165" /><ent r="7" t="182" w="305" /><ent r="4" t="182" w="359" /><ent r="4" t="182" w="565" /><ent r="4" t="182" w="929" /><ent r="4" t="182" w="1229" /><ent r="4" t="182" w="1316" /><ent r="4" t="182" w="1423" /><ent r="3" t="182" w="1449" /><ent r="3" t="182" w="1488" /><ent r="3" t="182" w="1531" /><ent r="3" t="182" w="1570" /><ent r="3" t="182" w="1630" /><ent r="4" t="182" w="1700" /><ent r="1000" t="183" w="2" /><ent r="102" t="183" w="11" /><ent r="3" t="183" w="21" /><ent r="3" t="183" w="60" /><ent r="3" t="183" w="86" /><ent r="4" t="183" w="383" /><ent r="3" t="183" w="421" /><ent r="3" t="183" w="440" /><ent r="7" t="183" w="580" /><ent r="3" t="183" w="1110" /><ent r="1000" t="184" w="2" /><ent r="102" t="184" w="15" /><ent r="3" t="184" w="24" /><ent r="3" t="184" w="52" /><ent r="3" t="184" w="76" /><ent r="4" t="184" w="386" /><ent r="3" t="184" w="424" /><ent r="3" t="184" w="442" /><ent r="7" t="184" w="582" /><ent r="3" t="184" w="1307" /><ent r="1000" t="185" w="2" /><ent r="102" t="185" w="17" /><ent r="4" t="185" w="27" /><ent r="3" t="185" w="62" /><ent r="4" t="185" w="121" /><ent r="7" t="185" w="189" /><ent r="1000" t="186" w="2" /><ent r="103" t="186" w="11" /><ent r="3" t="186" w="21" /><ent r="3" t="186" w="52" /><ent r="3" t="186" w="77" /><ent r="4" t="186" w="112" /><ent r="4" t="186" w="169" /><ent r="3" t="186" w="298" /><ent r="3" t="186" w="316" /><ent r="7" t="186" w="456" /><ent r="3" t="186" w="1211" /><ent r="1000" t="187" w="2" /><ent r="102" t="187" w="11" /><ent r="3" t="187" w="19" /><ent r="3" t="187" w="50" /><ent r="3" t="187" w="78" /><ent r="3" t="187" w="306" /><ent r="7" t="187" w="377" /><ent r="4" t="187" w="641" /><ent r="4" t="187" w="730" /><ent r="7" t="187" w="1187" /><ent r="3" t="187" w="1369" /><ent r="3" t="187" w="1446" /><ent r="3" t="187" w="1585" /><ent r="3" t="187" w="1610" /><ent r="3" t="187" w="1632" /><ent r="3" t="187" w="1653" /><ent r="4" t="187" w="1671" /><ent r="3" t="187" w="1871" /><ent r="1000" t="188" w="2" /><ent r="103" t="188" w="15" /><ent r="3" t="188" w="27" /><ent r="64" t="188" w="57" /><ent r="3" t="188" w="69" /><ent r="3" t="188" w="112" /><ent r="3" t="188" w="145" /><ent r="3" t="188" w="214" /><ent r="3" t="188" w="227" /><ent r="7" t="188" w="367" /><ent r="65" t="188" w="476" /><ent r="3" t="188" w="666" /><ent r="3" t="188" w="669" /><ent r="3" t="188" w="672" /><ent r="3" t="188" w="679" /><ent r="3" t="188" w="682" /><ent r="3" t="188" w="685" /><ent r="3" t="188" w="701" /><ent r="3" t="188" w="704" /><ent r="3" t="188" w="707" /><ent r="4" t="188" w="762" /><ent r="4" t="188" w="764" /><ent r="4" t="188" w="1145" /><ent r="4" t="188" w="1147" /><ent r="4" t="188" w="1321" /><ent r="3" t="188" w="1368" /><ent r="4" t="188" w="1626" /><ent r="3" t="188" w="1639" /><ent r="4" t="188" w="1695" /><ent r="3" t="189" w="39" /><ent r="3" t="189" w="84" /><ent r="3" t="193" w="190" /><ent r="3" t="194" w="38" /><ent r="1000" t="195" w="3" /><ent r="102" t="195" w="20" /><ent r="83" t="195" w="403" /><ent r="83" t="195" w="492" /><ent r="4" t="195" w="693" /><ent r="3" t="197" w="29" /><ent r="3" t="197" w="82" /><ent r="3" t="198" w="38" /><ent r="3" t="198" w="243" /><ent r="3" t="199" w="77" /><ent r="7" t="199" w="190" /><ent r="3" t="199" w="705" /><ent r="3" t="200" w="60" /><ent r="3" t="208" w="186" /><ent r="3" t="208" w="233" /><ent r="3" t="208" w="346" /><ent r="4" t="208" w="365" /><ent r="4" t="208" w="443" /><ent r="4" t="208" w="565" /><ent r="1000" t="209" w="3" /><ent r="102" t="209" w="22" /><ent r="4" t="213" w="73" /><ent r="3" t="213" w="108" /><ent r="4" t="213" w="272" /><ent r="4" t="213" w="382" /><ent r="4" t="213" w="455" /><ent r="4" t="213" w="536" /><ent r="3" t="213" w="587" /><ent r="4" t="213" w="629" /><ent r="3" t="215" w="307" /><ent r="3" t="217" w="225" /><ent r="3" t="219" w="41" /><ent r="3" t="219" w="84" /><ent r="3" t="219" w="129" /><ent r="3" t="219" w="177" /><ent r="3" t="219" w="257" /><ent r="3" t="227" w="76" /><ent r="4" t="227" w="127" /><ent r="4" t="227" w="141" /><ent r="3" t="227" w="179" /><ent r="3" t="227" w="208" /><ent r="3" t="227" w="248" /><ent r="4" t="229" w="74" /><ent r="4" t="232" w="162" /><ent r="3" t="233" w="22" /><ent r="3" t="233" w="41" /><ent r="3" t="233" w="72" /><ent r="3" t="236" w="15" /><ent r="4" t="237" w="39" /><ent r="4" t="237" w="107" /><ent r="1000" t="239" w="3" /><ent r="102" t="239" w="30" /><ent r="3" t="239" w="50" /><ent r="1000" t="240" w="3" /><ent r="102" t="240" w="33" /><ent r="3" t="240" w="53" /><ent r="1000" t="241" w="3" /><ent r="102" t="241" w="30" /><ent r="3" t="241" w="50" /><ent r="1000" t="242" w="3" /><ent r="102" t="242" w="18" /><ent r="3" t="242" w="38" /><ent r="7" t="242" w="83" /></phr></stem><stem n="save"><phr n="saves"><ent r="3" t="1" w="111" /><ent r="4" t="20" w="519" /><ent r="3" t="34" w="15" /><ent r="3" t="76" w="42" /><ent r="3" t="76" w="111" /><ent r="3" t="80" w="26" /><ent r="3" t="80" w="54" /><ent r="4" t="80" w="105" /><ent r="4" t="81" w="664" /><ent r="4" t="81" w="682" /><ent r="6" t="90" w="540" /><ent r="3" t="115" w="65" /><ent r="8" t="125" w="382" /><ent r="3" t="135" w="25" /><ent r="3" t="142" w="543" /><ent r="3" t="179" w="1508" /><ent r="3" t="195" w="357" /><ent r="3" t="209" w="175" /></phr><phr n="saved"><ent r="3" t="1" w="570" /><ent r="4" t="28" w="82" /><ent r="4" t="28" w="124" /><ent r="4" t="28" w="179" /><ent r="4" t="28" w="288" /><ent r="3" t="50" w="172" /><ent r="3" t="50" w="280" /><ent r="3" t="76" w="62" /><ent r="3" t="78" w="22" /><ent r="3" t="78" w="54" /><ent r="4" t="78" w="111" /><ent r="3" t="78" w="163" /><ent r="3" t="79" w="112" /><ent r="3" t="80" w="46" /><ent r="4" t="80" w="133" /><ent r="4" t="80" w="229" /><ent r="4" t="81" w="650" /><ent r="3" t="96" w="296" /><ent r="3" t="101" w="28" /><ent r="3" t="101" w="63" /><ent r="3" t="135" w="18" /><ent r="3" t="142" w="566" /><ent r="4" t="143" w="299" /><ent r="5" t="167" w="327" /><ent r="3" t="167" w="549" /><ent r="4" t="167" w="820" /><ent r="3" t="167" w="882" /><ent r="3" t="168" w="254" /><ent r="4" t="168" w="272" /><ent r="4" t="168" w="280" /><ent r="3" t="168" w="301" /><ent r="4" t="168" w="319" /><ent r="4" t="168" w="327" /><ent r="7" t="178" w="301" /><ent r="3" t="179" w="256" /><ent r="7" t="179" w="518" /><ent r="3" t="180" w="414" /><ent r="7" t="180" w="669" /><ent r="7" t="181" w="380" /><ent r="4" t="181" w="1291" /><ent r="7" t="182" w="343" /><ent r="7" t="183" w="618" /><ent r="3" t="183" w="1120" /><ent r="7" t="184" w="620" /><ent r="7" t="185" w="227" /><ent r="7" t="186" w="494" /><ent r="7" t="187" w="415" /><ent r="3" t="188" w="53" /><ent r="4" t="188" w="73" /><ent r="7" t="188" w="405" /><ent r="4" t="188" w="468" /><ent r="4" t="188" w="1434" /><ent r="4" t="188" w="1444" /><ent r="3" t="188" w="1708" /><ent r="3" t="194" w="295" /><ent r="3" t="223" w="44" /><ent r="3" t="224" w="178" /><ent r="3" t="224" w="193" /></phr><phr n="Save"><ent r="5" t="24" w="125" /><ent r="5" t="26" w="569" /><ent r="5" t="27" w="149" /><ent r="5" t="29" w="113" /><ent r="5" t="30" w="90" /><ent r="64" t="76" w="142" /><ent r="64" t="77" w="413" /><ent r="64" t="78" w="173" /><ent r="4" t="79" w="77" /><ent r="65" t="79" w="93" /><ent r="1000" t="80" w="1" /><ent r="102" t="80" w="5" /><ent r="5" t="80" w="100" /><ent r="4" t="80" w="135" /><ent r="5" t="80" w="176" /><ent r="4" t="80" w="182" /><ent r="5" t="80" w="221" /><ent r="4" t="80" w="231" /><ent r="65" t="81" w="98" /><ent r="92" t="81" w="626" /><ent r="5" t="81" w="639" /><ent r="5" t="81" w="657" /><ent r="4" t="81" w="678" /><ent r="64" t="87" w="241" /><ent r="7" t="90" w="132" /><ent r="68" t="90" w="139" /><ent r="100" t="95" w="227" /><ent r="5" t="95" w="231" /><ent r="4" t="95" w="237" /><ent r="5" t="95" w="261" /><ent r="4" t="96" w="269" /><ent r="3" t="96" w="273" /><ent r="1000" t="101" w="1" /><ent r="102" t="101" w="17" /><ent r="5" t="101" w="101" /><ent r="4" t="101" w="138" /><ent r="3" t="101" w="153" /><ent r="4" t="101" w="171" /><ent r="5" t="101" w="189" /><ent r="64" t="115" w="572" /><ent r="64" t="117" w="272" /><ent r="1000" t="120" w="1" /><ent r="102" t="120" w="11" /><ent r="5" t="120" w="35" /><ent r="3" t="120" w="60" /><ent r="4" t="120" w="70" /><ent r="5" t="120" w="135" /><ent r="64" t="121" w="120" /><ent r="65" t="123" w="269" /><ent r="65" t="123" w="411" /><ent r="65" t="123" w="547" /><ent r="64" t="130" w="124" /><ent r="64" t="131" w="222" /><ent r="64" t="132" w="115" /><ent r="64" t="133" w="82" /><ent r="64" t="134" w="106" /><ent r="1000" t="135" w="1" /><ent r="102" t="135" w="11" /><ent r="5" t="135" w="51" /><ent r="4" t="135" w="58" /><ent r="5" t="135" w="73" /><ent r="3" t="167" w="829" /><ent r="4" t="167" w="942" /><ent r="92" t="168" w="212" /><ent r="5" t="168" w="242" /><ent r="5" t="172" w="285" /><ent r="4" t="179" w="1500" /><ent r="5" t="179" w="2112" /><ent r="5" t="179" w="2260" /><ent r="5" t="180" w="3136" /><ent r="4" t="181" w="808" /><ent r="4" t="181" w="816" /><ent r="4" t="181" w="1434" /><ent r="3" t="182" w="747" /><ent r="4" t="182" w="779" /><ent r="5" t="184" w="1148" /><ent r="5" t="185" w="412" /><ent r="4" t="185" w="418" /><ent r="5" t="185" w="450" /><ent r="4" t="187" w="73" /><ent r="92" t="187" w="1724" /><ent r="4" t="187" w="1727" /><ent r="5" t="187" w="1736" /><ent r="4" t="187" w="1738" /><ent r="4" t="188" w="98" /><ent r="92" t="188" w="1369" /><ent r="5" t="188" w="1392" /><ent r="6" t="188" w="1396" /><ent r="6" t="188" w="1400" /><ent r="4" t="188" w="1415" /><ent r="82" t="195" w="352" /><ent r="3" t="195" w="355" /><ent r="4" t="197" w="120" /><ent r="82" t="209" w="170" /><ent r="3" t="209" w="173" /><ent r="5" t="216" w="271" /><ent r="5" t="226" w="180" /><ent r="7" t="240" w="148" /><ent r="7" t="240" w="159" /></phr><phr n="save"><ent r="4" t="25" w="37" /><ent r="4" t="25" w="198" /><ent r="4" t="25" w="222" /><ent r="4" t="26" w="68" /><ent r="4" t="26" w="164" /><ent r="4" t="26" w="574" /><ent r="4" t="29" w="74" /><ent r="4" t="29" w="80" /><ent r="3" t="34" w="42" /><ent r="3" t="47" w="160" /><ent r="3" t="52" w="98" /><ent r="3" t="52" w="105" /><ent r="3" t="76" w="27" /><ent r="4" t="79" w="87" /><ent r="100" t="80" w="10" /><ent r="100" t="80" w="12" /><ent r="3" t="80" w="19" /><ent r="4" t="80" w="74" /><ent r="4" t="80" w="150" /><ent r="4" t="80" w="197" /><ent r="4" t="81" w="111" /><ent r="6" t="90" w="509" /><ent r="3" t="95" w="170" /><ent r="4" t="95" w="256" /><ent r="3" t="96" w="262" /><ent r="3" t="96" w="286" /><ent r="100" t="101" w="9" /><ent r="100" t="101" w="12" /><ent r="3" t="101" w="78" /><ent r="3" t="101" w="130" /><ent r="3" t="115" w="48" /><ent r="7" t="116" w="52" /><ent r="4" t="119" w="53" /><ent r="3" t="119" w="129" /><ent r="3" t="119" w="144" /><ent r="100" t="120" w="5" /><ent r="100" t="120" w="9" /><ent r="3" t="120" w="16" /><ent r="4" t="120" w="139" /><ent r="3" t="130" w="21" /><ent r="100" t="135" w="6" /><ent r="100" t="135" w="8" /><ent r="3" t="135" w="35" /><ent r="3" t="156" w="692" /><ent r="3" t="156" w="697" /><ent r="3" t="157" w="665" /><ent r="3" t="157" w="670" /><ent r="3" t="157" w="804" /><ent r="3" t="158" w="662" /><ent r="3" t="158" w="667" /><ent r="3" t="167" w="40" /><ent r="4" t="167" w="805" /><ent r="3" t="167" w="832" /><ent r="3" t="167" w="937" /><ent r="3" t="168" w="217" /><ent r="3" t="169" w="536" /><ent r="3" t="169" w="599" /><ent r="4" t="171" w="247" /><ent r="3" t="179" w="287" /><ent r="4" t="180" w="1200" /><ent r="3" t="181" w="143" /><ent r="3" t="181" w="1494" /><ent r="3" t="184" w="1311" /><ent r="3" t="185" w="157" /><ent r="4" t="185" w="429" /><ent r="3" t="187" w="1676" /><ent r="3" t="187" w="1703" /><ent r="4" t="187" w="1751" /><ent r="4" t="188" w="1373" /><ent r="3" t="188" w="1466" /><ent r="4" t="188" w="1521" /><ent r="3" t="195" w="38" /><ent r="3" t="213" w="797" /><ent r="3" t="213" w="802" /><ent r="4" t="216" w="276" /><ent r="3" t="219" w="29" /><ent r="100" t="240" w="10" /><ent r="100" t="240" w="14" /><ent r="7" t="240" w="104" /><ent r="7" t="240" w="140" /><ent r="7" t="240" w="217" /></phr><phr n="Saving"><ent r="3" t="76" w="39" /><ent r="3" t="80" w="23" /><ent r="3" t="135" w="22" /></phr><phr n="saving"><ent r="3" t="76" w="70" /><ent r="3" t="81" w="406" /><ent r="3" t="81" w="635" /><ent r="3" t="167" w="844" /><ent r="3" t="167" w="863" /><ent r="4" t="184" w="1158" /><ent r="3" t="238" w="250" /><ent r="3" t="238" w="264" /></phr><phr n="Saves"><ent r="7" t="90" w="134" /><ent r="7" t="116" w="61" /><ent r="6" t="169" w="489" /><ent r="7" t="240" w="150" /><ent r="7" t="240" w="162" /></phr><phr n="Saved"><ent r="92" t="168" w="248" /><ent r="92" t="168" w="295" /></phr></stem><stem n="posit"><phr n="positions"><ent r="3" t="1" w="117" /><ent r="3" t="1" w="129" /></phr><phr n="positioned"><ent r="6" t="11" w="151" /></phr><phr n="position"><ent r="3" t="64" w="29" /><ent r="4" t="65" w="136" /><ent r="4" t="65" w="174" /><ent r="4" t="67" w="159" /><ent r="3" t="85" w="153" /><ent r="3" t="85" w="221" /><ent r="3" t="110" w="211" /><ent r="3" t="125" w="914" /><ent r="5" t="153" w="431" /><ent r="5" t="153" w="866" /><ent r="4" t="154" w="409" /><ent r="5" t="165" w="469" /><ent r="4" t="180" w="2792" /><ent r="6" t="230" w="82" /><ent r="4" t="236" w="67" /><ent r="3" t="238" w="102" /></phr><phr n="Positioning"><ent r="3" t="110" w="36" /></phr><phr n="positive"><ent r="5" t="153" w="548" /><ent r="5" t="153" w="983" /><ent r="4" t="154" w="524" /><ent r="5" t="165" w="586" /><ent r="4" t="236" w="184" /></phr></stem></index>