<?xml version="1.0" encoding="utf-8"?><index><stem n="detail"><phr n="detailed"><ent r="3" t="20" w="42" /><ent r="3" t="20" w="61" /><ent r="3" t="21" w="19" /><ent r="3" t="180" w="198" /><ent r="3" t="180" w="217" /><ent r="3" t="180" w="249" /><ent r="3" t="210" w="1608" /></phr><phr n="detail"><ent r="4" t="214" w="982" /><ent r="3" t="215" w="1216" /></phr></stem><stem n="row"><phr n="rows"><ent r="3" t="20" w="49" /><ent r="3" t="23" w="33" /><ent r="3" t="30" w="366" /><ent r="3" t="37" w="209" /><ent r="5" t="37" w="217" /><ent r="4" t="48" w="603" /><ent r="4" t="75" w="230" /><ent r="3" t="75" w="276" /><ent r="3" t="180" w="205" /><ent r="3" t="195" w="833" /><ent r="3" t="199" w="134" /><ent r="5" t="229" w="149" /><ent r="5" t="230" w="80" /><ent r="5" t="230" w="332" /><ent r="4" t="230" w="341" /><ent r="5" t="231" w="39" /><ent r="5" t="233" w="78" /><ent r="5" t="237" w="87" /><ent r="4" t="237" w="96" /></phr><phr n="row"><ent r="3" t="30" w="364" /><ent r="4" t="37" w="223" /><ent r="4" t="37" w="226" /><ent r="4" t="37" w="557" /><ent r="3" t="75" w="253" /><ent r="3" t="75" w="256" /><ent r="3" t="75" w="264" /><ent r="7" t="75" w="309" /><ent r="7" t="75" w="313" /><ent r="4" t="100" w="99" /><ent r="4" t="100" w="143" /><ent r="4" t="100" w="155" /><ent r="4" t="100" w="181" /><ent r="4" t="100" w="199" /><ent r="4" t="114" w="236" /><ent r="4" t="114" w="241" /><ent r="4" t="114" w="270" /><ent r="4" t="114" w="297" /><ent r="4" t="166" w="143" /><ent r="3" t="199" w="159" /><ent r="4" t="229" w="155" /><ent r="4" t="229" w="158" /><ent r="4" t="230" w="86" /><ent r="4" t="230" w="89" /><ent r="4" t="231" w="45" /><ent r="4" t="231" w="48" /><ent r="4" t="233" w="84" /><ent r="4" t="233" w="87" /><ent r="3" t="255" w="252" /></phr></stem><stem n="column"><phr n="columns"><ent r="3" t="20" w="51" /><ent r="3" t="23" w="34" /><ent r="3" t="37" w="210" /><ent r="5" t="37" w="234" /><ent r="4" t="75" w="232" /><ent r="3" t="75" w="277" /><ent r="3" t="133" w="38" /><ent r="3" t="146" w="79" /><ent r="3" t="180" w="207" /><ent r="3" t="195" w="835" /><ent r="3" t="199" w="135" /><ent r="5" t="229" w="166" /><ent r="5" t="230" w="97" /><ent r="5" t="231" w="56" /><ent r="5" t="233" w="95" /><ent r="3" t="254" w="677" /><ent r="5" t="255" w="58" /><ent r="4" t="255" w="61" /><ent r="5" t="255" w="108" /><ent r="4" t="255" w="111" /><ent r="5" t="255" w="150" /><ent r="4" t="255" w="153" /><ent r="3" t="255" w="218" /></phr><phr n="Column"><ent r="4" t="37" w="240" /><ent r="4" t="37" w="243" /><ent r="4" t="37" w="559" /><ent r="3" t="75" w="259" /><ent r="3" t="75" w="261" /><ent r="3" t="75" w="266" /><ent r="7" t="75" w="325" /><ent r="7" t="75" w="329" /><ent r="3" t="133" w="44" /><ent r="3" t="133" w="52" /><ent r="3" t="194" w="119" /><ent r="3" t="194" w="144" /><ent r="3" t="199" w="161" /><ent r="4" t="211" w="1533" /><ent r="4" t="229" w="172" /><ent r="4" t="229" w="175" /><ent r="4" t="230" w="103" /><ent r="4" t="230" w="106" /><ent r="4" t="231" w="62" /><ent r="4" t="231" w="65" /><ent r="4" t="233" w="101" /><ent r="4" t="233" w="104" /><ent r="3" t="234" w="649" /><ent r="3" t="234" w="839" /><ent r="4" t="241" w="142" /><ent r="4" t="243" w="575" /><ent r="5" t="255" w="40" /><ent r="4" t="255" w="43" /><ent r="4" t="255" w="71" /><ent r="4" t="255" w="105" /><ent r="4" t="255" w="121" /><ent r="4" t="255" w="130" /><ent r="4" t="255" w="140" /><ent r="4" t="255" w="163" /><ent r="4" t="255" w="196" /><ent r="4" t="255" w="205" /><ent r="4" t="255" w="215" /><ent r="3" t="255" w="231" /></phr></stem><stem n="below"><phr n="below"><ent r="3" t="20" w="59" /><ent r="3" t="27" w="63" /><ent r="3" t="36" w="54" /><ent r="3" t="36" w="87" /><ent r="3" t="70" w="424" /><ent r="4" t="96" w="122" /><ent r="4" t="116" w="82" /><ent r="4" t="116" w="165" /><ent r="4" t="116" w="265" /><ent r="3" t="128" w="223" /><ent r="3" t="160" w="154" /><ent r="3" t="175" w="67" /><ent r="3" t="180" w="215" /><ent r="3" t="185" w="116" /><ent r="4" t="195" w="799" /><ent r="3" t="198" w="415" /><ent r="3" t="208" w="131" /><ent r="3" t="209" w="312" /><ent r="4" t="210" w="2119" /><ent r="4" t="212" w="465" /><ent r="3" t="212" w="1499" /><ent r="4" t="213" w="998" /><ent r="4" t="217" w="288" /><ent r="4" t="218" w="1081" /><ent r="3" t="218" w="1563" /><ent r="3" t="219" w="681" /><ent r="4" t="219" w="797" /><ent r="3" t="219" w="927" /><ent r="4" t="221" w="91" /></phr></stem><stem n="&quot;name&quot;"><phr n="&quot;Name&quot;"><ent r="3" t="20" w="89" /></phr></stem><stem n="&quot;bad"><phr n="&quot;Bad"><ent r="3" t="20" w="98" /><ent r="3" t="191" w="12" /><ent r="3" t="194" w="124" /><ent r="4" t="212" w="445" /></phr></stem><stem n="bad"><phr n="Bad"><ent r="3" t="20" w="98" /><ent r="4" t="23" w="60" /><ent r="3" t="23" w="110" /><ent r="5" t="37" w="287" /><ent r="4" t="37" w="337" /><ent r="6" t="75" w="371" /><ent r="5" t="75" w="421" /><ent r="7" t="122" w="323" /><ent r="7" t="122" w="333" /><ent r="68" t="122" w="341" /><ent r="1000" t="124" w="2" /><ent r="100" t="124" w="5" /><ent r="100" t="124" w="9" /><ent r="102" t="124" w="13" /><ent r="3" t="124" w="17" /><ent r="3" t="124" w="24" /><ent r="5" t="124" w="84" /><ent r="4" t="124" w="108" /><ent r="3" t="124" w="113" /><ent r="4" t="124" w="169" /><ent r="4" t="124" w="179" /><ent r="4" t="124" w="255" /><ent r="4" t="124" w="338" /><ent r="5" t="124" w="352" /><ent r="4" t="124" w="366" /><ent r="4" t="124" w="377" /><ent r="1000" t="191" w="1" /><ent r="102" t="191" w="4" /><ent r="100" t="191" w="7" /><ent r="3" t="191" w="12" /><ent r="3" t="191" w="70" /><ent r="3" t="191" w="120" /><ent r="4" t="191" w="138" /><ent r="4" t="191" w="156" /><ent r="4" t="191" w="192" /><ent r="4" t="191" w="207" /><ent r="3" t="191" w="228" /><ent r="3" t="191" w="331" /><ent r="3" t="191" w="354" /><ent r="3" t="191" w="367" /><ent r="3" t="191" w="385" /><ent r="64" t="191" w="395" /><ent r="64" t="191" w="403" /><ent r="64" t="191" w="412" /><ent r="1000" t="192" w="2" /><ent r="102" t="192" w="10" /><ent r="100" t="192" w="17" /><ent r="100" t="192" w="20" /><ent r="3" t="192" w="29" /><ent r="3" t="192" w="56" /><ent r="3" t="192" w="131" /><ent r="3" t="192" w="143" /><ent r="3" t="192" w="155" /><ent r="4" t="192" w="166" /><ent r="4" t="192" w="177" /><ent r="3" t="192" w="191" /><ent r="5" t="192" w="245" /><ent r="5" t="192" w="266" /><ent r="4" t="192" w="286" /><ent r="4" t="192" w="292" /><ent r="4" t="192" w="309" /><ent r="4" t="192" w="346" /><ent r="4" t="192" w="366" /><ent r="4" t="192" w="386" /><ent r="4" t="192" w="440" /><ent r="4" t="192" w="450" /><ent r="4" t="192" w="524" /><ent r="4" t="192" w="612" /><ent r="4" t="192" w="623" /><ent r="4" t="192" w="631" /><ent r="64" t="192" w="663" /><ent r="64" t="192" w="669" /><ent r="64" t="192" w="673" /><ent r="1000" t="193" w="4" /><ent r="102" t="193" w="10" /><ent r="100" t="193" w="13" /><ent r="100" t="193" w="16" /><ent r="3" t="193" w="25" /><ent r="64" t="193" w="44" /><ent r="5" t="193" w="87" /><ent r="3" t="193" w="92" /><ent r="4" t="193" w="148" /><ent r="4" t="193" w="158" /><ent r="4" t="193" w="234" /><ent r="4" t="193" w="317" /><ent r="5" t="193" w="331" /><ent r="4" t="193" w="345" /><ent r="4" t="193" w="356" /><ent r="64" t="193" w="364" /><ent r="64" t="193" w="368" /><ent r="1000" t="194" w="2" /><ent r="102" t="194" w="9" /><ent r="100" t="194" w="16" /><ent r="100" t="194" w="21" /><ent r="3" t="194" w="32" /><ent r="64" t="194" w="57" /><ent r="5" t="194" w="90" /><ent r="3" t="194" w="100" /><ent r="3" t="194" w="114" /><ent r="3" t="194" w="124" /><ent r="3" t="194" w="137" /><ent r="4" t="194" w="154" /><ent r="4" t="194" w="165" /><ent r="3" t="194" w="179" /><ent r="5" t="194" w="233" /><ent r="5" t="194" w="254" /><ent r="4" t="194" w="274" /><ent r="4" t="194" w="280" /><ent r="4" t="194" w="297" /><ent r="4" t="194" w="334" /><ent r="5" t="194" w="350" /><ent r="4" t="194" w="371" /><ent r="4" t="194" w="425" /><ent r="4" t="194" w="435" /><ent r="4" t="194" w="511" /><ent r="4" t="194" w="599" /><ent r="64" t="194" w="617" /><ent r="64" t="194" w="621" /><ent r="3" t="198" w="56" /><ent r="3" t="198" w="71" /><ent r="3" t="198" w="84" /><ent r="4" t="212" w="445" /><ent r="7" t="228" w="652" /><ent r="7" t="228" w="665" /><ent r="5" t="229" w="219" /><ent r="4" t="229" w="269" /><ent r="5" t="230" w="150" /><ent r="4" t="230" w="200" /><ent r="5" t="231" w="109" /><ent r="4" t="231" w="159" /><ent r="5" t="233" w="148" /><ent r="4" t="233" w="198" /></phr></stem><stem n="&quot;"><phr n="&quot;"><ent r="3" t="20" w="100" /><ent r="4" t="51" w="129" /><ent r="4" t="51" w="144" /><ent r="3" t="70" w="648" /><ent r="3" t="73" w="134" /><ent r="4" t="76" w="165" /><ent r="4" t="76" w="220" /><ent r="3" t="78" w="99" /><ent r="65" t="102" w="154" /><ent r="64" t="106" w="57" /><ent r="4" t="123" w="100" /><ent r="4" t="123" w="107" /><ent r="3" t="138" w="90" /><ent r="4" t="141" w="591" /><ent r="3" t="141" w="676" /><ent r="3" t="141" w="689" /><ent r="3" t="141" w="704" /><ent r="3" t="148" w="50" /><ent r="3" t="148" w="53" /><ent r="3" t="148" w="158" /><ent r="3" t="148" w="281" /><ent r="3" t="160" w="636" /><ent r="3" t="160" w="719" /><ent r="65" t="174" w="59" /><ent r="3" t="177" w="13" /><ent r="3" t="177" w="30" /><ent r="3" t="178" w="37" /><ent r="3" t="178" w="45" /><ent r="3" t="191" w="14" /><ent r="92" t="211" w="678" /><ent r="4" t="213" w="1227" /><ent r="6" t="219" w="1319" /></phr></stem><stem n="doubl"><phr n="double"><ent r="3" t="20" w="119" /><ent r="3" t="69" w="123" /><ent r="4" t="70" w="512" /><ent r="4" t="70" w="571" /><ent r="4" t="70" w="616" /><ent r="7" t="85" w="127" /><ent r="7" t="85" w="190" /><ent r="3" t="160" w="662" /><ent r="4" t="161" w="180" /><ent r="3" t="161" w="398" /><ent r="4" t="166" w="136" /><ent r="3" t="191" w="234" /><ent r="4" t="192" w="169" /><ent r="4" t="192" w="358" /><ent r="4" t="194" w="157" /><ent r="4" t="194" w="341" /><ent r="3" t="211" w="1412" /><ent r="4" t="211" w="1476" /><ent r="4" t="211" w="1655" /><ent r="3" t="211" w="2134" /><ent r="3" t="211" w="2164" /><ent r="3" t="211" w="2198" /><ent r="3" t="211" w="2211" /><ent r="4" t="215" w="1007" /><ent r="3" t="219" w="655" /><ent r="7" t="223" w="107" /><ent r="7" t="223" w="143" /><ent r="7" t="228" w="218" /><ent r="6" t="228" w="231" /><ent r="6" t="228" w="237" /><ent r="6" t="228" w="244" /><ent r="7" t="228" w="338" /><ent r="4" t="234" w="796" /><ent r="4" t="243" w="566" /><ent r="6" t="260" w="213" /></phr></stem><stem n="double-click"><phr n="double-click"><ent r="3" t="20" w="119" /><ent r="4" t="70" w="512" /><ent r="4" t="70" w="571" /><ent r="4" t="70" w="616" /><ent r="7" t="85" w="127" /><ent r="7" t="85" w="190" /><ent r="3" t="160" w="662" /><ent r="4" t="161" w="180" /><ent r="3" t="161" w="398" /><ent r="4" t="166" w="136" /><ent r="4" t="192" w="169" /><ent r="4" t="192" w="358" /><ent r="4" t="194" w="157" /><ent r="4" t="194" w="341" /><ent r="3" t="211" w="1412" /><ent r="4" t="211" w="1476" /><ent r="4" t="211" w="1655" /><ent r="3" t="211" w="2134" /><ent r="3" t="211" w="2164" /><ent r="3" t="211" w="2198" /><ent r="3" t="211" w="2211" /><ent r="4" t="215" w="1007" /><ent r="3" t="219" w="655" /><ent r="7" t="223" w="107" /><ent r="7" t="223" w="143" /><ent r="4" t="243" w="566" /></phr></stem><stem n="cell"><phr n="cell"><ent r="3" t="20" w="124" /><ent r="3" t="20" w="140" /><ent r="3" t="25" w="108" /><ent r="4" t="70" w="516" /><ent r="4" t="70" w="620" /><ent r="4" t="100" w="112" /><ent r="4" t="100" w="161" /><ent r="4" t="114" w="206" /><ent r="4" t="114" w="294" /><ent r="3" t="254" w="288" /></phr><phr n="cells"><ent r="3" t="196" w="71" /><ent r="3" t="196" w="101" /></phr></stem><stem n="variou"><phr n="various"><ent r="3" t="20" w="168" /><ent r="7" t="160" w="396" /><ent r="3" t="201" w="44" /><ent r="3" t="211" w="234" /><ent r="3" t="213" w="122" /><ent r="4" t="214" w="959" /><ent r="3" t="217" w="1223" /><ent r="3" t="254" w="546" /></phr></stem><stem n="predefin"><phr n="predefined"><ent r="3" t="20" w="179" /><ent r="3" t="58" w="1157" /><ent r="3" t="70" w="14" /><ent r="3" t="188" w="308" /><ent r="3" t="188" w="340" /></phr></stem><stem n="composit"><phr n="composites"><ent r="3" t="20" w="181" /><ent r="3" t="20" w="198" /><ent r="3" t="20" w="204" /><ent r="64" t="20" w="211" /><ent r="4" t="58" w="147" /><ent r="92" t="58" w="1152" /><ent r="3" t="58" w="1159" /><ent r="3" t="58" w="1177" /><ent r="3" t="58" w="1183" /><ent r="64" t="58" w="1190" /><ent r="1000" t="70" w="2" /><ent r="102" t="70" w="5" /><ent r="100" t="70" w="8" /><ent r="3" t="70" w="16" /><ent r="3" t="70" w="34" /><ent r="3" t="70" w="40" /><ent r="3" t="70" w="80" /><ent r="92" t="70" w="337" /><ent r="3" t="70" w="349" /><ent r="92" t="70" w="358" /><ent r="3" t="70" w="412" /><ent r="3" t="70" w="429" /><ent r="3" t="70" w="593" /><ent r="3" t="70" w="602" /><ent r="3" t="70" w="687" /><ent r="3" t="70" w="709" /><ent r="1000" t="71" w="2" /><ent r="102" t="71" w="7" /><ent r="100" t="71" w="12" /><ent r="3" t="71" w="24" /><ent r="3" t="188" w="310" /><ent r="3" t="188" w="327" /><ent r="3" t="188" w="333" /><ent r="3" t="188" w="341" /><ent r="64" t="188" w="363" /></phr><phr n="composite"><ent r="3" t="70" w="50" /><ent r="92" t="70" w="106" /><ent r="4" t="70" w="137" /><ent r="4" t="70" w="188" /><ent r="4" t="70" w="234" /><ent r="4" t="70" w="323" /><ent r="3" t="70" w="439" /><ent r="3" t="70" w="462" /><ent r="82" t="70" w="510" /><ent r="82" t="70" w="551" /><ent r="4" t="70" w="565" /><ent r="4" t="70" w="569" /><ent r="5" t="70" w="577" /><ent r="4" t="70" w="583" /><ent r="4" t="70" w="629" /><ent r="3" t="70" w="639" /><ent r="82" t="70" w="654" /><ent r="4" t="70" w="659" /><ent r="3" t="188" w="355" /><ent r="4" t="210" w="2132" /></phr></stem><stem n="nir"><phr n="NIR"><ent r="104" t="20" w="186" /><ent r="104" t="58" w="1164" /><ent r="104" t="70" w="21" /><ent r="82" t="70" w="354" /><ent r="104" t="188" w="315" /><ent r="3" t="211" w="2119" /></phr></stem><stem n="swir"><phr n="SWIR"><ent r="104" t="20" w="189" /><ent r="104" t="58" w="1167" /><ent r="104" t="70" w="24" /><ent r="104" t="188" w="318" /><ent r="5" t="214" w="728" /></phr></stem><stem n="true"><phr n="True"><ent r="3" t="20" w="192" /><ent r="3" t="58" w="1170" /><ent r="3" t="70" w="27" /><ent r="82" t="70" w="351" /><ent r="3" t="188" w="321" /><ent r="4" t="210" w="2130" /><ent r="3" t="218" w="241" /><ent r="5" t="218" w="736" /><ent r="4" t="225" w="131" /><ent r="3" t="253" w="80" /><ent r="6" t="260" w="231" /><ent r="6" t="260" w="676" /></phr></stem><stem n="perform"><phr n="Performance"><ent r="92" t="20" w="214" /><ent r="3" t="20" w="249" /><ent r="3" t="20" w="358" /><ent r="3" t="201" w="70" /></phr><phr n="perform"><ent r="3" t="20" w="279" /><ent r="4" t="20" w="428" /><ent r="3" t="64" w="15" /><ent r="3" t="134" w="50" /><ent r="3" t="135" w="32" /><ent r="3" t="150" w="59" /><ent r="7" t="160" w="399" /><ent r="3" t="195" w="140" /><ent r="3" t="206" w="92" /><ent r="3" t="207" w="18" /><ent r="3" t="209" w="45" /><ent r="3" t="209" w="206" /><ent r="3" t="211" w="53" /><ent r="4" t="211" w="109" /><ent r="3" t="211" w="951" /><ent r="3" t="211" w="2092" /><ent r="3" t="211" w="3262" /><ent r="3" t="212" w="87" /><ent r="4" t="212" w="540" /><ent r="3" t="213" w="70" /><ent r="3" t="216" w="59" /><ent r="3" t="217" w="44" /><ent r="3" t="218" w="31" /><ent r="3" t="218" w="45" /><ent r="3" t="218" w="90" /><ent r="3" t="218" w="1928" /><ent r="3" t="219" w="64" /><ent r="3" t="219" w="1632" /></phr><phr n="performed"><ent r="3" t="134" w="21" /><ent r="3" t="135" w="71" /><ent r="3" t="195" w="416" /><ent r="4" t="199" w="212" /><ent r="3" t="211" w="248" /><ent r="3" t="211" w="261" /><ent r="7" t="228" w="88" /></phr><phr n="performs"><ent r="4" t="207" w="31" /><ent r="4" t="207" w="71" /><ent r="4" t="207" w="101" /><ent r="4" t="207" w="134" /></phr><phr n="performing"><ent r="3" t="217" w="1222" /></phr></stem><stem n="implic"><phr n="implications"><ent r="92" t="20" w="215" /><ent r="3" t="20" w="250" /><ent r="3" t="20" w="359" /></phr></stem><stem n="interleav"><phr n="Interleave"><ent r="92" t="20" w="217" /><ent r="4" t="20" w="223" /><ent r="3" t="20" w="239" /><ent r="3" t="20" w="287" /><ent r="4" t="20" w="393" /><ent r="4" t="20" w="544" /><ent r="4" t="20" w="604" /><ent r="3" t="20" w="663" /><ent r="3" t="198" w="102" /><ent r="3" t="198" w="111" /><ent r="7" t="228" w="285" /><ent r="3" t="228" w="725" /></phr><phr n="interleaving"><ent r="4" t="20" w="557" /><ent r="3" t="20" w="658" /><ent r="3" t="20" w="720" /></phr><phr n="interleaved"><ent r="7" t="228" w="297" /><ent r="7" t="228" w="303" /></phr></stem><stem n="format"><phr n="Format"><ent r="92" t="20" w="218" /><ent r="4" t="20" w="224" /><ent r="4" t="20" w="545" /><ent r="3" t="20" w="664" /><ent r="64" t="25" w="230" /><ent r="3" t="29" w="30" /><ent r="4" t="29" w="112" /><ent r="4" t="29" w="138" /><ent r="4" t="29" w="240" /><ent r="6" t="29" w="297" /><ent r="4" t="29" w="356" /><ent r="4" t="29" w="570" /><ent r="4" t="29" w="614" /><ent r="65" t="29" w="644" /><ent r="3" t="32" w="20" /><ent r="4" t="32" w="27" /><ent r="4" t="34" w="91" /><ent r="4" t="34" w="97" /><ent r="4" t="34" w="134" /><ent r="4" t="34" w="145" /><ent r="4" t="34" w="215" /><ent r="4" t="34" w="244" /><ent r="4" t="34" w="266" /><ent r="4" t="35" w="39" /><ent r="4" t="35" w="71" /><ent r="4" t="35" w="107" /><ent r="3" t="36" w="33" /><ent r="4" t="39" w="69" /><ent r="4" t="39" w="166" /><ent r="4" t="39" w="208" /><ent r="4" t="39" w="288" /><ent r="3" t="43" w="31" /><ent r="64" t="43" w="108" /><ent r="3" t="44" w="94" /><ent r="3" t="48" w="771" /><ent r="4" t="49" w="194" /><ent r="3" t="49" w="201" /><ent r="3" t="100" w="233" /><ent r="3" t="100" w="265" /><ent r="3" t="100" w="276" /><ent r="4" t="141" w="368" /><ent r="4" t="158" w="247" /><ent r="4" t="158" w="388" /><ent r="4" t="158" w="527" /><ent r="3" t="170" w="21" /><ent r="4" t="180" w="1112" /><ent r="3" t="186" w="29" /><ent r="4" t="186" w="171" /><ent r="3" t="191" w="218" /><ent r="3" t="210" w="232" /><ent r="3" t="210" w="258" /><ent r="3" t="210" w="285" /><ent r="5" t="213" w="452" /><ent r="3" t="214" w="167" /><ent r="3" t="214" w="186" /><ent r="5" t="214" w="691" /><ent r="3" t="215" w="157" /><ent r="3" t="215" w="176" /><ent r="5" t="215" w="680" /><ent r="1000" t="228" w="3" /><ent r="102" t="228" w="9" /><ent r="3" t="228" w="37" /><ent r="3" t="230" w="279" /><ent r="1000" t="255" w="5" /><ent r="102" t="255" w="12" /><ent r="3" t="255" w="278" /></phr><phr n="formats"><ent r="3" t="31" w="23" /><ent r="3" t="31" w="31" /><ent r="3" t="100" w="235" /><ent r="7" t="228" w="175" /><ent r="3" t="255" w="37" /><ent r="3" t="255" w="232" /><ent r="6" t="260" w="285" /></phr><phr n="formatting"><ent r="3" t="93" w="44" /><ent r="64" t="93" w="58" /><ent r="1000" t="94" w="2" /><ent r="102" t="94" w="8" /><ent r="100" t="94" w="14" /><ent r="100" t="94" w="23" /><ent r="3" t="94" w="29" /></phr><phr n="formatted"><ent r="3" t="183" w="185" /><ent r="3" t="210" w="243" /><ent r="3" t="218" w="1434" /></phr></stem><stem n="process"><phr n="Processing"><ent r="92" t="20" w="220" /><ent r="3" t="20" w="254" /><ent r="3" t="20" w="263" /><ent r="3" t="20" w="325" /><ent r="4" t="20" w="336" /><ent r="4" t="20" w="435" /><ent r="4" t="36" w="70" /><ent r="4" t="84" w="97" /><ent r="4" t="84" w="114" /><ent r="3" t="106" w="70" /><ent r="3" t="135" w="34" /><ent r="3" t="144" w="129" /><ent r="3" t="183" w="151" /><ent r="3" t="198" w="80" /><ent r="3" t="199" w="42" /><ent r="4" t="199" w="275" /><ent r="3" t="209" w="189" /><ent r="3" t="210" w="288" /><ent r="3" t="211" w="402" /><ent r="3" t="216" w="526" /><ent r="3" t="218" w="36" /><ent r="3" t="218" w="92" /><ent r="3" t="218" w="1933" /><ent r="4" t="219" w="123" /><ent r="3" t="219" w="138" /><ent r="4" t="219" w="1595" /><ent r="3" t="219" w="1634" /><ent r="7" t="228" w="87" /><ent r="7" t="228" w="177" /><ent r="6" t="260" w="343" /></phr><phr n="processed"><ent r="3" t="31" w="55" /></phr><phr n="process"><ent r="3" t="135" w="69" /><ent r="4" t="136" w="175" /><ent r="4" t="136" w="223" /><ent r="4" t="136" w="257" /><ent r="3" t="142" w="9" /><ent r="3" t="150" w="424" /><ent r="7" t="151" w="252" /><ent r="7" t="151" w="286" /><ent r="3" t="160" w="42" /><ent r="3" t="198" w="98" /><ent r="5" t="199" w="270" /><ent r="3" t="211" w="135" /><ent r="4" t="211" w="1054" /><ent r="5" t="211" w="2236" /><ent r="3" t="212" w="77" /><ent r="3" t="218" w="144" /><ent r="3" t="218" w="234" /><ent r="3" t="218" w="836" /><ent r="3" t="226" w="20" /><ent r="3" t="234" w="317" /><ent r="4" t="243" w="301" /><ent r="93" t="252" w="12" /><ent r="3" t="252" w="193" /><ent r="3" t="252" w="367" /><ent r="7" t="259" w="154" /><ent r="7" t="259" w="192" /></phr><phr n="processes"><ent r="3" t="136" w="29" /><ent r="3" t="150" w="56" /><ent r="8" t="160" w="370" /><ent r="4" t="218" w="60" /><ent r="3" t="218" w="87" /><ent r="3" t="218" w="213" /><ent r="3" t="218" w="278" /><ent r="3" t="218" w="808" /><ent r="3" t="218" w="878" /><ent r="92" t="218" w="1076" /><ent r="4" t="219" w="89" /><ent r="3" t="219" w="826" /><ent r="92" t="219" w="903" /><ent r="3" t="243" w="219" /><ent r="3" t="243" w="280" /></phr></stem><stem n="bil"><phr n="BIL"><ent r="3" t="20" w="232" /><ent r="3" t="20" w="315" /><ent r="7" t="228" w="306" /></phr></stem><stem n="bip"><phr n="BIP"><ent r="3" t="20" w="233" /><ent r="3" t="20" w="273" /><ent r="3" t="20" w="300" /><ent r="3" t="198" w="109" /><ent r="5" t="210" w="550" /><ent r="4" t="216" w="296" /><ent r="6" t="216" w="553" /><ent r="7" t="228" w="300" /></phr></stem><stem n="bsq"><phr n="BSQ"><ent r="3" t="20" w="235" /><ent r="3" t="20" w="275" /><ent r="3" t="20" w="313" /><ent r="7" t="228" w="295" /><ent r="3" t="228" w="726" /></phr></stem><stem n="tune"><phr n="tuned"><ent r="3" t="20" w="270" /><ent r="3" t="20" w="298" /><ent r="3" t="20" w="311" /></phr><phr n="tuning"><ent r="3" t="20" w="319" /><ent r="3" t="48" w="447" /></phr></stem><stem n="either"><phr n="either"><ent r="3" t="20" w="272" /><ent r="4" t="43" w="211" /><ent r="3" t="76" w="83" /><ent r="4" t="86" w="98" /><ent r="3" t="99" w="22" /><ent r="3" t="99" w="100" /><ent r="4" t="111" w="112" /><ent r="3" t="157" w="168" /><ent r="3" t="160" w="885" /><ent r="3" t="164" w="158" /><ent r="3" t="195" w="806" /><ent r="3" t="198" w="69" /><ent r="4" t="206" w="269" /><ent r="4" t="210" w="572" /><ent r="3" t="210" w="1239" /><ent r="3" t="211" w="2601" /><ent r="4" t="212" w="1296" /><ent r="3" t="213" w="1172" /><ent r="3" t="214" w="199" /><ent r="3" t="215" w="192" /><ent r="4" t="217" w="532" /><ent r="4" t="217" w="859" /><ent r="3" t="218" w="102" /><ent r="3" t="252" w="181" /><ent r="3" t="252" w="304" /><ent r="4" t="254" w="709" /></phr></stem><stem n="best"><phr n="best"><ent r="3" t="20" w="280" /><ent r="4" t="20" w="414" /><ent r="4" t="152" w="91" /></phr></stem><stem n="-statist"><phr n="-statistics"><ent r="3" t="20" w="304" /><ent r="3" t="20" w="304" /></phr></stem><stem n="band-statist"><phr n="band-statistics"><ent r="3" t="20" w="304" /></phr></stem><stem n="statist"><phr n="statistics"><ent r="3" t="20" w="305" /><ent r="5" t="122" w="268" /><ent r="5" t="122" w="275" /><ent r="66" t="122" w="281" /><ent r="5" t="122" w="284" /><ent r="5" t="122" w="288" /><ent r="6" t="122" w="360" /><ent r="3" t="125" w="31" /><ent r="4" t="125" w="134" /><ent r="1000" t="130" w="1" /><ent r="102" t="130" w="3" /><ent r="100" t="130" w="5" /><ent r="3" t="130" w="9" /><ent r="4" t="130" w="35" /><ent r="3" t="130" w="41" /><ent r="92" t="130" w="51" /><ent r="3" t="130" w="57" /><ent r="4" t="130" w="68" /><ent r="64" t="130" w="81" /><ent r="1000" t="131" w="2" /><ent r="102" t="131" w="5" /><ent r="100" t="131" w="7" /><ent r="100" t="131" w="10" /><ent r="100" t="131" w="13" /><ent r="3" t="131" w="17" /><ent r="5" t="131" w="40" /><ent r="3" t="131" w="115" /><ent r="3" t="131" w="139" /><ent r="92" t="131" w="152" /><ent r="3" t="131" w="163" /><ent r="5" t="131" w="177" /><ent r="64" t="131" w="183" /><ent r="3" t="191" w="29" /><ent r="3" t="195" w="85" /><ent r="3" t="210" w="270" /></phr><phr n="statistical"><ent r="5" t="195" w="340" /><ent r="3" t="195" w="980" /></phr></stem><stem n="mildli"><phr n="mildly"><ent r="3" t="20" w="310" /></phr></stem><stem n="pronounc"><phr n="pronounced"><ent r="3" t="20" w="322" /></phr></stem><stem n="disk"><phr n="Disk"><ent r="3" t="20" w="329" /><ent r="3" t="20" w="332" /><ent r="3" t="20" w="348" /><ent r="3" t="20" w="353" /><ent r="5" t="20" w="438" /><ent r="4" t="20" w="523" /><ent r="5" t="20" w="562" /><ent r="4" t="20" w="573" /><ent r="4" t="20" w="594" /><ent r="4" t="20" w="620" /><ent r="4" t="20" w="646" /><ent r="3" t="20" w="684" /><ent r="3" t="20" w="728" /><ent r="3" t="31" w="57" /></phr></stem><stem n="(read"><phr n="(Read"><ent r="3" t="20" w="333" /><ent r="3" t="20" w="349" /><ent r="5" t="20" w="439" /><ent r="4" t="20" w="595" /><ent r="4" t="20" w="621" /><ent r="3" t="20" w="729" /></phr></stem><stem n="read"><phr n="Read"><ent r="3" t="20" w="333" /><ent r="3" t="20" w="349" /><ent r="5" t="20" w="439" /><ent r="4" t="20" w="595" /><ent r="4" t="20" w="621" /><ent r="3" t="20" w="729" /><ent r="4" t="31" w="155" /><ent r="4" t="31" w="160" /><ent r="4" t="31" w="171" /><ent r="4" t="31" w="177" /><ent r="4" t="31" w="182" /><ent r="4" t="31" w="187" /><ent r="4" t="31" w="194" /><ent r="4" t="31" w="200" /><ent r="4" t="31" w="205" /><ent r="4" t="31" w="210" /><ent r="3" t="43" w="65" /><ent r="3" t="48" w="769" /><ent r="3" t="180" w="44" /><ent r="4" t="211" w="1535" /><ent r="3" t="211" w="2176" /><ent r="4" t="211" w="2227" /><ent r="7" t="228" w="159" /><ent r="3" t="230" w="277" /></phr><phr n="reads"><ent r="8" t="160" w="411" /></phr></stem><stem n="memori"><phr n="Memory"><ent r="3" t="20" w="346" /><ent r="5" t="20" w="362" /><ent r="4" t="20" w="374" /><ent r="4" t="20" w="403" /><ent r="4" t="20" w="456" /><ent r="4" t="20" w="460" /><ent r="4" t="20" w="528" /><ent r="4" t="20" w="586" /><ent r="3" t="20" w="681" /><ent r="3" t="195" w="43" /><ent r="3" t="195" w="1009" /><ent r="3" t="199" w="36" /><ent r="3" t="201" w="73" /><ent r="4" t="205" w="261" /><ent r="4" t="205" w="267" /><ent r="5" t="205" w="275" /><ent r="3" t="243" w="191" /></phr></stem></index>