﻿<?xml version="1.0" encoding="utf-8"?><index><stem n="help"><phr n="help"><ent r="7" t="5" w="284" /><ent r="3" t="100" w="424" /><ent r="3" t="169" w="129" /><ent r="3" t="169" w="147" /><ent r="3" t="170" w="119" /><ent r="3" t="170" w="137" /></phr><phr n="Help"><ent r="4" t="158" w="268" /><ent r="3" t="171" w="1313" /><ent r="4" t="172" w="1908" /></phr><phr n="helpful"><ent r="3" t="168" w="1393" /></phr></stem><stem n=":toolbox"><phr n=":Toolbox"><ent r="100" t="6" w="8" /></phr></stem><stem n="explorerwindow"><phr n="ExplorerWindow"><ent r="7" t="6" w="25" /></phr></stem><stem n="messag"><phr n="Message"><ent r="7" t="6" w="49" /><ent r="68" t="6" w="57" /><ent r="65" t="77" w="30" /><ent r="1000" t="92" w="1" /><ent r="100" t="92" w="5" /><ent r="102" t="92" w="9" /><ent r="3" t="92" w="14" /><ent r="3" t="92" w="91" /><ent r="3" t="92" w="102" /><ent r="3" t="92" w="150" /><ent r="4" t="92" w="170" /><ent r="3" t="92" w="185" /><ent r="3" t="92" w="202" /><ent r="3" t="92" w="219" /><ent r="3" t="92" w="234" /><ent r="3" t="92" w="242" /><ent r="4" t="92" w="262" /></phr><phr n="message"><ent r="4" t="42" w="293" /><ent r="3" t="43" w="102" /><ent r="3" t="92" w="96" /><ent r="3" t="92" w="101" /><ent r="3" t="92" w="110" /><ent r="3" t="92" w="126" /><ent r="3" t="92" w="144" /><ent r="3" t="94" w="84" /><ent r="3" t="147" w="198" /><ent r="3" t="147" w="203" /><ent r="3" t="147" w="235" /><ent r="3" t="147" w="240" /><ent r="4" t="165" w="2228" /><ent r="4" t="165" w="2287" /><ent r="4" t="167" w="1426" /><ent r="4" t="167" w="1449" /><ent r="3" t="182" w="175" /></phr><phr n="messages"><ent r="3" t="92" w="75" /><ent r="3" t="92" w="88" /><ent r="5" t="131" w="222" /><ent r="100" t="209" w="10" /><ent r="3" t="209" w="23" /><ent r="4" t="209" w="132" /><ent r="4" t="209" w="143" /></phr><phr n="Messages"><ent r="3" t="92" w="79" /><ent r="66" t="131" w="212" /><ent r="1000" t="209" w="2" /><ent r="102" t="209" w="6" /><ent r="3" t="209" w="14" /><ent r="4" t="209" w="72" /><ent r="5" t="209" w="115" /><ent r="4" t="209" w="125" /></phr></stem><stem n="log"><phr n="Log"><ent r="7" t="6" w="50" /><ent r="68" t="6" w="58" /><ent r="65" t="77" w="31" /><ent r="1000" t="92" w="2" /><ent r="100" t="92" w="6" /><ent r="102" t="92" w="10" /><ent r="3" t="92" w="15" /><ent r="3" t="92" w="92" /><ent r="3" t="92" w="151" /><ent r="4" t="92" w="171" /><ent r="3" t="92" w="186" /><ent r="3" t="92" w="203" /><ent r="3" t="92" w="220" /><ent r="3" t="92" w="235" /><ent r="3" t="92" w="243" /><ent r="4" t="92" w="263" /></phr><phr n="logged"><ent r="3" t="92" w="62" /><ent r="3" t="92" w="77" /></phr><phr n="log"><ent r="7" t="179" w="74" /><ent r="7" t="179" w="82" /><ent r="7" t="179" w="88" /><ent r="3" t="182" w="176" /></phr></stem><stem n="background"><phr n="Background"><ent r="7" t="6" w="63" /><ent r="68" t="6" w="68" /><ent r="65" t="77" w="37" /><ent r="1000" t="94" w="1" /><ent r="100" t="94" w="6" /><ent r="102" t="94" w="11" /><ent r="3" t="94" w="17" /><ent r="3" t="94" w="119" /><ent r="4" t="94" w="134" /><ent r="4" t="94" w="156" /><ent r="4" t="94" w="180" /><ent r="4" t="94" w="228" /><ent r="5" t="98" w="435" /><ent r="6" t="115" w="359" /><ent r="5" t="140" w="240" /><ent r="4" t="143" w="183" /></phr><phr n="background"><ent r="4" t="28" w="80" /><ent r="4" t="28" w="122" /><ent r="4" t="28" w="177" /><ent r="4" t="28" w="286" /><ent r="3" t="94" w="28" /><ent r="3" t="94" w="53" /><ent r="3" t="98" w="429" /><ent r="4" t="98" w="440" /><ent r="3" t="115" w="344" /><ent r="4" t="140" w="253" /><ent r="3" t="143" w="192" /><ent r="3" t="145" w="216" /><ent r="3" t="203" w="42" /></phr></stem><stem n="script"><phr n="Scripting"><ent r="7" t="6" w="75" /><ent r="68" t="6" w="82" /><ent r="65" t="77" w="34" /><ent r="1000" t="93" w="1" /><ent r="100" t="93" w="4" /><ent r="102" t="93" w="7" /><ent r="4" t="93" w="104" /><ent r="3" t="93" w="118" /><ent r="4" t="93" w="139" /><ent r="64" t="93" w="160" /><ent r="1000" t="147" w="1" /><ent r="100" t="147" w="5" /><ent r="100" t="147" w="10" /><ent r="102" t="147" w="13" /><ent r="3" t="147" w="20" /><ent r="5" t="147" w="38" /><ent r="3" t="147" w="52" /></phr><phr n="scripting"><ent r="3" t="93" w="11" /><ent r="3" t="93" w="57" /><ent r="3" t="93" w="79" /><ent r="3" t="93" w="85" /><ent r="3" t="147" w="164" /></phr><phr n="script"><ent r="3" t="166" w="1901" /><ent r="3" t="166" w="1926" /></phr></stem><stem n="overview"><phr n="Overview"><ent r="7" t="6" w="87" /><ent r="68" t="6" w="104" /><ent r="1000" t="41" w="1" /><ent r="100" t="41" w="4" /><ent r="102" t="41" w="7" /><ent r="3" t="41" w="11" /><ent r="4" t="41" w="31" /><ent r="5" t="41" w="50" /><ent r="3" t="41" w="64" /><ent r="3" t="41" w="162" /><ent r="3" t="41" w="177" /><ent r="3" t="41" w="197" /><ent r="4" t="41" w="227" /><ent r="4" t="41" w="239" /><ent r="4" t="41" w="257" /><ent r="4" t="41" w="292" /><ent r="64" t="41" w="342" /><ent r="65" t="95" w="19" /><ent r="4" t="95" w="31" /><ent r="1000" t="96" w="2" /><ent r="102" t="96" w="6" /><ent r="3" t="96" w="14" /><ent r="64" t="96" w="27" /><ent r="3" t="96" w="78" /><ent r="4" t="96" w="120" /><ent r="5" t="96" w="172" /><ent r="3" t="96" w="219" /><ent r="5" t="165" w="683" /></phr><phr n="overview"><ent r="7" t="6" w="96" /><ent r="3" t="41" w="20" /><ent r="100" t="96" w="10" /><ent r="5" t="131" w="255" /><ent r="4" t="165" w="668" /><ent r="3" t="165" w="691" /><ent r="4" t="165" w="740" /></phr></stem><stem n="on"><phr n="one"><ent r="7" t="6" w="95" /><ent r="7" t="6" w="121" /><ent r="6" t="13" w="174" /><ent r="6" t="14" w="167" /><ent r="6" t="14" w="177" /><ent r="4" t="20" w="211" /><ent r="4" t="26" w="176" /><ent r="4" t="29" w="89" /><ent r="3" t="33" w="32" /><ent r="3" t="34" w="28" /><ent r="3" t="34" w="43" /><ent r="3" t="42" w="195" /><ent r="3" t="44" w="68" /><ent r="3" t="51" w="128" /><ent r="3" t="56" w="80" /><ent r="65" t="64" w="45" /><ent r="3" t="71" w="35" /><ent r="4" t="87" w="108" /><ent r="3" t="88" w="25" /><ent r="4" t="98" w="296" /><ent r="4" t="98" w="305" /><ent r="3" t="100" w="22" /><ent r="3" t="105" w="438" /><ent r="3" t="112" w="18" /><ent r="4" t="113" w="78" /><ent r="3" t="115" w="620" /><ent r="3" t="117" w="27" /><ent r="3" t="118" w="33" /><ent r="3" t="123" w="58" /><ent r="3" t="123" w="61" /><ent r="4" t="127" w="68" /><ent r="3" t="129" w="545" /><ent r="5" t="140" w="328" /><ent r="4" t="140" w="473" /><ent r="4" t="140" w="476" /><ent r="4" t="140" w="480" /><ent r="5" t="140" w="745" /><ent r="5" t="148" w="460" /><ent r="3" t="153" w="35" /><ent r="5" t="153" w="258" /><ent r="5" t="153" w="613" /><ent r="3" t="155" w="242" /><ent r="4" t="155" w="581" /><ent r="4" t="155" w="593" /><ent r="3" t="157" w="91" /><ent r="3" t="157" w="118" /><ent r="4" t="158" w="213" /><ent r="4" t="159" w="169" /><ent r="4" t="159" w="179" /><ent r="3" t="160" w="60" /><ent r="3" t="160" w="68" /><ent r="4" t="160" w="179" /><ent r="4" t="162" w="132" /><ent r="3" t="163" w="93" /><ent r="4" t="163" w="300" /><ent r="4" t="165" w="1376" /><ent r="4" t="165" w="1928" /><ent r="3" t="166" w="200" /><ent r="3" t="166" w="350" /><ent r="3" t="166" w="1361" /><ent r="4" t="166" w="1746" /><ent r="3" t="166" w="2469" /><ent r="5" t="167" w="1121" /><ent r="4" t="168" w="714" /><ent r="3" t="168" w="734" /><ent r="3" t="168" w="768" /><ent r="6" t="176" w="57" /><ent r="3" t="177" w="63" /><ent r="3" t="177" w="124" /><ent r="3" t="177" w="131" /><ent r="7" t="181" w="684" /><ent r="3" t="182" w="141" /><ent r="3" t="215" w="299" /><ent r="3" t="215" w="305" /><ent r="3" t="215" w="480" /></phr><phr n="One"><ent r="4" t="41" w="264" /><ent r="3" t="96" w="226" /><ent r="3" t="172" w="131" /></phr><phr n="ones"><ent r="5" t="81" w="231" /><ent r="5" t="140" w="382" /><ent r="5" t="140" w="799" /><ent r="5" t="148" w="544" /><ent r="5" t="153" w="697" /></phr></stem><stem n="spatial"><phr n="spatial"><ent r="7" t="6" w="100" /><ent r="4" t="41" w="82" /><ent r="4" t="43" w="116" /><ent r="3" t="121" w="42" /><ent r="3" t="121" w="68" /><ent r="3" t="121" w="73" /><ent r="3" t="123" w="30" /><ent r="4" t="123" w="68" /><ent r="3" t="130" w="41" /><ent r="3" t="143" w="121" /><ent r="5" t="143" w="255" /><ent r="3" t="165" w="647" /><ent r="3" t="165" w="735" /><ent r="3" t="165" w="799" /><ent r="3" t="166" w="337" /><ent r="4" t="167" w="537" /><ent r="3" t="215" w="488" /><ent r="3" t="215" w="510" /></phr><phr n="Spatial"><ent r="7" t="82" w="340" /><ent r="68" t="82" w="358" /><ent r="1000" t="85" w="2" /><ent r="100" t="85" w="6" /><ent r="100" t="85" w="9" /><ent r="102" t="85" w="13" /><ent r="3" t="85" w="17" /><ent r="5" t="85" w="80" /><ent r="4" t="85" w="130" /><ent r="3" t="143" w="145" /><ent r="4" t="143" w="242" /><ent r="64" t="164" w="344" /><ent r="102" t="167" w="14" /><ent r="4" t="167" w="100" /><ent r="5" t="206" w="241" /><ent r="5" t="206" w="251" /><ent r="5" t="206" w="261" /><ent r="5" t="206" w="271" /><ent r="5" t="206" w="281" /><ent r="5" t="206" w="291" /><ent r="5" t="206" w="301" /><ent r="5" t="206" w="311" /></phr><phr n="spatially"><ent r="3" t="167" w="49" /></phr></stem><stem n="chip"><phr n="Chipping"><ent r="7" t="6" w="110" /><ent r="68" t="6" w="114" /><ent r="1000" t="43" w="2" /><ent r="100" t="43" w="10" /><ent r="102" t="43" w="14" /><ent r="3" t="43" w="19" /><ent r="3" t="43" w="60" /><ent r="3" t="43" w="110" /><ent r="5" t="43" w="140" /><ent r="3" t="43" w="155" /><ent r="5" t="43" w="240" /><ent r="100" t="165" w="85" /><ent r="4" t="165" w="89" /><ent r="4" t="165" w="294" /><ent r="92" t="165" w="2132" /><ent r="5" t="165" w="2145" /><ent r="3" t="165" w="2153" /></phr><phr n="chip"><ent r="100" t="43" w="5" /><ent r="3" t="43" w="26" /><ent r="3" t="43" w="37" /><ent r="3" t="43" w="47" /><ent r="3" t="43" w="77" /><ent r="4" t="43" w="182" /><ent r="4" t="43" w="217" /><ent r="4" t="43" w="235" /><ent r="4" t="43" w="256" /><ent r="4" t="43" w="267" /><ent r="4" t="43" w="275" /><ent r="4" t="43" w="289" /><ent r="3" t="43" w="329" /><ent r="3" t="43" w="336" /><ent r="3" t="43" w="363" /><ent r="3" t="43" w="377" /><ent r="3" t="43" w="393" /><ent r="3" t="43" w="412" /><ent r="3" t="163" w="66" /><ent r="4" t="165" w="2235" /><ent r="4" t="165" w="2263" /><ent r="6" t="165" w="2266" /><ent r="3" t="168" w="1258" /></phr><phr n="Chip"><ent r="3" t="43" w="162" /><ent r="5" t="43" w="199" /><ent r="5" t="162" w="221" /><ent r="5" t="162" w="230" /><ent r="4" t="165" w="2165" /><ent r="4" t="165" w="2219" /></phr><phr n="chips"><ent r="3" t="61" w="23" /><ent r="4" t="162" w="216" /><ent r="3" t="163" w="23" /></phr><phr n="Chipped"><ent r="92" t="165" w="2333" /></phr><phr n="chipped"><ent r="4" t="165" w="2364" /></phr></stem><stem n="allow"><phr n="Allows"><ent r="7" t="6" w="117" /><ent r="7" t="6" w="140" /><ent r="6" t="7" w="65" /><ent r="7" t="7" w="83" /><ent r="6" t="7" w="124" /><ent r="6" t="7" w="218" /><ent r="7" t="8" w="198" /><ent r="7" t="8" w="215" /><ent r="7" t="9" w="31" /><ent r="7" t="9" w="53" /><ent r="7" t="10" w="68" /><ent r="7" t="10" w="114" /><ent r="7" t="11" w="159" /><ent r="7" t="11" w="171" /><ent r="7" t="11" w="180" /><ent r="7" t="11" w="199" /><ent r="7" t="11" w="217" /><ent r="7" t="11" w="264" /><ent r="7" t="11" w="279" /><ent r="7" t="11" w="293" /><ent r="7" t="11" w="307" /><ent r="4" t="20" w="91" /><ent r="4" t="20" w="143" /><ent r="4" t="20" w="155" /><ent r="4" t="20" w="238" /><ent r="4" t="20" w="268" /><ent r="4" t="20" w="324" /><ent r="4" t="20" w="383" /><ent r="4" t="20" w="424" /><ent r="4" t="20" w="444" /><ent r="4" t="25" w="34" /><ent r="4" t="25" w="83" /><ent r="4" t="25" w="121" /><ent r="4" t="25" w="169" /><ent r="4" t="28" w="34" /><ent r="4" t="28" w="53" /><ent r="4" t="28" w="101" /><ent r="4" t="28" w="143" /><ent r="4" t="28" w="201" /><ent r="4" t="28" w="255" /><ent r="7" t="38" w="165" /><ent r="4" t="39" w="88" /><ent r="4" t="39" w="113" /><ent r="4" t="39" w="146" /><ent r="4" t="39" w="169" /><ent r="4" t="39" w="209" /><ent r="3" t="57" w="112" /><ent r="3" t="57" w="124" /><ent r="3" t="57" w="139" /><ent r="3" t="57" w="171" /><ent r="7" t="82" w="225" /><ent r="5" t="83" w="110" /><ent r="5" t="83" w="120" /><ent r="4" t="148" w="177" /><ent r="5" t="175" w="249" /><ent r="7" t="181" w="547" /><ent r="7" t="181" w="602" /><ent r="6" t="210" w="171" /><ent r="6" t="210" w="256" /><ent r="6" t="210" w="279" /><ent r="6" t="210" w="341" /><ent r="6" t="210" w="555" /><ent r="6" t="210" w="588" /><ent r="5" t="210" w="607" /><ent r="6" t="210" w="654" /></phr><phr n="allows"><ent r="6" t="7" w="204" /><ent r="3" t="32" w="12" /><ent r="3" t="35" w="8" /><ent r="3" t="36" w="13" /><ent r="7" t="38" w="150" /><ent r="3" t="42" w="21" /><ent r="3" t="42" w="61" /><ent r="3" t="43" w="21" /><ent r="4" t="43" w="252" /><ent r="3" t="52" w="25" /><ent r="4" t="53" w="17" /><ent r="3" t="57" w="26" /><ent r="3" t="57" w="191" /><ent r="3" t="69" w="256" /><ent r="3" t="75" w="29" /><ent r="3" t="77" w="234" /><ent r="7" t="82" w="415" /><ent r="3" t="84" w="19" /><ent r="3" t="85" w="19" /><ent r="3" t="86" w="12" /><ent r="3" t="87" w="16" /><ent r="3" t="93" w="25" /><ent r="3" t="94" w="31" /><ent r="3" t="99" w="237" /><ent r="3" t="100" w="10" /><ent r="3" t="105" w="43" /><ent r="4" t="107" w="106" /><ent r="3" t="107" w="204" /><ent r="3" t="113" w="24" /><ent r="3" t="113" w="134" /><ent r="3" t="114" w="38" /><ent r="8" t="115" w="427" /><ent r="3" t="119" w="40" /><ent r="3" t="119" w="71" /><ent r="3" t="119" w="92" /><ent r="3" t="123" w="18" /><ent r="3" t="125" w="29" /><ent r="3" t="130" w="443" /><ent r="3" t="130" w="586" /><ent r="3" t="135" w="185" /><ent r="3" t="141" w="224" /><ent r="3" t="142" w="198" /><ent r="3" t="145" w="29" /><ent r="3" t="145" w="294" /><ent r="3" t="148" w="22" /><ent r="5" t="155" w="313" /><ent r="3" t="155" w="399" /><ent r="3" t="165" w="1509" /><ent r="4" t="165" w="1657" /><ent r="3" t="165" w="1754" /><ent r="4" t="167" w="532" /><ent r="3" t="167" w="731" /><ent r="3" t="171" w="91" /><ent r="4" t="171" w="122" /><ent r="4" t="171" w="146" /><ent r="3" t="171" w="1101" /><ent r="3" t="172" w="88" /><ent r="3" t="203" w="20" /><ent r="6" t="210" w="224" /><ent r="6" t="210" w="509" /></phr><phr n="Allow"><ent r="7" t="8" w="179" /><ent r="5" t="131" w="215" /></phr><phr n="allowing"><ent r="3" t="19" w="169" /></phr><phr n="allow"><ent r="3" t="31" w="16" /><ent r="3" t="38" w="14" /><ent r="3" t="39" w="14" /><ent r="3" t="42" w="47" /><ent r="4" t="51" w="54" /><ent r="4" t="51" w="92" /><ent r="3" t="82" w="113" /><ent r="3" t="105" w="151" /><ent r="4" t="140" w="262" /><ent r="4" t="158" w="180" /><ent r="3" t="165" w="729" /><ent r="4" t="167" w="1184" /><ent r="3" t="172" w="1071" /><ent r="4" t="172" w="1614" /><ent r="3" t="178" w="134" /><ent r="3" t="209" w="16" /></phr></stem><stem n="link"><phr n="link"><ent r="7" t="6" w="120" /><ent r="3" t="31" w="70" /><ent r="100" t="42" w="6" /><ent r="100" t="42" w="9" /><ent r="3" t="42" w="24" /><ent r="3" t="42" w="50" /><ent r="3" t="42" w="73" /><ent r="3" t="42" w="181" /><ent r="3" t="42" w="198" /><ent r="4" t="42" w="211" /><ent r="3" t="42" w="240" /><ent r="4" t="42" w="304" /><ent r="3" t="166" w="67" /><ent r="100" t="166" w="112" /><ent r="3" t="166" w="331" /><ent r="3" t="172" w="91" /></phr><phr n="Link"><ent r="68" t="6" w="127" /><ent r="1000" t="42" w="1" /><ent r="102" t="42" w="14" /><ent r="3" t="42" w="18" /><ent r="3" t="42" w="45" /><ent r="5" t="42" w="93" /><ent r="3" t="42" w="107" /><ent r="4" t="42" w="113" /><ent r="4" t="166" w="115" /><ent r="4" t="166" w="325" /><ent r="4" t="166" w="2208" /><ent r="4" t="166" w="2221" /><ent r="4" t="166" w="2248" /><ent r="4" t="166" w="2293" /><ent r="4" t="166" w="2369" /></phr><phr n="linking"><ent r="4" t="42" w="308" /><ent r="4" t="166" w="2303" /><ent r="4" t="166" w="2313" /></phr><phr n="links"><ent r="3" t="164" w="313" /><ent r="3" t="180" w="119" /></phr><phr n="Linking"><ent r="64" t="164" w="332" /><ent r="102" t="166" w="26" /><ent r="92" t="166" w="2150" /><ent r="4" t="166" w="2323" /></phr><phr n="Links"><ent r="4" t="166" w="2256" /></phr><phr n="linked"><ent r="4" t="166" w="2285" /></phr></stem><stem n="anoth"><phr n="another"><ent r="7" t="6" w="125" /><ent r="3" t="21" w="96" /><ent r="3" t="44" w="54" /><ent r="3" t="100" w="419" /><ent r="3" t="117" w="34" /><ent r="3" t="157" w="119" /><ent r="4" t="158" w="228" /><ent r="3" t="166" w="1360" /><ent r="4" t="166" w="1753" /><ent r="4" t="166" w="2287" /><ent r="3" t="166" w="2473" /><ent r="4" t="167" w="860" /><ent r="4" t="167" w="885" /><ent r="4" t="167" w="1246" /><ent r="3" t="167" w="1476" /><ent r="4" t="170" w="948" /><ent r="3" t="215" w="484" /></phr><phr n="Another"><ent r="3" t="169" w="345" /><ent r="3" t="170" w="332" /></phr></stem><stem n="/unlink"><phr n="/Unlink"><ent r="68" t="6" w="128" /><ent r="1000" t="42" w="2" /><ent r="102" t="42" w="15" /><ent r="3" t="42" w="19" /><ent r="3" t="42" w="46" /><ent r="3" t="42" w="108" /><ent r="4" t="42" w="114" /><ent r="4" t="166" w="2209" /><ent r="4" t="166" w="2222" /><ent r="4" t="166" w="2249" /><ent r="4" t="166" w="2370" /></phr></stem><stem n="link/unlink"><phr n="Link/Unlink"><ent r="68" t="6" w="128" /><ent r="68" t="6" w="127" /><ent r="1000" t="42" w="2" /><ent r="1000" t="42" w="1" /><ent r="102" t="42" w="15" /><ent r="102" t="42" w="14" /><ent r="3" t="42" w="19" /><ent r="3" t="42" w="18" /><ent r="3" t="42" w="46" /><ent r="3" t="42" w="45" /><ent r="5" t="42" w="94" /><ent r="5" t="42" w="93" /><ent r="3" t="42" w="108" /><ent r="3" t="42" w="107" /><ent r="4" t="42" w="114" /><ent r="4" t="42" w="113" /><ent r="4" t="166" w="2209" /><ent r="4" t="166" w="2208" /><ent r="4" t="166" w="2222" /><ent r="4" t="166" w="2221" /><ent r="4" t="166" w="2249" /><ent r="4" t="166" w="2248" /><ent r="4" t="166" w="2370" /><ent r="4" t="166" w="2369" /></phr></stem><stem n="unlink"><phr n="Unlink"><ent r="68" t="6" w="128" /><ent r="1000" t="42" w="2" /><ent r="102" t="42" w="15" /><ent r="3" t="42" w="19" /><ent r="3" t="42" w="46" /><ent r="5" t="42" w="94" /><ent r="3" t="42" w="108" /><ent r="4" t="42" w="114" /><ent r="5" t="42" w="230" /><ent r="4" t="166" w="2209" /><ent r="4" t="166" w="2222" /><ent r="4" t="166" w="2249" /><ent r="4" t="166" w="2370" /></phr><phr n="unlink"><ent r="100" t="42" w="12" /></phr></stem><stem n="edit"><phr n="Edit"><ent r="5" t="6" w="130" /><ent r="68" t="8" w="241" /><ent r="68" t="9" w="62" /><ent r="68" t="10" w="79" /><ent r="64" t="41" w="214" /><ent r="64" t="55" w="144" /><ent r="65" t="58" w="246" /><ent r="65" t="58" w="288" /><ent r="65" t="60" w="289" /><ent r="4" t="66" w="149" /><ent r="64" t="87" w="276" /><ent r="1000" t="88" w="2" /><ent r="102" t="88" w="7" /><ent r="5" t="88" w="105" /><ent r="64" t="88" w="177" /><ent r="64" t="96" w="202" /><ent r="65" t="98" w="454" /><ent r="4" t="101" w="108" /><ent r="4" t="105" w="190" /><ent r="68" t="106" w="220" /><ent r="64" t="115" w="284" /><ent r="1000" t="116" w="2" /><ent r="102" t="116" w="25" /><ent r="4" t="116" w="285" /><ent r="64" t="119" w="128" /><ent r="64" t="120" w="226" /><ent r="64" t="121" w="119" /><ent r="1000" t="123" w="1" /><ent r="102" t="123" w="9" /><ent r="3" t="123" w="14" /><ent r="5" t="123" w="81" /><ent r="4" t="130" w="219" /><ent r="4" t="130" w="236" /><ent r="64" t="135" w="160" /><ent r="64" t="136" w="196" /><ent r="64" t="141" w="199" /><ent r="64" t="142" w="173" /><ent r="64" t="145" w="267" /><ent r="64" t="146" w="158" /><ent r="64" t="147" w="222" /><ent r="64" t="149" w="230" /><ent r="64" t="152" w="171" /><ent r="4" t="170" w="920" /><ent r="4" t="171" w="57" /><ent r="5" t="171" w="715" /><ent r="82" t="171" w="757" /><ent r="5" t="171" w="862" /><ent r="4" t="171" w="1076" /><ent r="1000" t="174" w="1" /><ent r="102" t="174" w="10" /><ent r="5" t="206" w="136" /><ent r="6" t="210" w="25" /><ent r="67" t="210" w="190" /><ent r="67" t="210" w="359" /><ent r="67" t="210" w="570" /><ent r="92" t="211" w="149" /><ent r="5" t="211" w="185" /><ent r="3" t="211" w="190" /><ent r="4" t="211" w="198" /><ent r="1000" t="216" w="3" /><ent r="100" t="216" w="18" /><ent r="100" t="216" w="25" /><ent r="102" t="216" w="30" /><ent r="3" t="216" w="41" /><ent r="3" t="218" w="41" /><ent r="7" t="218" w="86" /><ent r="68" t="218" w="107" /><ent r="6" t="220" w="32" /><ent r="6" t="220" w="35" /></phr><phr n="edit"><ent r="5" t="6" w="136" /><ent r="7" t="10" w="117" /><ent r="6" t="13" w="175" /><ent r="3" t="18" w="173" /><ent r="4" t="21" w="319" /><ent r="3" t="27" w="102" /><ent r="3" t="66" w="39" /><ent r="3" t="66" w="93" /><ent r="4" t="66" w="107" /><ent r="4" t="66" w="165" /><ent r="3" t="75" w="36" /><ent r="3" t="75" w="198" /><ent r="4" t="75" w="210" /><ent r="7" t="82" w="230" /><ent r="5" t="83" w="152" /><ent r="3" t="87" w="268" /><ent r="3" t="88" w="22" /><ent r="100" t="88" w="42" /><ent r="100" t="88" w="48" /><ent r="3" t="88" w="171" /><ent r="3" t="101" w="92" /><ent r="3" t="105" w="47" /><ent r="3" t="105" w="157" /><ent r="3" t="108" w="23" /><ent r="100" t="116" w="10" /><ent r="3" t="116" w="261" /><ent r="4" t="116" w="303" /><ent r="3" t="119" w="95" /><ent r="100" t="123" w="5" /><ent r="3" t="123" w="21" /><ent r="3" t="123" w="51" /><ent r="3" t="130" w="93" /><ent r="4" t="130" w="248" /><ent r="3" t="144" w="49" /><ent r="3" t="144" w="296" /><ent r="3" t="145" w="297" /><ent r="3" t="145" w="344" /><ent r="4" t="146" w="117" /><ent r="3" t="150" w="134" /><ent r="3" t="151" w="225" /><ent r="4" t="171" w="149" /><ent r="4" t="171" w="723" /><ent r="4" t="171" w="875" /><ent r="100" t="174" w="5" /><ent r="100" t="174" w="7" /><ent r="3" t="190" w="116" /><ent r="3" t="190" w="132" /><ent r="3" t="207" w="158" /><ent r="6" t="210" w="137" /><ent r="6" t="210" w="512" /><ent r="6" t="210" w="591" /><ent r="3" t="211" w="22" /><ent r="6" t="220" w="42" /><ent r="6" t="220" w="55" /><ent r="6" t="220" w="67" /><ent r="6" t="220" w="80" /><ent r="6" t="220" w="92" /><ent r="6" t="220" w="105" /><ent r="6" t="220" w="117" /><ent r="6" t="220" w="130" /><ent r="5" t="220" w="143" /><ent r="5" t="220" w="155" /><ent r="5" t="220" w="167" /><ent r="5" t="220" w="180" /><ent r="6" t="220" w="192" /><ent r="6" t="220" w="204" /><ent r="6" t="220" w="227" /><ent r="6" t="220" w="236" /><ent r="6" t="220" w="376" /><ent r="6" t="220" w="395" /><ent r="6" t="220" w="413" /><ent r="6" t="220" w="432" /><ent r="6" t="220" w="450" /><ent r="6" t="220" w="469" /><ent r="6" t="220" w="487" /><ent r="6" t="220" w="506" /><ent r="5" t="220" w="525" /><ent r="5" t="220" w="543" /><ent r="5" t="220" w="561" /><ent r="5" t="220" w="580" /><ent r="6" t="220" w="598" /><ent r="6" t="220" w="616" /><ent r="6" t="220" w="634" /><ent r="6" t="220" w="652" /><ent r="6" t="220" w="667" /></phr><phr n="editing"><ent r="3" t="88" w="184" /><ent r="3" t="105" w="126" /><ent r="4" t="155" w="996" /><ent r="3" t="170" w="822" /><ent r="3" t="192" w="25" /><ent r="3" t="215" w="245" /></phr><phr n="Edits"><ent r="7" t="106" w="212" /></phr><phr n="edited"><ent r="3" t="152" w="52" /><ent r="3" t="154" w="40" /><ent r="4" t="171" w="709" /><ent r="3" t="190" w="114" /><ent r="3" t="190" w="138" /></phr><phr n="Edition"><ent r="5" t="181" w="67" /></phr><phr n="edits"><ent r="4" t="195" w="336" /></phr></stem><stem n="mode"><phr n="mode"><ent r="5" t="6" w="131" /><ent r="5" t="6" w="137" /><ent r="6" t="7" w="252" /><ent r="6" t="13" w="172" /><ent r="6" t="13" w="176" /><ent r="7" t="14" w="102" /><ent r="7" t="14" w="111" /><ent r="7" t="14" w="121" /><ent r="7" t="14" w="145" /><ent r="100" t="36" w="5" /><ent r="3" t="36" w="30" /><ent r="4" t="36" w="53" /><ent r="100" t="37" w="7" /><ent r="100" t="37" w="10" /><ent r="3" t="37" w="31" /><ent r="3" t="37" w="34" /><ent r="3" t="37" w="62" /><ent r="3" t="37" w="102" /><ent r="3" t="37" w="137" /><ent r="3" t="37" w="152" /><ent r="3" t="37" w="175" /><ent r="3" t="51" w="284" /><ent r="3" t="73" w="483" /><ent r="3" t="79" w="177" /><ent r="6" t="82" w="272" /><ent r="100" t="83" w="7" /><ent r="100" t="83" w="98" /><ent r="5" t="83" w="147" /><ent r="3" t="87" w="40" /><ent r="3" t="98" w="256" /><ent r="3" t="105" w="487" /><ent r="3" t="105" w="544" /><ent r="4" t="107" w="146" /><ent r="4" t="107" w="153" /><ent r="4" t="107" w="174" /><ent r="100" t="112" w="7" /><ent r="5" t="112" w="25" /><ent r="4" t="112" w="28" /><ent r="4" t="112" w="51" /><ent r="5" t="112" w="63" /><ent r="100" t="112" w="66" /><ent r="4" t="112" w="70" /><ent r="4" t="112" w="80" /><ent r="3" t="112" w="105" /><ent r="3" t="112" w="117" /><ent r="3" t="112" w="136" /><ent r="3" t="112" w="146" /><ent r="3" t="112" w="162" /><ent r="3" t="112" w="172" /><ent r="3" t="112" w="195" /><ent r="4" t="112" w="221" /><ent r="100" t="115" w="5" /><ent r="100" t="115" w="103" /><ent r="3" t="115" w="121" /><ent r="100" t="115" w="626" /><ent r="5" t="115" w="630" /><ent r="100" t="115" w="633" /><ent r="4" t="115" w="636" /><ent r="4" t="115" w="660" /><ent r="100" t="115" w="671" /><ent r="5" t="115" w="675" /><ent r="100" t="115" w="678" /><ent r="4" t="115" w="681" /><ent r="3" t="115" w="703" /><ent r="3" t="115" w="714" /><ent r="3" t="115" w="726" /><ent r="3" t="115" w="735" /><ent r="3" t="115" w="749" /><ent r="3" t="115" w="759" /><ent r="3" t="115" w="770" /><ent r="3" t="115" w="780" /><ent r="4" t="116" w="223" /><ent r="3" t="117" w="183" /><ent r="3" t="117" w="190" /><ent r="3" t="117" w="212" /><ent r="3" t="117" w="221" /><ent r="3" t="117" w="227" /><ent r="100" t="118" w="7" /><ent r="100" t="118" w="10" /><ent r="100" t="118" w="15" /><ent r="100" t="118" w="24" /><ent r="5" t="118" w="40" /><ent r="4" t="118" w="43" /><ent r="4" t="118" w="67" /><ent r="5" t="118" w="79" /><ent r="4" t="118" w="82" /><ent r="3" t="118" w="95" /><ent r="3" t="118" w="107" /><ent r="3" t="118" w="126" /><ent r="3" t="118" w="136" /><ent r="3" t="118" w="152" /><ent r="3" t="118" w="162" /><ent r="3" t="118" w="165" /><ent r="3" t="118" w="213" /><ent r="3" t="118" w="224" /><ent r="3" t="118" w="227" /><ent r="3" t="118" w="239" /><ent r="3" t="118" w="255" /><ent r="3" t="118" w="267" /><ent r="3" t="118" w="270" /><ent r="3" t="118" w="311" /><ent r="3" t="118" w="320" /><ent r="3" t="118" w="328" /><ent r="3" t="118" w="342" /><ent r="3" t="118" w="390" /><ent r="3" t="118" w="408" /><ent r="4" t="118" w="444" /><ent r="3" t="126" w="29" /><ent r="3" t="126" w="93" /><ent r="3" t="144" w="213" /><ent r="3" t="165" w="1193" /><ent r="3" t="165" w="1215" /><ent r="3" t="165" w="1726" /><ent r="3" t="170" w="711" /><ent r="100" t="171" w="6" /><ent r="4" t="171" w="724" /><ent r="4" t="171" w="876" /><ent r="3" t="172" w="758" /><ent r="100" t="173" w="10" /><ent r="3" t="173" w="42" /><ent r="5" t="173" w="179" /><ent r="4" t="173" w="528" /><ent r="3" t="190" w="56" /><ent r="3" t="190" w="164" /><ent r="5" t="206" w="286" /><ent r="5" t="206" w="306" /></phr><phr n="Mode"><ent r="7" t="8" w="59" /><ent r="7" t="8" w="64" /><ent r="7" t="8" w="69" /><ent r="64" t="11" w="63" /><ent r="7" t="13" w="59" /><ent r="64" t="35" w="59" /><ent r="64" t="35" w="63" /><ent r="1000" t="36" w="2" /><ent r="102" t="36" w="8" /><ent r="3" t="36" w="12" /><ent r="5" t="36" w="48" /><ent r="64" t="36" w="98" /><ent r="1000" t="37" w="3" /><ent r="102" t="37" w="15" /><ent r="5" t="43" w="241" /><ent r="100" t="51" w="235" /><ent r="4" t="51" w="242" /><ent r="64" t="51" w="294" /><ent r="7" t="82" w="176" /><ent r="68" t="82" w="192" /><ent r="1000" t="83" w="4" /><ent r="102" t="83" w="14" /><ent r="5" t="83" w="65" /><ent r="4" t="83" w="92" /><ent r="64" t="105" w="506" /><ent r="4" t="107" w="160" /><ent r="65" t="107" w="188" /><ent r="1000" t="112" w="3" /><ent r="102" t="112" w="11" /><ent r="64" t="112" w="178" /><ent r="92" t="112" w="187" /><ent r="4" t="112" w="209" /><ent r="3" t="114" w="23" /><ent r="82" t="115" w="613" /><ent r="64" t="115" w="788" /><ent r="64" t="117" w="201" /><ent r="64" t="117" w="239" /><ent r="1000" t="118" w="2" /><ent r="102" t="118" w="18" /><ent r="92" t="118" w="295" /><ent r="5" t="118" w="372" /><ent r="92" t="118" w="384" /><ent r="5" t="118" w="438" /><ent r="64" t="118" w="463" /><ent r="5" t="148" w="134" /><ent r="5" t="153" w="233" /><ent r="64" t="164" w="375" /><ent r="64" t="164" w="383" /><ent r="5" t="165" w="1530" /><ent r="4" t="165" w="1590" /><ent r="5" t="165" w="1649" /><ent r="3" t="165" w="1710" /><ent r="4" t="166" w="1106" /><ent r="4" t="166" w="1716" /><ent r="4" t="167" w="708" /><ent r="4" t="170" w="921" /><ent r="1000" t="171" w="3" /><ent r="103" t="171" w="12" /><ent r="4" t="171" w="1077" /><ent r="5" t="172" w="715" /><ent r="1000" t="173" w="7" /><ent r="103" t="173" w="20" /><ent r="4" t="173" w="108" /><ent r="5" t="173" w="516" /><ent r="4" t="173" w="1487" /><ent r="92" t="173" w="1532" /></phr><phr n="modes"><ent r="3" t="36" w="61" /><ent r="3" t="37" w="160" /><ent r="4" t="107" w="183" /><ent r="3" t="112" w="22" /><ent r="3" t="115" w="624" /><ent r="3" t="118" w="37" /><ent r="3" t="118" w="185" /></phr></stem></index>