﻿<?xml version="1.0" encoding="utf-8"?><index><stem n="save"><phr n="saves"><ent r="3" t="1" w="111" /><ent r="3" t="34" w="15" /><ent r="3" t="66" w="42" /><ent r="3" t="66" w="111" /><ent r="3" t="70" w="26" /><ent r="3" t="70" w="54" /><ent r="4" t="70" w="105" /><ent r="4" t="71" w="380" /><ent r="4" t="71" w="398" /><ent r="3" t="103" w="65" /><ent r="3" t="106" w="139" /><ent r="8" t="112" w="452" /><ent r="3" t="123" w="25" /><ent r="3" t="162" w="1493" /><ent r="4" t="197" w="158" /></phr><phr n="saved"><ent r="3" t="1" w="570" /><ent r="4" t="28" w="82" /><ent r="4" t="28" w="114" /><ent r="4" t="28" w="168" /><ent r="4" t="28" w="239" /><ent r="3" t="66" w="62" /><ent r="3" t="68" w="22" /><ent r="4" t="68" w="83" /><ent r="3" t="68" w="135" /><ent r="3" t="69" w="112" /><ent r="3" t="70" w="46" /><ent r="4" t="70" w="133" /><ent r="4" t="70" w="229" /><ent r="4" t="71" w="366" /><ent r="3" t="86" w="296" /><ent r="3" t="89" w="28" /><ent r="3" t="89" w="63" /><ent r="3" t="123" w="18" /><ent r="4" t="129" w="238" /><ent r="5" t="152" w="327" /><ent r="3" t="152" w="549" /><ent r="4" t="152" w="820" /><ent r="3" t="152" w="883" /><ent r="3" t="152" w="955" /><ent r="3" t="154" w="254" /><ent r="4" t="154" w="272" /><ent r="4" t="154" w="280" /><ent r="3" t="154" w="301" /><ent r="4" t="154" w="319" /><ent r="4" t="154" w="327" /><ent r="3" t="162" w="256" /><ent r="3" t="163" w="413" /><ent r="4" t="164" w="1272" /><ent r="3" t="166" w="1219" /><ent r="3" t="170" w="53" /><ent r="4" t="170" w="73" /><ent r="4" t="170" w="470" /><ent r="4" t="170" w="1483" /><ent r="4" t="170" w="1493" /><ent r="3" t="170" w="1757" /><ent r="3" t="196" w="44" /><ent r="3" t="197" w="122" /><ent r="3" t="197" w="137" /></phr><phr n="Save"><ent r="5" t="24" w="125" /><ent r="5" t="26" w="569" /><ent r="5" t="27" w="139" /><ent r="5" t="29" w="113" /><ent r="5" t="30" w="90" /><ent r="64" t="66" w="142" /><ent r="64" t="67" w="441" /><ent r="64" t="68" w="145" /><ent r="4" t="69" w="77" /><ent r="65" t="69" w="93" /><ent r="1000" t="70" w="1" /><ent r="102" t="70" w="5" /><ent r="5" t="70" w="100" /><ent r="4" t="70" w="135" /><ent r="5" t="70" w="176" /><ent r="4" t="70" w="182" /><ent r="5" t="70" w="221" /><ent r="4" t="70" w="231" /><ent r="4" t="71" w="96" /><ent r="92" t="71" w="342" /><ent r="5" t="71" w="355" /><ent r="5" t="71" w="373" /><ent r="4" t="71" w="394" /><ent r="64" t="77" w="241" /><ent r="7" t="80" w="132" /><ent r="68" t="80" w="139" /><ent r="100" t="85" w="227" /><ent r="5" t="85" w="231" /><ent r="4" t="85" w="237" /><ent r="5" t="85" w="261" /><ent r="4" t="86" w="269" /><ent r="3" t="86" w="273" /><ent r="1000" t="89" w="1" /><ent r="102" t="89" w="17" /><ent r="5" t="89" w="101" /><ent r="4" t="89" w="138" /><ent r="4" t="89" w="153" /><ent r="5" t="89" w="171" /><ent r="64" t="103" w="475" /><ent r="64" t="105" w="295" /><ent r="1000" t="108" w="1" /><ent r="102" t="108" w="11" /><ent r="5" t="108" w="35" /><ent r="3" t="108" w="60" /><ent r="4" t="108" w="70" /><ent r="5" t="108" w="135" /><ent r="64" t="109" w="120" /><ent r="65" t="111" w="271" /><ent r="65" t="111" w="413" /><ent r="65" t="111" w="551" /><ent r="64" t="118" w="124" /><ent r="64" t="119" w="222" /><ent r="64" t="120" w="115" /><ent r="64" t="121" w="82" /><ent r="64" t="122" w="106" /><ent r="1000" t="123" w="1" /><ent r="102" t="123" w="11" /><ent r="5" t="123" w="51" /><ent r="4" t="123" w="58" /><ent r="5" t="123" w="73" /><ent r="4" t="130" w="140" /><ent r="4" t="130" w="177" /><ent r="3" t="152" w="829" /><ent r="4" t="152" w="947" /><ent r="92" t="154" w="212" /><ent r="5" t="154" w="242" /><ent r="5" t="156" w="285" /><ent r="4" t="162" w="1485" /><ent r="3" t="162" w="2095" /><ent r="5" t="162" w="2127" /><ent r="5" t="162" w="2279" /><ent r="5" t="163" w="2935" /><ent r="4" t="164" w="796" /><ent r="4" t="164" w="804" /><ent r="4" t="164" w="1415" /><ent r="3" t="165" w="648" /><ent r="4" t="165" w="680" /><ent r="5" t="167" w="1026" /><ent r="5" t="167" w="1135" /><ent r="4" t="169" w="78" /><ent r="92" t="169" w="1961" /><ent r="4" t="169" w="1964" /><ent r="5" t="169" w="1973" /><ent r="4" t="169" w="1975" /><ent r="4" t="170" w="98" /><ent r="92" t="170" w="1419" /><ent r="5" t="170" w="1441" /><ent r="6" t="170" w="1445" /><ent r="6" t="170" w="1449" /><ent r="4" t="170" w="1464" /><ent r="5" t="192" w="271" /><ent r="5" t="196" w="81" /><ent r="5" t="197" w="154" /><ent r="5" t="198" w="168" /><ent r="7" t="209" w="148" /><ent r="7" t="209" w="159" /></phr><phr n="save"><ent r="4" t="25" w="37" /><ent r="4" t="25" w="57" /><ent r="4" t="26" w="77" /><ent r="4" t="26" w="163" /><ent r="4" t="26" w="574" /><ent r="4" t="29" w="74" /><ent r="4" t="29" w="80" /><ent r="3" t="34" w="42" /><ent r="3" t="40" w="157" /><ent r="3" t="45" w="98" /><ent r="3" t="45" w="105" /><ent r="3" t="66" w="27" /><ent r="4" t="69" w="87" /><ent r="100" t="70" w="10" /><ent r="100" t="70" w="12" /><ent r="3" t="70" w="19" /><ent r="4" t="70" w="74" /><ent r="4" t="70" w="150" /><ent r="4" t="70" w="197" /><ent r="4" t="71" w="108" /><ent r="3" t="85" w="170" /><ent r="4" t="85" w="256" /><ent r="3" t="86" w="262" /><ent r="3" t="86" w="286" /><ent r="100" t="89" w="9" /><ent r="100" t="89" w="12" /><ent r="3" t="89" w="78" /><ent r="3" t="89" w="130" /><ent r="3" t="103" w="48" /><ent r="7" t="104" w="52" /><ent r="4" t="107" w="53" /><ent r="3" t="107" w="129" /><ent r="3" t="107" w="144" /><ent r="100" t="108" w="5" /><ent r="100" t="108" w="9" /><ent r="3" t="108" w="16" /><ent r="4" t="108" w="139" /><ent r="3" t="118" w="21" /><ent r="100" t="123" w="6" /><ent r="100" t="123" w="8" /><ent r="3" t="123" w="35" /><ent r="3" t="128" w="587" /><ent r="3" t="128" w="593" /><ent r="3" t="130" w="145" /><ent r="3" t="130" w="182" /><ent r="3" t="152" w="40" /><ent r="4" t="152" w="805" /><ent r="3" t="152" w="832" /><ent r="3" t="152" w="942" /><ent r="3" t="154" w="217" /><ent r="4" t="155" w="247" /><ent r="3" t="162" w="287" /><ent r="4" t="163" w="1074" /><ent r="3" t="164" w="143" /><ent r="3" t="164" w="1475" /><ent r="3" t="167" w="1307" /><ent r="3" t="169" w="1946" /><ent r="4" t="169" w="1988" /><ent r="4" t="170" w="1423" /><ent r="3" t="170" w="1515" /><ent r="4" t="170" w="1570" /><ent r="3" t="191" w="28" /><ent r="4" t="192" w="276" /><ent r="3" t="195" w="24" /><ent r="4" t="196" w="86" /><ent r="100" t="209" w="10" /><ent r="100" t="209" w="14" /><ent r="7" t="209" w="104" /><ent r="7" t="209" w="140" /><ent r="7" t="209" w="230" /></phr><phr n="Saving"><ent r="3" t="66" w="39" /><ent r="3" t="70" w="23" /><ent r="3" t="123" w="22" /></phr><phr n="saving"><ent r="3" t="66" w="70" /><ent r="3" t="71" w="213" /><ent r="3" t="71" w="351" /><ent r="3" t="152" w="844" /><ent r="3" t="152" w="863" /><ent r="4" t="167" w="1153" /><ent r="3" t="207" w="250" /><ent r="3" t="207" w="264" /></phr><phr n="Saves"><ent r="7" t="80" w="134" /><ent r="7" t="104" w="61" /><ent r="7" t="209" w="150" /><ent r="7" t="209" w="162" /></phr><phr n="Saved"><ent r="92" t="154" w="248" /><ent r="92" t="154" w="295" /></phr></stem><stem n="posit"><phr n="positions"><ent r="3" t="1" w="117" /><ent r="3" t="1" w="129" /></phr><phr n="positioned"><ent r="6" t="11" w="133" /></phr><phr n="position"><ent r="3" t="56" w="29" /><ent r="4" t="57" w="136" /><ent r="4" t="57" w="174" /><ent r="4" t="58" w="156" /><ent r="4" t="58" w="195" /><ent r="3" t="75" w="153" /><ent r="3" t="75" w="221" /><ent r="3" t="98" w="212" /><ent r="3" t="112" w="942" /><ent r="4" t="137" w="535" /><ent r="4" t="137" w="936" /><ent r="4" t="138" w="408" /><ent r="5" t="145" w="304" /><ent r="5" t="150" w="453" /><ent r="4" t="163" w="2604" /><ent r="6" t="201" w="82" /><ent r="4" t="206" w="67" /><ent r="3" t="207" w="102" /></phr><phr n="Positioning"><ent r="3" t="98" w="36" /></phr><phr n="positive"><ent r="4" t="137" w="652" /><ent r="4" t="137" w="1053" /><ent r="4" t="138" w="523" /><ent r="5" t="145" w="421" /><ent r="5" t="150" w="570" /><ent r="4" t="206" w="184" /></phr></stem><stem n="close"><phr n="close"><ent r="3" t="1" w="120" /><ent r="3" t="21" w="121" /><ent r="100" t="45" w="6" /><ent r="100" t="45" w="8" /><ent r="3" t="45" w="16" /><ent r="4" t="45" w="39" /><ent r="4" t="54" w="189" /><ent r="3" t="54" w="223" /><ent r="4" t="71" w="319" /><ent r="3" t="71" w="331" /><ent r="4" t="71" w="369" /><ent r="3" t="86" w="250" /><ent r="3" t="86" w="316" /><ent r="3" t="90" w="217" /><ent r="4" t="140" w="341" /><ent r="3" t="140" w="370" /><ent r="5" t="141" w="129" /><ent r="3" t="141" w="164" /><ent r="4" t="142" w="164" /><ent r="3" t="142" w="198" /><ent r="5" t="143" w="168" /><ent r="3" t="143" w="202" /><ent r="6" t="144" w="66" /><ent r="3" t="144" w="101" /><ent r="4" t="145" w="85" /><ent r="3" t="145" w="119" /><ent r="4" t="146" w="240" /><ent r="3" t="146" w="274" /><ent r="3" t="147" w="169" /><ent r="3" t="147" w="203" /><ent r="4" t="148" w="103" /><ent r="3" t="148" w="137" /><ent r="4" t="149" w="199" /><ent r="3" t="149" w="233" /><ent r="4" t="150" w="180" /><ent r="3" t="150" w="214" /><ent r="3" t="153" w="305" /><ent r="4" t="159" w="316" /><ent r="4" t="160" w="367" /><ent r="4" t="163" w="2161" /><ent r="4" t="165" w="1179" /><ent r="3" t="168" w="851" /><ent r="3" t="177" w="216" /><ent r="100" t="209" w="6" /></phr><phr n="Closes"><ent r="7" t="5" w="40" /><ent r="7" t="209" w="207" /></phr><phr n="Close"><ent r="4" t="18" w="185" /><ent r="1000" t="45" w="1" /><ent r="102" t="45" w="11" /><ent r="5" t="45" w="57" /><ent r="3" t="45" w="70" /><ent r="5" t="62" w="117" /><ent r="4" t="69" w="64" /><ent r="5" t="70" w="144" /><ent r="5" t="70" w="240" /><ent r="5" t="71" w="357" /><ent r="4" t="86" w="323" /><ent r="3" t="90" w="225" /><ent r="6" t="96" w="378" /><ent r="4" t="162" w="92" /><ent r="5" t="162" w="587" /><ent r="4" t="162" w="738" /><ent r="4" t="162" w="745" /><ent r="5" t="162" w="2300" /><ent r="92" t="162" w="2304" /><ent r="5" t="162" w="2318" /><ent r="4" t="162" w="2324" /><ent r="4" t="162" w="2373" /><ent r="5" t="163" w="929" /><ent r="5" t="163" w="1052" /><ent r="5" t="163" w="1060" /><ent r="4" t="163" w="1190" /><ent r="5" t="163" w="1592" /><ent r="5" t="163" w="2011" /><ent r="4" t="163" w="2138" /><ent r="4" t="163" w="2939" /><ent r="4" t="164" w="599" /><ent r="5" t="164" w="815" /><ent r="5" t="164" w="998" /><ent r="4" t="164" w="1456" /><ent r="5" t="164" w="1566" /><ent r="5" t="165" w="1475" /><ent r="5" t="165" w="1563" /><ent r="4" t="166" w="729" /><ent r="5" t="166" w="903" /><ent r="5" t="166" w="1201" /><ent r="5" t="167" w="1295" /><ent r="4" t="168" w="891" /><ent r="5" t="168" w="1270" /><ent r="4" t="169" w="2044" /><ent r="5" t="169" w="2054" /><ent r="5" t="169" w="2089" /><ent r="4" t="170" w="1537" /><ent r="4" t="170" w="1541" /><ent r="82" t="177" w="208" /><ent r="3" t="177" w="213" /><ent r="7" t="209" w="205" /></phr><phr n="closes"><ent r="4" t="53" w="59" /><ent r="4" t="160" w="406" /></phr><phr n="closing"><ent r="3" t="64" w="340" /><ent r="5" t="96" w="389" /><ent r="5" t="96" w="405" /><ent r="4" t="165" w="1140" /></phr><phr n="closed"><ent r="3" t="68" w="100" /><ent r="3" t="69" w="119" /><ent r="4" t="160" w="399" /></phr></stem><stem n="will"><phr n="will"><ent r="3" t="1" w="124" /><ent r="3" t="14" w="32" /><ent r="6" t="14" w="483" /><ent r="3" t="19" w="130" /><ent r="3" t="19" w="133" /><ent r="3" t="21" w="107" /><ent r="3" t="21" w="127" /><ent r="4" t="21" w="306" /><ent r="4" t="21" w="312" /><ent r="3" t="21" w="376" /><ent r="3" t="21" w="415" /><ent r="3" t="39" w="122" /><ent r="3" t="42" w="92" /><ent r="3" t="45" w="101" /><ent r="3" t="62" w="123" /><ent r="4" t="82" w="183" /><ent r="4" t="85" w="144" /><ent r="4" t="85" w="163" /><ent r="4" t="97" w="411" /><ent r="3" t="98" w="217" /><ent r="3" t="109" w="87" /><ent r="3" t="109" w="105" /><ent r="3" t="110" w="139" /><ent r="3" t="111" w="210" /><ent r="3" t="111" w="266" /><ent r="4" t="111" w="293" /><ent r="3" t="111" w="408" /><ent r="4" t="111" w="426" /><ent r="3" t="111" w="546" /><ent r="4" t="111" w="573" /><ent r="3" t="112" w="884" /><ent r="3" t="117" w="129" /><ent r="3" t="128" w="400" /><ent r="3" t="128" w="636" /><ent r="4" t="137" w="514" /><ent r="4" t="137" w="915" /><ent r="5" t="145" w="283" /><ent r="3" t="146" w="153" /><ent r="3" t="148" w="319" /><ent r="5" t="150" w="432" /><ent r="3" t="152" w="414" /><ent r="3" t="152" w="445" /><ent r="3" t="152" w="494" /><ent r="3" t="152" w="507" /><ent r="3" t="152" w="635" /><ent r="3" t="152" w="770" /><ent r="3" t="152" w="786" /><ent r="3" t="152" w="854" /><ent r="3" t="152" w="860" /><ent r="3" t="153" w="169" /><ent r="4" t="155" w="198" /><ent r="4" t="155" w="275" /><ent r="4" t="156" w="80" /><ent r="4" t="156" w="102" /><ent r="4" t="157" w="141" /><ent r="3" t="157" w="170" /><ent r="4" t="157" w="198" /><ent r="3" t="157" w="211" /><ent r="4" t="157" w="255" /><ent r="4" t="157" w="272" /><ent r="3" t="158" w="59" /><ent r="3" t="158" w="90" /><ent r="4" t="159" w="281" /><ent r="4" t="159" w="286" /><ent r="4" t="160" w="343" /><ent r="4" t="160" w="375" /><ent r="3" t="161" w="41" /><ent r="3" t="162" w="29" /><ent r="3" t="162" w="1319" /><ent r="3" t="162" w="1422" /><ent r="3" t="162" w="1430" /><ent r="3" t="162" w="1727" /><ent r="4" t="162" w="2213" /><ent r="4" t="162" w="2236" /><ent r="4" t="162" w="2366" /><ent r="3" t="163" w="49" /><ent r="3" t="163" w="214" /><ent r="3" t="163" w="352" /><ent r="3" t="163" w="838" /><ent r="4" t="163" w="1995" /><ent r="4" t="163" w="2298" /><ent r="4" t="163" w="2439" /><ent r="3" t="163" w="2792" /><ent r="3" t="164" w="39" /><ent r="3" t="164" w="71" /><ent r="3" t="164" w="86" /><ent r="4" t="164" w="1183" /><ent r="4" t="164" w="1264" /><ent r="4" t="164" w="1297" /><ent r="4" t="164" w="1327" /><ent r="4" t="164" w="1360" /><ent r="4" t="164" w="1373" /><ent r="3" t="164" w="1399" /><ent r="4" t="164" w="1500" /><ent r="3" t="165" w="37" /><ent r="3" t="165" w="484" /><ent r="3" t="165" w="1196" /><ent r="3" t="166" w="27" /><ent r="3" t="166" w="41" /><ent r="3" t="166" w="378" /><ent r="4" t="166" w="854" /><ent r="3" t="166" w="1066" /><ent r="3" t="167" w="30" /><ent r="3" t="167" w="44" /><ent r="3" t="168" w="27" /><ent r="3" t="168" w="43" /><ent r="4" t="168" w="189" /><ent r="4" t="168" w="211" /><ent r="4" t="168" w="285" /><ent r="3" t="168" w="612" /><ent r="4" t="168" w="682" /><ent r="4" t="168" w="698" /><ent r="4" t="168" w="799" /><ent r="4" t="168" w="872" /><ent r="4" t="168" w="997" /><ent r="4" t="168" w="1196" /><ent r="3" t="168" w="1242" /><ent r="3" t="168" w="1256" /><ent r="3" t="169" w="25" /><ent r="3" t="169" w="46" /><ent r="3" t="169" w="738" /><ent r="3" t="169" w="995" /><ent r="3" t="169" w="1044" /><ent r="3" t="169" w="1068" /><ent r="4" t="169" w="1314" /><ent r="4" t="169" w="1333" /><ent r="3" t="169" w="1584" /><ent r="4" t="169" w="1611" /><ent r="3" t="169" w="1691" /><ent r="4" t="169" w="1996" /><ent r="4" t="169" w="2030" /><ent r="4" t="169" w="2059" /><ent r="3" t="170" w="33" /><ent r="3" t="170" w="46" /><ent r="3" t="170" w="65" /><ent r="3" t="170" w="832" /><ent r="3" t="170" w="991" /><ent r="3" t="170" w="1011" /><ent r="3" t="170" w="1304" /><ent r="3" t="170" w="1511" /><ent r="4" t="170" w="1708" /><ent r="3" t="174" w="202" /><ent r="3" t="175" w="103" /><ent r="4" t="177" w="327" /><ent r="4" t="177" w="336" /><ent r="3" t="187" w="221" /><ent r="3" t="187" w="243" /><ent r="4" t="187" w="383" /><ent r="4" t="187" w="392" /><ent r="4" t="187" w="482" /><ent r="4" t="187" w="572" /><ent r="4" t="187" w="596" /><ent r="4" t="187" w="603" /><ent r="3" t="187" w="650" /><ent r="3" t="200" w="21" /><ent r="3" t="200" w="55" /><ent r="4" t="206" w="46" /><ent r="3" t="207" w="107" /></phr></stem><stem n="same"><phr n="same"><ent r="3" t="1" w="128" /><ent r="3" t="1" w="218" /><ent r="3" t="4" w="15" /><ent r="4" t="25" w="93" /><ent r="3" t="41" w="38" /><ent r="3" t="41" w="258" /><ent r="4" t="82" w="180" /><ent r="4" t="97" w="361" /><ent r="3" t="105" w="267" /><ent r="3" t="112" w="255" /><ent r="3" t="116" w="40" /><ent r="4" t="116" w="155" /><ent r="3" t="116" w="214" /><ent r="3" t="125" w="69" /><ent r="4" t="137" w="491" /><ent r="4" t="137" w="892" /><ent r="4" t="138" w="390" /><ent r="3" t="142" w="415" /><ent r="5" t="145" w="260" /><ent r="5" t="150" w="409" /><ent r="3" t="152" w="299" /><ent r="4" t="152" w="730" /><ent r="3" t="152" w="890" /><ent r="3" t="153" w="131" /><ent r="3" t="154" w="99" /><ent r="3" t="157" w="39" /><ent r="4" t="159" w="351" /><ent r="3" t="163" w="336" /><ent r="4" t="163" w="2424" /><ent r="4" t="163" w="2528" /><ent r="3" t="165" w="742" /><ent r="4" t="165" w="1158" /><ent r="4" t="165" w="1537" /><ent r="3" t="166" w="285" /><ent r="3" t="166" w="311" /><ent r="3" t="166" w="1118" /><ent r="3" t="167" w="274" /><ent r="3" t="167" w="298" /><ent r="3" t="167" w="1197" /><ent r="3" t="169" w="1752" /><ent r="6" t="173" w="70" /><ent r="4" t="177" w="344" /><ent r="7" t="178" w="631" /><ent r="7" t="178" w="657" /><ent r="3" t="187" w="251" /><ent r="4" t="187" w="485" /><ent r="4" t="187" w="508" /><ent r="4" t="187" w="555" /><ent r="4" t="206" w="23" /></phr></stem><stem n="again"><phr n="again"><ent r="3" t="1" w="134" /><ent r="3" t="157" w="212" /><ent r="4" t="162" w="1843" /><ent r="4" t="163" w="1617" /><ent r="4" t="163" w="2097" /><ent r="4" t="165" w="1011" /><ent r="4" t="169" w="1601" /></phr></stem><stem n="-down"><phr n="-down"><ent r="100" t="1" w="136" /><ent r="100" t="1" w="136" /><ent r="3" t="1" w="145" /><ent r="3" t="1" w="145" /><ent r="3" t="1" w="197" /><ent r="3" t="1" w="197" /><ent r="3" t="1" w="223" /><ent r="3" t="1" w="223" /><ent r="4" t="1" w="281" /><ent r="4" t="1" w="281" /><ent r="3" t="4" w="20" /><ent r="3" t="4" w="20" /><ent r="4" t="4" w="136" /><ent r="4" t="4" w="136" /><ent r="7" t="7" w="98" /><ent r="7" t="7" w="98" /><ent r="7" t="9" w="25" /><ent r="7" t="9" w="25" /><ent r="7" t="11" w="84" /><ent r="7" t="11" w="84" /><ent r="7" t="12" w="52" /><ent r="7" t="12" w="52" /><ent r="6" t="12" w="74" /><ent r="6" t="12" w="74" /><ent r="7" t="13" w="113" /><ent r="7" t="13" w="113" /><ent r="7" t="13" w="139" /><ent r="7" t="13" w="139" /><ent r="6" t="14" w="205" /><ent r="6" t="14" w="205" /><ent r="6" t="14" w="230" /><ent r="6" t="14" w="230" /><ent r="4" t="18" w="105" /><ent r="4" t="18" w="105" /><ent r="4" t="23" w="58" /><ent r="4" t="23" w="58" /><ent r="4" t="26" w="139" /><ent r="4" t="26" w="139" /><ent r="3" t="26" w="317" /><ent r="3" t="26" w="317" /><ent r="5" t="26" w="470" /><ent r="5" t="26" w="470" /><ent r="5" t="26" w="511" /><ent r="5" t="26" w="511" /><ent r="4" t="32" w="154" /><ent r="4" t="32" w="154" /><ent r="4" t="42" w="221" /><ent r="4" t="42" w="221" /><ent r="3" t="51" w="51" /><ent r="3" t="51" w="51" /><ent r="4" t="52" w="137" /><ent r="4" t="52" w="137" /><ent r="4" t="53" w="40" /><ent r="4" t="53" w="40" /><ent r="4" t="53" w="56" /><ent r="4" t="53" w="56" /><ent r="100" t="56" w="7" /><ent r="100" t="56" w="7" /><ent r="100" t="56" w="11" /><ent r="100" t="56" w="11" /><ent r="3" t="56" w="59" /><ent r="3" t="56" w="59" /><ent r="4" t="57" w="50" /><ent r="4" t="57" w="50" /><ent r="4" t="58" w="224" /><ent r="4" t="58" w="224" /><ent r="4" t="58" w="242" /><ent r="4" t="58" w="242" /><ent r="4" t="84" w="113" /><ent r="4" t="84" w="113" /><ent r="4" t="85" w="97" /><ent r="4" t="85" w="97" /><ent r="4" t="85" w="222" /><ent r="4" t="85" w="222" /><ent r="4" t="86" w="99" /><ent r="4" t="86" w="99" /><ent r="3" t="92" w="163" /><ent r="3" t="92" w="163" /><ent r="5" t="96" w="353" /><ent r="5" t="96" w="353" /><ent r="4" t="98" w="302" /><ent r="4" t="98" w="302" /><ent r="4" t="98" w="450" /><ent r="4" t="98" w="450" /><ent r="100" t="103" w="19" /><ent r="100" t="103" w="19" /><ent r="3" t="103" w="148" /><ent r="3" t="103" w="148" /><ent r="3" t="109" w="97" /><ent r="3" t="109" w="97" /><ent r="4" t="111" w="46" /><ent r="4" t="111" w="46" /><ent r="4" t="111" w="58" /><ent r="4" t="111" w="58" /><ent r="4" t="111" w="64" /><ent r="4" t="111" w="64" /><ent r="3" t="111" w="89" /><ent r="3" t="111" w="89" /><ent r="3" t="111" w="113" /><ent r="3" t="111" w="113" /><ent r="3" t="111" w="157" /><ent r="3" t="111" w="157" /><ent r="3" t="111" w="176" /><ent r="3" t="111" w="176" /><ent r="3" t="111" w="186" /><ent r="3" t="111" w="186" /><ent r="3" t="111" w="199" /><ent r="3" t="111" w="199" /><ent r="3" t="111" w="207" /><ent r="3" t="111" w="207" /><ent r="3" t="111" w="216" /><ent r="3" t="111" w="216" /><ent r="3" t="111" w="222" /><ent r="3" t="111" w="222" /><ent r="3" t="111" w="253" /><ent r="3" t="111" w="253" /><ent r="4" t="111" w="278" /><ent r="4" t="111" w="278" /><ent r="4" t="111" w="291" /><ent r="4" t="111" w="291" /><ent r="3" t="111" w="313" /><ent r="3" t="111" w="313" /><ent r="4" t="111" w="331" /><ent r="4" t="111" w="331" /><ent r="3" t="111" w="344" /><ent r="3" t="111" w="344" /><ent r="4" t="111" w="431" /><ent r="4" t="111" w="431" /><ent r="3" t="111" w="462" /><ent r="3" t="111" w="462" /><ent r="4" t="111" w="558" /><ent r="4" t="111" w="558" /><ent r="4" t="111" w="571" /><ent r="4" t="111" w="571" /><ent r="4" t="115" w="166" /><ent r="4" t="115" w="166" /><ent r="3" t="117" w="401" /><ent r="3" t="117" w="401" /><ent r="4" t="124" w="67" /><ent r="4" t="124" w="67" /><ent r="4" t="128" w="215" /><ent r="4" t="128" w="215" /><ent r="4" t="128" w="300" /><ent r="4" t="128" w="300" /><ent r="4" t="128" w="425" /><ent r="4" t="128" w="425" /><ent r="4" t="128" w="500" /><ent r="4" t="128" w="500" /><ent r="4" t="128" w="545" /><ent r="4" t="128" w="545" /><ent r="3" t="128" w="628" /><ent r="3" t="128" w="628" /><ent r="3" t="128" w="658" /><ent r="3" t="128" w="658" /><ent r="4" t="133" w="126" /><ent r="4" t="133" w="126" /><ent r="3" t="133" w="143" /><ent r="3" t="133" w="143" /><ent r="4" t="134" w="140" /><ent r="4" t="134" w="140" /><ent r="3" t="134" w="179" /><ent r="3" t="134" w="179" /><ent r="4" t="135" w="138" /><ent r="4" t="135" w="138" /><ent r="4" t="136" w="135" /><ent r="4" t="136" w="135" /><ent r="4" t="137" w="299" /><ent r="4" t="137" w="299" /><ent r="4" t="137" w="445" /><ent r="4" t="137" w="445" /><ent r="4" t="137" w="723" /><ent r="4" t="137" w="723" /><ent r="4" t="137" w="862" /><ent r="4" t="137" w="862" /><ent r="3" t="138" w="165" /><ent r="3" t="138" w="165" /><ent r="3" t="138" w="182" /><ent r="3" t="138" w="182" /><ent r="3" t="139" w="156" /><ent r="3" t="139" w="156" /><ent r="3" t="140" w="186" /><ent r="3" t="140" w="186" /><ent r="3" t="140" w="205" /><ent r="3" t="140" w="205" /><ent r="4" t="145" w="147" /><ent r="4" t="145" w="147" /><ent r="4" t="145" w="250" /><ent r="4" t="145" w="250" /><ent r="4" t="145" w="437" /><ent r="4" t="145" w="437" /><ent r="3" t="146" w="206" /><ent r="3" t="146" w="206" /><ent r="4" t="148" w="166" /><ent r="4" t="148" w="166" /><ent r="3" t="148" w="194" /><ent r="3" t="148" w="194" /><ent r="3" t="148" w="209" /><ent r="3" t="148" w="209" /><ent r="3" t="149" w="148" /><ent r="3" t="149" w="148" /><ent r="4" t="150" w="399" /><ent r="4" t="150" w="399" /><ent r="4" t="150" w="586" /><ent r="4" t="150" w="586" /><ent r="4" t="152" w="392" /><ent r="4" t="152" w="392" /><ent r="4" t="152" w="566" /><ent r="4" t="152" w="566" /><ent r="4" t="152" w="603" /><ent r="4" t="152" w="603" /><ent r="4" t="162" w="1899" /><ent r="4" t="162" w="1899" /><ent r="4" t="162" w="1960" /><ent r="4" t="162" w="1960" /><ent r="6" t="163" w="766" /><ent r="6" t="163" w="766" /><ent r="3" t="163" w="880" /><ent r="3" t="163" w="880" /><ent r="4" t="163" w="1639" /><ent r="4" t="163" w="1639" /><ent r="3" t="163" w="2124" /><ent r="3" t="163" w="2124" /><ent r="4" t="163" w="2581" /><ent r="4" t="163" w="2581" /><ent r="5" t="164" w="1131" /><ent r="5" t="164" w="1131" /><ent r="4" t="164" w="1142" /><ent r="4" t="164" w="1142" /><ent r="3" t="167" w="1072" /><ent r="3" t="167" w="1072" /><ent r="3" t="167" w="1208" /><ent r="3" t="167" w="1208" /><ent r="4" t="168" w="629" /><ent r="4" t="168" w="629" /><ent r="4" t="168" w="1152" /><ent r="4" t="168" w="1152" /><ent r="4" t="171" w="50" /><ent r="4" t="171" w="50" /><ent r="3" t="172" w="21" /><ent r="3" t="172" w="21" /><ent r="3" t="177" w="185" /><ent r="3" t="177" w="185" /><ent r="4" t="177" w="320" /><ent r="4" t="177" w="320" /><ent r="6" t="179" w="99" /><ent r="6" t="179" w="99" /><ent r="3" t="187" w="145" /><ent r="3" t="187" w="145" /><ent r="3" t="190" w="89" /><ent r="3" t="190" w="89" /><ent r="3" t="191" w="243" /><ent r="3" t="191" w="243" /><ent r="3" t="192" w="179" /><ent r="3" t="192" w="179" /><ent r="3" t="193" w="132" /><ent r="3" t="193" w="132" /><ent r="3" t="194" w="177" /><ent r="3" t="194" w="177" /><ent r="4" t="195" w="236" /><ent r="4" t="195" w="236" /><ent r="4" t="195" w="288" /><ent r="4" t="195" w="288" /><ent r="3" t="199" w="178" /><ent r="3" t="199" w="178" /><ent r="6" t="201" w="220" /><ent r="6" t="201" w="220" /><ent r="6" t="201" w="429" /><ent r="6" t="201" w="429" /><ent r="3" t="203" w="20" /><ent r="3" t="203" w="20" /><ent r="3" t="204" w="20" /><ent r="3" t="204" w="20" /></phr><phr n="-Down"><ent r="92" t="1" w="140" /><ent r="92" t="1" w="140" /><ent r="68" t="11" w="89" /><ent r="68" t="11" w="89" /><ent r="1000" t="56" w="2" /><ent r="1000" t="56" w="2" /><ent r="102" t="56" w="17" /><ent r="102" t="56" w="17" /><ent r="3" t="56" w="23" /><ent r="3" t="56" w="23" /><ent r="92" t="103" w="136" /><ent r="92" t="103" w="136" /></phr></stem><stem n="drop"><phr n="drop"><ent r="100" t="1" w="136" /><ent r="3" t="1" w="145" /><ent r="3" t="1" w="223" /><ent r="4" t="1" w="281" /><ent r="3" t="4" w="20" /><ent r="4" t="4" w="136" /><ent r="7" t="7" w="98" /><ent r="7" t="8" w="157" /><ent r="7" t="9" w="25" /><ent r="7" t="11" w="84" /><ent r="7" t="12" w="52" /><ent r="6" t="12" w="74" /><ent r="7" t="13" w="113" /><ent r="7" t="13" w="139" /><ent r="6" t="14" w="205" /><ent r="6" t="14" w="230" /><ent r="7" t="14" w="457" /><ent r="6" t="14" w="470" /><ent r="4" t="18" w="105" /><ent r="4" t="23" w="58" /><ent r="4" t="26" w="139" /><ent r="3" t="26" w="317" /><ent r="5" t="26" w="470" /><ent r="5" t="26" w="511" /><ent r="4" t="32" w="154" /><ent r="4" t="42" w="221" /><ent r="3" t="51" w="51" /><ent r="4" t="52" w="137" /><ent r="4" t="53" w="40" /><ent r="4" t="53" w="56" /><ent r="3" t="54" w="97" /><ent r="3" t="54" w="117" /><ent r="3" t="54" w="127" /><ent r="100" t="56" w="7" /><ent r="100" t="56" w="11" /><ent r="3" t="56" w="59" /><ent r="4" t="57" w="50" /><ent r="4" t="58" w="224" /><ent r="4" t="58" w="242" /><ent r="3" t="59" w="104" /><ent r="3" t="64" w="293" /><ent r="3" t="67" w="241" /><ent r="3" t="67" w="259" /><ent r="4" t="84" w="113" /><ent r="4" t="85" w="97" /><ent r="4" t="85" w="222" /><ent r="4" t="86" w="99" /><ent r="3" t="92" w="163" /><ent r="5" t="96" w="353" /><ent r="4" t="98" w="302" /><ent r="4" t="98" w="450" /><ent r="100" t="103" w="19" /><ent r="100" t="103" w="130" /><ent r="3" t="103" w="148" /><ent r="3" t="109" w="97" /><ent r="4" t="111" w="46" /><ent r="4" t="111" w="58" /><ent r="4" t="111" w="64" /><ent r="3" t="111" w="89" /><ent r="3" t="111" w="113" /><ent r="3" t="111" w="157" /><ent r="3" t="111" w="176" /><ent r="3" t="111" w="186" /><ent r="3" t="111" w="199" /><ent r="3" t="111" w="207" /><ent r="3" t="111" w="216" /><ent r="3" t="111" w="222" /><ent r="4" t="111" w="278" /><ent r="4" t="111" w="291" /><ent r="4" t="111" w="331" /><ent r="3" t="111" w="344" /><ent r="4" t="111" w="431" /><ent r="3" t="111" w="462" /><ent r="4" t="111" w="558" /><ent r="4" t="111" w="571" /><ent r="4" t="115" w="166" /><ent r="3" t="117" w="401" /><ent r="4" t="124" w="67" /><ent r="4" t="128" w="215" /><ent r="4" t="128" w="300" /><ent r="4" t="128" w="425" /><ent r="4" t="128" w="500" /><ent r="4" t="128" w="545" /><ent r="3" t="128" w="628" /><ent r="3" t="128" w="658" /><ent r="4" t="133" w="126" /><ent r="3" t="133" w="143" /><ent r="4" t="134" w="140" /><ent r="3" t="134" w="179" /><ent r="4" t="135" w="138" /><ent r="4" t="136" w="135" /><ent r="4" t="137" w="299" /><ent r="4" t="137" w="445" /><ent r="4" t="137" w="723" /><ent r="4" t="137" w="862" /><ent r="3" t="138" w="165" /><ent r="3" t="138" w="182" /><ent r="3" t="139" w="156" /><ent r="3" t="140" w="186" /><ent r="3" t="140" w="205" /><ent r="4" t="145" w="147" /><ent r="4" t="145" w="250" /><ent r="4" t="145" w="437" /><ent r="3" t="146" w="206" /><ent r="4" t="148" w="166" /><ent r="3" t="148" w="194" /><ent r="3" t="148" w="209" /><ent r="3" t="149" w="148" /><ent r="4" t="150" w="399" /><ent r="4" t="150" w="586" /><ent r="4" t="152" w="392" /><ent r="4" t="152" w="566" /><ent r="4" t="152" w="603" /><ent r="4" t="162" w="347" /><ent r="4" t="162" w="570" /><ent r="4" t="162" w="1899" /><ent r="4" t="162" w="1960" /><ent r="4" t="163" w="497" /><ent r="6" t="163" w="766" /><ent r="3" t="163" w="784" /><ent r="3" t="163" w="880" /><ent r="4" t="163" w="1639" /><ent r="3" t="163" w="2124" /><ent r="4" t="163" w="2581" /><ent r="4" t="164" w="209" /><ent r="5" t="164" w="1131" /><ent r="4" t="164" w="1142" /><ent r="5" t="164" w="1232" /><ent r="4" t="165" w="169" /><ent r="4" t="166" w="447" /><ent r="4" t="167" w="432" /><ent r="3" t="167" w="1072" /><ent r="3" t="167" w="1208" /><ent r="4" t="168" w="323" /><ent r="4" t="168" w="629" /><ent r="4" t="168" w="1152" /><ent r="4" t="169" w="337" /><ent r="4" t="170" w="234" /><ent r="4" t="171" w="50" /><ent r="3" t="172" w="21" /><ent r="3" t="177" w="185" /><ent r="4" t="177" w="320" /><ent r="6" t="179" w="99" /><ent r="3" t="187" w="145" /><ent r="3" t="190" w="89" /><ent r="3" t="191" w="243" /><ent r="3" t="192" w="179" /><ent r="3" t="193" w="132" /><ent r="3" t="194" w="177" /><ent r="4" t="195" w="236" /><ent r="4" t="195" w="288" /><ent r="3" t="199" w="178" /><ent r="6" t="201" w="220" /><ent r="6" t="201" w="429" /><ent r="3" t="203" w="20" /><ent r="3" t="204" w="20" /></phr><phr n="Drop"><ent r="92" t="1" w="140" /><ent r="3" t="1" w="197" /><ent r="68" t="11" w="89" /><ent r="1000" t="56" w="2" /><ent r="102" t="56" w="17" /><ent r="3" t="56" w="23" /><ent r="92" t="103" w="136" /><ent r="3" t="111" w="253" /><ent r="3" t="111" w="313" /><ent r="3" t="111" w="396" /><ent r="3" t="111" w="445" /></phr><phr n="dropped"><ent r="3" t="174" w="204" /></phr></stem></index>