﻿<?xml version="1.0" encoding="utf-8"?><index><stem n="function"><phr n="functionality"><ent r="3" t="1" w="41" /><ent r="3" t="1" w="93" /><ent r="3" t="1" w="152" /><ent r="3" t="1" w="219" /><ent r="3" t="1" w="232" /><ent r="3" t="1" w="237" /><ent r="3" t="4" w="16" /><ent r="3" t="4" w="29" /><ent r="3" t="4" w="35" /><ent r="3" t="4" w="66" /><ent r="3" t="68" w="103" /><ent r="3" t="69" w="31" /><ent r="3" t="69" w="303" /><ent r="3" t="74" w="36" /><ent r="3" t="74" w="65" /><ent r="4" t="107" w="101" /><ent r="3" t="115" w="299" /><ent r="3" t="155" w="211" /><ent r="3" t="164" w="33" /><ent r="3" t="164" w="148" /><ent r="3" t="164" w="153" /><ent r="3" t="164" w="235" /><ent r="4" t="165" w="1543" /><ent r="3" t="166" w="2453" /></phr><phr n="functions"><ent r="3" t="2" w="108" /><ent r="3" t="10" w="50" /><ent r="3" t="82" w="40" /><ent r="4" t="83" w="19" /><ent r="3" t="165" w="115" /><ent r="4" t="165" w="1555" /><ent r="3" t="166" w="93" /><ent r="3" t="166" w="234" /><ent r="3" t="166" w="263" /><ent r="3" t="167" w="90" /><ent r="3" t="168" w="75" /><ent r="4" t="170" w="870" /><ent r="3" t="171" w="47" /><ent r="3" t="171" w="1305" /><ent r="3" t="172" w="49" /><ent r="3" t="173" w="68" /><ent r="3" t="208" w="107" /><ent r="4" t="208" w="137" /></phr><phr n="function"><ent r="3" t="40" w="40" /><ent r="3" t="44" w="48" /><ent r="4" t="53" w="16" /><ent r="3" t="158" w="88" /><ent r="3" t="164" w="201" /><ent r="3" t="165" w="1487" /><ent r="4" t="165" w="1532" /><ent r="4" t="165" w="1566" /><ent r="4" t="165" w="1656" /><ent r="3" t="166" w="251" /><ent r="3" t="166" w="327" /><ent r="4" t="208" w="146" /></phr></stem><stem n="includ"><phr n="including"><ent r="3" t="1" w="42" /><ent r="3" t="82" w="109" /><ent r="3" t="102" w="42" /><ent r="4" t="134" w="153" /><ent r="4" t="138" w="148" /><ent r="3" t="161" w="35" /><ent r="3" t="165" w="2401" /><ent r="3" t="172" w="1203" /><ent r="3" t="173" w="142" /></phr><phr n="includes"><ent r="3" t="8" w="23" /><ent r="4" t="11" w="22" /><ent r="4" t="28" w="216" /><ent r="3" t="69" w="371" /><ent r="3" t="164" w="94" /><ent r="3" t="169" w="188" /><ent r="3" t="170" w="178" /></phr><phr n="included"><ent r="7" t="106" w="95" /><ent r="7" t="106" w="113" /><ent r="7" t="106" w="131" /><ent r="7" t="106" w="149" /><ent r="7" t="106" w="169" /><ent r="7" t="106" w="187" /><ent r="4" t="167" w="1379" /><ent r="7" t="216" w="79" /><ent r="7" t="216" w="97" /><ent r="7" t="216" w="115" /><ent r="7" t="216" w="133" /><ent r="7" t="216" w="154" /><ent r="7" t="216" w="172" /></phr></stem><stem n="custom"><phr n="customize"><ent r="3" t="1" w="47" /><ent r="3" t="19" w="172" /><ent r="3" t="21" w="337" /><ent r="4" t="26" w="265" /><ent r="4" t="26" w="293" /><ent r="3" t="82" w="27" /><ent r="3" t="89" w="18" /><ent r="3" t="174" w="19" /><ent r="3" t="193" w="39" /><ent r="3" t="193" w="67" /><ent r="4" t="195" w="198" /><ent r="4" t="195" w="226" /><ent r="4" t="196" w="129" /><ent r="4" t="196" w="157" /><ent r="4" t="197" w="88" /><ent r="4" t="197" w="116" /><ent r="4" t="198" w="127" /><ent r="4" t="198" w="155" /></phr><phr n="Custom"><ent r="5" t="26" w="271" /><ent r="92" t="26" w="276" /><ent r="4" t="43" w="203" /><ent r="4" t="55" w="132" /><ent r="7" t="82" w="194" /><ent r="67" t="82" w="206" /><ent r="1000" t="89" w="1" /><ent r="102" t="89" w="4" /><ent r="5" t="89" w="68" /><ent r="4" t="89" w="73" /><ent r="4" t="149" w="213" /><ent r="4" t="151" w="293" /><ent r="4" t="152" w="154" /><ent r="5" t="167" w="469" /><ent r="4" t="174" w="87" /><ent r="5" t="174" w="140" /><ent r="4" t="193" w="45" /><ent r="92" t="193" w="50" /><ent r="5" t="195" w="204" /><ent r="92" t="195" w="209" /><ent r="5" t="196" w="135" /><ent r="92" t="196" w="140" /><ent r="5" t="197" w="94" /><ent r="92" t="197" w="99" /><ent r="5" t="198" w="133" /><ent r="92" t="198" w="138" /></phr><phr n="custom"><ent r="4" t="43" w="266" /><ent r="3" t="55" w="122" /><ent r="100" t="89" w="7" /><ent r="100" t="89" w="11" /><ent r="3" t="105" w="51" /><ent r="4" t="113" w="45" /><ent r="4" t="113" w="63" /><ent r="4" t="113" w="69" /><ent r="3" t="113" w="156" /><ent r="3" t="113" w="195" /><ent r="3" t="113" w="206" /><ent r="3" t="113" w="467" /><ent r="3" t="113" w="609" /><ent r="3" t="149" w="219" /><ent r="3" t="152" w="160" /><ent r="4" t="158" w="172" /><ent r="4" t="169" w="852" /><ent r="4" t="171" w="245" /><ent r="3" t="172" w="1949" /><ent r="3" t="172" w="1953" /><ent r="3" t="174" w="82" /><ent r="4" t="174" w="132" /></phr><phr n="customized"><ent r="7" t="82" w="202" /><ent r="3" t="171" w="1015" /></phr><phr n="customer"><ent r="3" t="113" w="461" /></phr></stem><stem n="hide"><phr n="hiding"><ent r="3" t="1" w="56" /></phr><phr n="hides"><ent r="6" t="9" w="47" /></phr><phr n="Hide"><ent r="7" t="13" w="81" /><ent r="64" t="47" w="199" /><ent r="64" t="48" w="103" /><ent r="1000" t="50" w="2" /><ent r="102" t="50" w="6" /><ent r="92" t="77" w="227" /><ent r="5" t="77" w="282" /><ent r="4" t="166" w="2801" /></phr><phr n="hide"><ent r="100" t="50" w="12" /><ent r="100" t="50" w="19" /><ent r="3" t="50" w="24" /><ent r="3" t="77" w="21" /><ent r="3" t="77" w="237" /><ent r="3" t="142" w="253" /></phr><phr n="Hiding"><ent r="1000" t="77" w="3" /><ent r="102" t="77" w="10" /><ent r="64" t="79" w="224" /><ent r="64" t="92" w="273" /><ent r="64" t="93" w="155" /><ent r="64" t="94" w="266" /></phr></stem><stem n="move"><phr n="moving"><ent r="3" t="1" w="58" /><ent r="6" t="11" w="144" /><ent r="7" t="38" w="174" /><ent r="3" t="73" w="427" /><ent r="3" t="73" w="463" /><ent r="4" t="155" w="1030" /><ent r="4" t="165" w="918" /><ent r="3" t="165" w="1404" /><ent r="3" t="165" w="1621" /><ent r="4" t="165" w="1675" /></phr><phr n="move"><ent r="4" t="1" w="320" /><ent r="3" t="1" w="365" /><ent r="3" t="1" w="398" /><ent r="4" t="1" w="420" /><ent r="4" t="4" w="175" /><ent r="6" t="7" w="127" /><ent r="7" t="11" w="162" /><ent r="3" t="19" w="190" /><ent r="3" t="35" w="11" /><ent r="3" t="37" w="48" /><ent r="3" t="51" w="286" /><ent r="3" t="57" w="127" /><ent r="3" t="57" w="142" /><ent r="4" t="58" w="130" /><ent r="3" t="58" w="144" /><ent r="4" t="58" w="168" /><ent r="4" t="60" w="150" /><ent r="3" t="60" w="164" /><ent r="4" t="60" w="188" /><ent r="3" t="61" w="117" /><ent r="3" t="77" w="19" /><ent r="3" t="77" w="67" /><ent r="3" t="77" w="131" /><ent r="3" t="77" w="146" /><ent r="7" t="82" w="183" /><ent r="3" t="100" w="226" /><ent r="3" t="100" w="468" /><ent r="3" t="105" w="400" /><ent r="3" t="113" w="607" /><ent r="3" t="115" w="551" /><ent r="4" t="127" w="64" /><ent r="4" t="163" w="275" /><ent r="4" t="165" w="386" /><ent r="3" t="165" w="970" /><ent r="4" t="165" w="1010" /><ent r="4" t="166" w="536" /><ent r="4" t="166" w="1509" /><ent r="4" t="166" w="2754" /><ent r="4" t="167" w="248" /><ent r="4" t="168" w="208" /><ent r="4" t="169" w="486" /><ent r="4" t="170" w="471" /><ent r="4" t="171" w="362" /><ent r="4" t="172" w="376" /><ent r="4" t="173" w="273" /><ent r="4" t="173" w="799" /><ent r="3" t="215" w="134" /></phr><phr n="moved"><ent r="3" t="1" w="475" /><ent r="3" t="1" w="514" /><ent r="3" t="157" w="115" /><ent r="3" t="163" w="149" /><ent r="3" t="166" w="969" /><ent r="4" t="167" w="1354" /><ent r="3" t="168" w="1283" /></phr><phr n="Move"><ent r="7" t="8" w="72" /><ent r="4" t="58" w="154" /><ent r="4" t="60" w="174" /><ent r="3" t="61" w="124" /><ent r="92" t="77" w="49" /><ent r="92" t="77" w="135" /><ent r="4" t="129" w="78" /><ent r="4" t="129" w="119" /><ent r="3" t="129" w="173" /><ent r="4" t="129" w="224" /><ent r="3" t="166" w="1486" /><ent r="4" t="167" w="958" /><ent r="4" t="168" w="776" /><ent r="4" t="168" w="1006" /><ent r="4" t="170" w="940" /></phr><phr n="moves"><ent r="7" t="13" w="75" /><ent r="3" t="99" w="246" /><ent r="3" t="99" w="335" /><ent r="3" t="157" w="95" /><ent r="4" t="165" w="1390" /><ent r="3" t="177" w="22" /><ent r="3" t="207" w="62" /></phr><phr n="Moving"><ent r="3" t="73" w="438" /><ent r="3" t="73" w="471" /><ent r="1000" t="77" w="1" /><ent r="102" t="77" w="8" /><ent r="64" t="79" w="222" /><ent r="64" t="92" w="271" /><ent r="64" t="93" w="153" /><ent r="64" t="94" w="264" /></phr></stem><stem n="dock"><phr n="docking"><ent r="3" t="1" w="63" /></phr><phr n="dock"><ent r="3" t="1" w="115" /><ent r="3" t="1" w="372" /><ent r="3" t="69" w="273" /><ent r="100" t="77" w="46" /><ent r="4" t="98" w="237" /></phr><phr n="docked"><ent r="3" t="61" w="69" /><ent r="3" t="157" w="54" /></phr><phr n="Dock"><ent r="3" t="69" w="205" /><ent r="4" t="69" w="263" /><ent r="1000" t="77" w="5" /><ent r="102" t="77" w="12" /><ent r="92" t="77" w="51" /><ent r="92" t="77" w="137" /><ent r="5" t="77" w="180" /><ent r="5" t="77" w="210" /><ent r="92" t="77" w="229" /><ent r="4" t="78" w="46" /><ent r="64" t="79" w="226" /><ent r="3" t="82" w="70" /><ent r="4" t="83" w="31" /><ent r="4" t="84" w="52" /><ent r="3" t="85" w="96" /><ent r="4" t="86" w="36" /><ent r="4" t="89" w="35" /><ent r="3" t="90" w="111" /><ent r="3" t="91" w="114" /><ent r="64" t="92" w="275" /><ent r="4" t="93" w="134" /><ent r="64" t="93" w="157" /><ent r="64" t="94" w="268" /><ent r="3" t="130" w="175" /><ent r="4" t="146" w="62" /><ent r="4" t="147" w="33" /></phr><phr n="docks"><ent r="3" t="163" w="139" /><ent r="3" t="168" w="1273" /></phr></stem><stem n="undock"><phr n="undocking"><ent r="3" t="1" w="65" /></phr><phr n="undocked"><ent r="3" t="1" w="512" /><ent r="3" t="168" w="1285" /></phr><phr n="undock"><ent r="3" t="69" w="295" /></phr><phr n="Undock"><ent r="5" t="77" w="96" /><ent r="5" t="77" w="125" /></phr></stem><stem n="session"><phr n="Session"><ent r="3" t="1" w="72" /><ent r="3" t="1" w="100" /><ent r="64" t="1" w="104" /><ent r="5" t="2" w="88" /><ent r="7" t="6" w="24" /><ent r="67" t="6" w="31" /><ent r="65" t="24" w="27" /><ent r="4" t="26" w="98" /><ent r="5" t="27" w="29" /><ent r="4" t="44" w="134" /><ent r="4" t="44" w="188" /><ent r="64" t="46" w="110" /><ent r="64" t="47" w="17" /><ent r="65" t="48" w="25" /><ent r="65" t="49" w="32" /><ent r="3" t="49" w="117" /><ent r="65" t="50" w="31" /><ent r="3" t="50" w="119" /><ent r="65" t="51" w="152" /><ent r="65" t="55" w="47" /><ent r="5" t="59" w="83" /><ent r="64" t="68" w="81" /><ent r="64" t="68" w="135" /><ent r="64" t="68" w="140" /><ent r="64" t="68" w="144" /><ent r="1000" t="69" w="1" /><ent r="102" t="69" w="4" /><ent r="100" t="69" w="7" /><ent r="3" t="69" w="11" /><ent r="4" t="69" w="36" /><ent r="5" t="69" w="55" /><ent r="4" t="69" w="71" /><ent r="3" t="69" w="76" /><ent r="3" t="69" w="102" /><ent r="3" t="69" w="244" /><ent r="3" t="69" w="253" /><ent r="3" t="69" w="289" /><ent r="64" t="69" w="434" /><ent r="64" t="69" w="439" /><ent r="64" t="69" w="443" /><ent r="1000" t="70" w="3" /><ent r="102" t="70" w="7" /><ent r="5" t="70" w="63" /><ent r="4" t="70" w="68" /><ent r="64" t="70" w="143" /><ent r="64" t="70" w="147" /><ent r="64" t="70" w="149" /><ent r="1000" t="71" w="4" /><ent r="102" t="71" w="9" /><ent r="5" t="71" w="60" /><ent r="4" t="71" w="65" /><ent r="4" t="71" w="78" /><ent r="65" t="71" w="95" /><ent r="64" t="71" w="126" /><ent r="64" t="71" w="128" /><ent r="1000" t="72" w="3" /><ent r="102" t="72" w="7" /><ent r="5" t="72" w="101" /><ent r="4" t="72" w="136" /><ent r="5" t="72" w="177" /><ent r="4" t="72" w="183" /><ent r="4" t="72" w="232" /><ent r="64" t="72" w="249" /><ent r="64" t="72" w="254" /><ent r="64" t="72" w="256" /><ent r="1000" t="73" w="1" /><ent r="102" t="73" w="4" /><ent r="3" t="73" w="11" /><ent r="3" t="73" w="27" /><ent r="65" t="77" w="42" /><ent r="4" t="77" w="104" /><ent r="4" t="77" w="188" /><ent r="65" t="78" w="40" /><ent r="65" t="80" w="30" /><ent r="64" t="81" w="89" /><ent r="3" t="81" w="138" /><ent r="3" t="82" w="65" /><ent r="5" t="82" w="395" /><ent r="7" t="82" w="433" /><ent r="65" t="83" w="25" /><ent r="65" t="84" w="46" /><ent r="64" t="85" w="90" /><ent r="65" t="86" w="30" /><ent r="66" t="87" w="52" /><ent r="5" t="87" w="177" /><ent r="5" t="88" w="54" /><ent r="65" t="89" w="29" /><ent r="64" t="90" w="59" /><ent r="3" t="90" w="106" /><ent r="3" t="91" w="109" /><ent r="64" t="92" w="195" /><ent r="64" t="93" w="128" /><ent r="65" t="110" w="102" /><ent r="5" t="120" w="117" /><ent r="64" t="127" w="38" /><ent r="64" t="127" w="93" /><ent r="66" t="128" w="22" /><ent r="4" t="129" w="170" /><ent r="4" t="129" w="194" /><ent r="3" t="129" w="377" /><ent r="3" t="129" w="491" /><ent r="3" t="129" w="586" /><ent r="3" t="129" w="655" /><ent r="64" t="130" w="169" /><ent r="66" t="131" w="231" /><ent r="64" t="143" w="98" /><ent r="65" t="144" w="85" /><ent r="64" t="145" w="114" /><ent r="4" t="145" w="316" /><ent r="65" t="146" w="56" /><ent r="65" t="147" w="28" /><ent r="65" t="148" w="44" /><ent r="65" t="149" w="80" /><ent r="65" t="150" w="69" /><ent r="65" t="151" w="60" /><ent r="65" t="152" w="76" /><ent r="65" t="153" w="144" /><ent r="65" t="154" w="51" /><ent r="3" t="157" w="61" /><ent r="4" t="162" w="85" /><ent r="4" t="165" w="435" /><ent r="4" t="166" w="585" /><ent r="4" t="166" w="2163" /><ent r="3" t="166" w="2456" /><ent r="5" t="166" w="2500" /><ent r="4" t="166" w="2512" /><ent r="3" t="166" w="2797" /><ent r="4" t="167" w="297" /><ent r="4" t="167" w="673" /><ent r="4" t="167" w="757" /><ent r="3" t="167" w="772" /><ent r="4" t="167" w="785" /><ent r="4" t="167" w="847" /><ent r="5" t="167" w="903" /><ent r="4" t="167" w="971" /><ent r="4" t="168" w="257" /><ent r="4" t="168" w="1015" /><ent r="4" t="168" w="1020" /><ent r="4" t="169" w="535" /><ent r="3" t="169" w="1005" /><ent r="4" t="170" w="520" /><ent r="4" t="170" w="828" /><ent r="4" t="170" w="888" /><ent r="6" t="170" w="981" /><ent r="4" t="171" w="411" /><ent r="4" t="171" w="555" /><ent r="4" t="171" w="762" /><ent r="4" t="171" w="816" /><ent r="4" t="172" w="425" /><ent r="4" t="173" w="322" /><ent r="5" t="208" w="92" /></phr><phr n="session"><ent r="3" t="1" w="85" /><ent r="3" t="46" w="107" /><ent r="4" t="63" w="92" /><ent r="3" t="68" w="8" /><ent r="3" t="68" w="21" /><ent r="3" t="68" w="41" /><ent r="3" t="68" w="60" /><ent r="3" t="68" w="94" /><ent r="3" t="68" w="114" /><ent r="64" t="68" w="126" /><ent r="3" t="69" w="23" /><ent r="100" t="70" w="9" /><ent r="100" t="70" w="13" /><ent r="3" t="70" w="23" /><ent r="3" t="70" w="31" /><ent r="4" t="70" w="42" /><ent r="4" t="70" w="80" /><ent r="3" t="70" w="98" /><ent r="64" t="70" w="108" /><ent r="3" t="70" w="112" /><ent r="3" t="70" w="133" /><ent r="100" t="71" w="13" /><ent r="100" t="71" w="15" /><ent r="100" t="71" w="20" /><ent r="3" t="71" w="30" /><ent r="4" t="71" w="41" /><ent r="4" t="71" w="90" /><ent r="3" t="71" w="109" /><ent r="100" t="72" w="9" /><ent r="100" t="72" w="13" /><ent r="3" t="72" w="22" /><ent r="3" t="72" w="25" /><ent r="3" t="72" w="44" /><ent r="3" t="72" w="57" /><ent r="64" t="72" w="69" /><ent r="4" t="72" w="77" /><ent r="4" t="72" w="81" /><ent r="4" t="72" w="107" /><ent r="4" t="72" w="127" /><ent r="4" t="72" w="131" /><ent r="4" t="72" w="153" /><ent r="4" t="72" w="157" /><ent r="4" t="72" w="199" /><ent r="4" t="72" w="203" /><ent r="4" t="72" w="216" /><ent r="4" t="72" w="227" /><ent r="100" t="73" w="7" /><ent r="4" t="73" w="69" /><ent r="4" t="73" w="104" /><ent r="3" t="73" w="505" /><ent r="4" t="73" w="516" /><ent r="4" t="73" w="535" /><ent r="4" t="73" w="553" /><ent r="3" t="111" w="80" /><ent r="3" t="129" w="606" /><ent r="4" t="173" w="1572" /></phr><phr n="Sessions"><ent r="1000" t="68" w="1" /><ent r="102" t="68" w="3" /><ent r="100" t="68" w="5" /><ent r="3" t="68" w="64" /><ent r="64" t="69" w="430" /></phr><phr n="sessions"><ent r="3" t="73" w="20" /><ent r="5" t="131" w="241" /><ent r="5" t="159" w="289" /><ent r="3" t="168" w="652" /><ent r="4" t="168" w="684" /></phr></stem><stem n="explor"><phr n="Explorer"><ent r="3" t="1" w="73" /><ent r="3" t="1" w="101" /><ent r="64" t="1" w="105" /><ent r="67" t="6" w="32" /><ent r="92" t="19" w="106" /><ent r="65" t="24" w="28" /><ent r="4" t="26" w="99" /><ent r="5" t="27" w="30" /><ent r="5" t="29" w="30" /><ent r="4" t="44" w="135" /><ent r="4" t="44" w="189" /><ent r="64" t="47" w="18" /><ent r="65" t="48" w="26" /><ent r="65" t="49" w="33" /><ent r="3" t="49" w="118" /><ent r="65" t="50" w="32" /><ent r="3" t="50" w="120" /><ent r="65" t="51" w="153" /><ent r="65" t="55" w="48" /><ent r="5" t="59" w="84" /><ent r="64" t="68" w="82" /><ent r="1000" t="69" w="2" /><ent r="102" t="69" w="5" /><ent r="100" t="69" w="8" /><ent r="3" t="69" w="12" /><ent r="4" t="69" w="37" /><ent r="5" t="69" w="56" /><ent r="4" t="69" w="72" /><ent r="3" t="69" w="77" /><ent r="3" t="69" w="103" /><ent r="3" t="69" w="245" /><ent r="3" t="69" w="254" /><ent r="3" t="69" w="290" /><ent r="64" t="70" w="150" /><ent r="64" t="71" w="129" /><ent r="64" t="72" w="257" /><ent r="65" t="77" w="43" /><ent r="4" t="77" w="105" /><ent r="4" t="77" w="189" /><ent r="65" t="78" w="41" /><ent r="65" t="80" w="31" /><ent r="64" t="81" w="90" /><ent r="3" t="81" w="139" /><ent r="3" t="82" w="66" /><ent r="5" t="82" w="396" /><ent r="7" t="82" w="434" /><ent r="65" t="83" w="26" /><ent r="65" t="84" w="47" /><ent r="64" t="85" w="91" /><ent r="65" t="86" w="31" /><ent r="66" t="87" w="53" /><ent r="5" t="87" w="178" /><ent r="5" t="88" w="55" /><ent r="65" t="89" w="30" /><ent r="64" t="90" w="60" /><ent r="3" t="90" w="107" /><ent r="3" t="91" w="110" /><ent r="64" t="92" w="196" /><ent r="64" t="93" w="129" /><ent r="64" t="127" w="39" /><ent r="64" t="127" w="94" /><ent r="66" t="128" w="23" /><ent r="4" t="129" w="171" /><ent r="4" t="129" w="195" /><ent r="3" t="129" w="378" /><ent r="3" t="129" w="492" /><ent r="3" t="129" w="587" /><ent r="3" t="129" w="656" /><ent r="64" t="130" w="170" /><ent r="64" t="143" w="99" /><ent r="65" t="144" w="86" /><ent r="64" t="145" w="115" /><ent r="4" t="145" w="317" /><ent r="65" t="146" w="57" /><ent r="65" t="147" w="29" /><ent r="65" t="148" w="45" /><ent r="65" t="149" w="81" /><ent r="65" t="150" w="70" /><ent r="65" t="151" w="61" /><ent r="65" t="152" w="77" /><ent r="65" t="153" w="145" /><ent r="65" t="154" w="52" /><ent r="3" t="157" w="62" /><ent r="4" t="162" w="86" /><ent r="4" t="165" w="436" /><ent r="4" t="166" w="586" /><ent r="4" t="166" w="2164" /><ent r="3" t="166" w="2457" /><ent r="5" t="166" w="2501" /><ent r="4" t="166" w="2513" /><ent r="3" t="166" w="2798" /><ent r="4" t="167" w="298" /><ent r="4" t="167" w="674" /><ent r="4" t="167" w="758" /><ent r="3" t="167" w="773" /><ent r="4" t="167" w="786" /><ent r="4" t="167" w="848" /><ent r="5" t="167" w="904" /><ent r="4" t="167" w="972" /><ent r="4" t="168" w="258" /><ent r="4" t="168" w="1016" /><ent r="4" t="168" w="1021" /><ent r="4" t="169" w="536" /><ent r="3" t="169" w="1006" /><ent r="4" t="170" w="521" /><ent r="4" t="170" w="829" /><ent r="4" t="170" w="889" /><ent r="6" t="170" w="982" /><ent r="4" t="170" w="1178" /><ent r="4" t="171" w="412" /><ent r="4" t="171" w="556" /><ent r="4" t="171" w="763" /><ent r="4" t="171" w="817" /><ent r="4" t="172" w="426" /><ent r="4" t="173" w="323" /></phr><phr n="explorer"><ent r="3" t="19" w="112" /></phr><phr n="explore"><ent r="4" t="167" w="1482" /></phr></stem><stem n="dockabl"><phr n="dockable"><ent r="3" t="1" w="76" /></phr></stem><stem n="manag"><phr n="manage"><ent r="3" t="1" w="82" /><ent r="3" t="68" w="91" /><ent r="3" t="69" w="20" /><ent r="3" t="82" w="116" /><ent r="3" t="105" w="154" /><ent r="3" t="105" w="166" /></phr><phr n="managing"><ent r="3" t="68" w="72" /></phr><phr n="management"><ent r="3" t="158" w="74" /><ent r="3" t="215" w="232" /></phr><phr n="managed"><ent r="3" t="215" w="225" /></phr></stem><stem n="'"><phr n="'"><ent r="3" t="1" w="93" /><ent r="4" t="20" w="390" /><ent r="3" t="68" w="102" /><ent r="3" t="69" w="31" /><ent r="3" t="155" w="886" /><ent r="3" t="158" w="81" /><ent r="4" t="166" w="1334" /><ent r="8" t="166" w="1555" /><ent r="8" t="166" w="1557" /><ent r="3" t="166" w="2453" /></phr></stem><stem n="inform"><phr n="information"><ent r="3" t="1" w="96" /><ent r="3" t="1" w="435" /><ent r="3" t="4" w="112" /><ent r="3" t="11" w="68" /><ent r="6" t="14" w="215" /><ent r="4" t="18" w="156" /><ent r="4" t="20" w="179" /><ent r="4" t="20" w="250" /><ent r="4" t="20" w="343" /><ent r="3" t="21" w="52" /><ent r="3" t="21" w="393" /><ent r="3" t="21" w="395" /><ent r="4" t="21" w="515" /><ent r="3" t="22" w="18" /><ent r="4" t="23" w="99" /><ent r="3" t="24" w="78" /><ent r="4" t="25" w="68" /><ent r="4" t="25" w="106" /><ent r="4" t="25" w="154" /><ent r="4" t="25" w="180" /><ent r="4" t="26" w="396" /><ent r="4" t="27" w="87" /><ent r="3" t="31" w="63" /><ent r="4" t="31" w="86" /><ent r="3" t="32" w="38" /><ent r="3" t="32" w="75" /><ent r="3" t="41" w="208" /><ent r="4" t="42" w="289" /><ent r="3" t="46" w="115" /><ent r="100" t="47" w="6" /><ent r="4" t="51" w="58" /><ent r="3" t="55" w="137" /><ent r="4" t="58" w="62" /><ent r="4" t="58" w="239" /><ent r="4" t="58" w="281" /><ent r="4" t="60" w="282" /><ent r="4" t="67" w="68" /><ent r="3" t="69" w="119" /><ent r="4" t="71" w="99" /><ent r="3" t="75" w="18" /><ent r="3" t="75" w="145" /><ent r="3" t="88" w="182" /><ent r="3" t="92" w="18" /><ent r="3" t="94" w="22" /><ent r="3" t="96" w="195" /><ent r="4" t="98" w="448" /><ent r="4" t="99" w="361" /><ent r="4" t="99" w="368" /><ent r="4" t="99" w="381" /><ent r="3" t="102" w="36" /><ent r="3" t="102" w="41" /><ent r="3" t="102" w="59" /><ent r="3" t="105" w="172" /><ent r="3" t="105" w="186" /><ent r="3" t="105" w="200" /><ent r="3" t="105" w="214" /><ent r="3" t="105" w="251" /><ent r="3" t="105" w="303" /><ent r="3" t="105" w="454" /><ent r="3" t="105" w="479" /><ent r="3" t="105" w="490" /><ent r="3" t="105" w="548" /><ent r="3" t="107" w="47" /><ent r="4" t="107" w="127" /><ent r="4" t="107" w="178" /><ent r="4" t="112" w="55" /><ent r="3" t="115" w="36" /><ent r="3" t="115" w="273" /><ent r="3" t="115" w="276" /><ent r="4" t="115" w="664" /><ent r="3" t="115" w="784" /><ent r="3" t="116" w="128" /><ent r="4" t="118" w="71" /><ent r="3" t="130" w="26" /><ent r="3" t="130" w="449" /><ent r="4" t="130" w="482" /><ent r="4" t="130" w="491" /><ent r="4" t="130" w="527" /><ent r="4" t="130" w="536" /><ent r="3" t="135" w="157" /><ent r="3" t="136" w="193" /><ent r="3" t="141" w="196" /><ent r="3" t="142" w="170" /><ent r="3" t="144" w="185" /><ent r="3" t="144" w="200" /><ent r="3" t="144" w="219" /><ent r="3" t="144" w="232" /><ent r="3" t="144" w="235" /><ent r="3" t="144" w="252" /><ent r="3" t="144" w="266" /><ent r="3" t="144" w="293" /><ent r="3" t="144" w="340" /><ent r="3" t="145" w="261" /><ent r="3" t="145" w="394" /><ent r="3" t="146" w="151" /><ent r="3" t="147" w="219" /><ent r="3" t="149" w="65" /><ent r="3" t="149" w="223" /><ent r="3" t="150" w="150" /><ent r="3" t="152" w="164" /><ent r="3" t="154" w="22" /><ent r="3" t="154" w="30" /><ent r="3" t="154" w="164" /><ent r="3" t="155" w="527" /><ent r="3" t="155" w="644" /><ent r="4" t="155" w="731" /><ent r="3" t="158" w="105" /><ent r="4" t="158" w="149" /><ent r="4" t="158" w="156" /><ent r="4" t="158" w="251" /><ent r="3" t="165" w="261" /><ent r="100" t="166" w="16" /><ent r="4" t="166" w="120" /><ent r="3" t="166" w="1526" /><ent r="3" t="168" w="597" /><ent r="3" t="169" w="102" /><ent r="3" t="169" w="122" /><ent r="3" t="169" w="150" /><ent r="4" t="169" w="664" /><ent r="3" t="170" w="92" /><ent r="3" t="170" w="112" /><ent r="3" t="170" w="140" /><ent r="4" t="170" w="718" /><ent r="3" t="170" w="809" /><ent r="3" t="171" w="1308" /><ent r="3" t="172" w="750" /><ent r="4" t="173" w="1733" /><ent r="3" t="175" w="33" /><ent r="5" t="175" w="203" /><ent r="3" t="181" w="34" /><ent r="3" t="181" w="50" /><ent r="7" t="181" w="135" /><ent r="7" t="181" w="423" /><ent r="3" t="190" w="24" /><ent r="3" t="190" w="43" /><ent r="3" t="190" w="62" /><ent r="3" t="190" w="75" /><ent r="3" t="191" w="16" /><ent r="3" t="191" w="30" /><ent r="3" t="192" w="22" /><ent r="3" t="198" w="241" /><ent r="3" t="198" w="266" /><ent r="5" t="204" w="140" /><ent r="5" t="204" w="143" /><ent r="3" t="207" w="145" /><ent r="6" t="210" w="184" /><ent r="6" t="210" w="353" /><ent r="6" t="210" w="564" /><ent r="4" t="211" w="121" /><ent r="7" t="218" w="99" /></phr><phr n="Information"><ent r="5" t="21" w="32" /><ent r="4" t="47" w="47" /><ent r="3" t="155" w="29" /><ent r="64" t="164" w="335" /><ent r="102" t="166" w="29" /><ent r="4" t="166" w="361" /><ent r="3" t="182" w="167" /></phr><phr n="informational"><ent r="3" t="92" w="74" /></phr></stem><stem n="note"><phr n="Note"><ent r="4" t="1" w="108" /><ent r="3" t="1" w="557" /><ent r="3" t="1" w="590" /><ent r="7" t="8" w="223" /><ent r="4" t="37" w="144" /><ent r="3" t="40" w="99" /><ent r="5" t="44" w="14" /><ent r="4" t="68" w="105" /><ent r="3" t="69" w="230" /><ent r="4" t="70" w="25" /><ent r="4" t="72" w="48" /><ent r="4" t="75" w="49" /><ent r="3" t="78" w="148" /><ent r="3" t="85" w="38" /><ent r="4" t="88" w="27" /><ent r="4" t="99" w="291" /><ent r="4" t="112" w="101" /><ent r="5" t="113" w="72" /><ent r="4" t="113" w="203" /><ent r="4" t="113" w="601" /><ent r="4" t="114" w="51" /><ent r="3" t="115" w="127" /><ent r="3" t="115" w="722" /><ent r="4" t="118" w="91" /><ent r="4" t="130" w="72" /><ent r="3" t="131" w="19" /><ent r="3" t="144" w="220" /><ent r="3" t="144" w="327" /><ent r="4" t="150" w="34" /><ent r="3" t="155" w="849" /><ent r="7" t="157" w="191" /><ent r="4" t="160" w="150" /><ent r="4" t="160" w="201" /><ent r="4" t="163" w="132" /><ent r="4" t="165" w="719" /><ent r="4" t="165" w="868" /><ent r="4" t="165" w="1031" /><ent r="4" t="165" w="1707" /><ent r="4" t="166" w="1348" /><ent r="3" t="166" w="2064" /><ent r="3" t="167" w="492" /><ent r="4" t="167" w="1459" /><ent r="4" t="167" w="1494" /><ent r="4" t="168" w="465" /><ent r="4" t="168" w="861" /><ent r="4" t="168" w="1183" /><ent r="4" t="168" w="1266" /><ent r="4" t="168" w="1543" /><ent r="4" t="169" w="382" /><ent r="4" t="170" w="368" /><ent r="4" t="172" w="1389" /><ent r="7" t="172" w="1446" /><ent r="3" t="173" w="43" /><ent r="4" t="173" w="813" /><ent r="4" t="173" w="1196" /><ent r="4" t="177" w="186" /><ent r="3" t="182" w="155" /><ent r="3" t="190" w="63" /><ent r="3" t="190" w="620" /><ent r="4" t="195" w="325" /><ent r="3" t="198" w="255" /><ent r="4" t="199" w="210" /></phr><phr n="Notes"><ent r="3" t="163" w="336" /></phr><phr n="NOTE"><ent r="5" t="167" w="1322" /><ent r="4" t="172" w="1941" /></phr></stem></index>