﻿<?xml version="1.0" encoding="utf-8"?><index><stem n="v"><phr n="V"><ent r="7" t="5" w="165" /><ent r="5" t="226" w="157" /><ent r="5" t="226" w="226" /><ent r="7" t="239" w="176" /></phr><phr n="v"><ent r="3" t="193" w="45" /><ent r="3" t="193" w="49" /></phr></stem><stem n="curl"><phr n="curled"><ent r="7" t="5" w="174" /><ent r="7" t="5" w="223" /></phr></stem><stem n="arrow"><phr n="arrow"><ent r="7" t="5" w="175" /><ent r="7" t="5" w="191" /><ent r="7" t="5" w="224" /><ent r="7" t="5" w="240" /><ent r="3" t="26" w="324" /><ent r="3" t="47" w="106" /><ent r="5" t="49" w="407" /><ent r="3" t="64" w="162" /><ent r="3" t="72" w="28" /><ent r="4" t="72" w="62" /><ent r="4" t="72" w="69" /><ent r="3" t="72" w="130" /><ent r="3" t="83" w="69" /><ent r="3" t="125" w="574" /><ent r="3" t="125" w="601" /><ent r="4" t="142" w="106" /><ent r="4" t="142" w="150" /><ent r="4" t="142" w="368" /><ent r="3" t="142" w="487" /><ent r="3" t="142" w="587" /><ent r="3" t="142" w="661" /><ent r="4" t="156" w="590" /><ent r="4" t="156" w="635" /><ent r="4" t="157" w="563" /><ent r="4" t="157" w="608" /><ent r="4" t="158" w="560" /><ent r="4" t="158" w="605" /><ent r="4" t="180" w="2778" /><ent r="4" t="180" w="2794" /><ent r="4" t="180" w="2811" /><ent r="4" t="180" w="2925" /><ent r="4" t="180" w="2950" /><ent r="3" t="187" w="925" /><ent r="3" t="187" w="933" /><ent r="3" t="187" w="1045" /><ent r="7" t="187" w="1155" /><ent r="3" t="188" w="801" /><ent r="3" t="188" w="810" /><ent r="3" t="188" w="1126" /><ent r="4" t="188" w="1289" /><ent r="5" t="190" w="223" /><ent r="5" t="190" w="238" /><ent r="5" t="190" w="256" /><ent r="3" t="212" w="97" /><ent r="4" t="213" w="690" /><ent r="4" t="213" w="735" /><ent r="3" t="215" w="255" /><ent r="3" t="216" w="186" /><ent r="3" t="217" w="145" /><ent r="3" t="218" w="184" /><ent r="3" t="227" w="152" /></phr><phr n="Arrow"><ent r="4" t="46" w="162" /><ent r="4" t="46" w="179" /><ent r="5" t="109" w="263" /><ent r="5" t="109" w="276" /><ent r="4" t="176" w="331" /><ent r="6" t="230" w="142" /><ent r="6" t="230" w="158" /><ent r="6" t="230" w="160" /><ent r="6" t="230" w="210" /><ent r="6" t="230" w="212" /><ent r="6" t="230" w="364" /><ent r="6" t="230" w="382" /><ent r="6" t="230" w="384" /><ent r="6" t="230" w="445" /><ent r="6" t="230" w="480" /><ent r="6" t="230" w="498" /><ent r="6" t="230" w="500" /><ent r="6" t="230" w="526" /><ent r="6" t="230" w="539" /><ent r="6" t="230" w="546" /><ent r="6" t="230" w="579" /><ent r="6" t="230" w="581" /></phr><phr n="arrows"><ent r="4" t="142" w="450" /><ent r="3" t="220" w="156" /><ent r="3" t="222" w="161" /></phr></stem><stem n="undo"><phr n="undoes"><ent r="7" t="5" w="176" /></phr><phr n="undo"><ent r="7" t="5" w="197" /><ent r="7" t="5" w="210" /><ent r="4" t="71" w="87" /><ent r="3" t="71" w="106" /><ent r="3" t="170" w="288" /></phr><phr n="Undo"><ent r="3" t="44" w="90" /><ent r="4" t="81" w="411" /><ent r="3" t="170" w="297" /></phr></stem><stem n="recent"><phr n="recent"><ent r="7" t="5" w="179" /><ent r="7" t="5" w="228" /><ent r="3" t="81" w="409" /></phr><phr n="recently"><ent r="3" t="18" w="191" /><ent r="3" t="18" w="210" /><ent r="3" t="18" w="233" /><ent r="3" t="81" w="353" /></phr><phr n="Recently"><ent r="4" t="81" w="378" /></phr></stem><stem n="properti"><phr n="property"><ent r="7" t="5" w="183" /><ent r="7" t="5" w="232" /><ent r="4" t="163" w="84" /><ent r="6" t="230" w="72" /><ent r="6" t="230" w="508" /></phr><phr n="properties"><ent r="7" t="6" w="167" /><ent r="4" t="53" w="182" /><ent r="100" t="62" w="7" /><ent r="100" t="62" w="9" /><ent r="3" t="62" w="71" /><ent r="4" t="62" w="187" /><ent r="3" t="62" w="204" /><ent r="3" t="74" w="300" /><ent r="100" t="115" w="25" /><ent r="100" t="115" w="465" /><ent r="100" t="115" w="514" /><ent r="3" t="115" w="525" /><ent r="3" t="130" w="97" /><ent r="3" t="134" w="25" /><ent r="3" t="134" w="54" /><ent r="5" t="143" w="222" /><ent r="3" t="146" w="19" /><ent r="4" t="147" w="128" /><ent r="4" t="147" w="140" /><ent r="4" t="147" w="147" /><ent r="4" t="147" w="185" /><ent r="4" t="147" w="201" /><ent r="4" t="147" w="224" /><ent r="3" t="150" w="27" /><ent r="4" t="151" w="130" /><ent r="4" t="151" w="142" /><ent r="4" t="151" w="149" /><ent r="4" t="151" w="172" /><ent r="4" t="151" w="187" /><ent r="3" t="152" w="25" /><ent r="4" t="153" w="124" /><ent r="4" t="153" w="136" /><ent r="6" t="154" w="130" /><ent r="100" t="156" w="3" /><ent r="3" t="156" w="17" /><ent r="100" t="157" w="9" /><ent r="3" t="157" w="70" /><ent r="5" t="157" w="127" /><ent r="3" t="157" w="145" /><ent r="100" t="158" w="7" /><ent r="100" t="158" w="9" /><ent r="3" t="158" w="73" /><ent r="4" t="158" w="89" /><ent r="4" t="158" w="162" /><ent r="3" t="158" w="179" /><ent r="3" t="158" w="773" /><ent r="3" t="158" w="882" /><ent r="100" t="159" w="7" /><ent r="100" t="159" w="9" /><ent r="5" t="159" w="166" /><ent r="3" t="159" w="183" /><ent r="100" t="160" w="7" /><ent r="100" t="160" w="9" /><ent r="6" t="160" w="64" /><ent r="3" t="160" w="82" /><ent r="100" t="161" w="7" /><ent r="100" t="161" w="9" /><ent r="3" t="161" w="121" /><ent r="4" t="161" w="238" /><ent r="3" t="161" w="255" /><ent r="100" t="162" w="7" /><ent r="100" t="162" w="9" /><ent r="3" t="162" w="20" /><ent r="3" t="162" w="25" /><ent r="3" t="162" w="37" /><ent r="3" t="162" w="54" /><ent r="3" t="162" w="130" /><ent r="3" t="162" w="153" /><ent r="3" t="162" w="167" /><ent r="3" t="162" w="184" /><ent r="100" t="163" w="11" /><ent r="4" t="163" w="95" /><ent r="4" t="163" w="101" /><ent r="3" t="163" w="118" /><ent r="100" t="164" w="11" /><ent r="3" t="164" w="49" /><ent r="3" t="164" w="102" /><ent r="4" t="164" w="197" /><ent r="3" t="164" w="214" /><ent r="100" t="165" w="9" /><ent r="4" t="165" w="126" /><ent r="4" t="165" w="132" /><ent r="3" t="165" w="149" /><ent r="100" t="166" w="7" /><ent r="100" t="166" w="9" /><ent r="3" t="166" w="19" /><ent r="3" t="166" w="37" /><ent r="3" t="166" w="46" /><ent r="3" t="166" w="121" /><ent r="4" t="176" w="200" /><ent r="3" t="180" w="2658" /><ent r="4" t="186" w="151" /><ent r="4" t="186" w="764" /><ent r="4" t="186" w="779" /><ent r="100" t="195" w="14" /><ent r="4" t="195" w="442" /><ent r="100" t="230" w="8" /><ent r="6" t="230" w="320" /><ent r="6" t="230" w="629" /></phr><phr n="Properties"><ent r="68" t="6" w="178" /><ent r="92" t="19" w="139" /><ent r="4" t="20" w="322" /><ent r="64" t="35" w="70" /><ent r="65" t="40" w="266" /><ent r="5" t="43" w="61" /><ent r="4" t="43" w="66" /><ent r="4" t="43" w="168" /><ent r="5" t="44" w="284" /><ent r="4" t="44" w="289" /><ent r="5" t="53" w="177" /><ent r="65" t="53" w="187" /><ent r="64" t="58" w="311" /><ent r="1000" t="62" w="3" /><ent r="102" t="62" w="15" /><ent r="4" t="62" w="38" /><ent r="5" t="62" w="66" /><ent r="64" t="63" w="114" /><ent r="92" t="64" w="238" /><ent r="3" t="64" w="244" /><ent r="64" t="64" w="249" /><ent r="5" t="66" w="95" /><ent r="4" t="66" w="101" /><ent r="64" t="73" w="69" /><ent r="4" t="74" w="305" /><ent r="64" t="74" w="312" /><ent r="64" t="86" w="174" /><ent r="7" t="90" w="682" /><ent r="67" t="90" w="720" /><ent r="64" t="103" w="162" /><ent r="5" t="106" w="181" /><ent r="92" t="108" w="417" /><ent r="4" t="108" w="424" /><ent r="92" t="115" w="468" /><ent r="3" t="115" w="472" /><ent r="92" t="115" w="508" /><ent r="100" t="115" w="512" /><ent r="3" t="115" w="521" /><ent r="4" t="122" w="204" /><ent r="5" t="129" w="364" /><ent r="5" t="129" w="430" /><ent r="64" t="137" w="183" /><ent r="5" t="147" w="144" /><ent r="5" t="147" w="182" /><ent r="5" t="147" w="198" /><ent r="5" t="147" w="220" /><ent r="4" t="150" w="156" /><ent r="4" t="150" w="179" /><ent r="5" t="151" w="146" /><ent r="5" t="151" w="169" /><ent r="5" t="151" w="184" /><ent r="5" t="152" w="132" /><ent r="92" t="153" w="170" /><ent r="92" t="154" w="162" /><ent r="1000" t="156" w="1" /><ent r="102" t="156" w="5" /><ent r="3" t="156" w="26" /><ent r="3" t="156" w="58" /><ent r="5" t="156" w="76" /><ent r="3" t="156" w="89" /><ent r="4" t="156" w="111" /><ent r="4" t="156" w="126" /><ent r="64" t="156" w="876" /><ent r="64" t="156" w="880" /><ent r="1000" t="157" w="3" /><ent r="100" t="157" w="7" /><ent r="102" t="157" w="15" /><ent r="3" t="157" w="20" /><ent r="3" t="157" w="78" /><ent r="5" t="157" w="106" /><ent r="3" t="157" w="110" /><ent r="3" t="157" w="932" /><ent r="1000" t="158" w="3" /><ent r="102" t="158" w="15" /><ent r="3" t="158" w="76" /><ent r="92" t="158" w="82" /><ent r="4" t="158" w="92" /><ent r="5" t="158" w="105" /><ent r="4" t="158" w="129" /><ent r="3" t="158" w="134" /><ent r="5" t="158" w="813" /><ent r="3" t="158" w="853" /><ent r="64" t="158" w="897" /><ent r="1000" t="159" w="3" /><ent r="102" t="159" w="15" /><ent r="4" t="159" w="48" /><ent r="5" t="159" w="84" /><ent r="3" t="159" w="90" /><ent r="1000" t="160" w="3" /><ent r="102" t="160" w="15" /><ent r="3" t="160" w="22" /><ent r="5" t="160" w="47" /><ent r="3" t="160" w="54" /><ent r="1000" t="161" w="3" /><ent r="102" t="161" w="15" /><ent r="4" t="161" w="72" /><ent r="5" t="161" w="99" /><ent r="5" t="161" w="115" /><ent r="1000" t="162" w="3" /><ent r="102" t="162" w="15" /><ent r="4" t="162" w="61" /><ent r="5" t="162" w="88" /><ent r="5" t="162" w="114" /><ent r="3" t="162" w="123" /><ent r="64" t="162" w="157" /><ent r="1000" t="163" w="4" /><ent r="100" t="163" w="9" /><ent r="102" t="163" w="19" /><ent r="3" t="163" w="24" /><ent r="4" t="163" w="52" /><ent r="5" t="163" w="80" /><ent r="1000" t="164" w="4" /><ent r="100" t="164" w="9" /><ent r="102" t="164" w="19" /><ent r="4" t="164" w="68" /><ent r="5" t="164" w="96" /><ent r="1000" t="165" w="3" /><ent r="100" t="165" w="7" /><ent r="102" t="165" w="15" /><ent r="3" t="165" w="45" /><ent r="3" t="165" w="88" /><ent r="5" t="165" w="112" /><ent r="4" t="165" w="115" /><ent r="1000" t="166" w="3" /><ent r="102" t="166" w="15" /><ent r="5" t="166" w="151" /><ent r="3" t="166" w="157" /><ent r="3" t="181" w="433" /><ent r="92" t="185" w="515" /><ent r="6" t="185" w="541" /><ent r="5" t="186" w="753" /><ent r="4" t="187" w="563" /><ent r="3" t="187" w="1410" /><ent r="4" t="187" w="1786" /><ent r="1000" t="195" w="3" /><ent r="100" t="195" w="11" /><ent r="102" t="195" w="20" /><ent r="64" t="195" w="29" /><ent r="3" t="195" w="171" /><ent r="5" t="195" w="434" /><ent r="65" t="195" w="450" /><ent r="4" t="195" w="499" /><ent r="64" t="209" w="218" /><ent r="5" t="213" w="306" /><ent r="4" t="213" w="311" /><ent r="5" t="226" w="121" /><ent r="1000" t="230" w="1" /><ent r="102" t="230" w="10" /><ent r="64" t="231" w="16" /><ent r="7" t="242" w="87" /><ent r="7" t="242" w="90" /><ent r="64" t="243" w="20" /></phr><phr n="Property"><ent r="6" t="230" w="15" /></phr></stem><stem n="entir"><phr n="entire"><ent r="7" t="5" w="196" /><ent r="7" t="5" w="245" /><ent r="3" t="49" w="620" /><ent r="5" t="90" w="390" /><ent r="4" t="117" w="138" /><ent r="3" t="122" w="120" /><ent r="3" t="125" w="842" /><ent r="3" t="128" w="215" /><ent r="3" t="129" w="110" /><ent r="3" t="129" w="314" /><ent r="4" t="138" w="17" /><ent r="4" t="153" w="575" /><ent r="4" t="153" w="1010" /><ent r="3" t="167" w="450" /><ent r="3" t="170" w="280" /><ent r="3" t="179" w="215" /><ent r="4" t="183" w="985" /><ent r="4" t="208" w="381" /><ent r="4" t="208" w="408" /></phr><phr n="entirely"><ent r="3" t="180" w="266" /><ent r="3" t="238" w="226" /></phr></stem><stem n="&quot;undo&quot;"><phr n="&quot;undo&quot;"><ent r="7" t="5" w="198" /></phr></stem><stem n="stack"><phr n="stack"><ent r="7" t="5" w="198" /><ent r="7" t="5" w="247" /></phr></stem><stem n="z"><phr n="Z"><ent r="7" t="5" w="219" /><ent r="7" t="14" w="467" /><ent r="4" t="21" w="145" /><ent r="4" t="21" w="152" /><ent r="4" t="21" w="159" /><ent r="4" t="21" w="166" /><ent r="3" t="21" w="174" /><ent r="3" t="21" w="177" /><ent r="4" t="176" w="315" /><ent r="7" t="199" w="518" /><ent r="7" t="199" w="540" /><ent r="7" t="199" w="557" /><ent r="5" t="226" w="346" /><ent r="5" t="226" w="365" /></phr><phr n="z"><ent r="7" t="199" w="505" /><ent r="7" t="199" w="521" /><ent r="7" t="199" w="543" /><ent r="3" t="199" w="769" /><ent r="3" t="199" w="777" /></phr></stem><stem n="redo"><phr n="redoes"><ent r="7" t="5" w="225" /></phr><phr n="redo"><ent r="7" t="5" w="246" /><ent r="7" t="5" w="259" /></phr><phr n="Redo"><ent r="4" t="81" w="412" /></phr></stem><stem n="&quot;redo&quot;"><phr n="&quot;redo&quot;"><ent r="7" t="5" w="247" /></phr></stem><stem n="y"><phr n="Y"><ent r="7" t="5" w="268" /><ent r="4" t="83" w="154" /><ent r="4" t="83" w="169" /><ent r="4" t="97" w="91" /><ent r="3" t="180" w="1415" /><ent r="7" t="180" w="1659" /><ent r="7" t="199" w="535" /><ent r="7" t="199" w="553" /><ent r="7" t="199" w="566" /></phr><phr n="y"><ent r="6" t="14" w="382" /><ent r="7" t="14" w="392" /><ent r="3" t="87" w="36" /><ent r="3" t="176" w="60" /><ent r="3" t="176" w="261" /><ent r="4" t="176" w="272" /><ent r="3" t="179" w="177" /><ent r="4" t="179" w="1126" /><ent r="3" t="182" w="1386" /><ent r="3" t="182" w="1568" /><ent r="3" t="182" w="1580" /><ent r="7" t="199" w="394" /><ent r="7" t="199" w="436" /><ent r="7" t="199" w="447" /><ent r="3" t="238" w="413" /></phr></stem><stem n="dialog"><phr n="dialog"><ent r="7" t="5" w="275" /><ent r="6" t="7" w="198" /><ent r="7" t="9" w="69" /><ent r="4" t="18" w="97" /><ent r="3" t="18" w="243" /><ent r="3" t="19" w="166" /><ent r="4" t="21" w="253" /><ent r="4" t="21" w="274" /><ent r="4" t="21" w="433" /><ent r="4" t="21" w="495" /><ent r="4" t="24" w="52" /><ent r="3" t="27" w="61" /><ent r="4" t="30" w="45" /><ent r="3" t="31" w="19" /><ent r="3" t="31" w="46" /><ent r="4" t="32" w="147" /><ent r="3" t="33" w="74" /><ent r="7" t="39" w="144" /><ent r="4" t="44" w="659" /><ent r="4" t="47" w="245" /><ent r="4" t="47" w="310" /><ent r="4" t="48" w="115" /><ent r="4" t="48" w="269" /><ent r="3" t="49" w="163" /><ent r="5" t="49" w="300" /><ent r="6" t="49" w="361" /><ent r="4" t="49" w="638" /><ent r="4" t="49" w="654" /><ent r="3" t="50" w="226" /><ent r="4" t="50" w="234" /><ent r="4" t="51" w="100" /><ent r="4" t="53" w="183" /><ent r="3" t="60" w="45" /><ent r="4" t="62" w="39" /><ent r="3" t="62" w="72" /><ent r="4" t="62" w="191" /><ent r="3" t="62" w="208" /><ent r="3" t="62" w="225" /><ent r="4" t="67" w="114" /><ent r="4" t="70" w="138" /><ent r="4" t="71" w="75" /><ent r="4" t="72" w="106" /><ent r="3" t="74" w="87" /><ent r="4" t="78" w="98" /><ent r="4" t="79" w="66" /><ent r="4" t="79" w="80" /><ent r="4" t="80" w="137" /><ent r="4" t="80" w="185" /><ent r="4" t="80" w="233" /><ent r="4" t="81" w="49" /><ent r="4" t="81" w="314" /><ent r="4" t="83" w="237" /><ent r="4" t="92" w="117" /><ent r="4" t="93" w="137" /><ent r="4" t="95" w="120" /><ent r="4" t="95" w="241" /><ent r="4" t="96" w="112" /><ent r="4" t="96" w="235" /><ent r="3" t="96" w="252" /><ent r="3" t="96" w="275" /><ent r="3" t="96" w="318" /><ent r="4" t="97" w="75" /><ent r="3" t="99" w="51" /><ent r="4" t="100" w="169" /><ent r="4" t="101" w="173" /><ent r="3" t="104" w="72" /><ent r="4" t="109" w="409" /><ent r="3" t="110" w="311" /><ent r="7" t="116" w="45" /><ent r="4" t="118" w="105" /><ent r="4" t="120" w="72" /><ent r="3" t="124" w="32" /><ent r="3" t="125" w="259" /><ent r="3" t="125" w="266" /><ent r="8" t="125" w="435" /><ent r="3" t="125" w="635" /><ent r="3" t="125" w="688" /><ent r="3" t="125" w="708" /><ent r="3" t="126" w="85" /><ent r="3" t="126" w="190" /><ent r="4" t="126" w="349" /><ent r="4" t="126" w="408" /><ent r="4" t="127" w="42" /><ent r="4" t="133" w="54" /><ent r="4" t="135" w="60" /><ent r="4" t="136" w="56" /><ent r="4" t="139" w="49" /><ent r="3" t="142" w="410" /><ent r="4" t="143" w="130" /><ent r="5" t="143" w="245" /><ent r="3" t="152" w="17" /><ent r="3" t="156" w="59" /><ent r="4" t="156" w="127" /><ent r="3" t="156" w="138" /><ent r="4" t="156" w="176" /><ent r="3" t="156" w="190" /><ent r="3" t="156" w="205" /><ent r="4" t="156" w="459" /><ent r="3" t="157" w="21" /><ent r="5" t="157" w="131" /><ent r="3" t="157" w="149" /><ent r="3" t="157" w="166" /><ent r="4" t="157" w="432" /><ent r="3" t="158" w="77" /><ent r="4" t="158" w="93" /><ent r="3" t="158" w="135" /><ent r="3" t="158" w="140" /><ent r="4" t="158" w="166" /><ent r="3" t="158" w="183" /><ent r="3" t="158" w="200" /><ent r="4" t="158" w="429" /><ent r="4" t="159" w="49" /><ent r="3" t="159" w="91" /><ent r="3" t="159" w="96" /><ent r="5" t="159" w="170" /><ent r="3" t="159" w="187" /><ent r="3" t="159" w="204" /><ent r="3" t="160" w="55" /><ent r="6" t="160" w="68" /><ent r="3" t="160" w="86" /><ent r="3" t="160" w="103" /><ent r="3" t="160" w="213" /><ent r="3" t="160" w="250" /><ent r="4" t="161" w="73" /><ent r="3" t="161" w="122" /><ent r="4" t="161" w="242" /><ent r="3" t="161" w="259" /><ent r="3" t="161" w="276" /><ent r="4" t="162" w="62" /><ent r="3" t="162" w="124" /><ent r="3" t="162" w="171" /><ent r="3" t="162" w="188" /><ent r="3" t="162" w="205" /><ent r="3" t="163" w="25" /><ent r="4" t="163" w="53" /><ent r="4" t="163" w="105" /><ent r="3" t="163" w="122" /><ent r="3" t="163" w="139" /><ent r="4" t="164" w="69" /><ent r="3" t="164" w="103" /><ent r="4" t="164" w="201" /><ent r="3" t="164" w="218" /><ent r="3" t="164" w="235" /><ent r="3" t="165" w="46" /><ent r="4" t="165" w="136" /><ent r="3" t="165" w="153" /><ent r="3" t="165" w="170" /><ent r="3" t="166" w="158" /><ent r="4" t="167" w="163" /><ent r="3" t="167" w="195" /><ent r="4" t="167" w="710" /><ent r="4" t="167" w="716" /><ent r="4" t="167" w="808" /><ent r="3" t="170" w="80" /><ent r="3" t="170" w="111" /><ent r="3" t="170" w="307" /><ent r="4" t="172" w="163" /><ent r="4" t="176" w="201" /><ent r="3" t="177" w="55" /><ent r="4" t="179" w="594" /><ent r="3" t="179" w="2090" /><ent r="4" t="179" w="2151" /><ent r="4" t="179" w="2269" /><ent r="4" t="179" w="2306" /><ent r="4" t="180" w="887" /><ent r="3" t="180" w="990" /><ent r="4" t="180" w="1051" /><ent r="4" t="180" w="1183" /><ent r="3" t="180" w="1259" /><ent r="4" t="180" w="1268" /><ent r="3" t="180" w="1323" /><ent r="3" t="180" w="1328" /><ent r="3" t="180" w="1376" /><ent r="4" t="180" w="1385" /><ent r="3" t="180" w="1440" /><ent r="3" t="180" w="1691" /><ent r="4" t="180" w="1761" /><ent r="3" t="180" w="1999" /><ent r="3" t="180" w="2017" /><ent r="3" t="180" w="2084" /><ent r="3" t="180" w="2279" /><ent r="3" t="180" w="2300" /><ent r="4" t="180" w="2389" /><ent r="4" t="180" w="2420" /><ent r="4" t="180" w="2541" /><ent r="3" t="180" w="2659" /><ent r="3" t="180" w="2883" /><ent r="4" t="181" w="532" /><ent r="4" t="181" w="809" /><ent r="4" t="181" w="831" /><ent r="4" t="181" w="1018" /><ent r="4" t="181" w="1067" /><ent r="3" t="181" w="1087" /><ent r="4" t="181" w="1390" /><ent r="4" t="181" w="1464" /><ent r="4" t="182" w="407" /><ent r="4" t="182" w="958" /><ent r="4" t="182" w="994" /><ent r="4" t="182" w="1100" /><ent r="4" t="182" w="1200" /><ent r="4" t="183" w="711" /><ent r="3" t="183" w="725" /><ent r="4" t="183" w="803" /><ent r="4" t="183" w="885" /><ent r="4" t="183" w="898" /><ent r="4" t="184" w="645" /><ent r="4" t="184" w="752" /><ent r="4" t="184" w="1025" /><ent r="4" t="184" w="1052" /><ent r="4" t="184" w="1059" /><ent r="4" t="184" w="1108" /><ent r="4" t="184" w="1132" /><ent r="3" t="184" w="1218" /><ent r="4" t="185" w="455" /><ent r="3" t="186" w="597" /><ent r="4" t="186" w="780" /><ent r="3" t="186" w="795" /><ent r="3" t="186" w="1063" /><ent r="3" t="186" w="1163" /><ent r="4" t="187" w="629" /><ent r="4" t="187" w="718" /><ent r="4" t="188" w="453" /><ent r="3" t="188" w="726" /><ent r="4" t="188" w="1512" /><ent r="4" t="189" w="59" /><ent r="4" t="189" w="102" /><ent r="3" t="192" w="86" /><ent r="3" t="195" w="165" /><ent r="3" t="195" w="172" /><ent r="4" t="195" w="443" /><ent r="4" t="195" w="730" /><ent r="3" t="198" w="175" /><ent r="3" t="198" w="304" /><ent r="3" t="213" w="87" /><ent r="4" t="213" w="177" /><ent r="4" t="213" w="312" /><ent r="4" t="213" w="560" /><ent r="4" t="219" w="46" /><ent r="3" t="219" w="59" /><ent r="4" t="219" w="89" /><ent r="3" t="219" w="134" /><ent r="3" t="219" w="170" /><ent r="4" t="219" w="182" /><ent r="3" t="219" w="195" /><ent r="4" t="219" w="262" /><ent r="3" t="219" w="275" /><ent r="4" t="228" w="86" /><ent r="3" t="229" w="29" /><ent r="3" t="231" w="69" /><ent r="3" t="231" w="115" /><ent r="3" t="231" w="214" /><ent r="3" t="232" w="192" /><ent r="3" t="238" w="261" /><ent r="7" t="240" w="97" /><ent r="7" t="240" w="133" /><ent r="7" t="240" w="210" /><ent r="7" t="241" w="92" /><ent r="7" t="241" w="102" /></phr><phr n="Dialog"><ent r="4" t="81" w="510" /></phr><phr n="dialogs"><ent r="3" t="81" w="523" /><ent r="4" t="122" w="39" /><ent r="4" t="125" w="751" /><ent r="4" t="129" w="54" /></phr></stem><stem n="box"><phr n="box"><ent r="7" t="5" w="276" /><ent r="6" t="7" w="199" /><ent r="6" t="7" w="203" /><ent r="7" t="9" w="70" /><ent r="6" t="11" w="113" /><ent r="6" t="11" w="120" /><ent r="7" t="11" w="209" /><ent r="6" t="11" w="327" /><ent r="4" t="18" w="98" /><ent r="3" t="18" w="244" /><ent r="3" t="19" w="167" /><ent r="4" t="21" w="254" /><ent r="4" t="21" w="275" /><ent r="4" t="24" w="53" /><ent r="3" t="27" w="62" /><ent r="4" t="30" w="46" /><ent r="3" t="31" w="47" /><ent r="4" t="32" w="148" /><ent r="3" t="33" w="75" /><ent r="7" t="39" w="145" /><ent r="7" t="39" w="149" /><ent r="3" t="43" w="84" /><ent r="4" t="47" w="246" /><ent r="4" t="47" w="311" /><ent r="4" t="48" w="116" /><ent r="4" t="48" w="270" /><ent r="4" t="48" w="290" /><ent r="3" t="49" w="164" /><ent r="5" t="49" w="301" /><ent r="6" t="49" w="362" /><ent r="4" t="49" w="639" /><ent r="4" t="49" w="655" /><ent r="4" t="51" w="101" /><ent r="4" t="53" w="184" /><ent r="4" t="57" w="52" /><ent r="4" t="57" w="61" /><ent r="3" t="60" w="46" /><ent r="4" t="61" w="42" /><ent r="4" t="61" w="58" /><ent r="4" t="62" w="40" /><ent r="3" t="62" w="73" /><ent r="4" t="62" w="192" /><ent r="3" t="62" w="209" /><ent r="3" t="62" w="226" /><ent r="4" t="65" w="79" /><ent r="4" t="65" w="93" /><ent r="4" t="65" w="109" /><ent r="3" t="65" w="147" /><ent r="4" t="65" w="152" /><ent r="4" t="65" w="160" /><ent r="4" t="65" w="230" /><ent r="4" t="65" w="272" /><ent r="3" t="67" w="131" /><ent r="4" t="67" w="136" /><ent r="4" t="67" w="144" /><ent r="4" t="67" w="155" /><ent r="4" t="67" w="177" /><ent r="4" t="67" w="224" /><ent r="4" t="67" w="237" /><ent r="4" t="67" w="270" /><ent r="4" t="70" w="83" /><ent r="4" t="70" w="110" /><ent r="4" t="70" w="139" /><ent r="4" t="70" w="203" /><ent r="4" t="71" w="76" /><ent r="4" t="72" w="107" /><ent r="3" t="74" w="88" /><ent r="4" t="78" w="99" /><ent r="4" t="79" w="67" /><ent r="4" t="79" w="81" /><ent r="4" t="80" w="138" /><ent r="4" t="80" w="186" /><ent r="4" t="80" w="234" /><ent r="4" t="81" w="50" /><ent r="4" t="81" w="315" /><ent r="4" t="83" w="238" /><ent r="4" t="92" w="118" /><ent r="4" t="92" w="165" /><ent r="4" t="93" w="138" /><ent r="4" t="95" w="121" /><ent r="4" t="95" w="242" /><ent r="4" t="96" w="113" /><ent r="4" t="96" w="123" /><ent r="3" t="96" w="148" /><ent r="3" t="96" w="210" /><ent r="4" t="96" w="236" /><ent r="3" t="96" w="253" /><ent r="3" t="96" w="276" /><ent r="3" t="96" w="319" /><ent r="4" t="97" w="76" /><ent r="3" t="99" w="52" /><ent r="4" t="100" w="170" /><ent r="4" t="101" w="174" /><ent r="3" t="104" w="50" /><ent r="3" t="104" w="64" /><ent r="3" t="104" w="73" /><ent r="3" t="108" w="174" /><ent r="3" t="108" w="367" /><ent r="3" t="108" w="404" /><ent r="4" t="108" w="494" /><ent r="4" t="108" w="506" /><ent r="4" t="109" w="410" /><ent r="3" t="110" w="312" /><ent r="7" t="116" w="46" /><ent r="4" t="118" w="106" /><ent r="4" t="120" w="73" /><ent r="3" t="124" w="33" /><ent r="3" t="125" w="260" /><ent r="3" t="125" w="267" /><ent r="3" t="125" w="689" /><ent r="3" t="126" w="86" /><ent r="3" t="126" w="191" /><ent r="4" t="126" w="350" /><ent r="4" t="126" w="409" /><ent r="4" t="127" w="43" /><ent r="4" t="133" w="55" /><ent r="4" t="135" w="61" /><ent r="4" t="136" w="57" /><ent r="4" t="139" w="50" /><ent r="3" t="142" w="411" /><ent r="4" t="143" w="131" /><ent r="3" t="144" w="211" /><ent r="3" t="144" w="314" /><ent r="3" t="144" w="518" /><ent r="3" t="144" w="682" /><ent r="3" t="155" w="252" /><ent r="3" t="156" w="60" /><ent r="4" t="156" w="128" /><ent r="3" t="156" w="139" /><ent r="4" t="156" w="177" /><ent r="3" t="156" w="191" /><ent r="3" t="156" w="206" /><ent r="4" t="156" w="417" /><ent r="4" t="156" w="460" /><ent r="3" t="156" w="708" /><ent r="5" t="157" w="132" /><ent r="3" t="157" w="150" /><ent r="3" t="157" w="167" /><ent r="4" t="157" w="393" /><ent r="4" t="157" w="433" /><ent r="3" t="157" w="681" /><ent r="3" t="158" w="78" /><ent r="4" t="158" w="94" /><ent r="3" t="158" w="136" /><ent r="3" t="158" w="141" /><ent r="4" t="158" w="167" /><ent r="3" t="158" w="184" /><ent r="3" t="158" w="201" /><ent r="4" t="158" w="390" /><ent r="4" t="158" w="430" /><ent r="3" t="158" w="678" /><ent r="4" t="159" w="50" /><ent r="3" t="159" w="92" /><ent r="3" t="159" w="97" /><ent r="5" t="159" w="171" /><ent r="3" t="159" w="188" /><ent r="3" t="159" w="205" /><ent r="3" t="160" w="56" /><ent r="6" t="160" w="69" /><ent r="3" t="160" w="87" /><ent r="3" t="160" w="104" /><ent r="3" t="160" w="214" /><ent r="3" t="160" w="251" /><ent r="4" t="161" w="74" /><ent r="3" t="161" w="123" /><ent r="3" t="161" w="177" /><ent r="4" t="161" w="243" /><ent r="3" t="161" w="260" /><ent r="3" t="161" w="277" /><ent r="4" t="162" w="63" /><ent r="3" t="162" w="125" /><ent r="3" t="162" w="172" /><ent r="3" t="162" w="189" /><ent r="3" t="162" w="206" /><ent r="4" t="163" w="54" /><ent r="4" t="163" w="85" /><ent r="4" t="163" w="106" /><ent r="3" t="163" w="123" /><ent r="3" t="163" w="140" /><ent r="3" t="163" w="277" /><ent r="4" t="164" w="70" /><ent r="3" t="164" w="104" /><ent r="4" t="164" w="202" /><ent r="3" t="164" w="219" /><ent r="3" t="164" w="236" /><ent r="4" t="165" w="137" /><ent r="3" t="165" w="154" /><ent r="3" t="165" w="171" /><ent r="4" t="167" w="164" /><ent r="4" t="167" w="711" /><ent r="4" t="167" w="717" /><ent r="4" t="167" w="809" /><ent r="3" t="170" w="81" /><ent r="3" t="170" w="102" /><ent r="3" t="170" w="112" /><ent r="4" t="170" w="227" /><ent r="3" t="170" w="308" /><ent r="4" t="172" w="164" /><ent r="4" t="172" w="216" /><ent r="4" t="173" w="236" /><ent r="4" t="175" w="162" /><ent r="4" t="175" w="224" /><ent r="4" t="175" w="233" /><ent r="3" t="177" w="56" /><ent r="4" t="179" w="595" /><ent r="4" t="179" w="2152" /><ent r="4" t="179" w="2182" /><ent r="4" t="179" w="2270" /><ent r="4" t="179" w="2307" /><ent r="4" t="180" w="888" /><ent r="3" t="180" w="991" /><ent r="4" t="180" w="1052" /><ent r="3" t="180" w="1260" /><ent r="4" t="180" w="1269" /><ent r="3" t="180" w="1324" /><ent r="3" t="180" w="1329" /><ent r="3" t="180" w="1377" /><ent r="4" t="180" w="1386" /><ent r="4" t="180" w="1402" /><ent r="3" t="180" w="1417" /><ent r="3" t="180" w="1441" /><ent r="4" t="180" w="1464" /><ent r="4" t="180" w="1627" /><ent r="3" t="180" w="1692" /><ent r="4" t="180" w="1762" /><ent r="3" t="180" w="2000" /><ent r="3" t="180" w="2280" /><ent r="3" t="180" w="2301" /><ent r="4" t="180" w="2390" /><ent r="4" t="180" w="2421" /><ent r="4" t="180" w="2427" /><ent r="4" t="180" w="2438" /><ent r="3" t="180" w="2495" /><ent r="3" t="180" w="2505" /><ent r="4" t="180" w="2542" /><ent r="4" t="180" w="2817" /><ent r="3" t="180" w="2874" /><ent r="3" t="180" w="2884" /><ent r="3" t="180" w="2897" /><ent r="3" t="180" w="2905" /><ent r="3" t="180" w="3081" /><ent r="4" t="180" w="3131" /><ent r="4" t="181" w="533" /><ent r="4" t="181" w="565" /><ent r="4" t="181" w="588" /><ent r="4" t="181" w="832" /><ent r="4" t="181" w="1019" /><ent r="4" t="181" w="1068" /><ent r="3" t="181" w="1088" /><ent r="4" t="181" w="1244" /><ent r="4" t="181" w="1391" /><ent r="4" t="181" w="1465" /><ent r="4" t="182" w="408" /><ent r="4" t="182" w="663" /><ent r="4" t="182" w="959" /><ent r="4" t="182" w="995" /><ent r="4" t="182" w="1101" /><ent r="4" t="182" w="1201" /><ent r="4" t="182" w="1246" /><ent r="4" t="183" w="712" /><ent r="3" t="183" w="726" /><ent r="4" t="183" w="804" /><ent r="4" t="183" w="845" /><ent r="4" t="183" w="899" /><ent r="4" t="183" w="982" /><ent r="4" t="184" w="646" /><ent r="4" t="184" w="753" /><ent r="4" t="184" w="1026" /><ent r="4" t="184" w="1053" /><ent r="4" t="184" w="1060" /><ent r="4" t="184" w="1067" /><ent r="4" t="184" w="1109" /><ent r="4" t="184" w="1133" /><ent r="4" t="185" w="456" /><ent r="3" t="186" w="598" /><ent r="4" t="186" w="633" /><ent r="4" t="186" w="770" /><ent r="3" t="186" w="1064" /><ent r="3" t="186" w="1164" /><ent r="4" t="187" w="630" /><ent r="4" t="187" w="719" /><ent r="3" t="187" w="1427" /><ent r="3" t="187" w="1580" /><ent r="3" t="187" w="1605" /><ent r="3" t="187" w="1627" /><ent r="3" t="187" w="1648" /><ent r="3" t="187" w="1668" /><ent r="4" t="188" w="454" /><ent r="3" t="188" w="727" /><ent r="4" t="189" w="60" /><ent r="4" t="189" w="103" /><ent r="4" t="189" w="108" /><ent r="3" t="190" w="23" /><ent r="7" t="190" w="181" /><ent r="3" t="195" w="166" /><ent r="3" t="195" w="173" /><ent r="3" t="195" w="304" /><ent r="4" t="195" w="444" /><ent r="4" t="195" w="570" /><ent r="3" t="198" w="176" /><ent r="3" t="198" w="305" /><ent r="4" t="198" w="317" /><ent r="4" t="198" w="355" /><ent r="3" t="209" w="122" /><ent r="3" t="213" w="88" /><ent r="4" t="213" w="178" /><ent r="4" t="213" w="518" /><ent r="4" t="213" w="561" /><ent r="3" t="213" w="813" /><ent r="3" t="214" w="28" /><ent r="4" t="219" w="47" /><ent r="3" t="219" w="60" /><ent r="4" t="219" w="90" /><ent r="3" t="219" w="135" /><ent r="3" t="219" w="171" /><ent r="4" t="219" w="183" /><ent r="3" t="219" w="196" /><ent r="4" t="219" w="263" /><ent r="3" t="219" w="276" /><ent r="6" t="230" w="112" /><ent r="6" t="230" w="124" /><ent r="6" t="230" w="222" /><ent r="6" t="230" w="470" /><ent r="6" t="230" w="597" /><ent r="3" t="231" w="116" /><ent r="4" t="231" w="159" /><ent r="3" t="231" w="215" /><ent r="3" t="231" w="306" /><ent r="4" t="232" w="126" /><ent r="3" t="232" w="193" /><ent r="4" t="232" w="202" /><ent r="3" t="234" w="22" /><ent r="3" t="235" w="22" /><ent r="7" t="240" w="98" /><ent r="7" t="240" w="134" /><ent r="7" t="240" w="211" /><ent r="7" t="241" w="103" /></phr><phr n="Boxes"><ent r="64" t="11" w="86" /><ent r="68" t="11" w="215" /><ent r="68" t="11" w="230" /><ent r="68" t="11" w="241" /><ent r="68" t="11" w="252" /><ent r="68" t="11" w="262" /><ent r="68" t="11" w="277" /><ent r="64" t="63" w="102" /><ent r="64" t="65" w="300" /><ent r="1000" t="67" w="5" /><ent r="102" t="67" w="15" /><ent r="100" t="67" w="19" /><ent r="100" t="68" w="21" /><ent r="68" t="190" w="188" /></phr><phr n="boxes"><ent r="4" t="65" w="97" /><ent r="100" t="67" w="8" /><ent r="3" t="67" w="26" /><ent r="3" t="68" w="40" /><ent r="3" t="77" w="128" /><ent r="3" t="143" w="87" /><ent r="3" t="143" w="103" /><ent r="5" t="143" w="246" /><ent r="3" t="144" w="572" /><ent r="3" t="144" w="588" /><ent r="3" t="163" w="284" /><ent r="3" t="163" w="305" /><ent r="7" t="199" w="497" /><ent r="3" t="214" w="57" /><ent r="3" t="214" w="77" /><ent r="3" t="229" w="30" /><ent r="6" t="243" w="260" /></phr><phr n="Box"><ent r="3" t="67" w="69" /><ent r="3" t="108" w="373" /><ent r="4" t="108" w="392" /><ent r="3" t="144" w="201" /><ent r="3" t="144" w="304" /><ent r="3" t="144" w="508" /><ent r="3" t="144" w="672" /><ent r="4" t="180" w="2858" /><ent r="3" t="186" w="587" /><ent r="4" t="186" w="1149" /><ent r="6" t="230" w="102" /><ent r="6" t="230" w="152" /><ent r="6" t="230" w="166" /><ent r="6" t="230" w="202" /><ent r="6" t="230" w="244" /><ent r="6" t="230" w="272" /><ent r="6" t="230" w="306" /><ent r="6" t="230" w="374" /><ent r="6" t="230" w="416" /><ent r="6" t="230" w="455" /><ent r="6" t="230" w="490" /><ent r="6" t="230" w="536" /><ent r="6" t="230" w="575" /><ent r="6" t="230" w="600" /></phr></stem></index>