﻿<?xml version="1.0" encoding="utf-8"?><index PreMerged="False"><stem n="algorithm"><phr n="algorithms"><ent r="1" t="0" w="63" /><ent r="1" t="0" w="81" /><ent r="1" t="85" w="28" /><ent r="1" t="103" w="93" /><ent r="1" t="105" w="28" /><ent r="1" t="145" w="178" /><ent r="1" t="148" w="28" /><ent r="1" t="159" w="58" /><ent r="1" t="159" w="85" /><ent r="1" t="159" w="217" /><ent r="1" t="159" w="282" /><ent r="1" t="159" w="955" /><ent r="1" t="159" w="1025" /><ent r="1" t="160" w="82" /><ent r="1" t="160" w="791" /><ent r="1" t="160" w="860" /><ent r="1" t="180" w="225" /><ent r="1" t="180" w="441" /></phr><phr n="Algorithms"><ent r="51" t="4" w="253" /><ent r="1000" t="16" w="2" /><ent r="100" t="16" w="6" /><ent r="1" t="16" w="11" /><ent r="51" t="143" w="144" /><ent r="51" t="144" w="65" /><ent r="51" t="146" w="122" /><ent r="1" t="146" w="130" /><ent r="51" t="153" w="456" /><ent r="1" t="153" w="1738" /><ent r="51" t="153" w="1756" /><ent r="51" t="153" w="1763" /><ent r="51" t="154" w="181" /><ent r="51" t="154" w="980" /><ent r="1" t="154" w="986" /><ent r="51" t="154" w="996" /><ent r="51" t="155" w="140" /><ent r="1" t="155" w="337" /><ent r="1" t="155" w="344" /><ent r="90" t="159" w="1334" /><ent r="90" t="160" w="946" /></phr><phr n="algorithm"><ent r="1" t="22" w="362" /><ent r="1" t="27" w="14" /><ent r="51" t="27" w="65" /><ent r="1" t="51" w="31" /><ent r="1" t="51" w="55" /><ent r="1" t="51" w="68" /><ent r="1" t="51" w="89" /><ent r="1" t="69" w="54" /><ent r="1" t="70" w="183" /><ent r="1" t="93" w="105" /><ent r="51" t="103" w="358" /><ent r="1" t="141" w="31" /><ent r="1" t="143" w="779" /><ent r="1" t="146" w="71" /><ent r="1" t="149" w="259" /><ent r="1" t="149" w="285" /><ent r="1" t="149" w="307" /><ent r="1" t="149" w="316" /><ent r="1" t="149" w="330" /><ent r="51" t="150" w="15" /><ent r="1" t="152" w="179" /><ent r="1" t="153" w="49" /><ent r="1" t="153" w="1949" /><ent r="1" t="153" w="2020" /><ent r="1" t="153" w="2912" /><ent r="1" t="154" w="1019" /><ent r="1" t="154" w="1430" /><ent r="1" t="154" w="1550" /><ent r="1" t="155" w="442" /><ent r="1" t="155" w="1096" /><ent r="1" t="155" w="1109" /><ent r="1" t="155" w="1135" /><ent r="1" t="155" w="1159" /><ent r="1" t="155" w="1182" /><ent r="1" t="159" w="238" /><ent r="1" t="159" w="983" /><ent r="1" t="160" w="819" /><ent r="1" t="180" w="559" /><ent r="1" t="194" w="18" /><ent r="1" t="194" w="312" /></phr><phr n="Algorithm"><ent r="51" t="103" w="355" /><ent r="1" t="146" w="206" /><ent r="1" t="155" w="521" /></phr></stem><stem n="provid"><phr n="provides"><ent r="1" t="0" w="70" /><ent r="1" t="0" w="84" /><ent r="1" t="1" w="30" /><ent r="1" t="1" w="81" /><ent r="1" t="1" w="221" /><ent r="1" t="2" w="8" /><ent r="1" t="4" w="34" /><ent r="1" t="15" w="10" /><ent r="1" t="16" w="13" /><ent r="1" t="17" w="10" /><ent r="1" t="31" w="46" /><ent r="1" t="31" w="125" /><ent r="51" t="47" w="44" /><ent r="1" t="63" w="69" /><ent r="1" t="64" w="22" /><ent r="1" t="64" w="355" /><ent r="1" t="68" w="79" /><ent r="1" t="77" w="16" /><ent r="1" t="86" w="18" /><ent r="1" t="87" w="16" /><ent r="1" t="94" w="170" /><ent r="1" t="94" w="201" /><ent r="1" t="94" w="349" /><ent r="1" t="120" w="6" /><ent r="1" t="121" w="113" /><ent r="1" t="121" w="185" /><ent r="1" t="131" w="6" /><ent r="1" t="132" w="173" /><ent r="1" t="132" w="189" /><ent r="1" t="132" w="209" /><ent r="1" t="132" w="241" /><ent r="51" t="141" w="231" /><ent r="1" t="142" w="154" /><ent r="1" t="143" w="198" /><ent r="1" t="143" w="600" /><ent r="1" t="155" w="502" /><ent r="51" t="158" w="155" /><ent r="1" t="159" w="111" /><ent r="1" t="160" w="130" /><ent r="1" t="168" w="8" /><ent r="1" t="171" w="50" /><ent r="1" t="180" w="12" /><ent r="1" t="180" w="32" /><ent r="1" t="180" w="52" /><ent r="1" t="181" w="10" /><ent r="1" t="184" w="95" /><ent r="1" t="190" w="11" /><ent r="1" t="191" w="12" /></phr><phr n="provide"><ent r="1" t="1" w="131" /><ent r="1" t="1" w="150" /><ent r="1" t="1" w="195" /><ent r="1" t="1" w="211" /><ent r="1" t="1" w="512" /><ent r="1" t="4" w="7" /><ent r="1" t="4" w="23" /><ent r="1" t="103" w="311" /><ent r="51" t="103" w="457" /><ent r="1" t="142" w="12" /><ent r="1" t="143" w="291" /><ent r="1" t="146" w="186" /><ent r="1" t="151" w="21" /><ent r="51" t="185" w="317" /></phr><phr n="provided"><ent r="1" t="143" w="787" /><ent r="1" t="145" w="152" /><ent r="1" t="145" w="222" /><ent r="1" t="146" w="235" /></phr></stem><stem n="core"><phr n="core"><ent r="1" t="0" w="74" /><ent r="1" t="145" w="226" /><ent r="1" t="151" w="30" /><ent r="1" t="151" w="108" /><ent r="1" t="151" w="145" /><ent r="1" t="151" w="150" /><ent r="1" t="151" w="232" /><ent r="1" t="151" w="239" /><ent r="1" t="152" w="2347" /><ent r="1" t="153" w="2936" /><ent r="1" t="154" w="1557" /><ent r="1" t="157" w="1283" /></phr><phr n="Core"><ent r="1" t="151" w="9" /></phr></stem><stem n="applic"><phr n="application"><ent r="1" t="0" w="75" /><ent r="1" t="1" w="21" /><ent r="1" t="1" w="363" /><ent r="1" t="1" w="377" /><ent r="1" t="1" w="524" /><ent r="1" t="19" w="23" /><ent r="1" t="21" w="29" /><ent r="1" t="44" w="48" /><ent r="51" t="95" w="34" /><ent r="1" t="103" w="49" /><ent r="1" t="103" w="106" /><ent r="1" t="153" w="1645" /><ent r="1" t="161" w="10" /><ent r="1" t="180" w="324" /><ent r="1" t="194" w="130" /><ent r="51" t="197" w="69" /><ent r="51" t="197" w="101" /><ent r="51" t="197" w="187" /></phr><phr n="Application"><ent r="51" t="0" w="106" /><ent r="1000" t="1" w="5" /><ent r="100" t="1" w="13" /><ent r="1" t="1" w="24" /><ent r="1" t="1" w="159" /><ent r="1" t="2" w="61" /><ent r="1" t="4" w="181" /><ent r="1" t="18" w="20" /><ent r="1" t="33" w="98" /><ent r="1" t="37" w="25" /><ent r="1" t="38" w="33" /><ent r="1" t="39" w="29" /><ent r="1" t="40" w="41" /><ent r="1" t="41" w="35" /><ent r="1" t="42" w="71" /><ent r="1" t="43" w="119" /><ent r="1" t="44" w="101" /><ent r="1" t="46" w="39" /><ent r="1" t="61" w="50" /><ent r="1" t="64" w="40" /><ent r="1" t="65" w="28" /><ent r="1" t="66" w="35" /><ent r="1" t="67" w="58" /><ent r="1" t="67" w="134" /><ent r="1" t="68" w="31" /><ent r="1" t="74" w="55" /><ent r="1" t="85" w="156" /><ent r="1" t="86" w="89" /><ent r="1" t="87" w="146" /><ent r="1" t="89" w="124" /><ent r="1" t="90" w="42" /><ent r="1" t="90" w="65" /><ent r="1" t="91" w="80" /><ent r="1" t="91" w="208" /><ent r="1" t="91" w="224" /><ent r="1" t="92" w="81" /><ent r="1" t="93" w="246" /><ent r="1" t="93" w="492" /><ent r="1" t="94" w="53" /><ent r="1" t="96" w="13" /><ent r="1" t="97" w="30" /><ent r="1" t="98" w="41" /><ent r="1" t="98" w="67" /><ent r="1" t="98" w="117" /><ent r="1" t="101" w="30" /><ent r="1" t="101" w="84" /><ent r="1" t="102" w="27" /><ent r="1" t="102" w="124" /><ent r="1" t="102" w="346" /><ent r="1" t="102" w="613" /><ent r="1" t="103" w="686" /><ent r="1" t="108" w="34" /><ent r="1" t="119" w="118" /><ent r="1" t="120" w="113" /><ent r="1" t="121" w="34" /><ent r="1" t="123" w="71" /><ent r="1" t="124" w="71" /><ent r="1" t="125" w="85" /><ent r="1" t="126" w="83" /><ent r="1" t="127" w="75" /><ent r="1" t="128" w="71" /><ent r="1" t="129" w="72" /><ent r="1" t="130" w="76" /><ent r="1" t="131" w="64" /><ent r="1" t="131" w="175" /><ent r="1" t="133" w="228" /><ent r="1" t="143" w="957" /><ent r="1" t="152" w="380" /><ent r="1" t="153" w="524" /><ent r="1" t="154" w="249" /><ent r="1" t="155" w="208" /><ent r="1" t="155" w="754" /><ent r="1" t="156" w="492" /><ent r="1" t="157" w="471" /><ent r="1" t="158" w="366" /><ent r="1" t="159" w="380" /><ent r="51" t="160" w="178" /><ent r="1" t="160" w="277" /><ent r="1" t="160" w="1594" /><ent r="1" t="184" w="61" /></phr><phr n="applicable"><ent r="51" t="5" w="17" /><ent r="1" t="198" w="40" /><ent r="1" t="198" w="46" /></phr><phr n="applications"><ent r="1" t="156" w="102" /><ent r="1" t="157" w="86" /></phr></stem><stem n="suit"><phr n="suite"><ent r="1" t="0" w="76" /></phr><phr n="Suite"><ent r="51" t="18" w="182" /><ent r="51" t="20" w="450" /><ent r="51" t="22" w="466" /><ent r="1000" t="23" w="3" /><ent r="100" t="23" w="10" /><ent r="1" t="23" w="81" /><ent r="1" t="23" w="110" /></phr></stem><stem n="access"><phr n="access"><ent r="1" t="0" w="85" /><ent r="1" t="1" w="31" /><ent r="1" t="1" w="82" /><ent r="1" t="1" w="196" /><ent r="1" t="1" w="212" /><ent r="1" t="1" w="254" /><ent r="1" t="4" w="8" /><ent r="1" t="4" w="24" /><ent r="51" t="14" w="27" /><ent r="1" t="15" w="11" /><ent r="1" t="16" w="14" /><ent r="1" t="17" w="11" /><ent r="1" t="47" w="35" /><ent r="1" t="57" w="47" /><ent r="1" t="63" w="70" /><ent r="1" t="64" w="23" /><ent r="1" t="77" w="35" /><ent r="51" t="78" w="12" /><ent r="1" t="94" w="171" /><ent r="1" t="102" w="185" /><ent r="51" t="103" w="439" /><ent r="1" t="120" w="104" /><ent r="1" t="135" w="10" /><ent r="1" t="144" w="54" /><ent r="1" t="149" w="168" /><ent r="1" t="151" w="251" /><ent r="1" t="152" w="320" /><ent r="1" t="152" w="441" /><ent r="1" t="153" w="464" /><ent r="1" t="153" w="585" /><ent r="1" t="153" w="2431" /><ent r="1" t="154" w="189" /><ent r="1" t="154" w="310" /><ent r="1" t="155" w="148" /><ent r="1" t="155" w="269" /><ent r="1" t="156" w="432" /><ent r="1" t="156" w="553" /><ent r="1" t="157" w="411" /><ent r="1" t="157" w="532" /><ent r="1" t="158" w="306" /><ent r="1" t="158" w="427" /><ent r="1" t="159" w="320" /><ent r="1" t="159" w="441" /><ent r="1" t="160" w="217" /><ent r="1" t="160" w="338" /><ent r="1" t="180" w="233" /><ent r="1" t="180" w="258" /><ent r="1" t="180" w="273" /><ent r="1" t="180" w="488" /><ent r="51" t="185" w="318" /><ent r="1" t="190" w="12" /></phr><phr n="accessed"><ent r="1" t="4" w="90" /><ent r="1" t="33" w="57" /><ent r="1" t="152" w="991" /></phr><phr n="Accesses"><ent r="1" t="57" w="230" /></phr><phr n="accessible"><ent r="51" t="158" w="261" /></phr><phr n="Access"><ent r="1" t="161" w="34" /></phr></stem><stem n="number"><phr n="number"><ent r="1" t="0" w="88" /><ent r="1" t="2" w="10" /><ent r="1" t="2" w="180" /><ent r="51" t="2" w="292" /><ent r="51" t="2" w="338" /><ent r="51" t="2" w="358" /><ent r="51" t="2" w="371" /><ent r="51" t="2" w="384" /><ent r="51" t="7" w="197" /><ent r="51" t="14" w="103" /><ent r="1" t="14" w="277" /><ent r="1" t="14" w="294" /><ent r="1" t="14" w="301" /><ent r="1" t="14" w="467" /><ent r="51" t="39" w="131" /><ent r="1" t="43" w="220" /><ent r="51" t="52" w="137" /><ent r="1" t="68" w="249" /><ent r="1" t="68" w="262" /><ent r="1" t="68" w="276" /><ent r="1" t="68" w="286" /><ent r="1" t="68" w="291" /><ent r="1" t="68" w="306" /><ent r="1" t="70" w="238" /><ent r="1" t="74" w="12" /><ent r="1" t="74" w="26" /><ent r="1" t="81" w="107" /><ent r="1" t="92" w="198" /><ent r="1" t="92" w="440" /><ent r="51" t="95" w="268" /><ent r="51" t="95" w="302" /><ent r="1" t="103" w="154" /><ent r="1" t="103" w="167" /><ent r="1" t="103" w="511" /><ent r="1" t="103" w="844" /><ent r="1" t="125" w="154" /><ent r="1" t="125" w="167" /><ent r="1" t="128" w="432" /><ent r="1" t="128" w="849" /><ent r="1" t="130" w="129" /><ent r="1" t="130" w="142" /><ent r="1" t="131" w="279" /><ent r="1" t="132" w="196" /><ent r="1" t="135" w="150" /><ent r="1" t="136" w="559" /><ent r="1" t="140" w="105" /><ent r="1" t="140" w="118" /><ent r="1" t="141" w="698" /><ent r="1" t="142" w="101" /><ent r="1" t="143" w="461" /><ent r="1" t="143" w="467" /><ent r="1" t="143" w="524" /><ent r="1" t="143" w="529" /><ent r="1" t="143" w="540" /><ent r="1" t="143" w="623" /><ent r="1" t="143" w="758" /><ent r="1" t="143" w="967" /><ent r="1" t="143" w="1008" /><ent r="1" t="143" w="1039" /><ent r="1" t="144" w="129" /><ent r="1" t="144" w="178" /><ent r="1" t="152" w="128" /><ent r="1" t="152" w="150" /><ent r="51" t="152" w="1064" /><ent r="1" t="153" w="1319" /><ent r="1" t="153" w="1327" /><ent r="1" t="153" w="1341" /><ent r="1" t="154" w="1122" /><ent r="1" t="154" w="1149" /><ent r="1" t="159" w="65" /><ent r="1" t="159" w="252" /><ent r="1" t="159" w="280" /><ent r="1" t="159" w="291" /><ent r="51" t="159" w="943" /><ent r="1" t="159" w="1470" /><ent r="1" t="159" w="1482" /><ent r="1" t="159" w="1496" /><ent r="1" t="159" w="1498" /><ent r="1" t="159" w="1513" /><ent r="1" t="159" w="1553" /><ent r="1" t="159" w="1567" /><ent r="1" t="159" w="1578" /><ent r="1" t="160" w="778" /><ent r="1" t="160" w="1290" /><ent r="1" t="160" w="1292" /><ent r="1" t="160" w="1309" /><ent r="1" t="160" w="1349" /><ent r="51" t="162" w="77" /><ent r="1" t="163" w="63" /><ent r="1" t="163" w="75" /><ent r="1" t="163" w="90" /><ent r="1" t="163" w="106" /><ent r="51" t="169" w="127" /><ent r="51" t="169" w="529" /><ent r="1" t="170" w="121" /><ent r="1" t="171" w="77" /><ent r="1" t="171" w="86" /><ent r="1" t="180" w="39" /><ent r="1" t="191" w="103" /><ent r="1" t="191" w="130" /><ent r="1" t="195" w="111" /><ent r="51" t="198" w="173" /><ent r="51" t="198" w="211" /></phr><phr n="Number"><ent r="51" t="2" w="176" /><ent r="51" t="2" w="279" /><ent r="51" t="2" w="327" /><ent r="51" t="2" w="347" /><ent r="51" t="2" w="360" /><ent r="51" t="2" w="373" /><ent r="80" t="103" w="836" /><ent r="1" t="119" w="553" /><ent r="1" t="119" w="556" /><ent r="51" t="143" w="453" /><ent r="51" t="143" w="983" /><ent r="51" t="154" w="1115" /><ent r="51" t="154" w="1327" /><ent r="51" t="154" w="1349" /><ent r="90" t="159" w="1449" /><ent r="90" t="160" w="1280" /><ent r="51" t="169" w="90" /><ent r="51" t="169" w="103" /><ent r="51" t="169" w="114" /></phr><phr n="numbers"><ent r="51" t="14" w="482" /><ent r="1" t="61" w="200" /><ent r="1" t="77" w="305" /><ent r="1" t="92" w="425" /><ent r="1" t="128" w="457" /><ent r="1" t="128" w="484" /><ent r="1" t="128" w="874" /><ent r="1" t="128" w="885" /><ent r="1" t="129" w="383" /><ent r="1" t="136" w="232" /><ent r="1" t="136" w="249" /><ent r="1" t="141" w="371" /><ent r="1" t="141" w="388" /><ent r="1" t="144" w="146" /><ent r="1" t="159" w="1355" /><ent r="1" t="160" w="89" /><ent r="1" t="160" w="1409" /><ent r="51" t="169" w="480" /><ent r="1" t="193" w="17" /></phr><phr n="numbered"><ent r="1" t="103" w="861" /><ent r="1" t="103" w="871" /><ent r="1" t="143" w="494" /><ent r="1" t="143" w="499" /><ent r="1" t="143" w="514" /><ent r="1" t="159" w="1587" /></phr><phr n="Numbers"><ent r="51" t="199" w="40" /><ent r="51" t="199" w="53" /><ent r="51" t="199" w="65" /><ent r="51" t="199" w="78" /><ent r="51" t="199" w="90" /><ent r="51" t="199" w="103" /><ent r="51" t="199" w="115" /><ent r="51" t="199" w="128" /><ent r="51" t="199" w="140" /><ent r="51" t="199" w="152" /><ent r="51" t="199" w="284" /><ent r="51" t="199" w="303" /><ent r="51" t="199" w="321" /><ent r="51" t="199" w="340" /><ent r="51" t="199" w="358" /><ent r="51" t="199" w="377" /><ent r="51" t="199" w="395" /><ent r="51" t="199" w="414" /><ent r="51" t="199" w="432" /><ent r="51" t="199" w="450" /></phr></stem><stem n="plug"><phr n="plug"><ent r="1" t="0" w="90" /><ent r="1" t="1" w="37" /><ent r="1" t="1" w="144" /><ent r="1" t="1" w="567" /><ent r="1" t="1" w="571" /><ent r="51" t="6" w="141" /><ent r="1" t="17" w="14" /><ent r="1" t="17" w="29" /><ent r="1" t="17" w="41" /><ent r="1" t="20" w="433" /><ent r="1" t="23" w="26" /><ent r="1" t="64" w="361" /><ent r="1" t="64" w="381" /><ent r="1" t="64" w="393" /><ent r="1" t="85" w="31" /><ent r="1" t="86" w="47" /><ent r="1" t="87" w="19" /><ent r="1" t="87" w="31" /><ent r="1" t="87" w="49" /><ent r="1" t="87" w="75" /><ent r="1" t="87" w="90" /><ent r="1" t="87" w="96" /><ent r="1" t="87" w="165" /><ent r="1" t="87" w="188" /><ent r="1" t="87" w="206" /><ent r="1" t="93" w="43" /><ent r="1" t="93" w="323" /><ent r="1" t="93" w="344" /><ent r="1" t="93" w="354" /><ent r="1" t="93" w="360" /><ent r="1" t="93" w="370" /><ent r="1" t="93" w="390" /><ent r="1" t="93" w="404" /><ent r="1" t="93" w="418" /><ent r="1" t="93" w="425" /><ent r="1" t="103" w="97" /><ent r="1" t="103" w="251" /><ent r="1" t="103" w="287" /><ent r="1" t="103" w="294" /><ent r="51" t="103" w="359" /><ent r="51" t="103" w="374" /><ent r="51" t="103" w="390" /><ent r="51" t="103" w="409" /><ent r="51" t="103" w="432" /><ent r="51" t="103" w="455" /><ent r="51" t="103" w="474" /><ent r="1" t="104" w="99" /><ent r="1" t="105" w="32" /><ent r="1" t="105" w="99" /><ent r="1" t="120" w="20" /><ent r="1" t="120" w="40" /><ent r="1" t="131" w="19" /><ent r="1" t="131" w="30" /><ent r="1" t="142" w="17" /><ent r="1" t="142" w="36" /><ent r="1" t="142" w="62" /><ent r="1" t="142" w="87" /><ent r="1" t="142" w="96" /><ent r="1" t="142" w="107" /><ent r="1" t="142" w="118" /><ent r="1" t="142" w="127" /><ent r="1" t="142" w="137" /><ent r="1" t="142" w="159" /><ent r="1" t="142" w="171" /><ent r="1" t="144" w="10" /><ent r="1" t="144" w="58" /><ent r="1" t="145" w="98" /><ent r="1" t="150" w="84" /><ent r="1" t="151" w="117" /><ent r="1" t="151" w="125" /><ent r="1" t="151" w="135" /><ent r="1" t="151" w="222" /><ent r="1" t="159" w="187" /><ent r="1" t="159" w="617" /><ent r="1" t="159" w="1134" /><ent r="1" t="159" w="1503" /><ent r="1" t="160" w="588" /><ent r="1" t="160" w="1295" /><ent r="1" t="180" w="252" /></phr><phr n="Plug"><ent r="90" t="1" w="559" /><ent r="51" t="6" w="58" /><ent r="51" t="6" w="63" /><ent r="1" t="64" w="87" /><ent r="90" t="64" w="347" /><ent r="1" t="64" w="352" /><ent r="51" t="72" w="38" /><ent r="1000" t="87" w="2" /><ent r="100" t="87" w="7" /><ent r="1" t="87" w="13" /><ent r="1" t="87" w="115" /><ent r="51" t="87" w="152" /><ent r="1" t="87" w="176" /><ent r="1" t="87" w="224" /><ent r="1" t="93" w="318" /><ent r="1" t="93" w="338" /><ent r="51" t="95" w="209" /><ent r="51" t="95" w="220" /><ent r="51" t="96" w="68" /><ent r="1" t="100" w="15" /><ent r="1" t="103" w="71" /><ent r="51" t="103" w="75" /><ent r="1" t="103" w="78" /><ent r="1" t="103" w="99" /><ent r="1" t="103" w="243" /><ent r="51" t="103" w="346" /><ent r="51" t="103" w="352" /><ent r="51" t="103" w="367" /><ent r="51" t="103" w="383" /><ent r="51" t="103" w="402" /><ent r="51" t="103" w="423" /><ent r="51" t="103" w="448" /><ent r="51" t="103" w="467" /><ent r="1" t="103" w="503" /><ent r="51" t="103" w="892" /><ent r="51" t="104" w="33" /><ent r="1000" t="105" w="3" /><ent r="100" t="105" w="9" /><ent r="1" t="105" w="13" /><ent r="1" t="105" w="38" /><ent r="51" t="105" w="58" /><ent r="1" t="105" w="74" /><ent r="1" t="105" w="81" /><ent r="1" t="108" w="177" /><ent r="51" t="131" w="381" /><ent r="1000" t="142" w="1" /><ent r="100" t="142" w="5" /><ent r="1" t="142" w="9" /><ent r="1" t="142" w="27" /><ent r="1" t="142" w="49" /><ent r="1" t="142" w="54" /><ent r="1" t="142" w="147" /><ent r="1" t="143" w="202" /><ent r="1" t="143" w="223" /><ent r="1" t="143" w="253" /><ent r="1" t="143" w="259" /><ent r="1" t="143" w="288" /><ent r="1" t="143" w="299" /><ent r="1000" t="145" w="7" /><ent r="100" t="145" w="16" /><ent r="1" t="145" w="25" /><ent r="1" t="145" w="160" /><ent r="51" t="145" w="305" /><ent r="1000" t="146" w="7" /><ent r="1" t="146" w="24" /><ent r="1" t="146" w="114" /><ent r="1" t="146" w="145" /><ent r="1" t="146" w="272" /><ent r="1" t="148" w="12" /><ent r="1" t="148" w="32" /><ent r="80" t="151" w="208" /><ent r="51" t="151" w="294" /><ent r="1000" t="155" w="6" /><ent r="100" t="155" w="14" /><ent r="1" t="155" w="51" /><ent r="1" t="155" w="72" /><ent r="51" t="155" w="101" /><ent r="1" t="155" w="359" /><ent r="1" t="155" w="602" /><ent r="1" t="155" w="1441" /><ent r="1" t="159" w="51" /><ent r="51" t="159" w="211" /><ent r="90" t="159" w="567" /><ent r="1" t="159" w="590" /><ent r="1" t="159" w="600" /><ent r="1" t="160" w="74" /><ent r="1" t="160" w="514" /><ent r="90" t="160" w="547" /><ent r="51" t="160" w="555" /><ent r="1" t="160" w="568" /><ent r="1" t="160" w="578" /><ent r="51" t="198" w="69" /><ent r="51" t="198" w="74" /><ent r="51" t="198" w="85" /></phr></stem><stem n="plug-in"><phr n="plug-ins"><ent r="1" t="0" w="90" /><ent r="1" t="1" w="37" /><ent r="1" t="1" w="144" /><ent r="1" t="1" w="567" /><ent r="1" t="1" w="571" /><ent r="1" t="17" w="14" /><ent r="1" t="17" w="29" /><ent r="1" t="17" w="41" /><ent r="1" t="20" w="433" /><ent r="1" t="64" w="361" /><ent r="1" t="64" w="381" /><ent r="1" t="64" w="393" /><ent r="1" t="85" w="31" /><ent r="1" t="87" w="19" /><ent r="1" t="87" w="206" /><ent r="1" t="93" w="43" /><ent r="1" t="93" w="323" /><ent r="1" t="93" w="344" /><ent r="1" t="93" w="354" /><ent r="1" t="93" w="360" /><ent r="1" t="103" w="97" /><ent r="1" t="103" w="287" /><ent r="1" t="103" w="294" /><ent r="51" t="103" w="455" /><ent r="1" t="104" w="99" /><ent r="1" t="105" w="32" /><ent r="1" t="105" w="99" /><ent r="1" t="120" w="20" /><ent r="1" t="120" w="40" /><ent r="1" t="142" w="62" /><ent r="1" t="142" w="87" /><ent r="1" t="142" w="171" /><ent r="1" t="151" w="117" /><ent r="1" t="151" w="222" /><ent r="1" t="159" w="187" /><ent r="1" t="159" w="1503" /><ent r="1" t="160" w="1295" /><ent r="1" t="180" w="252" /></phr><phr n="Plug-Ins"><ent r="90" t="1" w="559" /><ent r="90" t="64" w="347" /><ent r="1" t="64" w="352" /><ent r="1" t="93" w="318" /><ent r="1" t="142" w="49" /><ent r="1" t="142" w="54" /></phr><phr n="Plug-In"><ent r="51" t="6" w="58" /><ent r="51" t="6" w="63" /><ent r="51" t="72" w="38" /><ent r="1000" t="87" w="2" /><ent r="100" t="87" w="7" /><ent r="1" t="87" w="13" /><ent r="1" t="87" w="115" /><ent r="51" t="87" w="152" /><ent r="1" t="87" w="176" /><ent r="1" t="87" w="224" /><ent r="1" t="93" w="338" /><ent r="51" t="95" w="209" /><ent r="51" t="95" w="220" /><ent r="51" t="96" w="68" /><ent r="1" t="100" w="15" /><ent r="1" t="103" w="71" /><ent r="51" t="103" w="75" /><ent r="1" t="103" w="243" /><ent r="51" t="103" w="346" /><ent r="51" t="103" w="352" /><ent r="51" t="103" w="367" /><ent r="51" t="103" w="383" /><ent r="51" t="103" w="402" /><ent r="51" t="103" w="423" /><ent r="51" t="103" w="448" /><ent r="51" t="103" w="467" /><ent r="1" t="103" w="503" /><ent r="51" t="103" w="892" /><ent r="51" t="104" w="33" /><ent r="1000" t="105" w="3" /><ent r="100" t="105" w="9" /><ent r="1" t="105" w="38" /><ent r="51" t="105" w="58" /><ent r="1" t="105" w="74" /><ent r="1" t="105" w="81" /><ent r="1" t="108" w="177" /><ent r="51" t="131" w="381" /><ent r="1000" t="142" w="1" /><ent r="100" t="142" w="5" /><ent r="1" t="142" w="147" /><ent r="1" t="143" w="202" /><ent r="1" t="143" w="223" /><ent r="1" t="143" w="253" /><ent r="1" t="143" w="259" /><ent r="1" t="143" w="288" /><ent r="1" t="143" w="299" /><ent r="1000" t="145" w="7" /><ent r="100" t="145" w="16" /><ent r="1" t="145" w="25" /><ent r="51" t="145" w="305" /><ent r="1000" t="146" w="7" /><ent r="1" t="146" w="114" /><ent r="1" t="146" w="145" /><ent r="1" t="148" w="12" /><ent r="1" t="148" w="32" /><ent r="51" t="151" w="294" /><ent r="1000" t="155" w="6" /><ent r="100" t="155" w="14" /><ent r="1" t="155" w="51" /><ent r="1" t="155" w="72" /><ent r="51" t="155" w="101" /><ent r="1" t="155" w="359" /><ent r="1" t="155" w="602" /><ent r="1" t="155" w="1441" /><ent r="1" t="159" w="51" /><ent r="1" t="159" w="590" /><ent r="1" t="159" w="600" /><ent r="1" t="160" w="74" /><ent r="1" t="160" w="514" /><ent r="90" t="160" w="547" /><ent r="51" t="160" w="555" /><ent r="1" t="160" w="568" /><ent r="1" t="160" w="578" /><ent r="51" t="198" w="69" /><ent r="51" t="198" w="74" /><ent r="51" t="198" w="85" /></phr><phr n="plug-in"><ent r="51" t="6" w="141" /><ent r="1" t="23" w="26" /><ent r="1" t="86" w="47" /><ent r="1" t="87" w="31" /><ent r="1" t="87" w="49" /><ent r="1" t="87" w="75" /><ent r="1" t="87" w="90" /><ent r="1" t="87" w="96" /><ent r="1" t="87" w="165" /><ent r="1" t="87" w="188" /><ent r="1" t="93" w="370" /><ent r="1" t="93" w="390" /><ent r="1" t="93" w="404" /><ent r="1" t="93" w="418" /><ent r="1" t="93" w="425" /><ent r="1" t="103" w="251" /><ent r="51" t="103" w="359" /><ent r="51" t="103" w="374" /><ent r="51" t="103" w="390" /><ent r="51" t="103" w="409" /><ent r="51" t="103" w="432" /><ent r="51" t="103" w="474" /><ent r="1" t="131" w="19" /><ent r="1" t="131" w="30" /><ent r="1" t="142" w="17" /><ent r="1" t="142" w="36" /><ent r="1" t="142" w="96" /><ent r="1" t="142" w="107" /><ent r="1" t="142" w="118" /><ent r="1" t="142" w="127" /><ent r="1" t="142" w="137" /><ent r="1" t="142" w="159" /><ent r="1" t="144" w="10" /><ent r="1" t="144" w="58" /><ent r="1" t="145" w="98" /><ent r="1" t="150" w="84" /><ent r="1" t="151" w="125" /><ent r="1" t="151" w="135" /><ent r="1" t="159" w="617" /><ent r="1" t="159" w="1134" /><ent r="1" t="160" w="588" /></phr><phr n="Plug-ins"><ent r="1" t="64" w="87" /><ent r="1" t="103" w="99" /><ent r="80" t="151" w="208" /></phr><phr n="Plug-in"><ent r="1" t="103" w="78" /><ent r="1" t="105" w="13" /><ent r="1" t="142" w="9" /><ent r="1" t="142" w="27" /><ent r="1" t="145" w="160" /><ent r="1" t="146" w="24" /><ent r="1" t="146" w="272" /><ent r="51" t="159" w="211" /><ent r="90" t="159" w="567" /></phr></stem><stem n="in"><phr n="ins"><ent r="1" t="0" w="91" /><ent r="1" t="1" w="38" /><ent r="1" t="1" w="145" /><ent r="1" t="1" w="568" /><ent r="1" t="1" w="572" /><ent r="1" t="17" w="15" /><ent r="1" t="17" w="30" /><ent r="1" t="17" w="42" /><ent r="1" t="20" w="434" /><ent r="1" t="64" w="88" /><ent r="1" t="64" w="362" /><ent r="1" t="64" w="382" /><ent r="1" t="64" w="394" /><ent r="1" t="85" w="32" /><ent r="1" t="87" w="20" /><ent r="1" t="87" w="207" /><ent r="1" t="93" w="44" /><ent r="1" t="93" w="324" /><ent r="1" t="93" w="345" /><ent r="1" t="93" w="355" /><ent r="1" t="93" w="361" /><ent r="1" t="103" w="98" /><ent r="1" t="103" w="100" /><ent r="1" t="103" w="288" /><ent r="1" t="103" w="295" /><ent r="51" t="103" w="456" /><ent r="1" t="104" w="100" /><ent r="1" t="105" w="33" /><ent r="1" t="105" w="100" /><ent r="1" t="120" w="21" /><ent r="1" t="120" w="41" /><ent r="1" t="142" w="63" /><ent r="1" t="142" w="88" /><ent r="1" t="142" w="172" /><ent r="1" t="151" w="118" /><ent r="80" t="151" w="209" /><ent r="1" t="151" w="223" /><ent r="1" t="159" w="188" /><ent r="1" t="159" w="1504" /><ent r="1" t="160" w="1296" /><ent r="1" t="180" w="253" /></phr><phr n="Ins"><ent r="90" t="1" w="560" /><ent r="90" t="64" w="348" /><ent r="1" t="64" w="353" /><ent r="1" t="93" w="319" /><ent r="1" t="142" w="50" /><ent r="1" t="142" w="55" /></phr></stem><stem n="get"><phr n="get"><ent r="1" t="0" w="94" /><ent r="1" t="152" w="1823" /><ent r="1" t="156" w="126" /><ent r="1" t="157" w="110" /></phr></stem><stem n="start"><phr n="started"><ent r="1" t="0" w="95" /></phr><phr n="Starts"><ent r="51" t="18" w="190" /><ent r="1000" t="19" w="5" /><ent r="100" t="19" w="11" /></phr><phr n="start"><ent r="1" t="19" w="20" /><ent r="51" t="52" w="92" /><ent r="51" t="52" w="154" /><ent r="1" t="123" w="195" /><ent r="1" t="146" w="19" /><ent r="1" t="146" w="112" /><ent r="1" t="146" w="139" /><ent r="1" t="153" w="858" /><ent r="1" t="153" w="2550" /><ent r="1" t="155" w="353" /><ent r="51" t="158" w="219" /><ent r="1" t="160" w="1750" /><ent r="51" t="162" w="94" /><ent r="51" t="162" w="129" /><ent r="1" t="169" w="22" /><ent r="51" t="169" w="395" /><ent r="51" t="169" w="398" /><ent r="51" t="185" w="607" /></phr><phr n="starting"><ent r="1" t="19" w="142" /><ent r="51" t="169" w="403" /></phr><phr n="starts"><ent r="1" t="87" w="51" /><ent r="1" t="153" w="863" /></phr><phr n="Starting"><ent r="51" t="145" w="299" /><ent r="1000" t="146" w="1" /><ent r="100" t="146" w="10" /></phr><phr n="Start"><ent r="51" t="150" w="162" /><ent r="1" t="154" w="440" /><ent r="1" t="155" w="66" /><ent r="90" t="155" w="306" /><ent r="51" t="155" w="1256" /><ent r="1" t="159" w="44" /><ent r="90" t="159" w="478" /><ent r="90" t="160" w="375" /><ent r="51" t="160" w="1624" /><ent r="51" t="183" w="71" /></phr></stem></index>