﻿<?xml version="1.0" encoding="utf-8"?><index><stem n="“75.”"><phr n="“75.”"><ent r="5" t="153" w="507" /><ent r="5" t="153" w="942" /><ent r="4" t="154" w="485" /><ent r="5" t="165" w="545" /><ent r="4" t="236" w="143" /></phr></stem><stem n="averag"><phr n="average"><ent r="5" t="153" w="527" /><ent r="5" t="153" w="545" /><ent r="5" t="153" w="557" /><ent r="5" t="153" w="962" /><ent r="5" t="153" w="980" /><ent r="5" t="153" w="992" /><ent r="4" t="154" w="504" /><ent r="4" t="154" w="521" /><ent r="4" t="154" w="532" /><ent r="5" t="165" w="565" /><ent r="5" t="165" w="583" /><ent r="5" t="165" w="595" /><ent r="3" t="169" w="40" /><ent r="3" t="169" w="199" /><ent r="7" t="199" w="523" /><ent r="7" t="199" w="538" /><ent r="4" t="236" w="163" /><ent r="4" t="236" w="181" /><ent r="4" t="236" w="193" /></phr><phr n="averaged"><ent r="3" t="169" w="93" /><ent r="4" t="169" w="425" /><ent r="4" t="169" w="445" /><ent r="4" t="169" w="465" /></phr></stem><stem n="(at"><phr n="(at"><ent r="5" t="153" w="602" /><ent r="5" t="153" w="1037" /><ent r="5" t="165" w="635" /></phr></stem><stem n="/darker"><phr n="/darker"><ent r="5" t="153" w="637" /><ent r="5" t="153" w="672" /><ent r="5" t="153" w="1072" /><ent r="5" t="153" w="1107" /><ent r="5" t="165" w="672" /><ent r="5" t="165" w="700" /></phr></stem><stem n="weaker/dark"><phr n="weaker/darker"><ent r="5" t="153" w="637" /><ent r="5" t="153" w="636" /><ent r="5" t="153" w="672" /><ent r="5" t="153" w="671" /><ent r="5" t="153" w="1072" /><ent r="5" t="153" w="1071" /><ent r="5" t="153" w="1107" /><ent r="5" t="153" w="1106" /><ent r="5" t="165" w="672" /><ent r="5" t="165" w="671" /><ent r="5" t="165" w="700" /><ent r="5" t="165" w="699" /></phr></stem><stem n="0-255"><phr n="0-255"><ent r="5" t="153" w="694" /><ent r="5" t="153" w="1129" /><ent r="5" t="165" w="727" /></phr></stem><stem n="255"><phr n="255"><ent r="5" t="153" w="695" /><ent r="5" t="153" w="1130" /><ent r="5" t="165" w="728" /><ent r="3" t="199" w="774" /><ent r="6" t="230" w="44" /><ent r="6" t="230" w="58" /></phr></stem><stem n="(0-255)"><phr n="(0-255)"><ent r="5" t="153" w="696" /><ent r="5" t="153" w="1131" /><ent r="5" t="165" w="729" /></phr></stem><stem n="nter"><phr n="nter"><ent r="6" t="154" w="126" /></phr></stem><stem n="hasn"><phr n="hasn"><ent r="3" t="156" w="49" /></phr></stem><stem n="hasn't"><phr n="hasn't"><ent r="3" t="156" w="50" /><ent r="3" t="156" w="49" /></phr></stem><stem n="yet"><phr n="yet"><ent r="3" t="156" w="53" /></phr></stem><stem n="sub-tab"><phr n="sub-tabs"><ent r="3" t="156" w="319" /><ent r="3" t="157" w="295" /><ent r="3" t="158" w="291" /></phr><phr n="Sub-Tab"><ent r="83" t="156" w="330" /><ent r="83" t="156" w="505" /><ent r="83" t="157" w="306" /><ent r="83" t="157" w="478" /><ent r="83" t="158" w="302" /><ent r="83" t="158" w="475" /></phr></stem><stem n="-tabs:"><phr n="-tabs:"><ent r="3" t="156" w="321" /><ent r="3" t="156" w="321" /><ent r="3" t="157" w="297" /><ent r="3" t="157" w="297" /><ent r="3" t="158" w="293" /><ent r="3" t="158" w="293" /></phr></stem><stem n="descriptor"><phr n="Descriptor"><ent r="3" t="156" w="325" /><ent r="83" t="156" w="504" /><ent r="3" t="157" w="301" /><ent r="83" t="157" w="477" /><ent r="3" t="158" w="297" /><ent r="83" t="158" w="474" /><ent r="5" t="188" w="557" /><ent r="7" t="188" w="1077" /><ent r="3" t="188" w="1355" /><ent r="65" t="213" w="239" /><ent r="65" t="213" w="354" /><ent r="92" t="213" w="605" /></phr></stem><stem n="-tab"><phr n="-Tab"><ent r="83" t="156" w="330" /><ent r="83" t="156" w="330" /><ent r="83" t="156" w="505" /><ent r="83" t="156" w="505" /><ent r="83" t="157" w="306" /><ent r="83" t="157" w="306" /><ent r="83" t="157" w="478" /><ent r="83" t="157" w="478" /><ent r="83" t="158" w="302" /><ent r="83" t="158" w="302" /><ent r="83" t="158" w="475" /><ent r="83" t="158" w="475" /></phr></stem><stem n="confidenti"><phr n="Confidential"><ent r="3" t="156" w="357" /><ent r="3" t="156" w="532" /><ent r="3" t="157" w="333" /><ent r="3" t="157" w="505" /><ent r="3" t="158" w="330" /><ent r="3" t="158" w="502" /><ent r="3" t="213" w="458" /><ent r="3" t="213" w="632" /></phr></stem><stem n="&quot;confidential&quot;"><phr n="&quot;Confidential&quot;"><ent r="3" t="156" w="358" /><ent r="3" t="156" w="533" /><ent r="3" t="157" w="334" /><ent r="3" t="157" w="506" /><ent r="3" t="158" w="331" /><ent r="3" t="158" w="503" /><ent r="3" t="213" w="459" /><ent r="3" t="213" w="633" /></phr></stem><stem n="illustr"><phr n="illustration"><ent r="3" t="156" w="362" /><ent r="3" t="156" w="537" /><ent r="3" t="157" w="338" /><ent r="3" t="157" w="510" /><ent r="3" t="158" w="335" /><ent r="3" t="158" w="507" /><ent r="3" t="213" w="463" /><ent r="3" t="213" w="637" /></phr><phr n="illustrates"><ent r="3" t="179" w="1301" /></phr></stem><stem n="purpos"><phr n="purposes"><ent r="3" t="156" w="363" /><ent r="3" t="156" w="538" /><ent r="3" t="157" w="339" /><ent r="3" t="157" w="511" /><ent r="3" t="158" w="336" /><ent r="3" t="158" w="508" /><ent r="3" t="213" w="464" /><ent r="3" t="213" w="638" /><ent r="3" t="238" w="548" /></phr><phr n="purpose"><ent r="3" t="178" w="123" /><ent r="3" t="179" w="1418" /></phr></stem><stem n="preview"><phr n="Preview"><ent r="4" t="156" w="416" /><ent r="3" t="156" w="707" /><ent r="4" t="157" w="392" /><ent r="3" t="157" w="680" /><ent r="4" t="158" w="389" /><ent r="3" t="158" w="677" /><ent r="64" t="178" w="346" /><ent r="102" t="181" w="18" /><ent r="4" t="181" w="103" /><ent r="5" t="181" w="518" /><ent r="4" t="181" w="535" /><ent r="4" t="181" w="555" /><ent r="4" t="181" w="580" /><ent r="4" t="213" w="517" /><ent r="3" t="213" w="812" /></phr></stem><stem n="&quot;system&quot;"><phr n="&quot;System&quot;"><ent r="4" t="156" w="444" /><ent r="4" t="157" w="417" /><ent r="4" t="158" w="414" /><ent r="4" t="213" w="545" /></phr></stem><stem n="declassif"><phr n="Declassification"><ent r="4" t="156" w="445" /><ent r="5" t="156" w="556" /><ent r="5" t="156" w="569" /><ent r="4" t="157" w="418" /><ent r="5" t="157" w="529" /><ent r="5" t="157" w="542" /><ent r="4" t="158" w="415" /><ent r="5" t="158" w="526" /><ent r="5" t="158" w="539" /><ent r="4" t="213" w="546" /><ent r="5" t="213" w="656" /><ent r="5" t="213" w="669" /></phr></stem><stem n="&quot;declassification.&quot;"><phr n="&quot;Declassification.&quot;"><ent r="4" t="156" w="446" /><ent r="4" t="157" w="419" /><ent r="4" t="158" w="416" /><ent r="4" t="213" w="547" /></phr></stem><stem n="secur"><phr n="Security"><ent r="4" t="156" w="457" /><ent r="4" t="157" w="430" /><ent r="4" t="158" w="427" /><ent r="4" t="213" w="558" /></phr><phr n="security"><ent r="3" t="213" w="35" /></phr></stem><stem n="reason"><phr n="Reason"><ent r="5" t="156" w="545" /><ent r="5" t="157" w="518" /><ent r="5" t="158" w="515" /><ent r="5" t="213" w="645" /></phr><phr n="reasonable"><ent r="3" t="163" w="263" /></phr><phr n="reason"><ent r="3" t="167" w="515" /></phr></stem><stem n="downgrad"><phr n="Downgrade"><ent r="5" t="156" w="601" /><ent r="5" t="156" w="614" /><ent r="5" t="157" w="574" /><ent r="5" t="157" w="587" /><ent r="5" t="158" w="571" /><ent r="5" t="158" w="584" /><ent r="5" t="213" w="701" /><ent r="5" t="213" w="714" /></phr></stem><stem n="descript"><phr n="Description"><ent r="5" t="156" w="658" /><ent r="5" t="157" w="631" /><ent r="5" t="158" w="628" /><ent r="5" t="213" w="758" /><ent r="5" t="226" w="64" /></phr><phr n="descriptive"><ent r="4" t="156" w="663" /><ent r="4" t="157" w="636" /><ent r="4" t="158" w="633" /><ent r="4" t="213" w="763" /></phr><phr n="description"><ent r="7" t="199" w="78" /><ent r="3" t="199" w="700" /></phr></stem><stem n="shown"><phr n="shown"><ent r="4" t="156" w="825" /><ent r="7" t="178" w="288" /><ent r="7" t="179" w="505" /><ent r="7" t="180" w="656" /><ent r="4" t="180" w="1167" /><ent r="7" t="181" w="367" /><ent r="7" t="182" w="330" /><ent r="4" t="182" w="915" /><ent r="7" t="183" w="605" /><ent r="7" t="184" w="607" /><ent r="7" t="185" w="214" /><ent r="7" t="186" w="481" /><ent r="7" t="187" w="402" /><ent r="3" t="187" w="1685" /><ent r="7" t="188" w="392" /></phr></stem><stem n="occupi"><phr n="occupy"><ent r="4" t="156" w="834" /></phr></stem><stem n="sharp"><phr n="sharp"><ent r="4" t="156" w="855" /></phr></stem><stem n="soften"><phr n="softened"><ent r="4" t="156" w="868" /></phr></stem><stem n="read-onli"><phr n="read-only"><ent r="3" t="157" w="45" /><ent r="3" t="198" w="89" /></phr></stem><stem n="-only."><phr n="-only."><ent r="3" t="157" w="47" /><ent r="3" t="157" w="47" /><ent r="3" t="198" w="91" /><ent r="3" t="198" w="91" /></phr></stem><stem n="detail"><phr n="detailed"><ent r="3" t="157" w="199" /><ent r="3" t="157" w="218" /><ent r="3" t="157" w="250" /><ent r="3" t="179" w="1538" /><ent r="3" t="208" w="43" /><ent r="3" t="208" w="62" /><ent r="3" t="210" w="14" /></phr><phr n="detail"><ent r="4" t="183" w="935" /><ent r="3" t="184" w="1227" /></phr></stem><stem n="filter"><phr n="filters"><ent r="3" t="157" w="768" /><ent r="3" t="211" w="28" /><ent r="3" t="211" w="43" /><ent r="3" t="231" w="241" /><ent r="3" t="232" w="13" /><ent r="3" t="232" w="23" /><ent r="3" t="232" w="196" /></phr><phr n="Filter"><ent r="5" t="165" w="783" /><ent r="4" t="232" w="27" /><ent r="92" t="232" w="37" /><ent r="4" t="232" w="42" /><ent r="92" t="232" w="118" /><ent r="5" t="232" w="124" /><ent r="4" t="232" w="132" /><ent r="4" t="232" w="142" /><ent r="92" t="232" w="159" /><ent r="4" t="232" w="201" /><ent r="4" t="232" w="208" /><ent r="4" t="232" w="218" /></phr><phr n="filter"><ent r="4" t="165" w="787" /><ent r="3" t="232" w="49" /><ent r="4" t="232" w="102" /><ent r="4" t="232" w="147" /><ent r="3" t="232" w="167" /><ent r="3" t="232" w="174" /><ent r="3" t="232" w="222" /></phr><phr n="Filters"><ent r="92" t="231" w="233" /><ent r="64" t="231" w="249" /><ent r="1000" t="232" w="2" /><ent r="102" t="232" w="5" /></phr></stem><stem n="review"><phr n="review"><ent r="3" t="157" w="888" /><ent r="3" t="195" w="122" /></phr><phr n="Review"><ent r="4" t="179" w="2361" /><ent r="5" t="180" w="3148" /><ent r="4" t="181" w="1591" /><ent r="4" t="183" w="1108" /><ent r="4" t="184" w="1305" /><ent r="4" t="185" w="563" /><ent r="4" t="186" w="1209" /><ent r="4" t="187" w="1869" /></phr></stem><stem n="(start,"><phr n="(start,"><ent r="3" t="157" w="908" /><ent r="3" t="195" w="140" /></phr></stem><stem n="’re"><phr n="’re"><ent r="4" t="158" w="152" /><ent r="4" t="163" w="91" /><ent r="3" t="188" w="1212" /></phr></stem><stem n="(upper"><phr n="(upper"><ent r="3" t="158" w="238" /></phr></stem><stem n=":script"><phr n=":Scripting"><ent r="100" t="160" w="10" /></phr></stem><stem n="“line”"><phr n="“line”"><ent r="3" t="160" w="142" /></phr></stem><stem n="(normal"><phr n="(normal"><ent r="3" t="160" w="153" /></phr></stem><stem n="512"><phr n="512"><ent r="3" t="160" w="167" /></phr></stem><stem n=":layer"><phr n=":layer"><ent r="100" t="161" w="6" /></phr><phr n=":layers"><ent r="100" t="174" w="8" /></phr></stem><stem n="“gcp"><phr n="“GCP"><ent r="3" t="161" w="37" /></phr></stem><stem n="“corner"><phr n="“Corner"><ent r="3" t="161" w="41" /></phr></stem><stem n="(“corner"><phr n="(“Corner"><ent r="3" t="161" w="43" /></phr></stem><stem n="-screen"><phr n="-screen"><ent r="3" t="161" w="188" /><ent r="3" t="161" w="188" /></phr></stem><stem n="on-screen"><phr n="on-screen"><ent r="3" t="161" w="188" /></phr></stem><stem n="ident"><phr n="identical"><ent r="3" t="162" w="49" /></phr></stem><stem n=":latitude/longitud"><phr n=":Latitude/Longitude"><ent r="100" t="163" w="13" /></phr></stem><stem n="autogrid"><phr n="Autogrid"><ent r="3" t="163" w="276" /></phr></stem><stem n=":raster"><phr n=":Raster"><ent r="100" t="165" w="10" /></phr></stem><stem n="sometim"><phr n="sometimes"><ent r="3" t="165" w="51" /><ent r="3" t="238" w="339" /></phr></stem><stem n="-in."><phr n="-in."><ent r="3" t="165" w="60" /><ent r="3" t="165" w="60" /><ent r="3" t="166" w="117" /><ent r="3" t="166" w="117" /><ent r="3" t="166" w="169" /><ent r="3" t="166" w="169" /><ent r="4" t="171" w="176" /><ent r="4" t="171" w="176" /></phr><phr n="-In."><ent r="3" t="167" w="307" /><ent r="3" t="167" w="307" /><ent r="4" t="172" w="155" /><ent r="4" t="172" w="155" /><ent r="3" t="182" w="64" /><ent r="3" t="182" w="64" /><ent r="4" t="182" w="501" /><ent r="4" t="182" w="501" /><ent r="4" t="182" w="1648" /><ent r="4" t="182" w="1648" /></phr></stem><stem n=".the"><phr n=".The"><ent r="4" t="165" w="114" /></phr></stem><stem n=":plug-in"><phr n=":Plug-In"><ent r="100" t="166" w="10" /></phr></stem><stem n="modul"><phr n="modules"><ent r="3" t="166" w="85" /><ent r="3" t="166" w="177" /></phr><phr n="module"><ent r="3" t="166" w="91" /><ent r="3" t="166" w="100" /><ent r="3" t="166" w="124" /><ent r="3" t="166" w="133" /></phr></stem><stem n="dll"><phr n="DLLs"><ent r="3" t="166" w="86" /></phr></stem><stem n="(dlls)."><phr n="(DLLs)."><ent r="3" t="166" w="87" /></phr></stem><stem n="-ins.)"><phr n="-ins.)"><ent r="3" t="166" w="181" /><ent r="3" t="166" w="181" /></phr></stem><stem n="high"><phr n="high"><ent r="3" t="167" w="25" /><ent r="3" t="180" w="310" /></phr></stem><stem n="extract"><phr n="extracted"><ent r="3" t="167" w="30" /></phr></stem><stem n="redund"><phr n="redundant"><ent r="3" t="167" w="36" /><ent r="3" t="167" w="71" /><ent r="3" t="181" w="167" /><ent r="5" t="224" w="143" /></phr></stem><stem n="repetit"><phr n="repetitive"><ent r="3" t="167" w="38" /><ent r="3" t="167" w="53" /><ent r="3" t="187" w="108" /></phr></stem><stem n="amplifi"><phr n="amplifies"><ent r="3" t="167" w="58" /><ent r="3" t="181" w="155" /></phr></stem><stem n="variat"><phr n="variations"><ent r="3" t="167" w="59" /><ent r="3" t="181" w="156" /></phr><phr n="variation"><ent r="3" t="167" w="490" /></phr></stem><stem n="pca"><phr n="PCA"><ent r="100" t="167" w="74" /><ent r="3" t="167" w="80" /><ent r="3" t="167" w="228" /><ent r="3" t="167" w="258" /><ent r="3" t="167" w="293" /><ent r="3" t="167" w="443" /><ent r="4" t="167" w="589" /><ent r="3" t="167" w="632" /><ent r="3" t="167" w="653" /><ent r="3" t="167" w="661" /><ent r="4" t="167" w="806" /><ent r="3" t="167" w="858" /><ent r="3" t="167" w="931" /><ent r="64" t="178" w="350" /><ent r="1000" t="181" w="5" /><ent r="100" t="181" w="7" /><ent r="102" t="181" w="22" /><ent r="3" t="181" w="64" /><ent r="3" t="181" w="84" /><ent r="4" t="181" w="111" /><ent r="3" t="181" w="150" /><ent r="3" t="181" w="172" /><ent r="92" t="181" w="1024" /><ent r="4" t="181" w="1074" /><ent r="3" t="181" w="1112" /><ent r="3" t="181" w="1134" /><ent r="4" t="181" w="1266" /><ent r="4" t="181" w="1326" /><ent r="5" t="181" w="1359" /><ent r="4" t="181" w="1401" /><ent r="3" t="181" w="1421" /><ent r="3" t="181" w="1488" /><ent r="4" t="181" w="1503" /><ent r="3" t="181" w="1608" /></phr></stem><stem n="(pca)"><phr n="(PCA)"><ent r="3" t="167" w="81" /><ent r="3" t="181" w="65" /><ent r="92" t="181" w="1025" /></phr></stem><stem n="util"><phr n="utilize"><ent r="3" t="167" w="92" /></phr></stem><stem n="moment"><phr n="moment"><ent r="3" t="167" w="95" /><ent r="3" t="167" w="239" /><ent r="5" t="167" w="351" /></phr><phr n="Moment"><ent r="3" t="167" w="200" /><ent r="3" t="167" w="207" /><ent r="3" t="167" w="223" /><ent r="3" t="167" w="264" /><ent r="3" t="167" w="304" /></phr></stem><stem n="covari"><phr n="covariance"><ent r="3" t="167" w="96" /><ent r="3" t="167" w="272" /><ent r="3" t="167" w="286" /><ent r="5" t="167" w="354" /><ent r="4" t="181" w="1276" /><ent r="4" t="181" w="1292" /><ent r="4" t="181" w="1298" /><ent r="4" t="181" w="1310" /><ent r="4" t="181" w="1321" /></phr><phr n="Covariance"><ent r="4" t="167" w="740" /><ent r="4" t="181" w="1165" /></phr></stem><stem n="correl"><phr n="correlation"><ent r="3" t="167" w="98" /><ent r="3" t="167" w="274" /><ent r="3" t="167" w="277" /><ent r="5" t="167" w="358" /></phr></stem><stem n="matrix"><phr n="matrix"><ent r="3" t="167" w="100" /><ent r="3" t="167" w="201" /><ent r="3" t="167" w="224" /><ent r="3" t="167" w="240" /><ent r="3" t="167" w="270" /><ent r="3" t="167" w="279" /><ent r="3" t="167" w="287" /><ent r="5" t="167" w="341" /><ent r="3" t="167" w="906" /><ent r="4" t="168" w="81" /><ent r="3" t="168" w="124" /><ent r="3" t="168" w="134" /><ent r="5" t="168" w="170" /><ent r="3" t="170" w="243" /><ent r="4" t="181" w="1277" /><ent r="4" t="181" w="1293" /><ent r="4" t="181" w="1299" /><ent r="4" t="181" w="1311" /><ent r="4" t="181" w="1322" /><ent r="3" t="184" w="1275" /></phr><phr n="Matrix"><ent r="1000" t="168" w="2" /><ent r="100" t="168" w="8" /><ent r="102" t="168" w="11" /><ent r="3" t="168" w="18" /><ent r="4" t="168" w="30" /><ent r="4" t="168" w="46" /></phr></stem><stem n="slightli"><phr n="slightly"><ent r="3" t="167" w="213" /><ent r="4" t="167" w="719" /><ent r="3" t="179" w="1620" /><ent r="4" t="182" w="1219" /><ent r="3" t="237" w="123" /></phr></stem><stem n="matric"><phr n="matrices"><ent r="3" t="167" w="288" /></phr></stem><stem n="pcaxxx"><phr n="pcaxxx"><ent r="5" t="167" w="335" /><ent r="3" t="167" w="900" /></phr></stem><stem n="“.pcaxxx”"><phr n="“.pcaxxx”"><ent r="5" t="167" w="336" /><ent r="3" t="167" w="901" /></phr></stem><stem n="xxx"><phr n="xxx"><ent r="5" t="167" w="337" /><ent r="3" t="167" w="902" /></phr></stem><stem n="pcasmm"><phr n="pcasmm"><ent r="5" t="167" w="348" /></phr></stem><stem n="“.pcasmm”"><phr n="“.pcasmm”"><ent r="5" t="167" w="349" /></phr></stem><stem n="pcacvm"><phr n="pcacvm"><ent r="5" t="167" w="352" /></phr></stem><stem n="“.pcacvm”"><phr n="“.pcacvm”"><ent r="5" t="167" w="353" /></phr></stem><stem n="pcaccm"><phr n="pcaccm"><ent r="5" t="167" w="356" /></phr></stem><stem n="“.pcaccm”"><phr n="“.pcaccm”"><ent r="5" t="167" w="357" /></phr></stem><stem n="(roi)"><phr n="(ROI)"><ent r="5" t="167" w="384" /><ent r="4" t="174" w="152" /><ent r="3" t="175" w="39" /><ent r="5" t="181" w="1243" /></phr></stem><stem n="“area"><phr n="“Area"><ent r="3" t="167" w="428" /></phr></stem><stem n="eigen"><phr n="Eigen"><ent r="4" t="167" w="479" /><ent r="65" t="167" w="483" /><ent r="92" t="167" w="962" /><ent r="3" t="167" w="976" /><ent r="3" t="167" w="979" /><ent r="4" t="167" w="1017" /><ent r="4" t="181" w="1195" /><ent r="4" t="181" w="1365" /></phr></stem><stem n="mainli"><phr n="mainly"><ent r="3" t="167" w="508" /></phr></stem><stem n="nois"><phr n="noise"><ent r="3" t="167" w="510" /></phr></stem><stem n="thu"><phr n="Thus"><ent r="3" t="167" w="511" /></phr></stem><stem n="littl"><phr n="little"><ent r="3" t="167" w="514" /><ent r="3" t="167" w="525" /><ent r="4" t="188" w="194" /></phr></stem><stem n="highest"><phr n="highest"><ent r="3" t="167" w="519" /><ent r="4" t="167" w="1004" /></phr></stem><stem n="landsat"><phr n="LANDSAT"><ent r="4" t="167" w="576" /></phr><phr n="Landsat"><ent r="3" t="180" w="941" /><ent r="4" t="180" w="1149" /><ent r="3" t="180" w="2040" /><ent r="7" t="199" w="329" /><ent r="3" t="199" w="746" /><ent r="3" t="238" w="514" /></phr></stem><stem n="imageri"><phr n="imagery"><ent r="4" t="167" w="577" /><ent r="3" t="171" w="93" /><ent r="3" t="179" w="105" /></phr></stem><stem n="unsign"><phr n="unsigned"><ent r="4" t="167" w="580" /><ent r="4" t="167" w="592" /><ent r="6" t="199" w="258" /><ent r="6" t="199" w="264" /><ent r="6" t="199" w="271" /><ent r="7" t="199" w="285" /><ent r="6" t="243" w="50" /><ent r="6" t="243" w="75" /><ent r="6" t="243" w="100" /><ent r="6" t="243" w="125" /></phr></stem><stem n="byte"><phr n="byte"><ent r="4" t="167" w="582" /><ent r="4" t="167" w="594" /><ent r="3" t="169" w="142" /><ent r="7" t="199" w="194" /><ent r="7" t="199" w="335" /><ent r="7" t="199" w="357" /><ent r="7" t="199" w="373" /><ent r="3" t="199" w="749" /></phr><phr n="bytes"><ent r="7" t="199" w="131" /><ent r="7" t="199" w="143" /><ent r="7" t="199" w="151" /><ent r="7" t="199" w="343" /></phr><phr n="Byte"><ent r="7" t="199" w="363" /><ent r="7" t="199" w="379" /></phr></stem><stem n="-byte"><phr n="-byte"><ent r="4" t="167" w="593" /><ent r="4" t="167" w="593" /><ent r="3" t="169" w="141" /><ent r="3" t="169" w="141" /></phr></stem><stem n="one-byt"><phr n="one-byte"><ent r="4" t="167" w="593" /></phr></stem><stem n="max"><phr n="Max"><ent r="5" t="167" w="621" /><ent r="5" t="181" w="1227" /><ent r="4" t="185" w="95" /><ent r="3" t="195" w="603" /></phr><phr n="max"><ent r="7" t="199" w="645" /></phr></stem><stem n="cover"><phr n="cover"><ent r="3" t="167" w="636" /></phr><phr n="covered"><ent r="3" t="180" w="3071" /></phr></stem><stem n="wide"><phr n="wide"><ent r="3" t="167" w="638" /></phr><phr n="widely"><ent r="3" t="183" w="173" /><ent r="3" t="184" w="163" /></phr></stem><stem n="loss"><phr n="loss"><ent r="3" t="167" w="642" /></phr></stem><stem n="truncat"><phr n="truncation"><ent r="3" t="167" w="649" /></phr><phr n="truncated"><ent r="3" t="169" w="149" /></phr></stem><stem n="filenam"><phr n="filename"><ent r="4" t="167" w="803" /><ent r="4" t="180" w="3121" /><ent r="4" t="185" w="434" /><ent r="3" t="188" w="730" /><ent r="4" t="195" w="713" /></phr><phr n="Filename"><ent r="3" t="188" w="679" /><ent r="3" t="188" w="701" /><ent r="7" t="188" w="1033" /><ent r="7" t="188" w="1079" /><ent r="6" t="230" w="316" /><ent r="6" t="243" w="232" /></phr></stem><stem n="bypass"><phr n="bypass"><ent r="3" t="167" w="843" /><ent r="4" t="172" w="208" /><ent r="3" t="172" w="253" /><ent r="4" t="172" w="266" /><ent r="4" t="182" w="655" /><ent r="3" t="182" w="685" /><ent r="3" t="182" w="728" /></phr><phr n="bypassing"><ent r="4" t="172" w="200" /><ent r="4" t="172" w="299" /><ent r="3" t="173" w="28" /><ent r="4" t="182" w="648" /></phr><phr n="Bypass"><ent r="5" t="172" w="221" /><ent r="3" t="172" w="233" /><ent r="3" t="172" w="316" /><ent r="3" t="172" w="334" /><ent r="4" t="182" w="667" /><ent r="4" t="182" w="770" /></phr></stem><stem n=";"><phr n=";"><ent r="3" t="167" w="859" /><ent r="3" t="179" w="1267" /><ent r="4" t="182" w="1497" /><ent r="4" t="187" w="1350" /><ent r="3" t="224" w="165" /></phr></stem><stem n="permiss"><phr n="permissions"><ent r="3" t="167" w="871" /></phr></stem><stem n="resid"><phr n="resides"><ent r="3" t="167" w="878" /></phr></stem><stem n="overwrit"><phr n="overwrite"><ent r="3" t="167" w="921" /><ent r="4" t="181" w="1458" /><ent r="6" t="188" w="1405" /><ent r="4" t="195" w="724" /><ent r="4" t="195" w="738" /></phr></stem><stem n="convolut"><phr n="Convolution"><ent r="1000" t="168" w="1" /><ent r="102" t="168" w="5" /><ent r="100" t="168" w="7" /><ent r="3" t="168" w="17" /><ent r="4" t="168" w="29" /><ent r="4" t="168" w="45" /></phr></stem><stem n="divid"><phr n="divided"><ent r="3" t="168" w="126" /></phr><phr n="divide"><ent r="3" t="168" w="149" /></phr><phr n="Divide"><ent r="7" t="196" w="19" /></phr></stem><stem n="divisor"><phr n="Divisor"><ent r="4" t="168" w="144" /></phr></stem><stem n="convolv"><phr n="convolving"><ent r="6" t="168" w="194" /></phr></stem><stem n="futur"><phr n="future"><ent r="3" t="168" w="221" /><ent r="5" t="172" w="288" /><ent r="3" t="182" w="750" /><ent r="3" t="185" w="406" /></phr></stem><stem n="&quot;red&quot;"><phr n="&quot;red&quot;"><ent r="3" t="169" w="44" /></phr></stem><stem n="prior"><phr n="prior"><ent r="3" t="169" w="78" /></phr></stem><stem n="uniform"><phr n="uniform"><ent r="3" t="169" w="87" /></phr></stem><stem n="interleav"><phr n="interleave"><ent r="3" t="169" w="102" /><ent r="7" t="199" w="297" /><ent r="3" t="199" w="741" /><ent r="3" t="208" w="240" /><ent r="3" t="208" w="288" /><ent r="4" t="208" w="394" /><ent r="4" t="208" w="605" /></phr><phr n="Interleave"><ent r="3" t="169" w="111" /><ent r="92" t="208" w="218" /><ent r="4" t="208" w="224" /><ent r="4" t="208" w="545" /><ent r="3" t="208" w="664" /></phr><phr n="interleaved"><ent r="7" t="199" w="309" /><ent r="7" t="199" w="315" /></phr><phr n="interleaving"><ent r="4" t="208" w="558" /><ent r="3" t="208" w="659" /><ent r="3" t="208" w="721" /></phr></stem><stem n="fastest"><phr n="fastest"><ent r="3" t="169" w="107" /><ent r="4" t="208" w="508" /></phr></stem><stem n="bip"><phr n="BIP"><ent r="3" t="169" w="109" /><ent r="7" t="199" w="312" /><ent r="3" t="208" w="234" /><ent r="3" t="208" w="274" /><ent r="3" t="208" w="301" /></phr><phr n="bip"><ent r="5" t="179" w="550" /><ent r="6" t="185" w="536" /></phr></stem><stem n="convers"><phr n="conversion"><ent r="3" t="169" w="112" /></phr></stem><stem n="2-byte"><phr n="2-byte"><ent r="3" t="169" w="141" /></phr></stem><stem n="“(5"><phr n="“(5"><ent r="3" t="169" w="154" /></phr></stem><stem n=")/2”"><phr n=")/2”"><ent r="3" t="169" w="158" /></phr></stem><stem n="thought"><phr n="thought"><ent r="3" t="169" w="170" /></phr></stem><stem n="“from"><phr n="“from"><ent r="3" t="169" w="190" /><ent r="3" t="169" w="243" /><ent r="3" t="169" w="250" /><ent r="3" t="169" w="265" /><ent r="3" t="169" w="284" /></phr></stem><stem n="7"><phr n="7"><ent r="3" t="169" w="255" /><ent r="3" t="169" w="267" /><ent r="3" t="169" w="270" /><ent r="3" t="169" w="286" /><ent r="4" t="169" w="422" /><ent r="3" t="169" w="607" /><ent r="3" t="188" w="1347" /><ent r="7" t="199" w="146" /><ent r="3" t="199" w="726" /><ent r="3" t="199" w="837" /></phr></stem><stem n="”."><phr n="”."><ent r="3" t="169" w="256" /><ent r="3" t="169" w="271" /><ent r="3" t="169" w="293" /></phr></stem><stem n="gap"><phr n="gaps"><ent r="3" t="169" w="278" /></phr></stem><stem n="exclud"><phr n="excluding"><ent r="3" t="169" w="290" /></phr></stem><stem n="8"><phr n="8"><ent r="3" t="169" w="292" /><ent r="3" t="179" w="1311" /><ent r="4" t="180" w="1489" /><ent r="3" t="188" w="1351" /><ent r="7" t="199" w="192" /></phr></stem><stem n="though"><phr n="though"><ent r="4" t="169" w="421" /><ent r="4" t="169" w="441" /></phr></stem><stem n="9"><phr n="9"><ent r="4" t="169" w="442" /><ent r="3" t="169" w="610" /><ent r="4" t="180" w="1488" /><ent r="3" t="188" w="1357" /><ent r="6" t="188" w="1413" /><ent r="6" t="199" w="234" /></phr></stem><stem n="12"><phr n="12"><ent r="4" t="169" w="460" /><ent r="3" t="169" w="612" /><ent r="6" t="199" w="255" /></phr></stem><stem n=".txt"><phr n=".txt"><ent r="3" t="169" w="541" /><ent r="3" t="169" w="603" /><ent r="3" t="169" w="623" /></phr></stem><stem n="txt"><phr n="txt"><ent r="3" t="169" w="541" /><ent r="3" t="169" w="603" /><ent r="3" t="169" w="623" /></phr></stem><stem n="gui"><phr n="GUI"><ent r="3" t="169" w="580" /></phr></stem><stem n="express"><phr n="expressions"><ent r="3" t="170" w="17" /></phr><phr n="expression"><ent r="4" t="170" w="145" /><ent r="3" t="170" w="168" /><ent r="3" t="170" w="184" /><ent r="3" t="170" w="281" /><ent r="3" t="170" w="294" /><ent r="5" t="187" w="642" /><ent r="3" t="187" w="678" /><ent r="7" t="187" w="1173" /><ent r="4" t="187" w="1232" /><ent r="3" t="187" w="1377" /><ent r="7" t="188" w="1036" /><ent r="7" t="188" w="1038" /><ent r="3" t="188" w="1333" /></phr><phr n="Expression"><ent r="4" t="187" w="1116" /><ent r="7" t="187" w="1175" /><ent r="7" t="187" w="1181" /><ent r="7" t="188" w="1044" /></phr></stem><stem n="bands/cub"><phr n="bands/cubes"><ent r="4" t="170" w="152" /><ent r="4" t="170" w="151" /></phr></stem><stem n="bands/cubes."><phr n="bands/cubes."><ent r="4" t="170" w="152" /><ent r="4" t="170" w="151" /></phr></stem></index>