﻿<?xml version="1.0" encoding="utf-8"?><index><stem n="onlin"><phr n="online"><ent r="54" t="0" w="110" /><ent r="7" t="5" w="283" /></phr></stem><stem n="tutori"><phr n="Tutorials"><ent r="115" t="0" w="112" /><ent r="1000" t="178" w="1" /><ent r="102" t="178" w="3" /><ent r="92" t="178" w="306" /></phr><phr n="Tutorial"><ent r="64" t="21" w="531" /><ent r="64" t="178" w="318" /><ent r="64" t="178" w="324" /><ent r="64" t="178" w="339" /><ent r="64" t="178" w="352" /><ent r="64" t="178" w="360" /><ent r="64" t="178" w="366" /><ent r="64" t="178" w="371" /><ent r="64" t="178" w="380" /><ent r="64" t="178" w="384" /><ent r="64" t="178" w="388" /><ent r="1000" t="179" w="1" /><ent r="103" t="179" w="12" /><ent r="1000" t="180" w="1" /><ent r="102" t="180" w="20" /><ent r="1000" t="181" w="1" /><ent r="102" t="181" w="11" /><ent r="1000" t="182" w="1" /><ent r="102" t="182" w="18" /><ent r="1000" t="183" w="1" /><ent r="102" t="183" w="10" /><ent r="1000" t="184" w="1" /><ent r="102" t="184" w="14" /><ent r="1000" t="185" w="1" /><ent r="102" t="185" w="16" /><ent r="1000" t="186" w="1" /><ent r="103" t="186" w="10" /><ent r="1000" t="187" w="1" /><ent r="102" t="187" w="10" /><ent r="1000" t="188" w="1" /><ent r="103" t="188" w="14" /><ent r="64" t="188" w="56" /><ent r="65" t="188" w="475" /><ent r="6" t="188" w="1412" /></phr><phr n="tutorials"><ent r="100" t="178" w="5" /><ent r="3" t="178" w="12" /><ent r="3" t="178" w="14" /><ent r="3" t="178" w="22" /><ent r="3" t="178" w="39" /><ent r="3" t="178" w="77" /><ent r="3" t="178" w="220" /><ent r="7" t="178" w="276" /><ent r="100" t="179" w="18" /><ent r="7" t="179" w="493" /><ent r="100" t="180" w="18" /><ent r="100" t="180" w="35" /><ent r="7" t="180" w="644" /><ent r="100" t="181" w="24" /><ent r="7" t="181" w="355" /><ent r="100" t="182" w="16" /><ent r="100" t="182" w="26" /><ent r="7" t="182" w="318" /><ent r="100" t="183" w="16" /><ent r="7" t="183" w="593" /><ent r="100" t="184" w="19" /><ent r="7" t="184" w="595" /><ent r="7" t="185" w="202" /><ent r="100" t="186" w="16" /><ent r="7" t="186" w="469" /><ent r="100" t="187" w="8" /><ent r="100" t="187" w="14" /><ent r="7" t="187" w="390" /><ent r="100" t="188" w="12" /><ent r="100" t="188" w="22" /><ent r="7" t="188" w="380" /></phr><phr n="tutorial"><ent r="7" t="178" w="291" /><ent r="3" t="178" w="316" /><ent r="3" t="179" w="27" /><ent r="3" t="179" w="44" /><ent r="3" t="179" w="316" /><ent r="7" t="179" w="508" /><ent r="4" t="179" w="2252" /><ent r="3" t="180" w="47" /><ent r="3" t="180" w="84" /><ent r="3" t="180" w="462" /><ent r="7" t="180" w="659" /><ent r="3" t="181" w="37" /><ent r="3" t="181" w="69" /><ent r="3" t="181" w="182" /><ent r="7" t="181" w="370" /><ent r="3" t="182" w="35" /><ent r="3" t="182" w="67" /><ent r="3" t="182" w="142" /><ent r="7" t="182" w="333" /><ent r="3" t="182" w="765" /><ent r="3" t="183" w="25" /><ent r="3" t="183" w="39" /><ent r="3" t="183" w="420" /><ent r="7" t="183" w="608" /><ent r="3" t="184" w="28" /><ent r="3" t="184" w="42" /><ent r="3" t="184" w="423" /><ent r="7" t="184" w="610" /><ent r="3" t="185" w="32" /><ent r="3" t="185" w="56" /><ent r="7" t="185" w="217" /><ent r="3" t="186" w="25" /><ent r="3" t="186" w="41" /><ent r="4" t="186" w="291" /><ent r="3" t="186" w="297" /><ent r="7" t="186" w="484" /><ent r="3" t="187" w="23" /><ent r="3" t="187" w="44" /><ent r="3" t="187" w="305" /><ent r="7" t="187" w="405" /><ent r="3" t="188" w="31" /><ent r="3" t="188" w="63" /><ent r="4" t="188" w="212" /><ent r="7" t="188" w="395" /><ent r="4" t="188" w="473" /></phr></stem><stem n="toolbar"><phr n="toolbars"><ent r="100" t="1" w="20" /><ent r="3" t="1" w="57" /><ent r="3" t="1" w="60" /><ent r="3" t="1" w="66" /><ent r="3" t="1" w="188" /><ent r="3" t="1" w="211" /><ent r="3" t="1" w="273" /><ent r="4" t="1" w="292" /><ent r="4" t="1" w="296" /><ent r="4" t="1" w="340" /><ent r="4" t="1" w="344" /><ent r="3" t="1" w="366" /><ent r="3" t="1" w="437" /><ent r="3" t="1" w="501" /><ent r="100" t="4" w="3" /><ent r="3" t="4" w="8" /><ent r="3" t="4" w="88" /><ent r="100" t="4" w="114" /><ent r="3" t="4" w="128" /><ent r="4" t="4" w="147" /><ent r="4" t="4" w="151" /><ent r="4" t="4" w="197" /><ent r="4" t="4" w="201" /><ent r="100" t="5" w="7" /><ent r="100" t="6" w="7" /><ent r="100" t="7" w="7" /><ent r="100" t="8" w="7" /><ent r="100" t="9" w="7" /><ent r="100" t="10" w="9" /><ent r="100" t="11" w="7" /><ent r="100" t="12" w="10" /><ent r="100" t="13" w="7" /><ent r="100" t="14" w="12" /><ent r="100" t="15" w="7" /><ent r="3" t="38" w="36" /><ent r="3" t="77" w="142" /><ent r="4" t="77" w="296" /><ent r="100" t="115" w="11" /><ent r="100" t="116" w="5" /><ent r="4" t="117" w="124" /><ent r="3" t="123" w="94" /><ent r="3" t="123" w="612" /><ent r="3" t="179" w="339" /><ent r="4" t="179" w="358" /><ent r="4" t="179" w="362" /><ent r="4" t="179" w="408" /><ent r="4" t="179" w="412" /><ent r="3" t="180" w="490" /><ent r="4" t="180" w="509" /><ent r="4" t="180" w="513" /><ent r="4" t="180" w="559" /><ent r="4" t="180" w="563" /><ent r="4" t="180" w="1875" /><ent r="3" t="181" w="201" /><ent r="4" t="181" w="220" /><ent r="4" t="181" w="224" /><ent r="4" t="181" w="270" /><ent r="4" t="181" w="274" /><ent r="3" t="182" w="164" /><ent r="4" t="182" w="183" /><ent r="4" t="182" w="187" /><ent r="4" t="182" w="233" /><ent r="4" t="182" w="237" /><ent r="3" t="183" w="439" /><ent r="4" t="183" w="458" /><ent r="4" t="183" w="462" /><ent r="4" t="183" w="508" /><ent r="4" t="183" w="512" /><ent r="3" t="184" w="441" /><ent r="4" t="184" w="460" /><ent r="4" t="184" w="464" /><ent r="4" t="184" w="510" /><ent r="4" t="184" w="514" /><ent r="3" t="186" w="315" /><ent r="4" t="186" w="334" /><ent r="4" t="186" w="338" /><ent r="4" t="186" w="384" /><ent r="4" t="186" w="388" /><ent r="3" t="187" w="336" /><ent r="3" t="187" w="340" /><ent r="3" t="188" w="226" /><ent r="4" t="188" w="245" /><ent r="4" t="188" w="249" /><ent r="4" t="188" w="295" /><ent r="4" t="188" w="299" /></phr><phr n="toolbar"><ent r="3" t="1" w="113" /><ent r="3" t="1" w="205" /><ent r="4" t="1" w="306" /><ent r="4" t="1" w="325" /><ent r="4" t="1" w="354" /><ent r="3" t="1" w="400" /><ent r="4" t="1" w="411" /><ent r="4" t="1" w="422" /><ent r="3" t="1" w="596" /><ent r="3" t="4" w="65" /><ent r="3" t="4" w="82" /><ent r="4" t="4" w="161" /><ent r="4" t="4" w="180" /><ent r="4" t="4" w="211" /><ent r="100" t="9" w="5" /><ent r="3" t="11" w="72" /><ent r="5" t="13" w="60" /><ent r="6" t="13" w="206" /><ent r="3" t="14" w="69" /><ent r="3" t="17" w="14" /><ent r="65" t="21" w="473" /><ent r="4" t="54" w="85" /><ent r="3" t="69" w="55" /><ent r="3" t="84" w="21" /><ent r="4" t="91" w="152" /><ent r="3" t="102" w="248" /><ent r="3" t="104" w="145" /><ent r="4" t="108" w="236" /><ent r="100" t="115" w="228" /><ent r="3" t="115" w="237" /><ent r="3" t="115" w="254" /><ent r="100" t="116" w="11" /><ent r="3" t="121" w="102" /><ent r="4" t="123" w="70" /><ent r="3" t="123" w="466" /><ent r="3" t="123" w="473" /><ent r="3" t="123" w="477" /><ent r="3" t="123" w="480" /><ent r="3" t="123" w="495" /><ent r="3" t="123" w="501" /><ent r="3" t="123" w="606" /><ent r="3" t="168" w="40" /><ent r="4" t="179" w="372" /><ent r="4" t="179" w="391" /><ent r="4" t="179" w="422" /><ent r="4" t="179" w="456" /><ent r="3" t="179" w="1781" /><ent r="4" t="179" w="1824" /><ent r="4" t="179" w="1932" /><ent r="3" t="180" w="62" /><ent r="4" t="180" w="523" /><ent r="4" t="180" w="542" /><ent r="4" t="180" w="573" /><ent r="4" t="180" w="607" /><ent r="4" t="180" w="856" /><ent r="4" t="181" w="234" /><ent r="4" t="181" w="253" /><ent r="4" t="181" w="284" /><ent r="4" t="181" w="318" /><ent r="4" t="182" w="197" /><ent r="4" t="182" w="216" /><ent r="4" t="182" w="247" /><ent r="4" t="182" w="281" /><ent r="4" t="183" w="472" /><ent r="4" t="183" w="491" /><ent r="4" t="183" w="522" /><ent r="4" t="183" w="556" /><ent r="4" t="183" w="688" /><ent r="4" t="183" w="771" /><ent r="4" t="184" w="474" /><ent r="4" t="184" w="493" /><ent r="4" t="184" w="524" /><ent r="4" t="184" w="558" /><ent r="4" t="184" w="933" /><ent r="4" t="186" w="279" /><ent r="4" t="186" w="348" /><ent r="4" t="186" w="367" /><ent r="4" t="186" w="398" /><ent r="4" t="186" w="432" /><ent r="3" t="187" w="314" /><ent r="3" t="187" w="350" /><ent r="4" t="187" w="1451" /><ent r="3" t="187" w="1468" /><ent r="3" t="187" w="1481" /><ent r="3" t="187" w="1495" /><ent r="3" t="187" w="1504" /><ent r="3" t="187" w="1512" /><ent r="3" t="187" w="1523" /><ent r="3" t="187" w="1531" /><ent r="3" t="187" w="1616" /><ent r="3" t="187" w="1657" /><ent r="3" t="187" w="1683" /><ent r="4" t="188" w="259" /><ent r="4" t="188" w="278" /><ent r="4" t="188" w="309" /><ent r="4" t="188" w="343" /><ent r="3" t="188" w="1176" /></phr><phr n="Toolbar"><ent r="92" t="1" w="207" /><ent r="3" t="1" w="369" /><ent r="3" t="4" w="34" /><ent r="64" t="4" w="223" /><ent r="64" t="4" w="226" /><ent r="64" t="4" w="229" /><ent r="64" t="4" w="233" /><ent r="64" t="4" w="236" /><ent r="64" t="4" w="240" /><ent r="64" t="4" w="243" /><ent r="64" t="4" w="246" /><ent r="64" t="4" w="249" /><ent r="64" t="4" w="252" /><ent r="64" t="4" w="255" /><ent r="64" t="4" w="259" /><ent r="64" t="4" w="263" /><ent r="1000" t="5" w="2" /><ent r="100" t="5" w="5" /><ent r="102" t="5" w="11" /><ent r="68" t="5" w="98" /><ent r="68" t="5" w="134" /><ent r="68" t="5" w="171" /><ent r="1000" t="6" w="2" /><ent r="100" t="6" w="5" /><ent r="102" t="6" w="11" /><ent r="1000" t="7" w="2" /><ent r="100" t="7" w="5" /><ent r="102" t="7" w="11" /><ent r="1000" t="8" w="2" /><ent r="100" t="8" w="5" /><ent r="102" t="8" w="11" /><ent r="3" t="8" w="15" /><ent r="1000" t="9" w="2" /><ent r="102" t="9" w="11" /><ent r="1000" t="10" w="3" /><ent r="100" t="10" w="7" /><ent r="102" t="10" w="15" /><ent r="4" t="10" w="31" /><ent r="3" t="10" w="49" /><ent r="1000" t="11" w="2" /><ent r="100" t="11" w="5" /><ent r="102" t="11" w="11" /><ent r="4" t="11" w="15" /><ent r="3" t="11" w="53" /><ent r="1000" t="12" w="2" /><ent r="100" t="12" w="8" /><ent r="102" t="12" w="14" /><ent r="1000" t="13" w="2" /><ent r="100" t="13" w="5" /><ent r="102" t="13" w="11" /><ent r="3" t="13" w="16" /><ent r="1000" t="14" w="2" /><ent r="102" t="14" w="5" /><ent r="100" t="14" w="10" /><ent r="3" t="14" w="18" /><ent r="4" t="14" w="38" /><ent r="1000" t="15" w="2" /><ent r="102" t="15" w="5" /><ent r="100" t="15" w="11" /><ent r="3" t="15" w="15" /><ent r="1000" t="16" w="3" /><ent r="102" t="16" w="7" /><ent r="100" t="16" w="11" /><ent r="3" t="16" w="16" /><ent r="1000" t="17" w="3" /><ent r="102" t="17" w="7" /><ent r="100" t="17" w="11" /><ent r="64" t="18" w="55" /><ent r="64" t="32" w="121" /><ent r="64" t="35" w="47" /><ent r="6" t="38" w="62" /><ent r="67" t="38" w="72" /><ent r="67" t="38" w="82" /><ent r="67" t="38" w="90" /><ent r="67" t="38" w="97" /><ent r="67" t="38" w="105" /><ent r="67" t="38" w="114" /><ent r="67" t="38" w="124" /><ent r="67" t="38" w="127" /><ent r="64" t="38" w="146" /><ent r="64" t="39" w="64" /><ent r="64" t="40" w="76" /><ent r="64" t="41" w="38" /><ent r="64" t="42" w="19" /><ent r="65" t="42" w="51" /><ent r="64" t="43" w="190" /><ent r="3" t="44" w="95" /><ent r="64" t="46" w="68" /><ent r="64" t="47" w="60" /><ent r="64" t="48" w="103" /><ent r="64" t="49" w="150" /><ent r="64" t="51" w="79" /><ent r="3" t="51" w="126" /><ent r="64" t="52" w="66" /><ent r="64" t="56" w="19" /><ent r="3" t="56" w="58" /><ent r="64" t="56" w="79" /><ent r="4" t="58" w="213" /><ent r="4" t="58" w="225" /><ent r="65" t="58" w="231" /><ent r="64" t="58" w="265" /><ent r="64" t="59" w="47" /><ent r="65" t="60" w="34" /><ent r="65" t="61" w="30" /><ent r="64" t="63" w="34" /><ent r="64" t="64" w="67" /><ent r="65" t="65" w="43" /><ent r="65" t="65" w="195" /><ent r="65" t="65" w="223" /><ent r="65" t="65" w="265" /><ent r="65" t="67" w="75" /><ent r="65" t="67" w="183" /><ent r="65" t="67" w="200" /><ent r="65" t="67" w="230" /><ent r="65" t="67" w="276" /><ent r="3" t="69" w="80" /><ent r="3" t="69" w="131" /><ent r="3" t="69" w="146" /><ent r="4" t="71" w="64" /><ent r="4" t="72" w="51" /><ent r="4" t="72" w="92" /><ent r="64" t="74" w="76" /><ent r="65" t="75" w="60" /><ent r="65" t="77" w="66" /><ent r="64" t="82" w="81" /><ent r="64" t="83" w="106" /><ent r="65" t="84" w="70" /><ent r="64" t="85" w="258" /><ent r="64" t="87" w="80" /><ent r="64" t="87" w="204" /><ent r="66" t="90" w="245" /><ent r="3" t="91" w="52" /><ent r="65" t="91" w="144" /><ent r="3" t="91" w="250" /><ent r="4" t="91" w="274" /><ent r="3" t="91" w="328" /><ent r="64" t="102" w="181" /><ent r="64" t="103" w="114" /><ent r="65" t="110" w="291" /><ent r="3" t="111" w="80" /><ent r="3" t="111" w="101" /><ent r="92" t="115" w="232" /><ent r="64" t="115" w="259" /><ent r="1000" t="116" w="3" /><ent r="102" t="116" w="15" /><ent r="64" t="118" w="95" /><ent r="64" t="120" w="56" /><ent r="3" t="123" w="533" /><ent r="3" t="123" w="589" /><ent r="65" t="126" w="388" /><ent r="64" t="128" w="170" /><ent r="64" t="137" w="83" /><ent r="64" t="138" w="24" /><ent r="4" t="142" w="76" /><ent r="65" t="142" w="101" /><ent r="4" t="142" w="146" /><ent r="4" t="142" w="364" /><ent r="3" t="142" w="483" /><ent r="3" t="142" w="583" /><ent r="3" t="142" w="657" /><ent r="66" t="143" w="175" /><ent r="64" t="151" w="32" /><ent r="64" t="156" w="85" /><ent r="65" t="162" w="98" /><ent r="65" t="167" w="151" /><ent r="3" t="169" w="304" /><ent r="4" t="169" w="334" /><ent r="65" t="170" w="69" /><ent r="65" t="172" w="131" /><ent r="65" t="173" w="91" /><ent r="65" t="175" w="103" /><ent r="65" t="177" w="43" /><ent r="65" t="179" w="321" /><ent r="64" t="179" w="324" /><ent r="64" t="179" w="327" /><ent r="64" t="179" w="330" /><ent r="3" t="179" w="642" /><ent r="3" t="179" w="792" /><ent r="4" t="179" w="858" /><ent r="4" t="179" w="901" /><ent r="4" t="179" w="955" /><ent r="4" t="179" w="997" /><ent r="4" t="179" w="1018" /><ent r="4" t="179" w="1076" /><ent r="3" t="179" w="1176" /><ent r="92" t="179" w="1764" /><ent r="3" t="179" w="1769" /><ent r="4" t="179" w="1800" /><ent r="4" t="179" w="1861" /><ent r="4" t="179" w="1908" /><ent r="3" t="179" w="2006" /><ent r="3" t="179" w="2145" /><ent r="100" t="180" w="41" /><ent r="4" t="180" w="107" /><ent r="65" t="180" w="465" /><ent r="65" t="180" w="468" /><ent r="65" t="180" w="471" /><ent r="65" t="180" w="474" /><ent r="64" t="180" w="477" /><ent r="64" t="180" w="481" /><ent r="4" t="180" w="822" /><ent r="4" t="180" w="850" /><ent r="4" t="180" w="867" /><ent r="3" t="180" w="1136" /><ent r="3" t="180" w="1371" /><ent r="4" t="180" w="1738" /><ent r="92" t="180" w="1781" /><ent r="4" t="180" w="1820" /><ent r="65" t="180" w="1856" /><ent r="4" t="180" w="1863" /><ent r="4" t="180" w="1885" /><ent r="4" t="180" w="1931" /><ent r="4" t="180" w="1963" /><ent r="4" t="180" w="1989" /><ent r="4" t="180" w="2274" /><ent r="4" t="180" w="2362" /><ent r="4" t="180" w="2381" /><ent r="4" t="180" w="2741" /><ent r="4" t="180" w="2774" /><ent r="4" t="180" w="2834" /><ent r="4" t="180" w="3048" /><ent r="3" t="181" w="142" /><ent r="3" t="181" w="176" /><ent r="64" t="181" w="185" /><ent r="64" t="181" w="188" /><ent r="64" t="181" w="192" /><ent r="4" t="181" w="636" /><ent r="4" t="181" w="654" /><ent r="4" t="181" w="713" /><ent r="4" t="181" w="726" /><ent r="4" t="181" w="888" /><ent r="4" t="181" w="946" /><ent r="4" t="181" w="982" /><ent r="4" t="181" w="1043" /><ent r="64" t="182" w="145" /><ent r="64" t="182" w="148" /><ent r="64" t="182" w="151" /><ent r="64" t="182" w="155" /><ent r="4" t="182" w="388" /><ent r="4" t="182" w="399" /><ent r="4" t="182" w="476" /><ent r="4" t="182" w="1164" /><ent r="64" t="183" w="423" /><ent r="64" t="183" w="426" /><ent r="64" t="183" w="430" /><ent r="4" t="183" w="683" /><ent r="4" t="183" w="699" /><ent r="4" t="183" w="766" /><ent r="4" t="183" w="784" /><ent r="3" t="183" w="941" /><ent r="4" t="183" w="991" /><ent r="64" t="184" w="426" /><ent r="64" t="184" w="429" /><ent r="64" t="184" w="432" /><ent r="3" t="184" w="741" /><ent r="4" t="184" w="873" /><ent r="4" t="184" w="945" /><ent r="64" t="186" w="300" /><ent r="64" t="186" w="303" /><ent r="64" t="186" w="306" /><ent r="3" t="186" w="576" /><ent r="4" t="186" w="625" /><ent r="3" t="186" w="643" /><ent r="5" t="186" w="686" /><ent r="3" t="186" w="959" /><ent r="4" t="186" w="1001" /><ent r="3" t="186" w="1006" /><ent r="4" t="186" w="1138" /><ent r="64" t="187" w="309" /><ent r="6" t="187" w="1215" /><ent r="4" t="187" w="1243" /><ent r="64" t="188" w="217" /><ent r="4" t="188" w="1295" /><ent r="64" t="190" w="14" /><ent r="3" t="198" w="43" /><ent r="3" t="198" w="49" /><ent r="64" t="213" w="135" /><ent r="64" t="227" w="31" /><ent r="3" t="227" w="200" /><ent r="64" t="234" w="14" /><ent r="64" t="235" w="14" /><ent r="64" t="237" w="103" /><ent r="6" t="239" w="61" /><ent r="6" t="240" w="67" /><ent r="6" t="241" w="64" /><ent r="6" t="242" w="52" /><ent r="7" t="242" w="66" /></phr><phr n="Toolbars"><ent r="3" t="1" w="258" /><ent r="5" t="1" w="287" /><ent r="3" t="1" w="382" /><ent r="64" t="1" w="440" /><ent r="1000" t="4" w="1" /><ent r="102" t="4" w="5" /><ent r="3" t="4" w="56" /><ent r="92" t="4" w="119" /><ent r="5" t="4" w="142" /><ent r="92" t="4" w="220" /><ent r="3" t="77" w="185" /><ent r="4" t="77" w="290" /><ent r="5" t="90" w="228" /><ent r="5" t="90" w="239" /><ent r="5" t="91" w="320" /><ent r="82" t="178" w="212" /><ent r="3" t="179" w="312" /><ent r="5" t="179" w="353" /><ent r="5" t="179" w="447" /><ent r="5" t="179" w="1811" /><ent r="3" t="180" w="458" /><ent r="5" t="180" w="504" /><ent r="5" t="180" w="598" /><ent r="5" t="180" w="1976" /><ent r="3" t="181" w="178" /><ent r="5" t="181" w="215" /><ent r="5" t="181" w="309" /><ent r="5" t="181" w="1034" /><ent r="3" t="182" w="138" /><ent r="5" t="182" w="178" /><ent r="5" t="182" w="272" /><ent r="3" t="183" w="416" /><ent r="5" t="183" w="453" /><ent r="5" t="183" w="547" /><ent r="3" t="184" w="419" /><ent r="5" t="184" w="455" /><ent r="5" t="184" w="549" /><ent r="3" t="186" w="293" /><ent r="5" t="186" w="329" /><ent r="5" t="186" w="423" /><ent r="3" t="187" w="301" /><ent r="4" t="187" w="331" /><ent r="4" t="188" w="208" /><ent r="5" t="188" w="240" /><ent r="5" t="188" w="334" /><ent r="7" t="242" w="58" /></phr></stem><stem n="open"><phr n="open"><ent r="3" t="1" w="24" /><ent r="3" t="1" w="132" /><ent r="3" t="11" w="50" /><ent r="100" t="18" w="5" /><ent r="100" t="18" w="7" /><ent r="3" t="18" w="189" /><ent r="100" t="19" w="8" /><ent r="100" t="19" w="10" /><ent r="3" t="19" w="21" /><ent r="3" t="19" w="32" /><ent r="3" t="19" w="46" /><ent r="3" t="19" w="65" /><ent r="3" t="19" w="131" /><ent r="3" t="19" w="143" /><ent r="3" t="19" w="157" /><ent r="3" t="32" w="88" /><ent r="4" t="32" w="183" /><ent r="4" t="52" w="29" /><ent r="4" t="62" w="34" /><ent r="3" t="62" w="210" /><ent r="3" t="74" w="45" /><ent r="4" t="77" w="34" /><ent r="100" t="78" w="10" /><ent r="100" t="78" w="12" /><ent r="3" t="78" w="19" /><ent r="3" t="78" w="29" /><ent r="4" t="78" w="68" /><ent r="3" t="79" w="115" /><ent r="3" t="81" w="25" /><ent r="3" t="83" w="58" /><ent r="3" t="83" w="95" /><ent r="4" t="96" w="237" /><ent r="3" t="102" w="148" /><ent r="3" t="103" w="83" /><ent r="3" t="104" w="117" /><ent r="3" t="106" w="76" /><ent r="4" t="106" w="117" /><ent r="4" t="107" w="58" /><ent r="4" t="108" w="71" /><ent r="4" t="109" w="72" /><ent r="100" t="115" w="15" /><ent r="100" t="115" w="74" /><ent r="3" t="115" w="77" /><ent r="7" t="116" w="40" /><ent r="100" t="118" w="6" /><ent r="100" t="118" w="12" /><ent r="3" t="118" w="18" /><ent r="3" t="118" w="29" /><ent r="4" t="118" w="114" /><ent r="3" t="123" w="102" /><ent r="4" t="123" w="234" /><ent r="4" t="123" w="298" /><ent r="4" t="123" w="375" /><ent r="4" t="123" w="419" /><ent r="4" t="123" w="514" /><ent r="4" t="123" w="576" /><ent r="4" t="144" w="30" /><ent r="4" t="145" w="30" /><ent r="4" t="147" w="69" /><ent r="4" t="148" w="69" /><ent r="4" t="149" w="82" /><ent r="4" t="150" w="76" /><ent r="4" t="151" w="72" /><ent r="4" t="152" w="68" /><ent r="4" t="153" w="65" /><ent r="4" t="154" w="65" /><ent r="4" t="155" w="75" /><ent r="3" t="156" w="56" /><ent r="3" t="156" w="192" /><ent r="3" t="157" w="74" /><ent r="3" t="157" w="151" /><ent r="4" t="158" w="85" /><ent r="3" t="158" w="185" /><ent r="4" t="158" w="782" /><ent r="4" t="159" w="44" /><ent r="3" t="159" w="189" /><ent r="3" t="160" w="88" /><ent r="4" t="161" w="68" /><ent r="3" t="161" w="261" /><ent r="4" t="162" w="57" /><ent r="3" t="162" w="190" /><ent r="4" t="163" w="47" /><ent r="3" t="163" w="124" /><ent r="4" t="164" w="63" /><ent r="3" t="164" w="220" /><ent r="3" t="165" w="84" /><ent r="3" t="165" w="155" /><ent r="3" t="170" w="127" /><ent r="4" t="176" w="394" /><ent r="4" t="179" w="1145" /><ent r="3" t="181" w="429" /><ent r="3" t="181" w="1484" /><ent r="4" t="182" w="1111" /><ent r="4" t="182" w="1120" /><ent r="3" t="182" w="1717" /><ent r="4" t="184" w="1047" /><ent r="4" t="187" w="1800" /><ent r="3" t="188" w="1563" /><ent r="3" t="195" w="186" /><ent r="3" t="195" w="192" /><ent r="3" t="195" w="199" /><ent r="3" t="195" w="202" /><ent r="3" t="195" w="209" /><ent r="3" t="195" w="213" /><ent r="4" t="195" w="511" /><ent r="3" t="198" w="34" /><ent r="3" t="227" w="71" /><ent r="4" t="229" w="69" /><ent r="7" t="240" w="92" /><ent r="100" t="240" w="114" /><ent r="7" t="240" w="128" /><ent r="7" t="240" w="205" /></phr><phr n="Opens"><ent r="5" t="3" w="132" /><ent r="7" t="5" w="271" /><ent r="7" t="5" w="280" /><ent r="7" t="6" w="74" /><ent r="7" t="9" w="65" /><ent r="7" t="116" w="56" /><ent r="6" t="169" w="484" /><ent r="7" t="240" w="118" /><ent r="7" t="241" w="88" /></phr><phr n="Open"><ent r="5" t="18" w="184" /><ent r="64" t="18" w="261" /><ent r="1000" t="19" w="1" /><ent r="102" t="19" w="13" /><ent r="92" t="19" w="37" /><ent r="3" t="19" w="108" /><ent r="5" t="21" w="437" /><ent r="3" t="31" w="45" /><ent r="5" t="32" w="112" /><ent r="3" t="32" w="125" /><ent r="4" t="32" w="145" /><ent r="5" t="32" w="188" /><ent r="5" t="44" w="255" /><ent r="64" t="76" w="133" /><ent r="64" t="77" w="404" /><ent r="1000" t="78" w="1" /><ent r="102" t="78" w="5" /><ent r="4" t="78" w="95" /><ent r="5" t="78" w="120" /><ent r="64" t="79" w="124" /><ent r="64" t="80" w="247" /><ent r="5" t="95" w="137" /><ent r="65" t="98" w="21" /><ent r="64" t="115" w="564" /><ent r="64" t="117" w="268" /><ent r="1000" t="118" w="1" /><ent r="102" t="118" w="8" /><ent r="5" t="118" w="74" /><ent r="3" t="118" w="99" /><ent r="4" t="118" w="104" /><ent r="5" t="118" w="118" /><ent r="4" t="119" w="24" /><ent r="65" t="119" w="95" /><ent r="5" t="133" w="72" /><ent r="4" t="161" w="104" /><ent r="4" t="179" w="56" /><ent r="5" t="179" w="576" /><ent r="4" t="179" w="681" /><ent r="4" t="179" w="1846" /><ent r="5" t="179" w="2342" /><ent r="4" t="180" w="96" /><ent r="5" t="180" w="802" /><ent r="92" t="181" w="385" /><ent r="4" t="181" w="531" /><ent r="5" t="181" w="593" /><ent r="4" t="183" w="61" /><ent r="5" t="183" w="656" /><ent r="5" t="183" w="830" /><ent r="4" t="184" w="53" /><ent r="92" t="184" w="625" /><ent r="4" t="184" w="644" /><ent r="5" t="184" w="666" /><ent r="92" t="185" w="232" /><ent r="5" t="185" w="489" /><ent r="5" t="186" w="547" /><ent r="5" t="186" w="875" /><ent r="5" t="188" w="448" /><ent r="4" t="188" w="452" /><ent r="5" t="188" w="488" /><ent r="4" t="188" w="719" /><ent r="5" t="200" w="119" /><ent r="7" t="240" w="112" /></phr><phr n="opens"><ent r="3" t="19" w="168" /><ent r="6" t="49" w="356" /><ent r="3" t="96" w="277" /><ent r="4" t="118" w="53" /><ent r="4" t="119" w="89" /><ent r="3" t="127" w="53" /><ent r="4" t="181" w="806" /><ent r="4" t="184" w="674" /><ent r="4" t="188" w="431" /></phr><phr n="opened"><ent r="4" t="75" w="37" /><ent r="3" t="81" w="234" /><ent r="4" t="156" w="272" /><ent r="3" t="195" w="233" /><ent r="7" t="199" w="503" /></phr><phr n="opening"><ent r="3" t="108" w="183" /><ent r="3" t="121" w="77" /><ent r="3" t="123" w="145" /><ent r="3" t="169" w="626" /></phr></stem><stem n="displai"><phr n="displayed"><ent r="3" t="1" w="33" /><ent r="3" t="1" w="171" /><ent r="4" t="1" w="294" /><ent r="4" t="1" w="342" /><ent r="3" t="1" w="467" /><ent r="3" t="1" w="504" /><ent r="4" t="4" w="149" /><ent r="4" t="4" w="199" /><ent r="6" t="7" w="201" /><ent r="4" t="10" w="35" /><ent r="4" t="10" w="39" /><ent r="7" t="10" w="106" /><ent r="6" t="14" w="277" /><ent r="6" t="14" w="377" /><ent r="6" t="14" w="414" /><ent r="4" t="18" w="100" /><ent r="3" t="18" w="246" /><ent r="4" t="21" w="476" /><ent r="4" t="24" w="55" /><ent r="4" t="26" w="191" /><ent r="3" t="27" w="64" /><ent r="4" t="29" w="53" /><ent r="4" t="30" w="48" /><ent r="3" t="31" w="36" /><ent r="4" t="32" w="150" /><ent r="7" t="39" w="147" /><ent r="3" t="43" w="87" /><ent r="4" t="44" w="155" /><ent r="4" t="44" w="220" /><ent r="4" t="44" w="273" /><ent r="3" t="44" w="330" /><ent r="3" t="44" w="629" /><ent r="4" t="44" w="661" /><ent r="4" t="47" w="79" /><ent r="4" t="47" w="248" /><ent r="4" t="47" w="313" /><ent r="4" t="48" w="118" /><ent r="3" t="49" w="104" /><ent r="3" t="49" w="166" /><ent r="3" t="49" w="249" /><ent r="4" t="49" w="483" /><ent r="3" t="49" w="624" /><ent r="4" t="49" w="641" /><ent r="3" t="50" w="70" /><ent r="4" t="50" w="145" /><ent r="4" t="50" w="199" /><ent r="3" t="50" w="228" /><ent r="4" t="51" w="103" /><ent r="3" t="53" w="28" /><ent r="4" t="53" w="67" /><ent r="4" t="54" w="53" /><ent r="4" t="54" w="70" /><ent r="3" t="55" w="114" /><ent r="4" t="57" w="58" /><ent r="3" t="57" w="95" /><ent r="3" t="57" w="116" /><ent r="4" t="58" w="216" /><ent r="3" t="60" w="48" /><ent r="3" t="62" w="75" /><ent r="4" t="67" w="116" /><ent r="4" t="70" w="116" /><ent r="3" t="74" w="90" /><ent r="3" t="77" w="80" /><ent r="3" t="77" w="120" /><ent r="3" t="77" w="149" /><ent r="3" t="77" w="154" /><ent r="4" t="78" w="101" /><ent r="4" t="79" w="69" /><ent r="4" t="79" w="83" /><ent r="4" t="80" w="140" /><ent r="4" t="80" w="188" /><ent r="4" t="80" w="236" /><ent r="4" t="81" w="52" /><ent r="4" t="81" w="291" /><ent r="4" t="81" w="317" /><ent r="3" t="81" w="391" /><ent r="3" t="83" w="136" /><ent r="4" t="85" w="93" /><ent r="4" t="85" w="122" /><ent r="4" t="85" w="177" /><ent r="4" t="85" w="206" /><ent r="4" t="85" w="279" /><ent r="4" t="86" w="76" /><ent r="3" t="87" w="33" /><ent r="3" t="87" w="42" /><ent r="3" t="87" w="126" /><ent r="4" t="88" w="60" /><ent r="3" t="88" w="79" /><ent r="3" t="90" w="58" /><ent r="3" t="90" w="100" /><ent r="6" t="90" w="483" /><ent r="5" t="90" w="602" /><ent r="5" t="90" w="607" /><ent r="5" t="90" w="630" /><ent r="4" t="91" w="210" /><ent r="3" t="91" w="237" /><ent r="4" t="91" w="317" /><ent r="3" t="91" w="331" /><ent r="4" t="92" w="82" /><ent r="4" t="92" w="120" /><ent r="3" t="93" w="126" /><ent r="4" t="93" w="140" /><ent r="3" t="94" w="18" /><ent r="4" t="94" w="66" /><ent r="3" t="94" w="144" /><ent r="4" t="95" w="123" /><ent r="4" t="95" w="244" /><ent r="4" t="96" w="115" /><ent r="4" t="97" w="65" /><ent r="4" t="97" w="78" /><ent r="3" t="98" w="44" /><ent r="3" t="99" w="54" /><ent r="3" t="99" w="136" /><ent r="3" t="99" w="141" /><ent r="3" t="100" w="132" /><ent r="4" t="100" w="172" /><ent r="3" t="101" w="135" /><ent r="4" t="101" w="176" /><ent r="4" t="105" w="28" /><ent r="4" t="105" w="48" /><ent r="4" t="105" w="55" /><ent r="4" t="105" w="70" /><ent r="4" t="105" w="87" /><ent r="3" t="106" w="23" /><ent r="3" t="107" w="25" /><ent r="3" t="107" w="32" /><ent r="3" t="108" w="30" /><ent r="4" t="108" w="304" /><ent r="3" t="109" w="31" /><ent r="4" t="109" w="483" /><ent r="3" t="110" w="235" /><ent r="3" t="110" w="314" /><ent r="3" t="110" w="481" /><ent r="3" t="111" w="136" /><ent r="3" t="115" w="111" /><ent r="3" t="115" w="160" /><ent r="3" t="115" w="340" /><ent r="3" t="115" w="390" /><ent r="7" t="116" w="256" /><ent r="7" t="116" w="290" /><ent r="3" t="117" w="44" /><ent r="4" t="118" w="126" /><ent r="4" t="120" w="75" /><ent r="4" t="122" w="46" /><ent r="3" t="124" w="36" /><ent r="3" t="124" w="73" /><ent r="3" t="125" w="51" /><ent r="3" t="125" w="149" /><ent r="3" t="125" w="232" /><ent r="3" t="125" w="263" /><ent r="3" t="125" w="561" /><ent r="3" t="125" w="585" /><ent r="3" t="125" w="692" /><ent r="3" t="125" w="709" /><ent r="4" t="125" w="758" /><ent r="4" t="125" w="796" /><ent r="3" t="126" w="88" /><ent r="3" t="126" w="193" /><ent r="4" t="126" w="352" /><ent r="4" t="129" w="61" /><ent r="3" t="137" w="23" /><ent r="3" t="140" w="40" /><ent r="3" t="140" w="218" /><ent r="3" t="141" w="87" /><ent r="4" t="142" w="95" /><ent r="4" t="142" w="141" /><ent r="3" t="142" w="200" /><ent r="4" t="142" w="250" /><ent r="3" t="142" w="413" /><ent r="4" t="143" w="133" /><ent r="5" t="143" w="242" /><ent r="4" t="153" w="354" /><ent r="4" t="153" w="789" /><ent r="4" t="156" w="130" /><ent r="4" t="156" w="285" /><ent r="3" t="156" w="343" /><ent r="4" t="156" w="413" /><ent r="3" t="156" w="704" /><ent r="3" t="157" w="65" /><ent r="3" t="157" w="319" /><ent r="4" t="157" w="389" /><ent r="3" t="157" w="677" /><ent r="3" t="158" w="138" /><ent r="3" t="158" w="231" /><ent r="3" t="158" w="315" /><ent r="4" t="158" w="386" /><ent r="3" t="158" w="674" /><ent r="4" t="158" w="828" /><ent r="3" t="159" w="94" /><ent r="3" t="160" w="58" /><ent r="3" t="160" w="161" /><ent r="3" t="160" w="216" /><ent r="3" t="160" w="253" /><ent r="3" t="161" w="125" /><ent r="3" t="161" w="155" /><ent r="3" t="163" w="34" /><ent r="4" t="163" w="87" /><ent r="3" t="164" w="106" /><ent r="3" t="165" w="65" /><ent r="4" t="165" w="118" /><ent r="3" t="165" w="246" /><ent r="5" t="165" w="264" /><ent r="5" t="165" w="269" /><ent r="4" t="165" w="290" /><ent r="4" t="165" w="406" /><ent r="4" t="165" w="794" /><ent r="3" t="166" w="160" /><ent r="4" t="167" w="166" /><ent r="4" t="167" w="714" /><ent r="3" t="167" w="950" /><ent r="3" t="167" w="982" /><ent r="3" t="169" w="126" /><ent r="3" t="169" w="345" /><ent r="3" t="169" w="401" /><ent r="3" t="170" w="83" /><ent r="4" t="172" w="134" /><ent r="4" t="172" w="166" /><ent r="4" t="175" w="129" /><ent r="3" t="177" w="58" /><ent r="4" t="177" w="118" /><ent r="3" t="179" w="160" /><ent r="3" t="179" w="174" /><ent r="4" t="179" w="360" /><ent r="4" t="179" w="410" /><ent r="3" t="179" w="714" /><ent r="4" t="179" w="1182" /><ent r="3" t="179" w="1197" /><ent r="3" t="179" w="1241" /><ent r="3" t="179" w="1293" /><ent r="3" t="179" w="1320" /><ent r="3" t="179" w="1337" /><ent r="4" t="179" w="1677" /><ent r="4" t="179" w="1831" /><ent r="4" t="179" w="1914" /><ent r="4" t="179" w="2068" /><ent r="3" t="179" w="2092" /><ent r="4" t="179" w="2154" /><ent r="4" t="179" w="2249" /><ent r="3" t="180" w="195" /><ent r="3" t="180" w="220" /><ent r="3" t="180" w="369" /><ent r="3" t="180" w="378" /><ent r="4" t="180" w="511" /><ent r="4" t="180" w="561" /><ent r="4" t="180" w="890" /><ent r="4" t="180" w="1054" /><ent r="3" t="180" w="1065" /><ent r="3" t="180" w="1079" /><ent r="3" t="180" w="1262" /><ent r="3" t="180" w="1379" /><ent r="3" t="180" w="1443" /><ent r="4" t="180" w="1716" /><ent r="3" t="180" w="2002" /><ent r="3" t="180" w="2008" /><ent r="3" t="180" w="2886" /><ent r="4" t="181" w="222" /><ent r="4" t="181" w="272" /><ent r="3" t="181" w="1211" /><ent r="3" t="181" w="1546" /><ent r="3" t="181" w="1555" /><ent r="4" t="182" w="185" /><ent r="4" t="182" w="235" /><ent r="4" t="182" w="478" /><ent r="3" t="182" w="509" /><ent r="4" t="182" w="527" /><ent r="3" t="182" w="606" /><ent r="3" t="182" w="1350" /><ent r="3" t="182" w="1368" /><ent r="3" t="182" w="1407" /><ent r="3" t="183" w="53" /><ent r="4" t="183" w="80" /><ent r="4" t="183" w="460" /><ent r="4" t="183" w="510" /><ent r="3" t="183" w="1129" /><ent r="4" t="184" w="462" /><ent r="4" t="184" w="512" /><ent r="4" t="184" w="755" /><ent r="4" t="185" w="560" /><ent r="4" t="186" w="197" /><ent r="4" t="186" w="213" /><ent r="4" t="186" w="336" /><ent r="4" t="186" w="386" /><ent r="3" t="186" w="600" /><ent r="4" t="186" w="707" /><ent r="4" t="186" w="895" /><ent r="3" t="186" w="1066" /><ent r="3" t="187" w="338" /><ent r="4" t="187" w="440" /><ent r="3" t="187" w="480" /><ent r="3" t="187" w="528" /><ent r="4" t="187" w="632" /><ent r="3" t="187" w="681" /><ent r="4" t="187" w="721" /><ent r="4" t="187" w="768" /><ent r="3" t="187" w="878" /><ent r="3" t="187" w="966" /><ent r="4" t="188" w="247" /><ent r="4" t="188" w="297" /><ent r="4" t="188" w="456" /><ent r="4" t="188" w="494" /><ent r="3" t="188" w="843" /><ent r="4" t="188" w="1514" /><ent r="3" t="188" w="1573" /><ent r="4" t="189" w="47" /><ent r="4" t="189" w="56" /><ent r="4" t="189" w="105" /><ent r="3" t="191" w="25" /><ent r="3" t="192" w="82" /><ent r="3" t="195" w="177" /><ent r="3" t="195" w="299" /><ent r="4" t="195" w="732" /><ent r="3" t="198" w="45" /><ent r="3" t="198" w="66" /><ent r="3" t="198" w="81" /><ent r="3" t="198" w="172" /><ent r="3" t="198" w="307" /><ent r="3" t="198" w="393" /><ent r="7" t="199" w="597" /><ent r="3" t="208" w="149" /><ent r="3" t="208" w="172" /><ent r="3" t="209" w="117" /><ent r="3" t="213" w="38" /><ent r="4" t="213" w="180" /><ent r="3" t="213" w="444" /><ent r="4" t="213" w="514" /><ent r="3" t="213" w="809" /><ent r="3" t="219" w="62" /><ent r="3" t="219" w="198" /><ent r="3" t="219" w="278" /><ent r="3" t="227" w="49" /><ent r="3" t="227" w="118" /><ent r="3" t="227" w="189" /><ent r="4" t="228" w="88" /><ent r="3" t="229" w="26" /><ent r="4" t="231" w="44" /><ent r="3" t="231" w="72" /><ent r="3" t="231" w="118" /><ent r="4" t="231" w="179" /><ent r="3" t="231" w="217" /><ent r="4" t="231" w="261" /><ent r="4" t="231" w="329" /><ent r="3" t="238" w="119" /><ent r="3" t="238" w="408" /><ent r="7" t="241" w="158" /><ent r="7" t="241" w="196" /></phr><phr n="display"><ent r="3" t="1" w="49" /><ent r="3" t="1" w="520" /><ent r="3" t="4" w="126" /><ent r="6" t="7" w="132" /><ent r="6" t="7" w="140" /><ent r="6" t="7" w="150" /><ent r="6" t="7" w="160" /><ent r="6" t="7" w="172" /><ent r="6" t="7" w="184" /><ent r="6" t="7" w="225" /><ent r="6" t="7" w="234" /><ent r="5" t="7" w="246" /><ent r="5" t="7" w="256" /><ent r="6" t="7" w="274" /><ent r="6" t="7" w="284" /><ent r="7" t="7" w="306" /><ent r="7" t="8" w="83" /><ent r="7" t="8" w="105" /><ent r="7" t="10" w="88" /><ent r="7" t="10" w="100" /><ent r="6" t="13" w="91" /><ent r="5" t="13" w="104" /><ent r="5" t="13" w="121" /><ent r="7" t="13" w="137" /><ent r="3" t="20" w="13" /><ent r="4" t="20" w="306" /><ent r="3" t="21" w="339" /><ent r="3" t="35" w="16" /><ent r="3" t="36" w="20" /><ent r="4" t="36" w="67" /><ent r="4" t="36" w="78" /><ent r="4" t="36" w="84" /><ent r="3" t="39" w="19" /><ent r="7" t="39" w="80" /><ent r="7" t="39" w="93" /><ent r="7" t="39" w="104" /><ent r="7" t="39" w="117" /><ent r="7" t="39" w="130" /><ent r="7" t="39" w="172" /><ent r="7" t="39" w="179" /><ent r="7" t="39" w="186" /><ent r="3" t="40" w="23" /><ent r="4" t="40" w="100" /><ent r="4" t="40" w="125" /><ent r="4" t="40" w="149" /><ent r="4" t="40" w="172" /><ent r="3" t="42" w="32" /><ent r="4" t="42" w="62" /><ent r="3" t="43" w="15" /><ent r="3" t="44" w="19" /><ent r="3" t="44" w="63" /><ent r="3" t="44" w="101" /><ent r="4" t="44" w="386" /><ent r="3" t="46" w="20" /><ent r="4" t="47" w="29" /><ent r="3" t="47" w="94" /><ent r="3" t="47" w="113" /><ent r="3" t="48" w="51" /><ent r="3" t="52" w="19" /><ent r="4" t="53" w="59" /><ent r="3" t="57" w="86" /><ent r="3" t="62" w="177" /><ent r="3" t="67" w="49" /><ent r="3" t="68" w="31" /><ent r="3" t="74" w="272" /><ent r="3" t="77" w="214" /><ent r="3" t="77" w="270" /><ent r="3" t="85" w="65" /><ent r="3" t="85" w="73" /><ent r="4" t="85" w="87" /><ent r="3" t="85" w="157" /><ent r="4" t="85" w="171" /><ent r="3" t="85" w="225" /><ent r="4" t="85" w="273" /><ent r="3" t="86" w="22" /><ent r="3" t="86" w="34" /><ent r="3" t="86" w="91" /><ent r="3" t="86" w="95" /><ent r="4" t="86" w="115" /><ent r="3" t="86" w="152" /><ent r="3" t="87" w="20" /><ent r="3" t="87" w="49" /><ent r="3" t="87" w="102" /><ent r="4" t="89" w="123" /><ent r="3" t="90" w="29" /><ent r="3" t="90" w="120" /><ent r="7" t="90" w="201" /><ent r="5" t="90" w="232" /><ent r="5" t="90" w="258" /><ent r="5" t="90" w="272" /><ent r="5" t="90" w="289" /><ent r="7" t="90" w="338" /><ent r="7" t="90" w="466" /><ent r="7" t="90" w="702" /><ent r="4" t="91" w="128" /><ent r="3" t="92" w="103" /><ent r="4" t="93" w="73" /><ent r="3" t="94" w="97" /><ent r="3" t="94" w="154" /><ent r="5" t="95" w="68" /><ent r="3" t="95" w="84" /><ent r="4" t="95" w="147" /><ent r="5" t="95" w="192" /><ent r="3" t="95" w="209" /><ent r="5" t="96" w="69" /><ent r="3" t="96" w="86" /><ent r="3" t="98" w="58" /><ent r="3" t="98" w="72" /><ent r="4" t="100" w="92" /><ent r="4" t="101" w="95" /><ent r="4" t="105" w="66" /><ent r="4" t="105" w="82" /><ent r="4" t="106" w="166" /><ent r="4" t="107" w="108" /><ent r="3" t="108" w="26" /><ent r="4" t="108" w="121" /><ent r="3" t="109" w="26" /><ent r="4" t="109" w="122" /><ent r="4" t="110" w="299" /><ent r="3" t="113" w="21" /><ent r="3" t="123" w="601" /><ent r="3" t="125" w="78" /><ent r="3" t="125" w="139" /><ent r="3" t="131" w="188" /><ent r="3" t="132" w="39" /><ent r="3" t="137" w="28" /><ent r="3" t="137" w="173" /><ent r="3" t="143" w="14" /><ent r="5" t="143" w="225" /><ent r="5" t="143" w="278" /><ent r="4" t="144" w="76" /><ent r="3" t="146" w="22" /><ent r="4" t="147" w="115" /><ent r="4" t="148" w="115" /><ent r="4" t="149" w="129" /><ent r="4" t="150" w="126" /><ent r="4" t="151" w="117" /><ent r="4" t="152" w="117" /><ent r="4" t="153" w="111" /><ent r="4" t="153" w="576" /><ent r="5" t="153" w="692" /><ent r="4" t="153" w="1011" /><ent r="5" t="153" w="1127" /><ent r="3" t="153" w="1161" /><ent r="4" t="154" w="114" /><ent r="4" t="155" w="122" /><ent r="3" t="156" w="14" /><ent r="3" t="156" w="225" /><ent r="4" t="156" w="251" /><ent r="4" t="156" w="291" /><ent r="4" t="156" w="841" /><ent r="3" t="157" w="212" /><ent r="3" t="157" w="229" /><ent r="3" t="157" w="240" /><ent r="3" t="157" w="271" /><ent r="4" t="158" w="845" /><ent r="3" t="164" w="44" /><ent r="3" t="164" w="179" /><ent r="3" t="165" w="77" /><ent r="5" t="165" w="213" /><ent r="3" t="165" w="313" /><ent r="5" t="165" w="725" /><ent r="3" t="166" w="119" /><ent r="3" t="168" w="71" /><ent r="4" t="168" w="268" /><ent r="4" t="168" w="315" /><ent r="4" t="172" w="103" /><ent r="68" t="178" w="268" /><ent r="3" t="179" w="130" /><ent r="3" t="179" w="151" /><ent r="3" t="179" w="190" /><ent r="3" t="179" w="217" /><ent r="4" t="179" w="460" /><ent r="68" t="179" w="485" /><ent r="3" t="179" w="675" /><ent r="3" t="179" w="992" /><ent r="4" t="179" w="1415" /><ent r="3" t="179" w="1431" /><ent r="4" t="179" w="1480" /><ent r="4" t="179" w="1797" /><ent r="4" t="179" w="2205" /><ent r="4" t="179" w="2353" /><ent r="4" t="180" w="611" /><ent r="68" t="180" w="636" /><ent r="4" t="180" w="816" /><ent r="3" t="180" w="1345" /><ent r="4" t="181" w="322" /><ent r="68" t="181" w="347" /><ent r="4" t="181" w="1039" /><ent r="3" t="181" w="1492" /><ent r="4" t="181" w="1520" /><ent r="3" t="181" w="1540" /><ent r="4" t="182" w="285" /><ent r="68" t="182" w="310" /><ent r="3" t="183" w="44" /><ent r="4" t="183" w="560" /><ent r="68" t="183" w="585" /><ent r="4" t="183" w="931" /><ent r="3" t="183" w="1118" /><ent r="4" t="184" w="562" /><ent r="68" t="184" w="587" /><ent r="4" t="184" w="687" /><ent r="3" t="184" w="726" /><ent r="4" t="184" w="892" /><ent r="4" t="184" w="901" /><ent r="68" t="185" w="194" /><ent r="4" t="186" w="436" /><ent r="68" t="186" w="461" /><ent r="3" t="186" w="592" /><ent r="4" t="186" w="920" /><ent r="68" t="187" w="382" /><ent r="4" t="187" w="473" /><ent r="3" t="187" w="489" /><ent r="4" t="187" w="520" /><ent r="3" t="187" w="537" /><ent r="4" t="187" w="623" /><ent r="3" t="187" w="690" /><ent r="4" t="187" w="712" /><ent r="5" t="187" w="731" /><ent r="4" t="187" w="765" /><ent r="4" t="187" w="777" /><ent r="3" t="187" w="1381" /><ent r="4" t="187" w="1831" /><ent r="4" t="188" w="347" /><ent r="68" t="188" w="372" /><ent r="4" t="188" w="567" /><ent r="4" t="188" w="603" /><ent r="4" t="188" w="653" /><ent r="7" t="188" w="1059" /><ent r="3" t="188" w="1337" /><ent r="3" t="189" w="24" /><ent r="4" t="189" w="115" /><ent r="3" t="208" w="56" /><ent r="3" t="208" w="73" /><ent r="3" t="208" w="84" /><ent r="3" t="208" w="92" /><ent r="3" t="208" w="185" /><ent r="4" t="208" w="513" /><ent r="3" t="208" w="695" /><ent r="3" t="210" w="35" /><ent r="6" t="230" w="393" /><ent r="6" t="230" w="662" /><ent r="7" t="242" w="103" /><ent r="7" t="242" w="118" /></phr><phr n="displaying"><ent r="3" t="1" w="54" /><ent r="100" t="4" w="115" /><ent r="3" t="150" w="29" /><ent r="3" t="183" w="33" /></phr><phr n="Display"><ent r="100" t="1" w="444" /><ent r="92" t="1" w="448" /><ent r="3" t="1" w="453" /><ent r="3" t="1" w="479" /><ent r="64" t="4" w="228" /><ent r="1000" t="7" w="1" /><ent r="100" t="7" w="4" /><ent r="100" t="7" w="8" /><ent r="102" t="7" w="10" /><ent r="4" t="21" w="326" /><ent r="4" t="21" w="331" /><ent r="64" t="21" w="533" /><ent r="64" t="35" w="46" /><ent r="67" t="38" w="71" /><ent r="67" t="38" w="81" /><ent r="67" t="38" w="89" /><ent r="67" t="38" w="96" /><ent r="67" t="38" w="104" /><ent r="64" t="39" w="63" /><ent r="64" t="40" w="75" /><ent r="64" t="42" w="18" /><ent r="65" t="42" w="50" /><ent r="64" t="43" w="189" /><ent r="5" t="44" w="127" /><ent r="5" t="44" w="178" /><ent r="5" t="44" w="226" /><ent r="3" t="44" w="632" /><ent r="64" t="46" w="67" /><ent r="64" t="58" w="264" /><ent r="92" t="85" w="56" /><ent r="92" t="85" w="143" /><ent r="1000" t="86" w="1" /><ent r="102" t="86" w="9" /><ent r="64" t="87" w="234" /><ent r="1000" t="90" w="6" /><ent r="102" t="90" w="16" /><ent r="68" t="90" w="203" /><ent r="3" t="91" w="246" /><ent r="64" t="95" w="290" /><ent r="64" t="111" w="146" /><ent r="1000" t="113" w="1" /><ent r="102" t="113" w="4" /><ent r="100" t="113" w="7" /><ent r="3" t="113" w="11" /><ent r="4" t="145" w="249" /><ent r="5" t="151" w="145" /><ent r="65" t="159" w="129" /><ent r="4" t="164" w="188" /><ent r="92" t="165" w="179" /><ent r="5" t="165" w="182" /><ent r="5" t="165" w="251" /><ent r="5" t="165" w="280" /><ent r="65" t="173" w="90" /><ent r="64" t="178" w="362" /><ent r="3" t="179" w="641" /><ent r="3" t="179" w="791" /><ent r="4" t="179" w="857" /><ent r="4" t="179" w="900" /><ent r="4" t="179" w="954" /><ent r="4" t="179" w="996" /><ent r="4" t="179" w="1017" /><ent r="4" t="179" w="1075" /><ent r="65" t="180" w="473" /><ent r="4" t="180" w="821" /><ent r="65" t="180" w="1855" /><ent r="4" t="180" w="2361" /><ent r="4" t="180" w="3047" /><ent r="64" t="181" w="187" /><ent r="4" t="181" w="635" /><ent r="4" t="181" w="653" /><ent r="64" t="182" w="144" /><ent r="4" t="182" w="387" /><ent r="1000" t="183" w="3" /><ent r="102" t="183" w="12" /><ent r="4" t="183" w="70" /><ent r="5" t="183" w="837" /><ent r="64" t="186" w="305" /><ent r="5" t="186" w="685" /><ent r="7" t="188" w="1066" /><ent r="4" t="208" w="157" /><ent r="4" t="229" w="124" /><ent r="64" t="237" w="102" /></phr><phr n="displays"><ent r="3" t="2" w="102" /><ent r="3" t="21" w="390" /><ent r="3" t="44" w="411" /><ent r="3" t="47" w="18" /><ent r="100" t="48" w="10" /><ent r="3" t="48" w="183" /><ent r="3" t="48" w="192" /><ent r="4" t="48" w="291" /><ent r="4" t="49" w="188" /><ent r="4" t="53" w="132" /><ent r="4" t="58" w="222" /><ent r="4" t="61" w="43" /><ent r="3" t="83" w="17" /><ent r="3" t="87" w="13" /><ent r="3" t="102" w="17" /><ent r="3" t="102" w="94" /><ent r="3" t="115" w="523" /><ent r="7" t="116" w="43" /><ent r="4" t="120" w="77" /><ent r="3" t="125" w="68" /><ent r="3" t="125" w="633" /><ent r="3" t="140" w="75" /><ent r="3" t="157" w="22" /><ent r="3" t="158" w="248" /><ent r="3" t="166" w="81" /><ent r="3" t="166" w="107" /><ent r="3" t="179" w="140" /><ent r="100" t="180" w="114" /><ent r="4" t="180" w="117" /><ent r="3" t="180" w="334" /><ent r="3" t="180" w="2193" /><ent r="4" t="180" w="2736" /><ent r="4" t="181" w="1363" /><ent r="4" t="181" w="1466" /><ent r="4" t="182" w="798" /><ent r="4" t="185" w="457" /><ent r="4" t="189" w="64" /><ent r="5" t="190" w="201" /><ent r="3" t="195" w="243" /><ent r="3" t="195" w="539" /><ent r="3" t="209" w="61" /><ent r="7" t="240" w="95" /><ent r="7" t="240" w="131" /><ent r="7" t="240" w="208" /></phr><phr n="Displaying"><ent r="92" t="4" w="117" /></phr><phr n="Displays"><ent r="7" t="6" w="22" /><ent r="7" t="6" w="36" /><ent r="7" t="6" w="48" /><ent r="7" t="6" w="62" /><ent r="7" t="6" w="86" /><ent r="7" t="6" w="108" /><ent r="7" t="9" w="22" /><ent r="7" t="11" w="99" /><ent r="4" t="40" w="189" /><ent r="4" t="53" w="179" /><ent r="4" t="91" w="140" /><ent r="4" t="109" w="357" /><ent r="5" t="116" w="198" /><ent r="6" t="140" w="80" /><ent r="6" t="140" w="140" /><ent r="64" t="178" w="331" /><ent r="102" t="180" w="27" /><ent r="92" t="180" w="2317" /><ent r="7" t="234" w="42" /><ent r="7" t="235" w="39" /><ent r="7" t="235" w="45" /><ent r="7" t="235" w="55" /><ent r="7" t="235" w="68" /><ent r="7" t="235" w="82" /><ent r="7" t="235" w="90" /><ent r="7" t="242" w="127" /></phr><phr n="Displayed"><ent r="4" t="21" w="349" /><ent r="5" t="53" w="54" /><ent r="4" t="57" w="80" /><ent r="3" t="57" w="97" /><ent r="5" t="90" w="590" /><ent r="5" t="90" w="619" /><ent r="66" t="90" w="632" /><ent r="1000" t="94" w="1" /><ent r="100" t="94" w="4" /><ent r="102" t="94" w="7" /><ent r="5" t="94" w="69" /><ent r="4" t="94" w="103" /><ent r="5" t="107" w="122" /><ent r="5" t="180" w="3003" /></phr></stem></index>