﻿<?xml version="1.0" encoding="utf-8"?><index PreMerged="False"><stem n="chang"><phr n="change"><ent r="1" t="2" w="135" /><ent r="51" t="8" w="195" /><ent r="51" t="8" w="212" /><ent r="51" t="9" w="28" /><ent r="51" t="9" w="50" /><ent r="51" t="10" w="63" /><ent r="51" t="11" w="178" /><ent r="51" t="11" w="196" /><ent r="51" t="11" w="243" /><ent r="51" t="11" w="258" /><ent r="51" t="11" w="272" /><ent r="51" t="11" w="286" /><ent r="1" t="41" w="141" /><ent r="51" t="41" w="185" /><ent r="51" t="41" w="216" /><ent r="1" t="41" w="280" /><ent r="1" t="41" w="330" /><ent r="1" t="54" w="12" /><ent r="1" t="55" w="15" /><ent r="1" t="55" w="70" /><ent r="1" t="55" w="93" /><ent r="1" t="58" w="179" /><ent r="1" t="58" w="207" /><ent r="51" t="58" w="248" /><ent r="1" t="59" w="195" /><ent r="1" t="59" w="244" /><ent r="1" t="61" w="214" /><ent r="1" t="61" w="258" /><ent r="1" t="63" w="93" /><ent r="1" t="64" w="203" /><ent r="1" t="67" w="33" /><ent r="1" t="67" w="181" /><ent r="51" t="68" w="134" /><ent r="1" t="68" w="221" /><ent r="1" t="68" w="274" /><ent r="1" t="73" w="159" /><ent r="51" t="77" w="248" /><ent r="51" t="77" w="364" /><ent r="51" t="77" w="415" /><ent r="1" t="79" w="31" /><ent r="1" t="82" w="12" /><ent r="1" t="99" w="115" /><ent r="1" t="99" w="121" /><ent r="1" t="103" w="643" /><ent r="1" t="107" w="291" /><ent r="1" t="107" w="320" /><ent r="1" t="108" w="333" /><ent r="1" t="115" w="18" /><ent r="1" t="119" w="98" /><ent r="1" t="119" w="112" /><ent r="1" t="119" w="450" /><ent r="1" t="119" w="495" /><ent r="1" t="124" w="191" /><ent r="1" t="125" w="148" /><ent r="1" t="129" w="233" /><ent r="1" t="130" w="123" /><ent r="1" t="130" w="203" /><ent r="1" t="135" w="182" /><ent r="1" t="135" w="219" /><ent r="1" t="137" w="15" /><ent r="1" t="137" w="120" /><ent r="1" t="137" w="154" /><ent r="1" t="137" w="185" /><ent r="1" t="140" w="18" /><ent r="1" t="140" w="99" /><ent r="1" t="140" w="121" /><ent r="1" t="143" w="459" /><ent r="1" t="143" w="621" /><ent r="1" t="143" w="690" /><ent r="1" t="143" w="818" /><ent r="1" t="143" w="924" /><ent r="1" t="150" w="337" /><ent r="1" t="152" w="807" /><ent r="1" t="152" w="1346" /><ent r="1" t="152" w="1610" /><ent r="1" t="152" w="1664" /><ent r="1" t="152" w="1864" /><ent r="1" t="152" w="1887" /><ent r="1" t="153" w="353" /><ent r="1" t="153" w="890" /><ent r="1" t="153" w="1672" /><ent r="1" t="153" w="1684" /><ent r="1" t="153" w="2859" /><ent r="1" t="154" w="117" /><ent r="1" t="156" w="43" /><ent r="1" t="156" w="1056" /><ent r="1" t="157" w="628" /><ent r="1" t="157" w="1011" /><ent r="1" t="158" w="613" /><ent r="1" t="158" w="803" /><ent r="1" t="158" w="820" /><ent r="1" t="159" w="1366" /><ent r="1" t="159" w="1570" /><ent r="1" t="160" w="742" /><ent r="1" t="160" w="1198" /><ent r="1" t="160" w="1357" /></phr><phr n="changes"><ent r="51" t="5" w="173" /><ent r="51" t="5" w="188" /><ent r="51" t="8" w="219" /><ent r="1" t="29" w="115" /><ent r="1" t="55" w="213" /><ent r="1" t="61" w="115" /><ent r="1" t="61" w="334" /><ent r="1" t="68" w="107" /><ent r="1" t="68" w="116" /><ent r="1" t="89" w="261" /><ent r="1" t="90" w="138" /><ent r="1" t="91" w="159" /><ent r="1" t="92" w="159" /><ent r="1" t="100" w="60" /><ent r="1" t="102" w="78" /><ent r="1" t="103" w="653" /><ent r="1" t="120" w="248" /><ent r="1" t="121" w="105" /><ent r="1" t="123" w="245" /><ent r="1" t="124" w="229" /><ent r="1" t="125" w="209" /><ent r="1" t="126" w="203" /><ent r="1" t="127" w="163" /><ent r="1" t="128" w="160" /><ent r="1" t="129" w="153" /><ent r="1" t="130" w="264" /><ent r="1" t="131" w="351" /><ent r="1" t="132" w="154" /><ent r="1" t="133" w="148" /><ent r="1" t="133" w="188" /><ent r="1" t="134" w="192" /><ent r="1" t="135" w="91" /><ent r="1" t="136" w="109" /><ent r="1" t="137" w="264" /><ent r="1" t="138" w="193" /><ent r="1" t="139" w="125" /><ent r="1" t="140" w="221" /><ent r="1" t="141" w="194" /><ent r="1" t="147" w="154" /><ent r="1" t="147" w="166" /><ent r="1" t="152" w="1520" /><ent r="1" t="152" w="1750" /><ent r="1" t="152" w="1763" /><ent r="1" t="152" w="1797" /><ent r="1" t="152" w="1934" /><ent r="1" t="153" w="321" /><ent r="1" t="153" w="2289" /><ent r="1" t="154" w="898" /><ent r="1" t="155" w="32" /><ent r="1" t="155" w="830" /><ent r="1" t="155" w="841" /><ent r="1" t="159" w="1471" /><ent r="1" t="160" w="1387" /><ent r="1" t="163" w="66" /></phr><phr n="Change"><ent r="51" t="8" w="201" /><ent r="51" t="41" w="199" /><ent r="51" t="41" w="229" /><ent r="51" t="41" w="294" /><ent r="1000" t="54" w="1" /><ent r="100" t="54" w="6" /><ent r="90" t="108" w="327" /><ent r="1" t="153" w="2675" /><ent r="1" t="153" w="2696" /><ent r="1" t="154" w="824" /><ent r="1" t="154" w="891" /><ent r="1" t="156" w="70" /><ent r="1" t="157" w="861" /><ent r="1" t="159" w="62" /><ent r="90" t="159" w="1446" /><ent r="1" t="160" w="86" /><ent r="90" t="160" w="1277" /></phr><phr n="changed"><ent r="1" t="21" w="390" /><ent r="1" t="60" w="61" /><ent r="1" t="93" w="267" /><ent r="1" t="103" w="237" /><ent r="1" t="103" w="260" /></phr><phr n="Changing"><ent r="51" t="89" w="46" /><ent r="51" t="91" w="43" /><ent r="51" t="92" w="44" /><ent r="51" t="120" w="55" /><ent r="51" t="123" w="36" /><ent r="51" t="124" w="36" /><ent r="51" t="125" w="49" /><ent r="51" t="126" w="46" /><ent r="51" t="127" w="39" /><ent r="51" t="128" w="36" /><ent r="51" t="129" w="36" /><ent r="51" t="130" w="40" /><ent r="1" t="154" w="1284" /></phr><phr n="changing"><ent r="1" t="89" w="193" /><ent r="1" t="152" w="1386" /><ent r="1" t="154" w="1447" /></phr></stem><stem n="instruct"><phr n="instructions"><ent r="1" t="2" w="140" /></phr></stem><stem n="match"><phr n="match"><ent r="1" t="2" w="152" /><ent r="1" t="82" w="142" /><ent r="1" t="82" w="160" /><ent r="1" t="93" w="54" /><ent r="1" t="153" w="134" /><ent r="1" t="153" w="2686" /><ent r="1" t="159" w="1015" /><ent r="1" t="159" w="1155" /><ent r="1" t="160" w="850" /></phr><phr n="matching"><ent r="1" t="62" w="12" /><ent r="1" t="194" w="210" /></phr><phr n="matches"><ent r="1" t="74" w="150" /><ent r="1" t="76" w="38" /><ent r="1" t="159" w="1186" /><ent r="1" t="164" w="34" /></phr></stem><stem n="letter"><phr n="letters"><ent r="1" t="2" w="154" /><ent r="1" t="153" w="1361" /></phr><phr n="letter"><ent r="1" t="2" w="163" /></phr></stem><stem n="if"><phr n="If"><ent r="1" t="2" w="161" /><ent r="51" t="10" w="19" /><ent r="1" t="14" w="619" /><ent r="1" t="18" w="83" /><ent r="1" t="18" w="105" /><ent r="1" t="19" w="62" /><ent r="1" t="19" w="171" /><ent r="1" t="20" w="113" /><ent r="1" t="20" w="251" /><ent r="1" t="21" w="82" /><ent r="1" t="21" w="161" /><ent r="1" t="21" w="174" /><ent r="1" t="21" w="257" /><ent r="1" t="21" w="356" /><ent r="1" t="26" w="55" /><ent r="1" t="27" w="363" /><ent r="1" t="27" w="389" /><ent r="1" t="28" w="49" /><ent r="1" t="28" w="74" /><ent r="1" t="30" w="51" /><ent r="1" t="43" w="64" /><ent r="1" t="43" w="413" /><ent r="1" t="44" w="56" /><ent r="1" t="45" w="82" /><ent r="1" t="45" w="113" /><ent r="1" t="46" w="18" /><ent r="1" t="46" w="85" /><ent r="1" t="50" w="44" /><ent r="1" t="51" w="195" /><ent r="1" t="56" w="62" /><ent r="1" t="66" w="58" /><ent r="1" t="66" w="89" /><ent r="1" t="68" w="166" /><ent r="1" t="68" w="289" /><ent r="1" t="83" w="11" /><ent r="1" t="83" w="44" /><ent r="1" t="87" w="179" /><ent r="1" t="87" w="227" /><ent r="1" t="91" w="391" /><ent r="1" t="93" w="385" /><ent r="1" t="93" w="399" /><ent r="1" t="93" w="414" /><ent r="1" t="93" w="430" /><ent r="51" t="95" w="26" /><ent r="1" t="99" w="57" /><ent r="1" t="100" w="82" /><ent r="1" t="101" w="115" /><ent r="1" t="101" w="141" /><ent r="1" t="103" w="780" /><ent r="1" t="103" w="801" /><ent r="1" t="107" w="211" /><ent r="1" t="107" w="289" /><ent r="1" t="107" w="318" /><ent r="1" t="108" w="98" /><ent r="1" t="108" w="124" /><ent r="1" t="110" w="66" /><ent r="1" t="110" w="164" /><ent r="1" t="111" w="39" /><ent r="1" t="111" w="64" /><ent r="1" t="119" w="52" /><ent r="1" t="119" w="71" /><ent r="1" t="119" w="236" /><ent r="1" t="124" w="197" /><ent r="1" t="129" w="239" /><ent r="1" t="130" w="209" /><ent r="1" t="132" w="45" /><ent r="1" t="132" w="245" /><ent r="1" t="139" w="297" /><ent r="1" t="143" w="214" /><ent r="1" t="143" w="235" /><ent r="1" t="143" w="249" /><ent r="1" t="143" w="430" /><ent r="1" t="143" w="747" /><ent r="1" t="143" w="772" /><ent r="1" t="143" w="861" /><ent r="1" t="143" w="910" /><ent r="1" t="143" w="963" /><ent r="1" t="144" w="215" /><ent r="1" t="144" w="230" /><ent r="1" t="144" w="249" /><ent r="1" t="146" w="254" /><ent r="1" t="146" w="304" /><ent r="1" t="146" w="320" /><ent r="1" t="147" w="101" /><ent r="1" t="147" w="195" /><ent r="1" t="147" w="256" /><ent r="1" t="148" w="69" /><ent r="1" t="148" w="88" /><ent r="1" t="149" w="185" /><ent r="1" t="149" w="243" /><ent r="1" t="150" w="76" /><ent r="1" t="150" w="335" /><ent r="1" t="150" w="362" /><ent r="1" t="150" w="392" /><ent r="1" t="152" w="1136" /><ent r="1" t="152" w="1158" /><ent r="1" t="152" w="1281" /><ent r="1" t="152" w="1292" /><ent r="1" t="152" w="1768" /><ent r="1" t="153" w="163" /><ent r="1" t="153" w="867" /><ent r="1" t="153" w="888" /><ent r="1" t="153" w="1297" /><ent r="1" t="153" w="1972" /><ent r="1" t="154" w="555" /><ent r="1" t="154" w="1205" /><ent r="1" t="154" w="1384" /><ent r="1" t="154" w="1403" /><ent r="1" t="154" w="1421" /><ent r="1" t="155" w="1142" /><ent r="1" t="156" w="357" /><ent r="1" t="156" w="1041" /><ent r="1" t="157" w="338" /><ent r="1" t="157" w="716" /><ent r="1" t="159" w="928" /><ent r="1" t="159" w="986" /><ent r="1" t="159" w="1224" /><ent r="1" t="159" w="1410" /><ent r="1" t="159" w="1720" /><ent r="1" t="159" w="1739" /><ent r="1" t="159" w="1947" /><ent r="1" t="160" w="822" /><ent r="1" t="160" w="969" /><ent r="1" t="160" w="1237" /><ent r="1" t="160" w="1534" /><ent r="1" t="161" w="117" /><ent r="1" t="163" w="84" /><ent r="1" t="166" w="23" /><ent r="1" t="166" w="46" /><ent r="51" t="169" w="475" /><ent r="1" t="180" w="125" /><ent r="1" t="180" w="355" /><ent r="1" t="181" w="14" /><ent r="1" t="183" w="64" /><ent r="1" t="183" w="98" /><ent r="51" t="185" w="41" /><ent r="51" t="185" w="50" /><ent r="1" t="186" w="144" /><ent r="1" t="186" w="205" /><ent r="1" t="186" w="273" /><ent r="51" t="197" w="61" /><ent r="51" t="197" w="93" /><ent r="51" t="197" w="179" /></phr><phr n="if"><ent r="51" t="5" w="16" /><ent r="1" t="8" w="13" /><ent r="1" t="8" w="22" /><ent r="51" t="11" w="13" /><ent r="51" t="11" w="22" /><ent r="51" t="14" w="65" /><ent r="51" t="14" w="74" /><ent r="1" t="20" w="18" /><ent r="1" t="21" w="307" /><ent r="1" t="47" w="63" /><ent r="1" t="48" w="48" /><ent r="1" t="61" w="203" /><ent r="1" t="75" w="53" /><ent r="1" t="79" w="161" /><ent r="1" t="92" w="337" /><ent r="1" t="94" w="241" /><ent r="51" t="95" w="40" /><ent r="1" t="96" w="262" /><ent r="1" t="102" w="97" /><ent r="1" t="102" w="472" /><ent r="1" t="128" w="215" /><ent r="1" t="128" w="226" /><ent r="1" t="128" w="256" /><ent r="1" t="128" w="495" /><ent r="1" t="128" w="896" /><ent r="1" t="136" w="260" /><ent r="1" t="137" w="51" /><ent r="1" t="141" w="399" /><ent r="1" t="143" w="544" /><ent r="1" t="145" w="39" /><ent r="1" t="146" w="96" /><ent r="1" t="149" w="299" /><ent r="1" t="152" w="1304" /><ent r="1" t="153" w="799" /><ent r="1" t="153" w="1018" /><ent r="1" t="153" w="1947" /><ent r="1" t="153" w="2255" /><ent r="1" t="153" w="2265" /><ent r="1" t="154" w="1054" /><ent r="1" t="155" w="115" /><ent r="1" t="155" w="467" /><ent r="1" t="155" w="549" /><ent r="1" t="155" w="1162" /><ent r="1" t="155" w="1490" /><ent r="1" t="156" w="402" /><ent r="1" t="157" w="382" /><ent r="1" t="159" w="1110" /><ent r="1" t="160" w="1605" /><ent r="1" t="168" w="93" /><ent r="51" t="169" w="409" /><ent r="1" t="170" w="131" /><ent r="1" t="170" w="142" /><ent r="1" t="171" w="140" /><ent r="1" t="179" w="28" /><ent r="1" t="179" w="46" /><ent r="1" t="180" w="157" /><ent r="1" t="180" w="280" /><ent r="51" t="185" w="536" /><ent r="1" t="186" w="56" /><ent r="1" t="186" w="68" /><ent r="1" t="193" w="28" /><ent r="1" t="194" w="517" /><ent r="1" t="197" w="39" /><ent r="1" t="197" w="45" /><ent r="51" t="197" w="75" /><ent r="51" t="197" w="107" /><ent r="51" t="197" w="193" /><ent r="1" t="198" w="39" /><ent r="1" t="198" w="45" /></phr></stem><stem n="should"><phr n="should"><ent r="1" t="2" w="164" /><ent r="1" t="102" w="240" /><ent r="1" t="102" w="383" /><ent r="1" t="102" w="522" /><ent r="1" t="128" w="222" /><ent r="1" t="131" w="293" /><ent r="1" t="145" w="248" /><ent r="1" t="145" w="288" /><ent r="1" t="151" w="168" /><ent r="1" t="151" w="180" /><ent r="1" t="152" w="2331" /><ent r="1" t="153" w="1243" /><ent r="1" t="153" w="1289" /><ent r="1" t="153" w="1528" /><ent r="1" t="153" w="1607" /><ent r="1" t="153" w="1671" /><ent r="1" t="153" w="1710" /><ent r="1" t="153" w="1846" /><ent r="1" t="153" w="1878" /><ent r="1" t="153" w="1929" /><ent r="1" t="153" w="2575" /><ent r="1" t="153" w="2669" /><ent r="1" t="153" w="2901" /><ent r="1" t="154" w="1535" /><ent r="1" t="155" w="1028" /><ent r="51" t="156" w="939" /><ent r="1" t="156" w="1175" /><ent r="51" t="158" w="248" /><ent r="1" t="158" w="1252" /><ent r="1" t="159" w="1704" /><ent r="1" t="159" w="2061" /><ent r="51" t="160" w="1230" /><ent r="1" t="160" w="1452" /><ent r="1" t="160" w="1787" /><ent r="1" t="163" w="118" /><ent r="1" t="166" w="49" /><ent r="51" t="169" w="629" /><ent r="51" t="169" w="655" /></phr></stem><stem n="upper"><phr n="upper"><ent r="1" t="2" w="166" /><ent r="1" t="46" w="77" /><ent r="1" t="76" w="175" /><ent r="1" t="76" w="186" /><ent r="1" t="76" w="208" /><ent r="1" t="76" w="239" /><ent r="1" t="85" w="227" /><ent r="1" t="128" w="324" /><ent r="1" t="128" w="334" /><ent r="1" t="128" w="361" /><ent r="1" t="128" w="395" /><ent r="1" t="128" w="741" /><ent r="1" t="128" w="751" /><ent r="1" t="128" w="778" /><ent r="1" t="128" w="812" /><ent r="1" t="133" w="230" /><ent r="1" t="136" w="451" /><ent r="1" t="136" w="461" /><ent r="1" t="136" w="489" /><ent r="1" t="136" w="518" /><ent r="1" t="141" w="590" /><ent r="1" t="141" w="600" /><ent r="1" t="141" w="628" /><ent r="1" t="141" w="657" /><ent r="1" t="152" w="702" /><ent r="1" t="154" w="481" /><ent r="1" t="154" w="523" /><ent r="1" t="154" w="578" /><ent r="1" t="156" w="999" /><ent r="1" t="158" w="1242" /><ent r="1" t="159" w="556" /><ent r="1" t="159" w="624" /><ent r="1" t="159" w="795" /><ent r="51" t="185" w="128" /></phr><phr n="Upper"><ent r="1" t="91" w="367" /><ent r="51" t="128" w="661" /><ent r="1" t="128" w="684" /><ent r="51" t="128" w="1062" /><ent r="1" t="128" w="1085" /><ent r="51" t="136" w="214" /><ent r="1" t="141" w="354" /></phr></stem><stem n="case"><phr n="case"><ent r="1" t="2" w="167" /><ent r="1" t="43" w="297" /><ent r="1" t="143" w="277" /><ent r="1" t="154" w="907" /><ent r="1" t="156" w="1145" /><ent r="1" t="180" w="554" /></phr><phr n="Case"><ent r="1" t="23" w="148" /></phr></stem><stem n="sequenc"><phr n="sequence"><ent r="1" t="2" w="170" /><ent r="1" t="103" w="292" /><ent r="1" t="103" w="855" /><ent r="1" t="152" w="47" /><ent r="1" t="156" w="54" /><ent r="1" t="157" w="41" /><ent r="1" t="158" w="44" /><ent r="51" t="160" w="146" /></phr></stem><stem n="shift"><phr n="Shift"><ent r="1" t="2" w="173" /><ent r="51" t="2" w="202" /><ent r="51" t="2" w="216" /><ent r="51" t="2" w="229" /><ent r="51" t="2" w="308" /><ent r="1" t="2" w="500" /><ent r="51" t="3" w="28" /><ent r="51" t="44" w="88" /><ent r="51" t="53" w="60" /><ent r="51" t="57" w="87" /><ent r="51" t="107" w="71" /><ent r="1" t="148" w="129" /><ent r="1" t="153" w="1103" /><ent r="1" t="159" w="1265" /><ent r="1" t="160" w="1014" /><ent r="51" t="195" w="153" /></phr></stem><stem n="indic"><phr n="indicates"><ent r="1" t="2" w="178" /><ent r="1" t="2" w="186" /><ent r="1" t="48" w="69" /><ent r="1" t="64" w="133" /><ent r="1" t="64" w="148" /><ent r="1" t="69" w="10" /><ent r="1" t="87" w="85" /><ent r="1" t="101" w="25" /><ent r="1" t="103" w="679" /><ent r="1" t="108" w="29" /><ent r="1" t="128" w="636" /><ent r="1" t="128" w="650" /><ent r="1" t="128" w="1037" /><ent r="1" t="128" w="1051" /><ent r="1" t="129" w="508" /><ent r="1" t="129" w="521" /><ent r="1" t="136" w="401" /><ent r="1" t="136" w="415" /><ent r="1" t="137" w="141" /><ent r="1" t="141" w="540" /><ent r="1" t="141" w="554" /><ent r="1" t="159" w="697" /><ent r="1" t="159" w="1670" /><ent r="1" t="159" w="1676" /><ent r="1" t="159" w="1773" /><ent r="51" t="169" w="477" /><ent r="1" t="171" w="78" /><ent r="1" t="171" w="87" /><ent r="1" t="193" w="169" /><ent r="1" t="193" w="183" /></phr><phr n="indicated"><ent r="51" t="2" w="492" /><ent r="51" t="2" w="513" /><ent r="1" t="75" w="74" /></phr><phr n="indicate"><ent r="51" t="14" w="84" /><ent r="51" t="14" w="117" /><ent r="1" t="14" w="167" /><ent r="1" t="43" w="168" /><ent r="1" t="43" w="218" /><ent r="1" t="153" w="1946" /><ent r="1" t="153" w="2010" /><ent r="1" t="159" w="1614" /><ent r="1" t="169" w="29" /><ent r="51" t="169" w="527" /></phr><phr n="indicating"><ent r="1" t="103" w="655" /><ent r="1" t="108" w="260" /><ent r="1" t="158" w="666" /><ent r="51" t="169" w="511" /></phr><phr n="Indicates"><ent r="51" t="169" w="564" /></phr></stem><stem n="valu"><phr n="value"><ent r="1" t="2" w="181" /><ent r="51" t="14" w="110" /><ent r="1" t="14" w="241" /><ent r="1" t="14" w="264" /><ent r="1" t="14" w="314" /><ent r="1" t="14" w="487" /><ent r="1" t="14" w="549" /><ent r="1" t="27" w="255" /><ent r="1" t="27" w="260" /><ent r="1" t="27" w="272" /><ent r="1" t="27" w="277" /><ent r="1" t="27" w="288" /><ent r="1" t="27" w="329" /><ent r="1" t="70" w="212" /><ent r="1" t="76" w="177" /><ent r="1" t="76" w="179" /><ent r="1" t="76" w="187" /><ent r="1" t="76" w="209" /><ent r="1" t="76" w="240" /><ent r="1" t="92" w="445" /><ent r="1" t="93" w="221" /><ent r="1" t="94" w="312" /><ent r="1" t="103" w="111" /><ent r="1" t="103" w="121" /><ent r="1" t="103" w="144" /><ent r="1" t="103" w="534" /><ent r="1" t="106" w="67" /><ent r="1" t="106" w="78" /><ent r="1" t="106" w="100" /><ent r="1" t="106" w="125" /><ent r="1" t="106" w="130" /><ent r="1" t="106" w="177" /><ent r="1" t="128" w="321" /><ent r="1" t="128" w="327" /><ent r="1" t="128" w="362" /><ent r="1" t="128" w="396" /><ent r="1" t="128" w="426" /><ent r="1" t="128" w="565" /><ent r="1" t="128" w="588" /><ent r="1" t="128" w="629" /><ent r="1" t="128" w="635" /><ent r="1" t="128" w="639" /><ent r="1" t="128" w="649" /><ent r="1" t="128" w="653" /><ent r="1" t="128" w="738" /><ent r="1" t="128" w="744" /><ent r="1" t="128" w="779" /><ent r="1" t="128" w="813" /><ent r="1" t="128" w="843" /><ent r="1" t="128" w="966" /><ent r="1" t="128" w="989" /><ent r="1" t="128" w="1030" /><ent r="1" t="128" w="1036" /><ent r="1" t="128" w="1040" /><ent r="1" t="128" w="1050" /><ent r="1" t="128" w="1054" /><ent r="1" t="129" w="292" /><ent r="1" t="129" w="297" /><ent r="1" t="129" w="300" /><ent r="1" t="129" w="312" /><ent r="1" t="129" w="317" /><ent r="1" t="129" w="320" /><ent r="1" t="129" w="331" /><ent r="1" t="129" w="336" /><ent r="1" t="129" w="342" /><ent r="1" t="129" w="351" /><ent r="1" t="129" w="356" /><ent r="1" t="129" w="362" /><ent r="1" t="129" w="438" /><ent r="1" t="129" w="461" /><ent r="1" t="129" w="501" /><ent r="1" t="129" w="507" /><ent r="1" t="129" w="510" /><ent r="1" t="129" w="520" /><ent r="1" t="129" w="523" /><ent r="1" t="136" w="148" /><ent r="1" t="136" w="330" /><ent r="1" t="136" w="353" /><ent r="1" t="136" w="394" /><ent r="1" t="136" w="400" /><ent r="1" t="136" w="404" /><ent r="1" t="136" w="414" /><ent r="1" t="136" w="418" /><ent r="1" t="136" w="448" /><ent r="1" t="136" w="454" /><ent r="1" t="136" w="490" /><ent r="1" t="136" w="519" /><ent r="1" t="136" w="553" /><ent r="1" t="139" w="281" /><ent r="1" t="141" w="25" /><ent r="1" t="141" w="252" /><ent r="1" t="141" w="469" /><ent r="1" t="141" w="492" /><ent r="1" t="141" w="533" /><ent r="1" t="141" w="539" /><ent r="1" t="141" w="543" /><ent r="1" t="141" w="553" /><ent r="1" t="141" w="557" /><ent r="1" t="141" w="587" /><ent r="1" t="141" w="593" /><ent r="1" t="141" w="629" /><ent r="1" t="141" w="658" /><ent r="1" t="141" w="692" /><ent r="1" t="143" w="657" /><ent r="1" t="143" w="661" /><ent r="1" t="143" w="671" /><ent r="1" t="143" w="676" /><ent r="1" t="143" w="681" /><ent r="1" t="143" w="692" /><ent r="1" t="143" w="992" /><ent r="1" t="143" w="1014" /><ent r="51" t="152" w="1052" /><ent r="51" t="152" w="1070" /><ent r="51" t="152" w="1076" /><ent r="1" t="152" w="1241" /><ent r="1" t="152" w="1280" /><ent r="1" t="153" w="1221" /><ent r="1" t="154" w="1119" /><ent r="1" t="154" w="1323" /><ent r="1" t="159" w="190" /><ent r="1" t="159" w="242" /><ent r="1" t="159" w="1488" /><ent r="1" t="159" w="1523" /><ent r="1" t="159" w="1545" /><ent r="1" t="160" w="628" /><ent r="1" t="160" w="1283" /><ent r="1" t="160" w="1319" /><ent r="1" t="160" w="1341" /><ent r="1" t="160" w="1362" /><ent r="1" t="160" w="1389" /><ent r="1" t="161" w="115" /><ent r="51" t="169" w="436" /><ent r="51" t="169" w="440" /><ent r="1" t="171" w="143" /><ent r="1" t="171" w="153" /><ent r="1" t="171" w="193" /><ent r="1" t="180" w="127" /><ent r="1" t="180" w="203" /><ent r="1" t="180" w="631" /><ent r="51" t="185" w="28" /><ent r="51" t="185" w="43" /><ent r="51" t="185" w="52" /><ent r="51" t="185" w="328" /><ent r="1" t="186" w="108" /><ent r="1" t="186" w="126" /><ent r="1" t="186" w="185" /><ent r="51" t="187" w="96" /><ent r="1" t="193" w="98" /><ent r="1" t="193" w="121" /><ent r="1" t="193" w="162" /><ent r="1" t="193" w="168" /><ent r="1" t="193" w="172" /><ent r="1" t="193" w="182" /><ent r="1" t="193" w="186" /><ent r="1" t="194" w="114" /></phr><phr n="Values"><ent r="51" t="12" w="21" /><ent r="51" t="12" w="34" /><ent r="51" t="77" w="220" /><ent r="51" t="77" w="238" /><ent r="1000" t="79" w="3" /><ent r="100" t="79" w="7" /><ent r="1" t="79" w="11" /><ent r="51" t="79" w="79" /><ent r="51" t="79" w="103" /><ent r="1" t="79" w="109" /><ent r="51" t="79" w="121" /><ent r="1" t="79" w="151" /><ent r="51" t="136" w="190" /><ent r="51" t="141" w="333" /><ent r="51" t="169" w="510" /><ent r="51" t="169" w="526" /><ent r="1" t="180" w="91" /><ent r="51" t="186" w="150" /><ent r="51" t="186" w="211" /><ent r="51" t="186" w="279" /><ent r="51" t="193" w="14" /></phr><phr n="values"><ent r="51" t="12" w="58" /><ent r="51" t="12" w="85" /><ent r="1" t="13" w="38" /><ent r="51" t="14" w="544" /><ent r="1" t="20" w="262" /><ent r="1" t="20" w="286" /><ent r="1" t="22" w="385" /><ent r="51" t="27" w="87" /><ent r="1" t="69" w="67" /><ent r="1" t="70" w="34" /><ent r="1" t="70" w="176" /><ent r="1" t="70" w="197" /><ent r="1" t="70" w="275" /><ent r="51" t="77" w="201" /><ent r="51" t="77" w="230" /><ent r="1" t="77" w="310" /><ent r="1" t="79" w="18" /><ent r="1" t="79" w="33" /><ent r="1" t="79" w="116" /><ent r="1" t="79" w="129" /><ent r="1" t="79" w="143" /><ent r="1" t="79" w="166" /><ent r="1" t="79" w="174" /><ent r="1" t="94" w="322" /><ent r="1" t="103" w="54" /><ent r="1" t="103" w="66" /><ent r="1" t="103" w="304" /><ent r="1" t="103" w="542" /><ent r="1" t="103" w="567" /><ent r="1" t="104" w="15" /><ent r="1" t="104" w="27" /><ent r="1" t="120" w="235" /><ent r="51" t="128" w="284" /><ent r="1" t="128" w="341" /><ent r="1" t="128" w="462" /><ent r="1" t="128" w="509" /><ent r="1" t="128" w="518" /><ent r="1" t="128" w="524" /><ent r="1" t="128" w="539" /><ent r="1" t="128" w="549" /><ent r="1" t="128" w="573" /><ent r="1" t="128" w="613" /><ent r="1" t="128" w="667" /><ent r="1" t="128" w="672" /><ent r="1" t="128" w="685" /><ent r="51" t="128" w="709" /><ent r="1" t="128" w="758" /><ent r="1" t="128" w="879" /><ent r="1" t="128" w="910" /><ent r="1" t="128" w="919" /><ent r="1" t="128" w="925" /><ent r="1" t="128" w="940" /><ent r="1" t="128" w="950" /><ent r="1" t="128" w="974" /><ent r="1" t="128" w="1014" /><ent r="1" t="128" w="1068" /><ent r="1" t="128" w="1073" /><ent r="1" t="128" w="1086" /><ent r="1" t="129" w="282" /><ent r="1" t="129" w="378" /><ent r="1" t="129" w="397" /><ent r="1" t="129" w="412" /><ent r="1" t="129" w="422" /><ent r="1" t="129" w="446" /><ent r="1" t="129" w="485" /><ent r="1" t="136" w="194" /><ent r="1" t="136" w="199" /><ent r="1" t="136" w="216" /><ent r="1" t="136" w="237" /><ent r="1" t="136" w="274" /><ent r="1" t="136" w="283" /><ent r="1" t="136" w="289" /><ent r="1" t="136" w="304" /><ent r="1" t="136" w="314" /><ent r="1" t="136" w="338" /><ent r="1" t="136" w="378" /><ent r="1" t="136" w="468" /><ent r="1" t="139" w="289" /><ent r="1" t="141" w="43" /><ent r="1" t="141" w="69" /><ent r="1" t="141" w="90" /><ent r="1" t="141" w="99" /><ent r="1" t="141" w="337" /><ent r="1" t="141" w="342" /><ent r="1" t="141" w="355" /><ent r="1" t="141" w="376" /><ent r="1" t="141" w="413" /><ent r="1" t="141" w="422" /><ent r="1" t="141" w="428" /><ent r="1" t="141" w="443" /><ent r="1" t="141" w="453" /><ent r="1" t="141" w="477" /><ent r="1" t="141" w="517" /><ent r="1" t="141" w="607" /><ent r="1" t="143" w="14" /><ent r="1" t="143" w="474" /><ent r="1" t="143" w="584" /><ent r="1" t="143" w="628" /><ent r="1" t="143" w="648" /><ent r="1" t="152" w="1938" /><ent r="1" t="153" w="1235" /><ent r="1" t="153" w="1258" /><ent r="1" t="153" w="1410" /><ent r="1" t="153" w="2003" /><ent r="1" t="156" w="634" /><ent r="1" t="159" w="197" /><ent r="1" t="159" w="1045" /><ent r="51" t="160" w="159" /><ent r="1" t="160" w="658" /><ent r="1" t="160" w="880" /><ent r="51" t="169" w="517" /><ent r="51" t="169" w="621" /><ent r="51" t="169" w="647" /><ent r="51" t="169" w="672" /><ent r="1" t="180" w="185" /><ent r="1" t="180" w="298" /><ent r="51" t="185" w="85" /><ent r="51" t="185" w="616" /><ent r="1" t="192" w="78" /><ent r="1" t="193" w="10" /><ent r="1" t="193" w="42" /><ent r="1" t="193" w="51" /><ent r="1" t="193" w="57" /><ent r="1" t="193" w="72" /><ent r="1" t="193" w="82" /><ent r="1" t="193" w="106" /><ent r="1" t="193" w="146" /><ent r="1" t="194" w="416" /><ent r="1" t="199" w="10" /><ent r="51" t="199" w="290" /><ent r="51" t="199" w="309" /><ent r="51" t="199" w="327" /><ent r="51" t="199" w="346" /><ent r="51" t="199" w="364" /><ent r="51" t="199" w="383" /><ent r="51" t="199" w="401" /><ent r="51" t="199" w="420" /><ent r="51" t="199" w="438" /><ent r="51" t="199" w="456" /><ent r="51" t="199" w="474" /><ent r="51" t="199" w="489" /></phr><phr n="Value"><ent r="1" t="14" w="569" /><ent r="51" t="95" w="227" /><ent r="51" t="95" w="238" /><ent r="51" t="95" w="253" /><ent r="51" t="95" w="260" /><ent r="51" t="96" w="74" /><ent r="51" t="103" w="108" /><ent r="1" t="103" w="129" /><ent r="1" t="103" w="266" /><ent r="1" t="103" w="277" /><ent r="51" t="103" w="491" /><ent r="1" t="103" w="518" /><ent r="51" t="103" w="898" /><ent r="1000" t="106" w="4" /><ent r="100" t="106" w="10" /><ent r="1" t="106" w="16" /><ent r="51" t="106" w="35" /><ent r="1" t="106" w="49" /><ent r="1" t="106" w="55" /><ent r="51" t="106" w="92" /><ent r="51" t="106" w="104" /><ent r="1" t="106" w="171" /><ent r="1" t="108" w="182" /><ent r="51" t="128" w="663" /><ent r="51" t="128" w="1064" /><ent r="51" t="129" w="532" /><ent r="51" t="129" w="537" /><ent r="51" t="143" w="617" /><ent r="1" t="152" w="1508" /><ent r="1" t="152" w="1515" /><ent r="1" t="152" w="1668" /><ent r="51" t="154" w="1173" /><ent r="1" t="154" w="1307" /><ent r="1" t="159" w="54" /><ent r="1" t="159" w="63" /><ent r="51" t="159" w="226" /><ent r="90" t="159" w="723" /><ent r="1" t="159" w="734" /><ent r="1" t="159" w="740" /><ent r="51" t="159" w="771" /><ent r="1" t="159" w="788" /><ent r="1" t="159" w="815" /><ent r="1" t="159" w="840" /><ent r="1" t="159" w="846" /><ent r="51" t="159" w="877" /><ent r="1" t="159" w="894" /><ent r="1" t="159" w="1361" /><ent r="51" t="159" w="1394" /><ent r="90" t="159" w="1447" /><ent r="1" t="159" w="1453" /><ent r="1" t="159" w="1597" /><ent r="1" t="159" w="1601" /><ent r="1" t="160" w="77" /><ent r="1" t="160" w="87" /><ent r="90" t="160" w="620" /><ent r="51" t="160" w="639" /><ent r="1" t="160" w="652" /><ent r="51" t="160" w="677" /><ent r="1" t="160" w="687" /><ent r="51" t="160" w="690" /><ent r="1" t="160" w="700" /><ent r="51" t="160" w="711" /><ent r="1" t="160" w="721" /><ent r="1" t="160" w="738" /><ent r="1" t="160" w="747" /><ent r="1" t="160" w="764" /><ent r="51" t="160" w="1114" /><ent r="51" t="160" w="1125" /><ent r="51" t="160" w="1138" /><ent r="51" t="160" w="1148" /><ent r="51" t="160" w="1159" /><ent r="90" t="160" w="1278" /><ent r="1" t="160" w="1412" /><ent r="1" t="160" w="1421" /><ent r="1" t="160" w="1425" /><ent r="1" t="160" w="1429" /><ent r="1" t="160" w="1437" /><ent r="1" t="180" w="115" /><ent r="1" t="186" w="77" /><ent r="51" t="186" w="112" /><ent r="51" t="186" w="120" /><ent r="1" t="186" w="176" /><ent r="51" t="198" w="92" /><ent r="51" t="198" w="96" /><ent r="51" t="198" w="106" /><ent r="51" t="198" w="143" /><ent r="51" t="198" w="148" /><ent r="51" t="198" w="161" /><ent r="1000" t="199" w="1" /><ent r="100" t="199" w="5" /><ent r="51" t="199" w="21" /><ent r="51" t="199" w="25" /></phr></stem></index>