<?xml version="1.0" encoding="utf-8"?><index><stem n="&lt;left"><phr n="&lt;left"><ent r="5" t="242" w="98" /></phr></stem><stem n="&lt;right"><phr n="&lt;right"><ent r="5" t="242" w="108" /></phr></stem><stem n="&lt;up"><phr n="&lt;up"><ent r="5" t="242" w="118" /></phr></stem><stem n="setup"><phr n="Setup"><ent r="5" t="242" w="170" /></phr></stem><stem n="l"><phr n="L"><ent r="5" t="242" w="194" /></phr></stem><stem n="h"><phr n="H"><ent r="5" t="242" w="217" /></phr></stem><stem n="pgup"><phr n="PgUp"><ent r="5" t="242" w="244" /></phr></stem><stem n="pgdown"><phr n="PgDown"><ent r="5" t="242" w="253" /></phr></stem><stem n="f"><phr n="F"><ent r="5" t="242" w="340" /><ent r="4" t="253" w="39" /><ent r="3" t="253" w="46" /></phr></stem><stem n=":gener"><phr n=":general"><ent r="100" t="243" w="11" /></phr></stem><stem n="sub-typ"><phr n="sub-types"><ent r="3" t="243" w="77" /></phr></stem><stem n="-types."><phr n="-types."><ent r="3" t="243" w="79" /><ent r="3" t="243" w="79" /></phr></stem><stem n="mru"><phr n="MRU"><ent r="3" t="243" w="142" /><ent r="4" t="243" w="167" /></phr></stem><stem n="(mru)"><phr n="(MRU)"><ent r="3" t="243" w="143" /><ent r="4" t="243" w="168" /></phr></stem><stem n="/redo"><phr n="/Redo"><ent r="4" t="243" w="199" /></phr></stem><stem n="parallel"><phr n="parallel"><ent r="3" t="243" w="223" /><ent r="3" t="243" w="237" /><ent r="3" t="243" w="285" /></phr></stem><stem n="-thread"><phr n="-threading"><ent r="4" t="243" w="226" /><ent r="4" t="243" w="226" /></phr></stem><stem n="multi-thread"><phr n="Multi-threading"><ent r="4" t="243" w="226" /></phr></stem><stem n="thread"><phr n="threading"><ent r="4" t="243" w="227" /></phr><phr n="Threads"><ent r="4" t="243" w="263" /></phr></stem><stem n="cpu"><phr n="CPUs"><ent r="3" t="243" w="247" /><ent r="3" t="243" w="271" /><ent r="3" t="243" w="291" /></phr></stem><stem n="worker"><phr n="Worker"><ent r="4" t="243" w="262" /></phr></stem><stem n="&quot;1,&quot;"><phr n="&quot;1,&quot;"><ent r="3" t="243" w="279" /></phr></stem><stem n="/automat"><phr n="/Automatically"><ent r="4" t="243" w="298" /></phr></stem><stem n="commerci"><phr n="commercial"><ent r="3" t="243" w="406" /></phr></stem><stem n="invok"><phr n="invoked"><ent r="3" t="243" w="483" /></phr><phr n="invoking"><ent r="3" t="243" w="508" /></phr></stem><stem n="&lt;string&gt;"><phr n="&lt;string&gt;"><ent r="64" t="243" w="489" /></phr></stem><stem n="argument"><phr n="Arguments"><ent r="3" t="243" w="495" /><ent r="3" t="243" w="499" /><ent r="3" t="243" w="542" /></phr></stem><stem n="sole"><phr n="solely"><ent r="3" t="243" w="552" /><ent r="3" t="255" w="284" /></phr></stem><stem n="resampl"><phr n="Resampler"><ent r="1000" t="244" w="2" /><ent r="102" t="244" w="6" /><ent r="3" t="244" w="11" /><ent r="3" t="244" w="25" /><ent r="5" t="244" w="67" /></phr><phr n="resampling"><ent r="3" t="244" w="17" /><ent r="5" t="244" w="78" /><ent r="6" t="244" w="84" /><ent r="6" t="244" w="96" /><ent r="6" t="244" w="118" /></phr></stem><stem n="extra"><phr n="extra"><ent r="6" t="244" w="114" /></phr></stem><stem n="wildcard"><phr n="Wildcarding"><ent r="3" t="245" w="70" /></phr><phr n="wildcard"><ent r="3" t="245" w="86" /><ent r="1000" t="247" w="1" /><ent r="102" t="247" w="4" /></phr></stem><stem n="*"><phr n="*"><ent r="3" t="245" w="88" /><ent r="3" t="247" w="28" /><ent r="3" t="247" w="43" /><ent r="3" t="253" w="201" /></phr></stem><stem n="?."><phr n="?."><ent r="3" t="245" w="89" /></phr></stem><stem n="(annot"><phr n="(Annotation"><ent r="6" t="246" w="22" /></phr></stem><stem n="caption"><phr n="Caption"><ent r="6" t="246" w="26" /></phr></stem><stem n="alpha"><phr n="Alpha"><ent r="6" t="246" w="28" /><ent r="6" t="246" w="31" /><ent r="6" t="246" w="331" /></phr></stem><stem n=".0."><phr n=".0."><ent r="6" t="246" w="96" /><ent r="3" t="253" w="183" /></phr></stem><stem n="(bold,"><phr n="(bold,"><ent r="6" t="246" w="268" /></phr></stem><stem n="“hatch.”"><phr n="“Hatch.”"><ent r="6" t="246" w="297" /></phr></stem><stem n="“object"><phr n="“Object"><ent r="6" t="246" w="404" /></phr></stem><stem n="solid"><phr n="solid"><ent r="6" t="246" w="439" /></phr></stem><stem n="(solid,"><phr n="(solid,"><ent r="6" t="246" w="440" /></phr></stem><stem n="dash"><phr n="dashed"><ent r="6" t="246" w="440" /></phr></stem><stem n="(east"><phr n="(East"><ent r="6" t="246" w="545" /></phr></stem><stem n="wedg"><phr n="Wedge"><ent r="6" t="246" w="625" /><ent r="6" t="246" w="628" /><ent r="6" t="246" w="650" /></phr></stem><stem n="sai"><phr n="say"><ent r="3" t="247" w="9" /></phr></stem><stem n="&quot;mydata&quot;"><phr n="&quot;mydata&quot;"><ent r="3" t="247" w="16" /><ent r="3" t="247" w="113" /></phr></stem><stem n="mydata1"><phr n="mydata1"><ent r="4" t="247" w="23" /><ent r="4" t="247" w="56" /><ent r="4" t="247" w="82" /></phr></stem><stem n="mydata2"><phr n="mydata2"><ent r="4" t="247" w="24" /></phr></stem><stem n="everyth"><phr n="everything"><ent r="3" t="247" w="49" /></phr></stem><stem n="&quot;mydata.&quot;"><phr n="&quot;mydata.&quot;"><ent r="3" t="247" w="52" /></phr></stem><stem n="mydata20"><phr n="mydata20"><ent r="4" t="247" w="60" /><ent r="4" t="247" w="96" /></phr></stem><stem n="mydata9"><phr n="mydata9"><ent r="4" t="247" w="86" /></phr></stem><stem n="—"><phr n="—"><ent r="3" t="247" w="91" /></phr></stem><stem n="mydata10"><phr n="mydata10"><ent r="4" t="247" w="92" /></phr></stem><stem n="—will"><phr n="—will"><ent r="3" t="247" w="98" /></phr></stem><stem n="sibl"><phr n="Sibling"><ent r="5" t="248" w="102" /></phr></stem><stem n="(there"><phr n="(There"><ent r="3" t="248" w="302" /></phr></stem><stem n="statut"><phr n="Statute"><ent r="7" t="249" w="49" /></phr></stem><stem n="nautic"><phr n="Nautical"><ent r="7" t="249" w="52" /></phr></stem><stem n="yard"><phr n="Yards"><ent r="7" t="249" w="57" /></phr></stem><stem n="understand"><phr n="Understanding"><ent r="93" t="252" w="9" /><ent r="93" t="252" w="311" /></phr></stem><stem n="two-step"><phr n="two-step"><ent r="3" t="252" w="191" /></phr></stem><stem n="-exist"><phr n="-existing"><ent r="3" t="252" w="246" /><ent r="3" t="252" w="246" /></phr></stem><stem n="pre-exist"><phr n="pre-existing"><ent r="3" t="252" w="246" /></phr></stem><stem n="except"><phr n="except"><ent r="3" t="252" w="262" /></phr></stem><stem n="displac"><phr n="displaced"><ent r="3" t="252" w="340" /></phr><phr n="displacement"><ent r="3" t="252" w="347" /></phr></stem><stem n="actual"><phr n="actual"><ent r="3" t="252" w="343" /><ent r="3" t="252" w="460" /></phr></stem><stem n="regress"><phr n="regression"><ent r="3" t="252" w="399" /></phr></stem><stem n="“y”"><phr n="“y”"><ent r="3" t="252" w="414" /></phr></stem><stem n="overal"><phr n="overall"><ent r="3" t="252" w="420" /></phr></stem><stem n="predict"><phr n="predicted"><ent r="3" t="252" w="445" /></phr></stem><stem n="-pixel"><phr n="-pixel"><ent r="3" t="252" w="453" /><ent r="3" t="252" w="453" /></phr></stem><stem n="5-pixel"><phr n="5-pixel"><ent r="3" t="252" w="453" /></phr></stem><stem n="28"><phr n="28"><ent r="3" t="252" w="522" /><ent r="3" t="252" w="543" /></phr></stem><stem n="peak"><phr n="peaks"><ent r="3" t="253" w="18" /></phr></stem><stem n="vallei"><phr n="valleys"><ent r="3" t="253" w="20" /></phr></stem><stem n="propag"><phr n="propagation"><ent r="3" t="253" w="26" /></phr></stem><stem n="harmon"><phr n="harmonic"><ent r="3" t="253" w="29" /></phr></stem><stem n="frequenc"><phr n="frequency"><ent r="3" t="253" w="37" /></phr></stem><stem n="veloc"><phr n="velocity"><ent r="3" t="253" w="53" /></phr></stem><stem n="proper"><phr n="proper"><ent r="3" t="253" w="159" /></phr></stem><stem n="bandwidth"><phr n="bandwidth"><ent r="3" t="253" w="160" /></phr><phr n="bandwidths"><ent r="3" t="253" w="174" /></phr></stem><stem n=".0,"><phr n=".0,"><ent r="3" t="253" w="172" /></phr></stem><stem n="((band"><phr n="((Band"><ent r="3" t="253" w="193" /></phr></stem><stem n="n+1"><phr n="N+1"><ent r="3" t="253" w="194" /></phr></stem><stem n=".wav,"><phr n=".wav,"><ent r="4" t="254" w="523" /><ent r="4" t="254" w="750" /></phr></stem><stem n=".wave,"><phr n=".wave,"><ent r="4" t="254" w="524" /><ent r="4" t="254" w="751" /></phr></stem><stem n=".wmd."><phr n=".wmd."><ent r="4" t="254" w="526" /></phr></stem><stem n=".0),"><phr n=".0),"><ent r="3" t="254" w="662" /></phr></stem><stem n=".wmd"><phr n=".wmd"><ent r="4" t="254" w="752" /></phr></stem><stem n="delimit"><phr n="delimited"><ent r="3" t="255" w="220" /></phr></stem><stem n="deprec"><phr n="Deprecated"><ent r="92" t="255" w="274" /><ent r="3" t="255" w="280" /></phr></stem><stem n="ctrl+"><phr n="Ctrl+"><ent r="7" t="258" w="189" /></phr></stem><stem n=":item"><phr n=":Item"><ent r="100" t="259" w="25" /></phr></stem><stem n=":type"><phr n=":types"><ent r="100" t="260" w="7" /></phr></stem><stem n="char"><phr n="char"><ent r="6" t="260" w="38" /><ent r="5" t="260" w="51" /><ent r="6" t="260" w="64" /></phr></stem><stem n="short"><phr n="short"><ent r="6" t="260" w="76" /><ent r="6" t="260" w="89" /></phr></stem><stem n="int64"><phr n="int64"><ent r="5" t="260" w="151" /><ent r="5" t="260" w="164" /></phr></stem><stem n="_t"><phr n="_t"><ent r="5" t="260" w="152" /><ent r="5" t="260" w="189" /></phr></stem><stem n="uint64"><phr n="UInt64"><ent r="5" t="260" w="176" /><ent r="5" t="260" w="188" /></phr></stem><stem n="colortyp"><phr n="ColorType"><ent r="5" t="260" w="262" /></phr></stem><stem n="datetim"><phr n="DateTime"><ent r="6" t="260" w="270" /></phr></stem><stem n="spin"><phr n="Spin"><ent r="6" t="260" w="272" /></phr></stem><stem n="/dd/yyyi"><phr n="/DD/YYYY"><ent r="6" t="260" w="280" /></phr></stem><stem n=":mm:ss"><phr n=":MM:SS"><ent r="6" t="260" w="284" /></phr></stem><stem n="displaymod"><phr n="DisplayMode"><ent r="6" t="260" w="287" /></phr></stem><stem n="encodingtyp"><phr n="EncodingType"><ent r="6" t="260" w="295" /></phr></stem><stem n="endiantyp"><phr n="EndianType"><ent r="5" t="260" w="303" /></phr></stem><stem n="geocoordtyp"><phr n="GeocoordType"><ent r="6" t="260" w="311" /></phr></stem><stem n="interleaveformattyp"><phr n="InterleaveFormatType"><ent r="6" t="260" w="319" /></phr></stem><stem n="layertyp"><phr n="LayerType"><ent r="5" t="260" w="327" /></phr></stem><stem n="passarea"><phr n="PassArea"><ent r="6" t="260" w="335" /></phr></stem><stem n="rasterchanneltyp"><phr n="RasterChannelType"><ent r="5" t="260" w="352" /></phr></stem><stem n="regionunit"><phr n="RegionUnits"><ent r="5" t="260" w="360" /></phr></stem><stem n="symboltyp"><phr n="SymbolType"><ent r="5" t="260" w="368" /></phr></stem><stem n="unittyp"><phr n="UnitType"><ent r="6" t="260" w="376" /></phr></stem><stem n="wavelengthunitstyp"><phr n="WavelengthUnitsType"><ent r="5" t="260" w="384" /></phr></stem><stem n="vector&lt;char&gt;"><phr n="vector&lt;char&gt;"><ent r="6" t="260" w="392" /></phr></stem><stem n="-line"><phr n="-line"><ent r="6" t="260" w="394" /><ent r="6" t="260" w="394" /><ent r="5" t="260" w="413" /><ent r="5" t="260" w="413" /><ent r="6" t="260" w="432" /><ent r="6" t="260" w="432" /><ent r="6" t="260" w="450" /><ent r="6" t="260" w="450" /><ent r="6" t="260" w="469" /><ent r="6" t="260" w="469" /><ent r="6" t="260" w="487" /><ent r="6" t="260" w="487" /><ent r="6" t="260" w="506" /><ent r="6" t="260" w="506" /><ent r="6" t="260" w="524" /><ent r="6" t="260" w="524" /><ent r="6" t="260" w="543" /><ent r="6" t="260" w="543" /><ent r="5" t="260" w="562" /><ent r="5" t="260" w="562" /><ent r="5" t="260" w="580" /><ent r="5" t="260" w="580" /><ent r="5" t="260" w="598" /><ent r="5" t="260" w="598" /><ent r="5" t="260" w="617" /><ent r="5" t="260" w="617" /><ent r="6" t="260" w="635" /><ent r="6" t="260" w="635" /><ent r="6" t="260" w="653" /><ent r="6" t="260" w="653" /><ent r="6" t="260" w="671" /><ent r="6" t="260" w="671" /><ent r="6" t="260" w="689" /><ent r="6" t="260" w="689" /><ent r="6" t="260" w="704" /><ent r="6" t="260" w="704" /></phr></stem><stem n="multi-lin"><phr n="Multi-line"><ent r="6" t="260" w="394" /><ent r="5" t="260" w="413" /><ent r="6" t="260" w="432" /><ent r="6" t="260" w="450" /><ent r="6" t="260" w="469" /><ent r="6" t="260" w="487" /><ent r="6" t="260" w="506" /><ent r="6" t="260" w="524" /><ent r="6" t="260" w="543" /><ent r="5" t="260" w="562" /><ent r="5" t="260" w="580" /><ent r="5" t="260" w="598" /><ent r="5" t="260" w="617" /><ent r="6" t="260" w="635" /><ent r="6" t="260" w="653" /><ent r="6" t="260" w="671" /><ent r="6" t="260" w="689" /><ent r="6" t="260" w="704" /></phr></stem><stem n="vector&lt;sign"><phr n="vector&lt;signed"><ent r="5" t="260" w="410" /></phr></stem><stem n="char&gt;"><phr n="char&gt;"><ent r="5" t="260" w="411" /><ent r="6" t="260" w="430" /></phr></stem><stem n="vector&lt;unsign"><phr n="vector&lt;unsigned"><ent r="6" t="260" w="429" /><ent r="6" t="260" w="466" /><ent r="6" t="260" w="503" /><ent r="6" t="260" w="540" /></phr></stem><stem n="vector&lt;short&gt;"><phr n="vector&lt;short&gt;"><ent r="6" t="260" w="448" /></phr></stem><stem n="short&gt;"><phr n="short&gt;"><ent r="6" t="260" w="467" /></phr></stem><stem n="vector&lt;int&gt;"><phr n="vector&lt;int&gt;"><ent r="6" t="260" w="485" /></phr></stem><stem n="int&gt;"><phr n="int&gt;"><ent r="6" t="260" w="504" /></phr></stem><stem n="vector&lt;long&gt;"><phr n="vector&lt;long&gt;"><ent r="6" t="260" w="522" /></phr></stem><stem n="long&gt;"><phr n="long&gt;"><ent r="6" t="260" w="541" /></phr></stem><stem n="vector&lt;int64"><phr n="vector&lt;int64"><ent r="5" t="260" w="559" /></phr></stem><stem n="_t&gt;"><phr n="_t&gt;"><ent r="5" t="260" w="560" /><ent r="5" t="260" w="615" /></phr></stem><stem n="t&gt;"><phr n="t&gt;"><ent r="5" t="260" w="560" /><ent r="5" t="260" w="615" /></phr></stem><stem n="vector&lt;int64&gt;"><phr n="vector&lt;Int64&gt;"><ent r="5" t="260" w="578" /></phr></stem><stem n="vector&lt;uint64&gt;"><phr n="vector&lt;UInt64&gt;"><ent r="5" t="260" w="596" /></phr></stem><stem n="vector&lt;uint64"><phr n="vector&lt;uint64"><ent r="5" t="260" w="614" /></phr></stem><stem n="vector&lt;float&gt;"><phr n="vector&lt;float&gt;"><ent r="6" t="260" w="633" /></phr></stem><stem n="vector&lt;double&gt;"><phr n="vector&lt;double&gt;"><ent r="6" t="260" w="651" /></phr></stem><stem n="vector&lt;bool&gt;"><phr n="vector&lt;bool&gt;"><ent r="6" t="260" w="669" /></phr></stem><stem n="“true”"><phr n="“true”"><ent r="6" t="260" w="677" /></phr></stem><stem n="“false”"><phr n="“false”"><ent r="6" t="260" w="679" /></phr></stem><stem n="vector&lt;filename&gt;"><phr n="vector&lt;Filename&gt;"><ent r="6" t="260" w="702" /></phr></stem><stem n="dynamicobject"><phr n="DynamicObject"><ent r="5" t="260" w="726" /></phr></stem><stem n="/a"><phr n="/A"><ent r="5" t="260" w="733" /></phr></stem></index>