<?xml version="1.0" encoding="utf-8"?><index><stem n="bin"><phr n="Binning"><ent r="64" t="15" w="22" /><ent r="1000" t="198" w="2" /><ent r="102" t="198" w="5" /><ent r="100" t="198" w="8" /><ent r="3" t="198" w="12" /><ent r="3" t="198" w="296" /><ent r="4" t="198" w="326" /><ent r="5" t="198" w="341" /><ent r="3" t="198" w="346" /><ent r="4" t="198" w="366" /><ent r="6" t="198" w="490" /><ent r="6" t="198" w="498" /><ent r="92" t="198" w="535" /><ent r="3" t="198" w="559" /><ent r="3" t="198" w="588" /></phr><phr n="bin"><ent r="3" t="133" w="47" /><ent r="3" t="133" w="58" /><ent r="3" t="198" w="187" /><ent r="4" t="198" w="361" /><ent r="6" t="198" w="503" /><ent r="6" t="198" w="508" /><ent r="6" t="198" w="524" /><ent r="6" t="198" w="531" /><ent r="3" t="219" w="1564" /></phr><phr n="bins"><ent r="3" t="198" w="281" /><ent r="4" t="198" w="380" /><ent r="6" t="198" w="512" /><ent r="6" t="198" w="516" /><ent r="3" t="198" w="542" /><ent r="3" t="198" w="594" /></phr></stem><stem n="math"><phr n="Math"><ent r="64" t="15" w="25" /><ent r="3" t="20" w="291" /><ent r="1000" t="199" w="2" /><ent r="100" t="199" w="5" /><ent r="102" t="199" w="8" /><ent r="3" t="199" w="12" /><ent r="3" t="199" w="60" /><ent r="5" t="199" w="74" /><ent r="3" t="199" w="79" /><ent r="3" t="199" w="110" /><ent r="3" t="199" w="236" /><ent r="64" t="209" w="329" /><ent r="1000" t="211" w="6" /><ent r="100" t="211" w="9" /><ent r="102" t="211" w="25" /><ent r="3" t="211" w="66" /><ent r="4" t="211" w="111" /><ent r="4" t="211" w="228" /><ent r="3" t="211" w="252" /><ent r="3" t="211" w="264" /><ent r="92" t="211" w="2028" /><ent r="5" t="211" w="2065" /><ent r="3" t="211" w="2070" /><ent r="3" t="211" w="2088" /><ent r="3" t="211" w="2155" /><ent r="3" t="211" w="2314" /><ent r="3" t="211" w="2328" /><ent r="4" t="211" w="2636" /><ent r="4" t="211" w="2699" /><ent r="4" t="211" w="2713" /><ent r="4" t="211" w="2815" /><ent r="4" t="211" w="2827" /><ent r="4" t="211" w="2854" /><ent r="3" t="211" w="3267" /><ent r="5" t="218" w="501" /><ent r="4" t="218" w="534" /><ent r="3" t="218" w="984" /><ent r="3" t="218" w="1011" /><ent r="3" t="218" w="1032" /><ent r="4" t="218" w="1095" /><ent r="7" t="218" w="1124" /><ent r="7" t="218" w="1160" /><ent r="5" t="218" w="1175" /><ent r="3" t="218" w="1385" /><ent r="7" t="219" w="963" /><ent r="7" t="219" w="976" /><ent r="7" t="219" w="986" /><ent r="7" t="219" w="1004" /><ent r="7" t="219" w="1007" /><ent r="7" t="219" w="1024" /><ent r="3" t="219" w="1033" /><ent r="3" t="219" w="1267" /><ent r="1000" t="224" w="2" /><ent r="100" t="224" w="6" /><ent r="102" t="224" w="10" /></phr></stem><stem n="connect"><phr n="Connected"><ent r="64" t="15" w="31" /><ent r="3" t="150" w="439" /><ent r="7" t="151" w="97" /><ent r="7" t="151" w="133" /><ent r="7" t="151" w="171" /><ent r="3" t="163" w="21" /><ent r="3" t="163" w="44" /><ent r="102" t="200" w="4" /><ent r="100" t="200" w="7" /><ent r="3" t="200" w="13" /><ent r="5" t="200" w="74" /><ent r="3" t="214" w="242" /><ent r="3" t="215" w="232" /><ent r="3" t="218" w="265" /><ent r="3" t="218" w="293" /><ent r="3" t="218" w="873" /><ent r="3" t="218" w="890" /><ent r="3" t="218" w="1279" /><ent r="3" t="218" w="1317" /><ent r="3" t="218" w="1333" /><ent r="3" t="219" w="1130" /><ent r="3" t="219" w="1168" /><ent r="3" t="219" w="1184" /><ent r="7" t="257" w="81" /><ent r="7" t="257" w="117" /><ent r="7" t="257" w="156" /></phr><phr n="Connection"><ent r="5" t="30" w="280" /><ent r="5" t="30" w="504" /><ent r="64" t="145" w="143" /><ent r="3" t="145" w="154" /><ent r="3" t="145" w="162" /><ent r="1000" t="147" w="1" /><ent r="102" t="147" w="4" /><ent r="100" t="147" w="7" /><ent r="3" t="147" w="11" /><ent r="64" t="148" w="56" /><ent r="3" t="163" w="85" /><ent r="3" t="163" w="101" /><ent r="3" t="163" w="132" /><ent r="4" t="163" w="137" /><ent r="4" t="163" w="150" /><ent r="3" t="214" w="859" /><ent r="3" t="214" w="867" /><ent r="3" t="214" w="878" /><ent r="6" t="218" w="1191" /><ent r="6" t="218" w="1196" /><ent r="3" t="219" w="672" /><ent r="3" t="219" w="1075" /><ent r="3" t="219" w="1080" /></phr><phr n="connections"><ent r="3" t="150" w="335" /><ent r="7" t="151" w="93" /><ent r="7" t="151" w="101" /><ent r="7" t="151" w="129" /><ent r="7" t="151" w="137" /><ent r="7" t="151" w="167" /><ent r="7" t="151" w="175" /><ent r="92" t="163" w="115" /><ent r="3" t="163" w="123" /><ent r="3" t="163" w="192" /><ent r="3" t="163" w="229" /><ent r="3" t="164" w="174" /><ent r="3" t="164" w="188" /><ent r="3" t="164" w="195" /><ent r="7" t="257" w="77" /><ent r="7" t="257" w="85" /><ent r="7" t="257" w="113" /><ent r="7" t="257" w="121" /><ent r="7" t="257" w="152" /><ent r="7" t="257" w="160" /></phr><phr n="Connect"><ent r="4" t="152" w="65" /><ent r="65" t="152" w="71" /><ent r="3" t="160" w="340" /><ent r="1000" t="163" w="1" /><ent r="100" t="163" w="5" /><ent r="100" t="163" w="11" /><ent r="102" t="163" w="13" /><ent r="64" t="164" w="457" /><ent r="1000" t="200" w="1" /><ent r="4" t="218" w="57" /><ent r="3" t="218" w="1021" /><ent r="3" t="218" w="1048" /><ent r="92" t="218" w="1073" /><ent r="4" t="218" w="1083" /><ent r="4" t="219" w="85" /><ent r="3" t="219" w="663" /><ent r="92" t="219" w="900" /><ent r="3" t="219" w="929" /></phr><phr n="Connecting"><ent r="64" t="160" w="954" /></phr><phr n="connects"><ent r="3" t="200" w="86" /></phr></stem><stem n="fusion"><phr n="Fusion"><ent r="64" t="15" w="35" /><ent r="1000" t="201" w="6" /><ent r="100" t="201" w="13" /><ent r="100" t="201" w="22" /><ent r="102" t="201" w="29" /><ent r="3" t="201" w="38" /><ent r="64" t="201" w="318" /><ent r="1000" t="202" w="6" /><ent r="100" t="202" w="13" /><ent r="102" t="202" w="23" /><ent r="3" t="202" w="31" /><ent r="4" t="202" w="59" /><ent r="5" t="202" w="144" /><ent r="4" t="202" w="152" /><ent r="5" t="202" w="161" /><ent r="4" t="202" w="279" /><ent r="3" t="203" w="168" /><ent r="3" t="204" w="17" /><ent r="4" t="204" w="119" /><ent r="5" t="205" w="114" /><ent r="5" t="205" w="183" /><ent r="4" t="205" w="312" /><ent r="4" t="205" w="335" /><ent r="64" t="206" w="17" /><ent r="4" t="206" w="106" /><ent r="4" t="206" w="392" /><ent r="64" t="209" w="356" /><ent r="1000" t="213" w="5" /><ent r="100" t="213" w="12" /><ent r="102" t="213" w="22" /><ent r="3" t="213" w="61" /><ent r="3" t="213" w="74" /><ent r="4" t="213" w="82" /><ent r="4" t="213" w="110" /><ent r="5" t="213" w="576" /><ent r="4" t="213" w="584" /><ent r="3" t="213" w="592" /><ent r="4" t="213" w="602" /><ent r="3" t="213" w="765" /><ent r="3" t="213" w="827" /><ent r="4" t="213" w="878" /><ent r="4" t="213" w="968" /><ent r="3" t="213" w="1027" /><ent r="4" t="213" w="1039" /><ent r="4" t="213" w="1075" /><ent r="4" t="213" w="1093" /><ent r="4" t="213" w="1129" /><ent r="4" t="213" w="1225" /><ent r="4" t="213" w="1280" /><ent r="4" t="213" w="1324" /><ent r="4" t="213" w="1376" /><ent r="4" t="213" w="1389" /><ent r="3" t="213" w="1442" /><ent r="4" t="213" w="1545" /><ent r="4" t="213" w="1814" /><ent r="3" t="213" w="1883" /></phr></stem><stem n="flatten"><phr n="Flatten"><ent r="64" t="15" w="37" /><ent r="64" t="95" w="161" /><ent r="1000" t="97" w="1" /><ent r="100" t="97" w="5" /><ent r="100" t="97" w="11" /><ent r="102" t="97" w="13" /><ent r="3" t="97" w="17" /><ent r="5" t="97" w="70" /><ent r="3" t="97" w="101" /></phr><phr n="flattening"><ent r="4" t="97" w="82" /><ent r="3" t="97" w="116" /></phr></stem><stem n="morpholog"><phr n="Morphology"><ent r="64" t="15" w="42" /><ent r="1000" t="207" w="2" /><ent r="102" t="207" w="5" /><ent r="100" t="207" w="8" /><ent r="3" t="207" w="14" /><ent r="3" t="207" w="167" /><ent r="5" t="207" w="182" /></phr><phr n="morphological"><ent r="3" t="207" w="20" /></phr></stem><stem n="princip"><phr n="Principal"><ent r="64" t="15" w="47" /><ent r="3" t="20" w="293" /><ent r="1000" t="195" w="1" /><ent r="100" t="195" w="5" /><ent r="102" t="195" w="9" /><ent r="3" t="195" w="55" /><ent r="3" t="195" w="77" /><ent r="3" t="195" w="102" /><ent r="3" t="195" w="132" /><ent r="3" t="195" w="142" /><ent r="5" t="195" w="155" /><ent r="4" t="195" w="160" /><ent r="3" t="195" w="411" /><ent r="3" t="195" w="501" /><ent r="4" t="195" w="569" /><ent r="100" t="212" w="29" /><ent r="3" t="212" w="61" /><ent r="92" t="212" w="1023" /><ent r="5" t="212" w="1059" /><ent r="4" t="212" w="1066" /><ent r="3" t="212" w="1086" /><ent r="4" t="212" w="1435" /></phr></stem><stem n="analysi"><phr n="Analysis"><ent r="64" t="15" w="49" /><ent r="3" t="107" w="73" /><ent r="3" t="165" w="15" /><ent r="1000" t="195" w="3" /><ent r="100" t="195" w="7" /><ent r="102" t="195" w="11" /><ent r="3" t="195" w="57" /><ent r="3" t="195" w="79" /><ent r="3" t="195" w="144" /><ent r="5" t="195" w="157" /><ent r="4" t="195" w="162" /><ent r="3" t="195" w="413" /><ent r="4" t="195" w="571" /><ent r="4" t="195" w="769" /><ent r="3" t="195" w="985" /><ent r="3" t="209" w="190" /><ent r="3" t="210" w="1610" /><ent r="100" t="212" w="31" /><ent r="3" t="212" w="63" /><ent r="92" t="212" w="1025" /><ent r="5" t="212" w="1061" /><ent r="4" t="212" w="1068" /><ent r="3" t="212" w="1088" /><ent r="4" t="212" w="1437" /><ent r="4" t="217" w="260" /><ent r="64" t="225" w="19" /></phr></stem><stem n="qt"><phr n="QT"><ent r="64" t="15" w="51" /><ent r="1000" t="208" w="1" /><ent r="102" t="208" w="4" /><ent r="100" t="208" w="7" /><ent r="64" t="208" w="12" /><ent r="5" t="208" w="48" /><ent r="3" t="208" w="53" /><ent r="64" t="225" w="20" /><ent r="3" t="225" w="25" /><ent r="3" t="225" w="30" /></phr></stem><stem n="cluster"><phr n="Cluster"><ent r="64" t="15" w="52" /><ent r="1000" t="208" w="2" /><ent r="102" t="208" w="5" /><ent r="100" t="208" w="8" /><ent r="64" t="208" w="13" /><ent r="3" t="208" w="19" /><ent r="3" t="208" w="35" /><ent r="5" t="208" w="49" /><ent r="3" t="208" w="54" /><ent r="5" t="208" w="62" /><ent r="4" t="208" w="73" /><ent r="64" t="225" w="18" /><ent r="4" t="225" w="95" /><ent r="4" t="225" w="115" /><ent r="4" t="225" w="123" /><ent r="4" t="225" w="132" /><ent r="4" t="225" w="139" /><ent r="4" t="225" w="151" /></phr><phr n="clusters"><ent r="3" t="208" w="145" /><ent r="3" t="208" w="162" /><ent r="3" t="225" w="65" /><ent r="4" t="225" w="90" /></phr><phr n="Clustering"><ent r="1000" t="225" w="3" /><ent r="102" t="225" w="8" /><ent r="64" t="225" w="21" /><ent r="3" t="225" w="26" /><ent r="3" t="225" w="33" /><ent r="3" t="225" w="48" /></phr></stem><stem n=":open"><phr n=":open"><ent r="100" t="17" w="5" /><ent r="100" t="18" w="8" /><ent r="100" t="109" w="10" /><ent r="100" t="150" w="74" /><ent r="100" t="153" w="6" /></phr></stem><stem n=":file"><phr n=":file"><ent r="100" t="17" w="8" /><ent r="100" t="18" w="11" /><ent r="100" t="21" w="12" /><ent r="100" t="258" w="28" /></phr></stem><stem n=":import"><phr n=":import"><ent r="100" t="17" w="19" /><ent r="100" t="19" w="11" /><ent r="100" t="25" w="11" /><ent r="100" t="28" w="12" /><ent r="100" t="30" w="11" /></phr><phr n=":Importer"><ent r="100" t="27" w="12" /><ent r="100" t="192" w="22" /></phr></stem><stem n="..."><phr n="..."><ent r="5" t="17" w="47" /><ent r="5" t="22" w="132" /><ent r="5" t="22" w="556" /><ent r="4" t="23" w="47" /><ent r="82" t="25" w="143" /><ent r="3" t="25" w="147" /><ent r="82" t="25" w="164" /><ent r="3" t="25" w="167" /><ent r="82" t="25" w="175" /><ent r="82" t="25" w="186" /><ent r="3" t="25" w="189" /><ent r="82" t="25" w="202" /><ent r="3" t="25" w="205" /><ent r="5" t="30" w="240" /><ent r="5" t="32" w="39" /><ent r="4" t="32" w="111" /><ent r="5" t="37" w="183" /><ent r="5" t="37" w="274" /><ent r="5" t="42" w="113" /><ent r="5" t="43" w="137" /><ent r="5" t="47" w="94" /><ent r="5" t="48" w="53" /><ent r="5" t="49" w="51" /><ent r="5" t="50" w="93" /><ent r="5" t="52" w="92" /><ent r="5" t="53" w="92" /><ent r="5" t="54" w="106" /><ent r="5" t="55" w="101" /><ent r="5" t="56" w="94" /><ent r="5" t="57" w="92" /><ent r="5" t="58" w="88" /><ent r="5" t="59" w="89" /><ent r="5" t="60" w="99" /><ent r="6" t="64" w="65" /><ent r="5" t="70" w="377" /><ent r="4" t="73" w="208" /><ent r="5" t="73" w="238" /><ent r="5" t="73" w="303" /><ent r="4" t="75" w="292" /><ent r="7" t="75" w="352" /><ent r="5" t="76" w="211" /><ent r="5" t="77" w="60" /><ent r="5" t="79" w="151" /><ent r="5" t="79" w="209" /><ent r="5" t="88" w="66" /><ent r="4" t="88" w="138" /><ent r="4" t="100" w="306" /><ent r="5" t="109" w="90" /><ent r="4" t="110" w="80" /><ent r="5" t="111" w="179" /><ent r="4" t="111" w="185" /><ent r="4" t="114" w="128" /><ent r="5" t="114" w="229" /><ent r="7" t="122" w="133" /><ent r="7" t="122" w="146" /><ent r="7" t="122" w="298" /><ent r="7" t="122" w="325" /><ent r="5" t="122" w="347" /><ent r="5" t="124" w="86" /><ent r="4" t="124" w="110" /><ent r="5" t="125" w="82" /><ent r="4" t="125" w="131" /><ent r="5" t="126" w="70" /><ent r="5" t="127" w="104" /><ent r="5" t="127" w="232" /><ent r="5" t="132" w="98" /><ent r="4" t="132" w="136" /><ent r="5" t="133" w="102" /><ent r="4" t="133" w="140" /><ent r="5" t="138" w="141" /><ent r="5" t="139" w="71" /><ent r="5" t="140" w="92" /><ent r="5" t="141" w="93" /><ent r="4" t="150" w="104" /><ent r="5" t="153" w="51" /><ent r="5" t="162" w="48" /><ent r="5" t="168" w="48" /><ent r="5" t="170" w="54" /><ent r="6" t="175" w="79" /><ent r="6" t="175" w="139" /><ent r="5" t="178" w="380" /><ent r="4" t="178" w="405" /><ent r="5" t="179" w="77" /><ent r="5" t="179" w="434" /><ent r="5" t="180" w="102" /><ent r="5" t="180" w="423" /><ent r="5" t="181" w="106" /><ent r="4" t="181" w="129" /><ent r="5" t="181" w="421" /><ent r="5" t="183" w="50" /><ent r="4" t="183" w="209" /><ent r="4" t="183" w="246" /><ent r="5" t="184" w="99" /><ent r="5" t="184" w="115" /><ent r="4" t="184" w="213" /><ent r="5" t="185" w="88" /><ent r="5" t="186" w="80" /><ent r="5" t="187" w="96" /><ent r="4" t="187" w="155" /><ent r="5" t="188" w="112" /><ent r="5" t="189" w="47" /><ent r="4" t="189" w="146" /><ent r="5" t="190" w="153" /><ent r="5" t="192" w="99" /><ent r="5" t="192" w="120" /><ent r="5" t="193" w="89" /><ent r="5" t="194" w="75" /><ent r="5" t="197" w="70" /><ent r="5" t="211" w="721" /><ent r="5" t="211" w="775" /><ent r="5" t="212" w="474" /><ent r="5" t="212" w="782" /><ent r="5" t="214" w="715" /><ent r="5" t="215" w="704" /><ent r="5" t="215" w="944" /><ent r="5" t="216" w="247" /><ent r="6" t="216" w="559" /><ent r="5" t="218" w="432" /><ent r="4" t="221" w="88" /><ent r="5" t="229" w="206" /><ent r="5" t="230" w="137" /><ent r="5" t="231" w="96" /><ent r="5" t="233" w="135" /><ent r="4" t="234" w="516" /><ent r="5" t="248" w="207" /><ent r="82" t="254" w="323" /><ent r="3" t="254" w="327" /><ent r="82" t="254" w="344" /><ent r="3" t="254" w="347" /><ent r="82" t="254" w="355" /><ent r="82" t="254" w="366" /><ent r="3" t="254" w="369" /><ent r="82" t="254" w="382" /><ent r="3" t="254" w="385" /><ent r="5" t="254" w="700" /></phr></stem><stem n="(s)"><phr n="(s)"><ent r="4" t="17" w="108" /><ent r="4" t="40" w="141" /><ent r="4" t="136" w="178" /><ent r="4" t="136" w="226" /><ent r="7" t="151" w="81" /><ent r="7" t="151" w="120" /><ent r="7" t="151" w="154" /><ent r="5" t="151" w="230" /><ent r="6" t="198" w="526" /><ent r="6" t="198" w="533" /><ent r="3" t="218" w="1315" /><ent r="3" t="219" w="1166" /><ent r="5" t="242" w="70" /><ent r="7" t="257" w="71" /><ent r="7" t="257" w="110" /><ent r="7" t="257" w="145" /><ent r="5" t="259" w="121" /></phr></stem><stem n="multipl"><phr n="multiple"><ent r="3" t="17" w="115" /><ent r="3" t="18" w="33" /><ent r="3" t="32" w="128" /><ent r="5" t="51" w="106" /><ent r="4" t="51" w="136" /><ent r="3" t="53" w="199" /><ent r="3" t="59" w="231" /><ent r="3" t="60" w="207" /><ent r="3" t="74" w="392" /><ent r="3" t="90" w="90" /><ent r="3" t="124" w="220" /><ent r="3" t="124" w="307" /><ent r="3" t="134" w="51" /><ent r="3" t="143" w="12" /><ent r="4" t="143" w="169" /><ent r="3" t="144" w="19" /><ent r="3" t="150" w="441" /><ent r="7" t="151" w="89" /><ent r="7" t="151" w="125" /><ent r="7" t="151" w="163" /><ent r="3" t="160" w="571" /><ent r="3" t="161" w="262" /><ent r="3" t="192" w="489" /><ent r="3" t="192" w="576" /><ent r="3" t="193" w="199" /><ent r="3" t="193" w="286" /><ent r="3" t="194" w="476" /><ent r="3" t="194" w="563" /><ent r="3" t="199" w="25" /><ent r="4" t="201" w="186" /><ent r="3" t="203" w="48" /><ent r="4" t="204" w="136" /><ent r="3" t="211" w="240" /><ent r="3" t="213" w="930" /><ent r="3" t="218" w="898" /><ent r="3" t="218" w="1014" /><ent r="5" t="219" w="144" /><ent r="5" t="219" w="158" /><ent r="3" t="219" w="837" /><ent r="3" t="227" w="28" /><ent r="3" t="234" w="446" /><ent r="3" t="243" w="533" /><ent r="4" t="254" w="553" /><ent r="6" t="260" w="404" /><ent r="5" t="260" w="423" /><ent r="6" t="260" w="442" /><ent r="6" t="260" w="460" /><ent r="6" t="260" w="479" /><ent r="6" t="260" w="497" /><ent r="6" t="260" w="516" /><ent r="6" t="260" w="534" /><ent r="6" t="260" w="553" /><ent r="5" t="260" w="572" /><ent r="5" t="260" w="590" /><ent r="5" t="260" w="608" /><ent r="5" t="260" w="627" /><ent r="6" t="260" w="645" /><ent r="6" t="260" w="663" /><ent r="6" t="260" w="681" /><ent r="6" t="260" w="696" /><ent r="6" t="260" w="719" /></phr></stem><stem n="paramet"><phr n="parameters"><ent r="3" t="17" w="174" /><ent r="3" t="18" w="175" /><ent r="3" t="26" w="25" /><ent r="3" t="26" w="64" /><ent r="3" t="27" w="23" /><ent r="3" t="27" w="43" /><ent r="3" t="38" w="104" /><ent r="4" t="188" w="300" /><ent r="3" t="197" w="75" /><ent r="3" t="210" w="229" /><ent r="4" t="212" w="1072" /><ent r="3" t="229" w="85" /><ent r="3" t="230" w="29" /><ent r="3" t="233" w="29" /><ent r="4" t="245" w="103" /><ent r="4" t="245" w="148" /></phr><phr n="Parameter"><ent r="7" t="228" w="183" /></phr></stem><stem n="relat"><phr n="Related"><ent r="92" t="17" w="251" /><ent r="92" t="20" w="732" /><ent r="92" t="21" w="51" /><ent r="92" t="22" w="883" /><ent r="92" t="23" w="124" /><ent r="92" t="24" w="56" /><ent r="92" t="25" w="217" /><ent r="92" t="26" w="215" /><ent r="92" t="27" w="79" /><ent r="92" t="29" w="663" /><ent r="92" t="30" w="528" /><ent r="92" t="32" w="137" /><ent r="92" t="33" w="132" /><ent r="92" t="40" w="223" /><ent r="92" t="61" w="55" /><ent r="92" t="62" w="91" /><ent r="92" t="63" w="186" /><ent r="93" t="66" w="263" /><ent r="92" t="79" w="250" /><ent r="92" t="80" w="89" /><ent r="92" t="81" w="130" /><ent r="92" t="84" w="297" /><ent r="92" t="89" w="89" /><ent r="92" t="91" w="299" /><ent r="92" t="92" w="132" /><ent r="92" t="93" w="294" /><ent r="92" t="95" w="166" /><ent r="92" t="96" w="294" /><ent r="92" t="99" w="114" /><ent r="3" t="107" w="102" /><ent r="92" t="107" w="131" /><ent r="92" t="108" w="400" /><ent r="92" t="109" w="163" /><ent r="92" t="110" w="121" /><ent r="92" t="111" w="244" /><ent r="92" t="113" w="76" /><ent r="92" t="120" w="245" /><ent r="92" t="121" w="129" /><ent r="92" t="127" w="280" /><ent r="92" t="128" w="327" /><ent r="92" t="130" w="77" /><ent r="92" t="131" w="180" /><ent r="92" t="134" w="277" /><ent r="92" t="135" w="150" /><ent r="92" t="136" w="261" /><ent r="92" t="142" w="606" /><ent r="92" t="146" w="118" /><ent r="92" t="150" w="557" /><ent r="92" t="152" w="256" /><ent r="92" t="153" w="133" /><ent r="92" t="154" w="189" /><ent r="92" t="155" w="144" /><ent r="92" t="156" w="113" /><ent r="92" t="157" w="227" /><ent r="92" t="160" w="951" /><ent r="92" t="161" w="422" /><ent r="92" t="164" w="451" /><ent r="92" t="165" w="108" /><ent r="92" t="166" w="208" /><ent r="92" t="167" w="100" /><ent r="92" t="168" w="76" /><ent r="92" t="169" w="87" /><ent r="92" t="170" w="77" /><ent r="92" t="172" w="414" /><ent r="92" t="173" w="122" /><ent r="92" t="174" w="65" /><ent r="92" t="176" w="131" /><ent r="92" t="177" w="98" /><ent r="92" t="179" w="1018" /><ent r="92" t="180" w="1221" /><ent r="92" t="191" w="391" /><ent r="92" t="192" w="660" /><ent r="92" t="193" w="361" /><ent r="92" t="194" w="614" /><ent r="92" t="201" w="310" /><ent r="92" t="203" w="302" /><ent r="92" t="204" w="156" /><ent r="92" t="205" w="359" /><ent r="3" t="253" w="42" /><ent r="92" t="254" w="782" /></phr><phr n="relation"><ent r="3" t="213" w="1729" /><ent r="3" t="213" w="1781" /></phr></stem><stem n="topic"><phr n="Topics"><ent r="92" t="17" w="252" /><ent r="92" t="20" w="733" /><ent r="92" t="21" w="52" /><ent r="92" t="22" w="884" /><ent r="92" t="23" w="125" /><ent r="92" t="24" w="57" /><ent r="92" t="25" w="218" /><ent r="92" t="26" w="216" /><ent r="92" t="27" w="80" /><ent r="92" t="29" w="664" /><ent r="92" t="30" w="529" /><ent r="92" t="32" w="138" /><ent r="92" t="33" w="133" /><ent r="92" t="61" w="56" /><ent r="92" t="62" w="92" /><ent r="92" t="79" w="251" /><ent r="92" t="80" w="90" /><ent r="92" t="81" w="131" /><ent r="92" t="84" w="298" /><ent r="92" t="89" w="90" /><ent r="92" t="92" w="133" /><ent r="92" t="107" w="132" /><ent r="92" t="108" w="401" /><ent r="92" t="109" w="164" /><ent r="92" t="110" w="122" /><ent r="92" t="111" w="245" /><ent r="92" t="113" w="77" /><ent r="92" t="135" w="151" /><ent r="92" t="142" w="607" /><ent r="92" t="150" w="558" /><ent r="92" t="152" w="257" /><ent r="92" t="153" w="134" /><ent r="92" t="154" w="190" /><ent r="92" t="156" w="114" /><ent r="92" t="157" w="228" /><ent r="92" t="161" w="423" /><ent r="92" t="164" w="452" /><ent r="92" t="165" w="109" /><ent r="92" t="166" w="209" /><ent r="92" t="167" w="101" /><ent r="92" t="168" w="77" /><ent r="92" t="169" w="88" /><ent r="92" t="170" w="78" /><ent r="92" t="172" w="415" /><ent r="92" t="173" w="123" /><ent r="92" t="174" w="66" /><ent r="92" t="179" w="1019" /><ent r="92" t="191" w="392" /><ent r="92" t="192" w="661" /><ent r="92" t="193" w="362" /><ent r="92" t="194" w="615" /></phr><phr n="Topic"><ent r="92" t="40" w="224" /><ent r="92" t="63" w="187" /><ent r="93" t="66" w="264" /><ent r="92" t="91" w="300" /><ent r="92" t="93" w="295" /><ent r="92" t="95" w="167" /><ent r="92" t="96" w="295" /><ent r="92" t="99" w="115" /><ent r="92" t="120" w="246" /><ent r="92" t="121" w="130" /><ent r="92" t="127" w="281" /><ent r="92" t="128" w="328" /><ent r="92" t="130" w="78" /><ent r="92" t="131" w="181" /><ent r="92" t="134" w="278" /><ent r="92" t="136" w="262" /><ent r="92" t="146" w="119" /><ent r="92" t="155" w="145" /><ent r="92" t="160" w="952" /><ent r="92" t="176" w="132" /><ent r="92" t="177" w="99" /><ent r="92" t="180" w="1222" /><ent r="92" t="201" w="311" /><ent r="92" t="203" w="303" /><ent r="92" t="204" w="157" /><ent r="92" t="205" w="360" /><ent r="92" t="254" w="783" /></phr></stem><stem n="directori"><phr n="directory"><ent r="3" t="18" w="76" /><ent r="4" t="37" w="158" /><ent r="4" t="42" w="65" /><ent r="4" t="43" w="232" /><ent r="4" t="109" w="103" /><ent r="4" t="111" w="192" /><ent r="4" t="155" w="88" /><ent r="3" t="156" w="31" /><ent r="3" t="156" w="75" /><ent r="4" t="190" w="74" /><ent r="3" t="190" w="78" /><ent r="3" t="195" w="961" /><ent r="4" t="210" w="568" /><ent r="4" t="212" w="816" /><ent r="4" t="212" w="1330" /><ent r="4" t="216" w="301" /><ent r="4" t="216" w="441" /><ent r="4" t="219" w="1342" /><ent r="3" t="219" w="1397" /><ent r="3" t="219" w="1517" /><ent r="4" t="254" w="707" /><ent r="6" t="260" w="259" /><ent r="6" t="260" w="717" /></phr></stem><stem n="path"><phr n="path"><ent r="3" t="18" w="82" /><ent r="4" t="94" w="64" /><ent r="5" t="94" w="76" /><ent r="5" t="94" w="93" /><ent r="3" t="94" w="165" /><ent r="3" t="96" w="26" /><ent r="4" t="96" w="76" /><ent r="4" t="96" w="82" /><ent r="4" t="96" w="109" /><ent r="4" t="96" w="126" /><ent r="92" t="96" w="218" /><ent r="4" t="96" w="258" /><ent r="3" t="96" w="272" /><ent r="4" t="155" w="92" /><ent r="7" t="209" w="287" /><ent r="7" t="209" w="298" /><ent r="7" t="210" w="504" /><ent r="7" t="210" w="515" /><ent r="7" t="211" w="653" /><ent r="7" t="211" w="664" /><ent r="4" t="211" w="2532" /><ent r="7" t="212" w="369" /><ent r="7" t="212" w="380" /><ent r="7" t="213" w="328" /><ent r="7" t="213" w="339" /><ent r="7" t="214" w="567" /><ent r="7" t="214" w="578" /><ent r="7" t="215" w="556" /><ent r="7" t="215" w="567" /><ent r="7" t="216" w="213" /><ent r="7" t="216" w="224" /><ent r="7" t="217" w="480" /><ent r="7" t="217" w="491" /><ent r="7" t="218" w="399" /><ent r="7" t="218" w="410" /><ent r="4" t="218" w="1667" /><ent r="4" t="218" w="1779" /><ent r="7" t="219" w="389" /><ent r="7" t="219" w="400" /></phr><phr n="Paths"><ent r="4" t="96" w="253" /></phr></stem><stem n=":\&gt;"><phr n=":\&gt;"><ent r="3" t="18" w="88" /></phr></stem><stem n="&gt;"><phr n="&gt;"><ent r="3" t="18" w="88" /><ent r="6" t="192" w="236" /><ent r="6" t="194" w="224" /><ent r="4" t="206" w="318" /><ent r="4" t="206" w="326" /><ent r="4" t="206" w="334" /></phr></stem><stem n="dataset1"><phr n="dataset1"><ent r="3" t="18" w="90" /></phr></stem><stem n="re"><phr n="re"><ent r="3" t="18" w="91" /><ent r="3" t="18" w="95" /><ent r="4" t="20" w="556" /><ent r="3" t="20" w="657" /><ent r="3" t="20" w="704" /><ent r="3" t="20" w="719" /><ent r="4" t="34" w="135" /><ent r="3" t="72" w="23" /><ent r="3" t="102" w="122" /><ent r="3" t="107" w="30" /><ent r="4" t="124" w="362" /><ent r="3" t="132" w="21" /><ent r="3" t="132" w="54" /><ent r="4" t="181" w="152" /><ent r="4" t="186" w="90" /><ent r="4" t="188" w="122" /><ent r="4" t="192" w="282" /><ent r="4" t="192" w="608" /><ent r="4" t="193" w="341" /><ent r="4" t="194" w="270" /><ent r="4" t="194" w="595" /><ent r="4" t="205" w="193" /><ent r="6" t="210" w="2394" /><ent r="5" t="211" w="787" /><ent r="6" t="211" w="1226" /><ent r="3" t="211" w="1544" /><ent r="5" t="211" w="1849" /><ent r="4" t="213" w="1808" /><ent r="4" t="215" w="954" /><ent r="3" t="243" w="253" /></phr></stem><stem n="ic"><phr n="ice"><ent r="3" t="18" w="92" /><ent r="3" t="18" w="96" /><ent r="5" t="29" w="344" /><ent r="4" t="29" w="367" /><ent r="5" t="29" w="384" /><ent r="5" t="29" w="406" /><ent r="4" t="31" w="108" /><ent r="4" t="31" w="141" /><ent r="67" t="33" w="113" /><ent r="5" t="34" w="117" /><ent r="4" t="34" w="136" /><ent r="65" t="34" w="161" /><ent r="5" t="35" w="24" /><ent r="4" t="35" w="38" /><ent r="4" t="35" w="41" /><ent r="65" t="35" w="51" /><ent r="5" t="35" w="56" /><ent r="4" t="35" w="70" /><ent r="4" t="35" w="73" /><ent r="65" t="35" w="83" /><ent r="4" t="48" w="88" /><ent r="92" t="48" w="225" /><ent r="3" t="191" w="362" /><ent r="3" t="191" w="378" /><ent r="4" t="210" w="81" /><ent r="4" t="210" w="221" /><ent r="3" t="210" w="242" /><ent r="3" t="210" w="247" /><ent r="3" t="210" w="284" /><ent r="4" t="210" w="2326" /><ent r="4" t="210" w="2334" /><ent r="6" t="210" w="2395" /><ent r="5" t="211" w="788" /><ent r="6" t="211" w="1227" /><ent r="5" t="211" w="1850" /><ent r="5" t="211" w="2482" /><ent r="5" t="211" w="2678" /><ent r="1000" t="231" w="1" /><ent r="102" t="231" w="5" /><ent r="100" t="231" w="9" /><ent r="3" t="231" w="15" /><ent r="92" t="231" w="183" /><ent r="3" t="231" w="189" /></phr></stem></index>