﻿<?xml version="1.0" encoding="utf-8"?><index><stem n="unless"><phr n="unless"><ent r="3" t="21" w="114" /><ent r="3" t="129" w="312" /><ent r="3" t="178" w="139" /></phr></stem><stem n="veri"><phr n="very"><ent r="3" t="21" w="120" /><ent r="3" t="179" w="1436" /><ent r="3" t="180" w="3084" /><ent r="3" t="183" w="1069" /></phr></stem><stem n="result"><phr n="results"><ent r="3" t="21" w="126" /><ent r="100" t="26" w="4" /><ent r="100" t="26" w="8" /><ent r="3" t="26" w="14" /><ent r="3" t="26" w="18" /><ent r="3" t="26" w="30" /><ent r="3" t="26" w="37" /><ent r="3" t="26" w="47" /><ent r="4" t="26" w="60" /><ent r="4" t="26" w="66" /><ent r="4" t="26" w="71" /><ent r="4" t="26" w="83" /><ent r="3" t="26" w="94" /><ent r="4" t="26" w="108" /><ent r="3" t="26" w="207" /><ent r="3" t="26" w="375" /><ent r="5" t="26" w="414" /><ent r="5" t="26" w="431" /><ent r="5" t="26" w="447" /><ent r="5" t="26" w="488" /><ent r="4" t="26" w="580" /><ent r="4" t="26" w="593" /><ent r="3" t="103" w="74" /><ent r="4" t="110" w="439" /><ent r="4" t="154" w="296" /><ent r="4" t="154" w="316" /><ent r="4" t="154" w="335" /><ent r="4" t="154" w="355" /><ent r="3" t="160" w="151" /><ent r="3" t="163" w="37" /><ent r="3" t="165" w="54" /><ent r="3" t="169" w="123" /><ent r="3" t="170" w="239" /><ent r="3" t="170" w="242" /><ent r="3" t="170" w="255" /><ent r="4" t="177" w="86" /><ent r="4" t="177" w="116" /><ent r="3" t="177" w="142" /><ent r="3" t="179" w="289" /><ent r="3" t="180" w="403" /><ent r="3" t="180" w="2195" /><ent r="4" t="180" w="2708" /><ent r="4" t="180" w="2720" /><ent r="4" t="181" w="1354" /><ent r="4" t="181" w="1402" /><ent r="3" t="185" w="512" /><ent r="4" t="188" w="206" /><ent r="7" t="199" w="178" /><ent r="3" t="233" w="46" /><ent r="3" t="233" w="77" /><ent r="3" t="233" w="105" /><ent r="3" t="237" w="120" /></phr><phr n="Results"><ent r="64" t="24" w="133" /><ent r="1000" t="26" w="2" /><ent r="102" t="26" w="11" /><ent r="5" t="26" w="138" /><ent r="92" t="26" w="362" /><ent r="3" t="26" w="368" /><ent r="4" t="110" w="443" /><ent r="4" t="125" w="793" /><ent r="4" t="125" w="799" /><ent r="4" t="163" w="68" /><ent r="4" t="170" w="226" /><ent r="4" t="180" w="2547" /><ent r="4" t="180" w="2592" /><ent r="4" t="180" w="2606" /><ent r="4" t="180" w="2747" /><ent r="7" t="188" w="1067" /></phr><phr n="result"><ent r="3" t="102" w="114" /><ent r="3" t="169" w="159" /><ent r="3" t="170" w="30" /><ent r="3" t="177" w="158" /><ent r="4" t="181" w="1347" /><ent r="4" t="181" w="1504" /><ent r="3" t="184" w="1274" /><ent r="3" t="197" w="73" /><ent r="3" t="208" w="687" /><ent r="3" t="238" w="362" /></phr><phr n="Result"><ent r="5" t="177" w="94" /><ent r="5" t="177" w="110" /><ent r="7" t="188" w="1086" /><ent r="3" t="199" w="703" /></phr><phr n="resulting"><ent r="3" t="180" w="2213" /><ent r="3" t="192" w="44" /><ent r="3" t="238" w="404" /></phr></stem><stem n="probabl"><phr n="probably"><ent r="3" t="21" w="128" /><ent r="4" t="126" w="279" /><ent r="4" t="177" w="89" /></phr></stem><stem n="unsatisfactori"><phr n="unsatisfactory"><ent r="3" t="21" w="130" /></phr></stem><stem n="multipoint"><phr n="Multipoint"><ent r="4" t="21" w="148" /><ent r="4" t="21" w="150" /><ent r="3" t="184" w="1192" /></phr><phr n="multipoint"><ent r="3" t="21" w="187" /></phr></stem><stem n="polylin"><phr n="Polyline"><ent r="4" t="21" w="155" /><ent r="4" t="21" w="157" /><ent r="92" t="184" w="796" /><ent r="92" t="184" w="991" /><ent r="4" t="184" w="1094" /><ent r="6" t="230" w="147" /><ent r="6" t="230" w="369" /><ent r="6" t="230" w="450" /><ent r="6" t="230" w="485" /><ent r="6" t="230" w="531" /></phr><phr n="polyline"><ent r="7" t="59" w="137" /><ent r="4" t="184" w="60" /><ent r="4" t="184" w="64" /><ent r="3" t="184" w="830" /><ent r="3" t="184" w="838" /><ent r="4" t="184" w="876" /><ent r="4" t="184" w="981" /><ent r="7" t="190" w="70" /></phr><phr n="polylines"><ent r="3" t="183" w="194" /><ent r="3" t="183" w="301" /><ent r="3" t="184" w="184" /><ent r="3" t="184" w="288" /></phr><phr n="Polylines"><ent r="3" t="183" w="239" /><ent r="3" t="184" w="228" /></phr></stem><stem n="polygon"><phr n="Polygon"><ent r="4" t="21" w="162" /><ent r="4" t="21" w="164" /><ent r="6" t="230" w="146" /><ent r="6" t="230" w="197" /><ent r="6" t="230" w="239" /><ent r="6" t="230" w="301" /><ent r="6" t="230" w="368" /><ent r="6" t="230" w="411" /><ent r="6" t="230" w="449" /><ent r="6" t="230" w="484" /><ent r="6" t="230" w="530" /></phr><phr n="polygon"><ent r="7" t="59" w="84" /><ent r="7" t="59" w="94" /><ent r="7" t="190" w="116" /><ent r="7" t="190" w="126" /></phr><phr n="polygons"><ent r="3" t="183" w="196" /><ent r="3" t="183" w="302" /><ent r="3" t="184" w="186" /><ent r="3" t="184" w="813" /></phr><phr n="Polygons"><ent r="3" t="183" w="261" /><ent r="3" t="184" w="250" /><ent r="3" t="184" w="289" /></phr></stem><stem n="ignor"><phr n="ignored"><ent r="3" t="21" w="180" /><ent r="3" t="148" w="219" /><ent r="3" t="154" w="257" /><ent r="4" t="154" w="307" /><ent r="4" t="154" w="327" /><ent r="3" t="155" w="233" /><ent r="4" t="215" w="342" /></phr><phr n="ignores"><ent r="3" t="71" w="41" /></phr><phr n="Ignore"><ent r="5" t="231" w="193" /><ent r="5" t="231" w="275" /><ent r="5" t="231" w="343" /></phr></stem><stem n="drawn"><phr n="drawn"><ent r="3" t="21" w="193" /><ent r="3" t="37" w="93" /></phr></stem><stem n="empti"><phr n="empty"><ent r="3" t="21" w="196" /><ent r="3" t="81" w="170" /><ent r="3" t="115" w="121" /><ent r="7" t="116" w="26" /><ent r="3" t="131" w="82" /><ent r="7" t="240" w="78" /></phr></stem><stem n="triangl"><phr n="triangles"><ent r="3" t="21" w="197" /><ent r="4" t="147" w="234" /></phr><phr n="triangle"><ent r="3" t="125" w="536" /><ent r="4" t="147" w="223" /><ent r="7" t="190" w="59" /><ent r="6" t="230" w="76" /><ent r="6" t="230" w="85" /></phr><phr n="Triangle"><ent r="5" t="147" w="219" /><ent r="6" t="230" w="97" /><ent r="6" t="230" w="153" /><ent r="6" t="230" w="203" /><ent r="6" t="230" w="245" /><ent r="6" t="230" w="307" /><ent r="6" t="230" w="375" /><ent r="6" t="230" w="417" /><ent r="6" t="230" w="456" /><ent r="6" t="230" w="491" /><ent r="6" t="230" w="537" /></phr></stem><stem n="befor"><phr n="Before"><ent r="92" t="21" w="199" /><ent r="3" t="21" w="203" /><ent r="4" t="43" w="194" /><ent r="6" t="111" w="7" /></phr><phr n="before"><ent r="3" t="74" w="339" /><ent r="3" t="124" w="64" /><ent r="4" t="129" w="171" /><ent r="3" t="142" w="649" /><ent r="3" t="157" w="869" /><ent r="3" t="160" w="130" /><ent r="4" t="165" w="791" /><ent r="3" t="178" w="92" /><ent r="4" t="179" w="2053" /><ent r="3" t="180" w="180" /><ent r="3" t="180" w="189" /><ent r="4" t="180" w="3024" /><ent r="4" t="181" w="547" /><ent r="3" t="182" w="1332" /><ent r="4" t="186" w="137" /><ent r="3" t="187" w="1312" /><ent r="3" t="188" w="1241" /><ent r="3" t="195" w="103" /><ent r="4" t="232" w="177" /><ent r="3" t="238" w="201" /></phr></stem><stem n="begin"><phr n="Begin"><ent r="92" t="21" w="201" /><ent r="4" t="185" w="63" /></phr><phr n="beginning"><ent r="4" t="58" w="200" /><ent r="6" t="191" w="66" /><ent r="6" t="191" w="81" /></phr><phr n="begin"><ent r="3" t="63" w="50" /><ent r="4" t="167" w="705" /><ent r="4" t="170" w="274" /><ent r="4" t="194" w="75" /><ent r="4" t="194" w="95" /><ent r="4" t="194" w="167" /><ent r="4" t="194" w="187" /></phr><phr n="begins"><ent r="3" t="182" w="1335" /></phr></stem><stem n="tab"><phr n="tab"><ent r="4" t="21" w="286" /><ent r="4" t="21" w="290" /><ent r="4" t="21" w="327" /><ent r="4" t="21" w="404" /><ent r="3" t="21" w="407" /><ent r="4" t="21" w="504" /><ent r="3" t="23" w="122" /><ent r="4" t="26" w="113" /><ent r="3" t="26" w="199" /><ent r="3" t="26" w="370" /><ent r="4" t="29" w="37" /><ent r="3" t="31" w="70" /><ent r="4" t="43" w="73" /><ent r="4" t="44" w="153" /><ent r="4" t="44" w="218" /><ent r="4" t="44" w="271" /><ent r="4" t="50" w="143" /><ent r="4" t="50" w="197" /><ent r="3" t="77" w="95" /><ent r="3" t="77" w="108" /><ent r="3" t="77" w="320" /><ent r="3" t="87" w="113" /><ent r="3" t="89" w="16" /><ent r="4" t="89" w="100" /><ent r="7" t="90" w="465" /><ent r="3" t="94" w="77" /><ent r="3" t="94" w="158" /><ent r="4" t="99" w="74" /><ent r="3" t="99" w="145" /><ent r="3" t="100" w="50" /><ent r="3" t="114" w="12" /><ent r="3" t="125" w="67" /><ent r="4" t="126" w="58" /><ent r="4" t="126" w="285" /><ent r="4" t="126" w="295" /><ent r="3" t="138" w="48" /><ent r="3" t="138" w="103" /><ent r="5" t="139" w="32" /><ent r="4" t="141" w="60" /><ent r="3" t="156" w="151" /><ent r="3" t="156" w="156" /><ent r="3" t="156" w="216" /><ent r="4" t="156" w="391" /><ent r="4" t="156" w="408" /><ent r="3" t="156" w="509" /><ent r="3" t="156" w="688" /><ent r="3" t="156" w="738" /><ent r="3" t="156" w="784" /><ent r="4" t="157" w="92" /><ent r="3" t="157" w="238" /><ent r="3" t="157" w="269" /><ent r="4" t="157" w="367" /><ent r="4" t="157" w="384" /><ent r="3" t="157" w="482" /><ent r="3" t="157" w="661" /><ent r="3" t="157" w="711" /><ent r="3" t="157" w="952" /><ent r="3" t="157" w="965" /><ent r="4" t="158" w="364" /><ent r="4" t="158" w="381" /><ent r="3" t="158" w="479" /><ent r="3" t="158" w="658" /><ent r="3" t="158" w="708" /><ent r="3" t="158" w="749" /><ent r="3" t="159" w="104" /><ent r="3" t="159" w="109" /><ent r="4" t="159" w="115" /><ent r="3" t="159" w="140" /><ent r="4" t="166" w="59" /><ent r="4" t="166" w="64" /><ent r="4" t="179" w="442" /><ent r="3" t="179" w="1246" /><ent r="3" t="179" w="1266" /><ent r="3" t="179" w="1280" /><ent r="4" t="180" w="593" /><ent r="4" t="180" w="2683" /><ent r="4" t="181" w="304" /><ent r="6" t="181" w="455" /><ent r="4" t="181" w="685" /><ent r="4" t="182" w="267" /><ent r="4" t="183" w="542" /><ent r="4" t="183" w="839" /><ent r="4" t="184" w="544" /><ent r="6" t="184" w="1006" /><ent r="4" t="185" w="549" /><ent r="3" t="185" w="578" /><ent r="4" t="186" w="418" /><ent r="4" t="188" w="329" /><ent r="4" t="195" w="417" /><ent r="4" t="195" w="496" /><ent r="3" t="198" w="85" /><ent r="3" t="198" w="92" /><ent r="3" t="198" w="127" /><ent r="4" t="198" w="250" /><ent r="100" t="208" w="11" /><ent r="100" t="208" w="14" /><ent r="3" t="208" w="20" /><ent r="3" t="208" w="82" /><ent r="4" t="208" w="550" /><ent r="4" t="208" w="555" /><ent r="3" t="208" w="669" /><ent r="3" t="208" w="679" /><ent r="100" t="210" w="8" /><ent r="3" t="210" w="33" /><ent r="100" t="211" w="8" /><ent r="100" t="212" w="11" /><ent r="100" t="212" w="14" /><ent r="4" t="213" w="291" /><ent r="4" t="213" w="299" /><ent r="4" t="213" w="317" /><ent r="4" t="213" w="492" /><ent r="4" t="213" w="509" /><ent r="3" t="213" w="609" /><ent r="3" t="213" w="843" /><ent r="3" t="218" w="229" /><ent r="4" t="231" w="42" /><ent r="4" t="231" w="49" /><ent r="4" t="231" w="177" /><ent r="4" t="231" w="259" /><ent r="4" t="231" w="327" /><ent r="3" t="232" w="33" /></phr><phr n="Tab"><ent r="64" t="23" w="141" /><ent r="92" t="26" w="194" /><ent r="92" t="26" w="364" /><ent r="65" t="31" w="77" /><ent r="65" t="31" w="80" /><ent r="65" t="31" w="83" /><ent r="65" t="31" w="86" /><ent r="65" t="31" w="89" /><ent r="65" t="31" w="92" /><ent r="5" t="43" w="50" /><ent r="92" t="77" w="171" /><ent r="3" t="77" w="175" /><ent r="92" t="77" w="309" /><ent r="92" t="77" w="334" /><ent r="3" t="77" w="338" /><ent r="92" t="77" w="352" /><ent r="3" t="77" w="357" /><ent r="64" t="111" w="144" /><ent r="64" t="111" w="147" /><ent r="64" t="111" w="150" /><ent r="1000" t="112" w="2" /><ent r="102" t="112" w="5" /><ent r="100" t="112" w="8" /><ent r="3" t="112" w="12" /><ent r="1000" t="113" w="2" /><ent r="102" t="113" w="5" /><ent r="100" t="113" w="8" /><ent r="3" t="113" w="12" /><ent r="1000" t="114" w="2" /><ent r="102" t="114" w="5" /><ent r="100" t="114" w="8" /><ent r="4" t="142" w="177" /><ent r="4" t="142" w="209" /><ent r="3" t="142" w="387" /><ent r="3" t="142" w="506" /><ent r="3" t="142" w="606" /><ent r="3" t="142" w="680" /><ent r="92" t="156" w="209" /><ent r="92" t="156" w="295" /><ent r="3" t="156" w="300" /><ent r="3" t="156" w="316" /><ent r="83" t="156" w="331" /><ent r="3" t="156" w="338" /><ent r="83" t="156" w="506" /><ent r="92" t="156" w="777" /><ent r="92" t="157" w="176" /><ent r="3" t="157" w="180" /><ent r="92" t="157" w="244" /><ent r="3" t="157" w="248" /><ent r="92" t="157" w="275" /><ent r="3" t="157" w="280" /><ent r="3" t="157" w="292" /><ent r="83" t="157" w="307" /><ent r="3" t="157" w="314" /><ent r="83" t="157" w="479" /><ent r="92" t="157" w="748" /><ent r="3" t="157" w="752" /><ent r="92" t="157" w="793" /><ent r="3" t="157" w="797" /><ent r="3" t="157" w="821" /><ent r="3" t="157" w="864" /><ent r="3" t="157" w="882" /><ent r="3" t="157" w="915" /><ent r="64" t="157" w="926" /><ent r="82" t="158" w="210" /><ent r="82" t="158" w="272" /><ent r="3" t="158" w="277" /><ent r="3" t="158" w="288" /><ent r="83" t="158" w="303" /><ent r="3" t="158" w="310" /><ent r="83" t="158" w="476" /><ent r="82" t="158" w="746" /><ent r="64" t="178" w="375" /><ent r="1000" t="185" w="5" /><ent r="100" t="185" w="11" /><ent r="102" t="185" w="20" /><ent r="3" t="185" w="41" /><ent r="4" t="185" w="76" /><ent r="3" t="185" w="124" /><ent r="4" t="185" w="292" /><ent r="64" t="185" w="376" /><ent r="5" t="185" w="527" /><ent r="1000" t="193" w="2" /><ent r="102" t="193" w="7" /><ent r="64" t="193" w="110" /><ent r="1000" t="195" w="2" /><ent r="100" t="195" w="7" /><ent r="100" t="195" w="10" /><ent r="100" t="195" w="16" /><ent r="102" t="195" w="19" /><ent r="3" t="195" w="25" /><ent r="3" t="195" w="55" /><ent r="3" t="195" w="98" /><ent r="3" t="195" w="116" /><ent r="3" t="195" w="147" /><ent r="92" t="195" w="155" /><ent r="3" t="195" w="159" /><ent r="3" t="195" w="189" /><ent r="4" t="195" w="438" /><ent r="64" t="195" w="787" /><ent r="1000" t="208" w="2" /><ent r="102" t="208" w="5" /><ent r="64" t="208" w="737" /><ent r="64" t="208" w="740" /><ent r="64" t="208" w="743" /><ent r="64" t="208" w="746" /><ent r="64" t="208" w="749" /><ent r="1000" t="209" w="2" /><ent r="100" t="209" w="7" /><ent r="100" t="209" w="10" /><ent r="100" t="209" w="18" /><ent r="102" t="209" w="21" /><ent r="3" t="209" w="27" /><ent r="3" t="209" w="46" /><ent r="64" t="209" w="220" /><ent r="64" t="209" w="230" /><ent r="64" t="209" w="233" /><ent r="64" t="209" w="236" /><ent r="64" t="209" w="239" /><ent r="64" t="209" w="242" /><ent r="1000" t="210" w="2" /><ent r="102" t="210" w="5" /><ent r="3" t="210" w="12" /><ent r="64" t="210" w="42" /><ent r="64" t="210" w="45" /><ent r="64" t="210" w="48" /><ent r="64" t="210" w="51" /><ent r="64" t="210" w="54" /><ent r="1000" t="211" w="2" /><ent r="102" t="211" w="5" /><ent r="3" t="211" w="12" /><ent r="64" t="211" w="55" /><ent r="64" t="211" w="58" /><ent r="64" t="211" w="61" /><ent r="64" t="211" w="64" /><ent r="64" t="211" w="67" /><ent r="1000" t="212" w="2" /><ent r="102" t="212" w="5" /><ent r="3" t="212" w="20" /><ent r="64" t="212" w="129" /><ent r="64" t="212" w="132" /><ent r="64" t="212" w="135" /><ent r="64" t="212" w="138" /><ent r="64" t="212" w="141" /><ent r="1000" t="213" w="2" /><ent r="100" t="213" w="5" /><ent r="102" t="213" w="8" /><ent r="4" t="213" w="202" /><ent r="100" t="213" w="225" /><ent r="65" t="213" w="230" /><ent r="65" t="213" w="240" /><ent r="100" t="213" w="340" /><ent r="65" t="213" w="345" /><ent r="65" t="213" w="355" /><ent r="92" t="213" w="432" /><ent r="3" t="213" w="439" /><ent r="92" t="213" w="606" /><ent r="3" t="213" w="793" /><ent r="64" t="213" w="883" /><ent r="64" t="213" w="886" /><ent r="64" t="213" w="889" /><ent r="64" t="213" w="892" /><ent r="64" t="213" w="895" /><ent r="3" t="215" w="79" /><ent r="3" t="215" w="93" /><ent r="92" t="215" w="129" /><ent r="3" t="215" w="134" /><ent r="92" t="215" w="295" /><ent r="3" t="216" w="23" /><ent r="3" t="216" w="37" /><ent r="92" t="216" w="60" /><ent r="3" t="216" w="65" /><ent r="92" t="216" w="226" /><ent r="3" t="216" w="232" /><ent r="92" t="217" w="34" /><ent r="92" t="217" w="185" /><ent r="3" t="217" w="191" /><ent r="3" t="218" w="23" /><ent r="3" t="218" w="36" /><ent r="92" t="218" w="58" /><ent r="3" t="218" w="63" /><ent r="92" t="218" w="223" /></phr><phr n="tabs"><ent r="3" t="77" w="85" /><ent r="3" t="81" w="236" /><ent r="3" t="111" w="141" /><ent r="3" t="125" w="77" /><ent r="3" t="156" w="142" /><ent r="3" t="156" w="320" /><ent r="3" t="157" w="117" /><ent r="3" t="157" w="296" /><ent r="3" t="157" w="944" /><ent r="3" t="158" w="144" /><ent r="3" t="158" w="292" /><ent r="3" t="159" w="100" /><ent r="3" t="179" w="1271" /><ent r="3" t="179" w="1467" /><ent r="3" t="215" w="76" /><ent r="3" t="216" w="20" /><ent r="3" t="218" w="20" /></phr><phr n="Tabs"><ent r="82" t="198" w="76" /></phr></stem><stem n="connect"><phr n="Connection"><ent r="4" t="21" w="289" /><ent r="5" t="21" w="502" /><ent r="64" t="111" w="143" /><ent r="1000" t="112" w="1" /><ent r="102" t="112" w="4" /><ent r="100" t="112" w="7" /><ent r="3" t="112" w="11" /></phr><phr n="connection"><ent r="3" t="111" w="154" /><ent r="3" t="111" w="162" /><ent r="3" t="128" w="85" /><ent r="3" t="128" w="101" /><ent r="3" t="128" w="132" /><ent r="4" t="128" w="137" /><ent r="4" t="128" w="150" /><ent r="6" t="187" w="1193" /><ent r="6" t="187" w="1198" /><ent r="3" t="188" w="1000" /><ent r="3" t="188" w="1153" /><ent r="3" t="188" w="1158" /></phr><phr n="connections"><ent r="3" t="115" w="335" /><ent r="3" t="128" w="123" /><ent r="3" t="128" w="192" /><ent r="3" t="128" w="229" /><ent r="3" t="129" w="174" /><ent r="3" t="129" w="188" /><ent r="3" t="129" w="195" /></phr><phr n="connected"><ent r="3" t="115" w="439" /><ent r="7" t="116" w="97" /><ent r="7" t="116" w="133" /><ent r="7" t="116" w="171" /><ent r="3" t="128" w="21" /><ent r="3" t="128" w="44" /><ent r="3" t="184" w="231" /><ent r="3" t="187" w="267" /><ent r="3" t="187" w="295" /><ent r="3" t="187" w="891" /><ent r="3" t="187" w="908" /><ent r="3" t="187" w="1280" /><ent r="3" t="187" w="1318" /><ent r="3" t="187" w="1334" /><ent r="3" t="188" w="919" /><ent r="3" t="188" w="1213" /><ent r="3" t="188" w="1247" /><ent r="3" t="188" w="1263" /><ent r="7" t="239" w="81" /><ent r="7" t="239" w="117" /><ent r="7" t="239" w="156" /></phr><phr n="Connections"><ent r="7" t="116" w="93" /><ent r="7" t="116" w="101" /><ent r="7" t="116" w="129" /><ent r="7" t="116" w="137" /><ent r="7" t="116" w="167" /><ent r="7" t="116" w="175" /><ent r="92" t="128" w="115" /><ent r="7" t="239" w="77" /><ent r="7" t="239" w="85" /><ent r="7" t="239" w="113" /><ent r="7" t="239" w="121" /><ent r="7" t="239" w="152" /><ent r="7" t="239" w="160" /></phr><phr n="Connect"><ent r="4" t="117" w="65" /><ent r="65" t="117" w="71" /><ent r="1000" t="128" w="1" /><ent r="102" t="128" w="13" /><ent r="64" t="129" w="457" /><ent r="4" t="187" w="59" /><ent r="92" t="187" w="1091" /><ent r="4" t="188" w="87" /><ent r="92" t="188" w="855" /><ent r="4" t="188" w="994" /></phr><phr n="connect"><ent r="3" t="125" w="340" /><ent r="100" t="128" w="5" /><ent r="100" t="128" w="11" /><ent r="3" t="183" w="242" /><ent r="3" t="187" w="1039" /><ent r="3" t="187" w="1066" /><ent r="4" t="187" w="1101" /><ent r="3" t="188" w="890" /><ent r="3" t="188" w="1007" /></phr><phr n="Connecting"><ent r="64" t="125" w="949" /></phr></stem><stem n="necessari"><phr n="necessary"><ent r="4" t="21" w="316" /><ent r="3" t="24" w="64" /><ent r="4" t="27" w="73" /><ent r="3" t="30" w="57" /><ent r="4" t="74" w="208" /><ent r="3" t="112" w="50" /><ent r="3" t="125" w="37" /><ent r="3" t="129" w="221" /><ent r="3" t="169" w="151" /><ent r="3" t="173" w="70" /><ent r="3" t="180" w="1070" /><ent r="3" t="180" w="2197" /><ent r="4" t="181" w="601" /><ent r="3" t="184" w="776" /><ent r="4" t="231" w="182" /><ent r="4" t="231" w="264" /><ent r="4" t="231" w="332" /></phr></stem><stem n="attribut"><phr n="attributes"><ent r="3" t="21" w="356" /><ent r="3" t="21" w="382" /><ent r="3" t="157" w="772" /><ent r="3" t="211" w="32" /><ent r="3" t="231" w="245" /><ent r="3" t="232" w="19" /><ent r="3" t="232" w="58" /></phr></stem><stem n="sampl"><phr n="sample"><ent r="3" t="21" w="359" /><ent r="7" t="178" w="303" /><ent r="7" t="179" w="520" /><ent r="7" t="180" w="671" /><ent r="7" t="181" w="382" /><ent r="4" t="181" w="411" /><ent r="7" t="182" w="345" /><ent r="4" t="182" w="357" /><ent r="7" t="183" w="620" /><ent r="7" t="184" w="622" /><ent r="7" t="185" w="229" /><ent r="4" t="185" w="270" /><ent r="7" t="186" w="496" /><ent r="7" t="187" w="417" /><ent r="7" t="188" w="407" /><ent r="7" t="199" w="403" /></phr><phr n="Sampling"><ent r="5" t="90" w="346" /><ent r="67" t="90" w="364" /><ent r="1000" t="93" w="3" /><ent r="100" t="93" w="7" /><ent r="100" t="93" w="10" /><ent r="102" t="93" w="14" /><ent r="3" t="93" w="18" /><ent r="5" t="93" w="81" /><ent r="4" t="93" w="131" /></phr><phr n="Samples"><ent r="3" t="178" w="59" /></phr><phr n="Sample"><ent r="7" t="178" w="248" /><ent r="7" t="178" w="253" /><ent r="7" t="179" w="465" /><ent r="7" t="179" w="470" /><ent r="7" t="180" w="616" /><ent r="7" t="180" w="621" /><ent r="7" t="181" w="327" /><ent r="7" t="181" w="332" /><ent r="7" t="182" w="290" /><ent r="7" t="182" w="295" /><ent r="7" t="183" w="565" /><ent r="7" t="183" w="570" /><ent r="7" t="184" w="567" /><ent r="7" t="184" w="572" /><ent r="7" t="185" w="174" /><ent r="7" t="185" w="179" /><ent r="7" t="186" w="441" /><ent r="7" t="186" w="446" /><ent r="7" t="187" w="362" /><ent r="7" t="187" w="367" /><ent r="7" t="188" w="352" /><ent r="7" t="188" w="357" /><ent r="92" t="199" w="690" /></phr><phr n="sampling"><ent r="3" t="179" w="236" /></phr><phr n="samples"><ent r="7" t="199" w="90" /><ent r="7" t="199" w="94" /><ent r="3" t="199" w="719" /></phr></stem><stem n="row"><phr n="row"><ent r="3" t="21" w="368" /><ent r="4" t="26" w="558" /><ent r="3" t="49" w="253" /><ent r="3" t="49" w="256" /><ent r="3" t="49" w="264" /><ent r="4" t="74" w="99" /><ent r="4" t="74" w="143" /><ent r="4" t="74" w="155" /><ent r="4" t="74" w="181" /><ent r="4" t="74" w="199" /><ent r="4" t="83" w="241" /><ent r="4" t="83" w="270" /><ent r="4" t="83" w="297" /><ent r="4" t="131" w="143" /><ent r="3" t="170" w="159" /><ent r="3" t="194" w="252" /></phr><phr n="rows"><ent r="3" t="21" w="370" /><ent r="3" t="26" w="210" /><ent r="4" t="49" w="230" /><ent r="3" t="49" w="276" /><ent r="3" t="157" w="206" /><ent r="3" t="167" w="766" /><ent r="3" t="170" w="134" /><ent r="3" t="208" w="50" /><ent r="3" t="212" w="34" /><ent r="4" t="216" w="251" /><ent r="4" t="223" w="96" /></phr><phr n="Rows"><ent r="5" t="26" w="218" /><ent r="4" t="144" w="333" /><ent r="5" t="215" w="149" /><ent r="5" t="216" w="80" /><ent r="5" t="216" w="242" /><ent r="5" t="217" w="39" /><ent r="5" t="218" w="78" /><ent r="5" t="223" w="87" /></phr><phr n="Row"><ent r="4" t="26" w="224" /><ent r="4" t="26" w="227" /><ent r="7" t="49" w="309" /><ent r="7" t="49" w="313" /><ent r="4" t="83" w="236" /><ent r="4" t="215" w="155" /><ent r="4" t="215" w="158" /><ent r="4" t="216" w="86" /><ent r="4" t="216" w="89" /><ent r="4" t="217" w="45" /><ent r="4" t="217" w="48" /><ent r="4" t="218" w="84" /><ent r="4" t="218" w="87" /></phr></stem><stem n="tabl"><phr n="table"><ent r="3" t="21" w="373" /><ent r="4" t="74" w="148" /><ent r="3" t="74" w="267" /><ent r="3" t="83" w="90" /><ent r="3" t="83" w="141" /><ent r="4" t="83" w="276" /><ent r="3" t="90" w="103" /><ent r="4" t="131" w="131" /><ent r="4" t="180" w="1275" /><ent r="3" t="185" w="393" /><ent r="4" t="187" w="1098" /><ent r="3" t="188" w="1004" /><ent r="3" t="195" w="285" /><ent r="4" t="195" w="532" /><ent r="3" t="209" w="103" /><ent r="3" t="226" w="27" /><ent r="3" t="228" w="102" /></phr><phr n="Table"><ent r="82" t="195" w="238" /><ent r="3" t="195" w="242" /><ent r="82" t="209" w="56" /><ent r="3" t="209" w="60" /></phr></stem><stem n="info"><phr n="info"><ent r="4" t="21" w="387" /><ent r="7" t="199" w="418" /><ent r="6" t="199" w="460" /><ent r="3" t="199" w="754" /></phr></stem><stem n="cannot"><phr n="cannot"><ent r="3" t="21" w="396" /><ent r="3" t="40" w="243" /><ent r="3" t="44" w="675" /><ent r="3" t="78" w="28" /><ent r="3" t="84" w="47" /><ent r="4" t="109" w="417" /><ent r="3" t="125" w="302" /><ent r="3" t="128" w="102" /><ent r="3" t="140" w="204" /><ent r="3" t="166" w="38" /><ent r="4" t="171" w="220" /><ent r="3" t="179" w="277" /><ent r="3" t="187" w="1546" /><ent r="3" t="195" w="175" /><ent r="4" t="208" w="495" /><ent r="3" t="214" w="133" /><ent r="4" t="219" w="214" /></phr></stem><stem n="clip"><phr n="Clipping"><ent r="4" t="21" w="403" /><ent r="64" t="111" w="149" /><ent r="1000" t="114" w="1" /><ent r="102" t="114" w="4" /><ent r="100" t="114" w="7" /></phr><phr n="clipped"><ent r="3" t="21" w="417" /><ent r="3" t="174" w="56" /><ent r="3" t="184" w="375" /></phr><phr n="clipping"><ent r="3" t="114" w="11" /><ent r="3" t="114" w="18" /></phr><phr n="clip"><ent r="3" t="184" w="337" /></phr></stem><stem n="finish"><phr n="finish"><ent r="4" t="21" w="420" /><ent r="4" t="26" w="354" /><ent r="4" t="180" w="3021" /><ent r="4" t="184" w="979" /><ent r="4" t="215" w="285" /><ent r="4" t="216" w="216" /><ent r="4" t="217" w="175" /><ent r="4" t="218" w="214" /></phr><phr n="Finish"><ent r="5" t="48" w="285" /><ent r="5" t="175" w="303" /><ent r="5" t="180" w="2558" /><ent r="5" t="182" w="1301" /></phr><phr n="finished"><ent r="4" t="143" w="281" /><ent r="3" t="147" w="238" /><ent r="3" t="151" w="200" /><ent r="4" t="153" w="150" /><ent r="4" t="156" w="159" /><ent r="4" t="158" w="153" /><ent r="4" t="163" w="92" /><ent r="4" t="165" w="123" /><ent r="3" t="178" w="36" /><ent r="3" t="179" w="24" /><ent r="3" t="180" w="44" /><ent r="3" t="181" w="34" /><ent r="3" t="182" w="32" /><ent r="3" t="183" w="22" /><ent r="3" t="184" w="25" /><ent r="3" t="185" w="29" /><ent r="4" t="185" w="472" /><ent r="3" t="186" w="22" /><ent r="3" t="187" w="20" /><ent r="3" t="188" w="28" /><ent r="4" t="189" w="146" /></phr><phr n="finishes"><ent r="4" t="181" w="609" /></phr></stem><stem n="ok"><phr n="OK"><ent r="5" t="21" w="426" /><ent r="5" t="21" w="520" /><ent r="5" t="26" w="359" /><ent r="5" t="26" w="601" /><ent r="4" t="43" w="90" /><ent r="4" t="43" w="163" /><ent r="5" t="43" w="172" /><ent r="5" t="44" w="244" /><ent r="5" t="44" w="619" /><ent r="4" t="47" w="282" /><ent r="3" t="47" w="333" /><ent r="5" t="48" w="314" /><ent r="5" t="49" w="628" /><ent r="5" t="50" w="273" /><ent r="5" t="60" w="151" /><ent r="5" t="62" w="196" /><ent r="5" t="67" w="124" /><ent r="5" t="70" w="169" /><ent r="5" t="70" w="211" /><ent r="5" t="70" w="290" /><ent r="5" t="81" w="108" /><ent r="4" t="81" w="327" /><ent r="5" t="83" w="250" /><ent r="5" t="92" w="197" /><ent r="5" t="93" w="152" /><ent r="4" t="96" w="257" /><ent r="5" t="97" w="96" /><ent r="5" t="99" w="125" /><ent r="5" t="106" w="251" /><ent r="5" t="107" w="129" /><ent r="5" t="108" w="148" /><ent r="5" t="109" w="148" /><ent r="3" t="110" w="413" /><ent r="5" t="110" w="462" /><ent r="5" t="126" w="149" /><ent r="5" t="126" w="248" /><ent r="5" t="126" w="363" /><ent r="5" t="126" w="418" /><ent r="5" t="142" w="455" /><ent r="5" t="143" w="291" /><ent r="5" t="144" w="102" /><ent r="5" t="145" w="267" /><ent r="4" t="147" w="241" /><ent r="5" t="148" w="223" /><ent r="5" t="149" w="203" /><ent r="5" t="150" w="194" /><ent r="4" t="151" w="203" /><ent r="5" t="152" w="153" /><ent r="5" t="153" w="153" /><ent r="5" t="154" w="143" /><ent r="5" t="155" w="260" /><ent r="5" t="156" w="166" /><ent r="4" t="156" w="421" /><ent r="5" t="156" w="469" /><ent r="6" t="157" w="136" /><ent r="4" t="157" w="397" /><ent r="5" t="157" w="442" /><ent r="5" t="158" w="171" /><ent r="4" t="158" w="394" /><ent r="5" t="158" w="439" /><ent r="6" t="159" w="175" /><ent r="7" t="160" w="73" /><ent r="5" t="161" w="247" /><ent r="4" t="162" w="176" /><ent r="5" t="163" w="110" /><ent r="5" t="164" w="206" /><ent r="5" t="165" w="141" /><ent r="5" t="167" w="702" /><ent r="4" t="167" w="797" /><ent r="5" t="167" w="1038" /><ent r="5" t="169" w="390" /><ent r="5" t="177" w="122" /><ent r="5" t="179" w="2221" /><ent r="5" t="180" w="1036" /><ent r="5" t="180" w="1765" /><ent r="5" t="180" w="1833" /><ent r="4" t="180" w="2295" /><ent r="4" t="180" w="2901" /><ent r="5" t="181" w="493" /><ent r="5" t="181" w="511" /><ent r="5" t="181" w="1005" /><ent r="5" t="181" w="1262" /><ent r="5" t="181" w="1338" /><ent r="5" t="182" w="416" /><ent r="5" t="183" w="719" /><ent r="5" t="183" w="879" /><ent r="5" t="183" w="890" /><ent r="5" t="184" w="763" /><ent r="5" t="184" w="1120" /><ent r="5" t="184" w="1138" /><ent r="5" t="185" w="333" /><ent r="5" t="185" w="466" /><ent r="5" t="185" w="480" /><ent r="4" t="186" w="609" /><ent r="4" t="186" w="790" /><ent r="5" t="186" w="1112" /><ent r="4" t="186" w="1174" /><ent r="5" t="187" w="672" /><ent r="5" t="187" w="760" /><ent r="5" t="188" w="1555" /><ent r="5" t="189" w="149" /><ent r="5" t="195" w="580" /><ent r="5" t="213" w="253" /><ent r="5" t="213" w="368" /><ent r="4" t="213" w="522" /><ent r="5" t="213" w="570" /><ent r="5" t="213" w="782" /><ent r="4" t="215" w="124" /><ent r="5" t="215" w="290" /><ent r="4" t="216" w="55" /><ent r="5" t="216" w="221" /><ent r="5" t="217" w="180" /><ent r="4" t="218" w="53" /><ent r="5" t="218" w="219" /><ent r="5" t="219" w="74" /><ent r="5" t="219" w="247" /><ent r="5" t="219" w="299" /><ent r="5" t="221" w="66" /><ent r="5" t="223" w="116" /><ent r="5" t="224" w="211" /><ent r="5" t="225" w="69" /><ent r="5" t="228" w="197" /><ent r="5" t="229" w="152" /><ent r="5" t="231" w="167" /><ent r="5" t="231" w="227" /><ent r="5" t="232" w="112" /><ent r="5" t="232" w="153" /></phr><phr n="Ok"><ent r="5" t="136" w="82" /><ent r="5" t="198" w="383" /></phr></stem></index>