﻿<?xml version="1.0" encoding="utf-8"?><index PreMerged="False"><stem n="529"><phr n="529"><ent r="1" t="153" w="1279" /><ent r="1" t="153" w="1293" /></phr></stem><stem n="denot"><phr n="denote"><ent r="1" t="153" w="1282" /></phr></stem><stem n="n44°9"><phr n="N44°9"><ent r="1" t="153" w="1291" /></phr></stem><stem n="n44°9'8"><phr n="N44°9'8"><ent r="1" t="153" w="1292" /><ent r="1" t="153" w="1291" /></phr></stem><stem n="n44°9'8.529"><phr n="N44°9'8.529"><ent r="1" t="153" w="1293" /><ent r="1" t="153" w="1291" /></phr></stem><stem n="alt"><phr n="Alt"><ent r="1" t="153" w="1313" /><ent r="1" t="184" w="50" /><ent r="1" t="184" w="157" /></phr></stem><stem n="0176"><phr n="0176"><ent r="1" t="153" w="1320" /></phr></stem><stem n="keypad"><phr n="keypad"><ent r="1" t="153" w="1328" /></phr></stem><stem n="numlock"><phr n="NumLock"><ent r="51" t="153" w="1332" /></phr></stem><stem n="m"><phr n="m"><ent r="51" t="153" w="1366" /></phr><phr n="M"><ent r="51" t="159" w="1847" /></phr></stem><stem n="south"><phr n="South"><ent r="1" t="153" w="1372" /><ent r="51" t="169" w="457" /></phr></stem><stem n="west"><phr n="West"><ent r="1" t="153" w="1374" /></phr></stem><stem n="107°46"><phr n="107°46"><ent r="1" t="153" w="1391" /></phr></stem><stem n="107°46'37"><phr n="107°46'37"><ent r="1" t="153" w="1392" /><ent r="1" t="153" w="1391" /></phr></stem><stem n="37"><phr n="37"><ent r="1" t="153" w="1392" /><ent r="1" t="153" w="1418" /></phr></stem><stem n="107°46'37.798"><phr n="107°46'37.798"><ent r="1" t="153" w="1393" /><ent r="1" t="153" w="1391" /></phr></stem><stem n="798"><phr n="798"><ent r="1" t="153" w="1393" /><ent r="1" t="153" w="1419" /></phr><phr n="798s"><ent r="1" t="153" w="1401" /></phr></stem><stem n="107d46m37"><phr n="107d46m37"><ent r="1" t="153" w="1399" /><ent r="1" t="153" w="1400" /></phr></stem><stem n="-107d46m37.798"><phr n="-107d46m37.798s"><ent r="1" t="153" w="1401" /><ent r="1" t="153" w="1400" /></phr></stem><stem n="e0°"><phr n="E0°"><ent r="51" t="153" w="1412" /></phr></stem><stem n="w107°46"><phr n="W107°46"><ent r="1" t="153" w="1417" /></phr></stem><stem n="w107°46'37"><phr n="W107°46'37"><ent r="1" t="153" w="1418" /><ent r="1" t="153" w="1417" /></phr></stem><stem n="w107°46'37.798"><phr n="W107°46'37.798"><ent r="1" t="153" w="1419" /><ent r="1" t="153" w="1417" /></phr></stem><stem n="twice"><phr n="twice"><ent r="1" t="153" w="1448" /></phr></stem><stem n="just"><phr n="just"><ent r="1" t="153" w="1482" /></phr></stem><stem n="x-refer"><phr n="X-Reference"><ent r="1" t="153" w="1487" /></phr></stem><stem n="y-refer"><phr n="Y-Reference"><ent r="1" t="153" w="1490" /></phr></stem><stem n="n44°17"><phr n="N44°17"><ent r="51" t="153" w="1504" /><ent r="51" t="153" w="1515" /></phr></stem><stem n="w107°47"><phr n="W107°47"><ent r="51" t="153" w="1506" /></phr></stem><stem n="n44°17'15"><phr n="N44°17'15"><ent r="51" t="153" w="1516" /><ent r="51" t="153" w="1515" /></phr></stem><stem n="n44°17'15.48"><phr n="N44°17'15.48"><ent r="51" t="153" w="1517" /><ent r="51" t="153" w="1515" /></phr></stem><stem n="w107°36"><phr n="W107°36"><ent r="51" t="153" w="1519" /></phr></stem><stem n="w107°36'3"><phr n="W107°36'3"><ent r="51" t="153" w="1520" /><ent r="51" t="153" w="1519" /></phr></stem><stem n="w107°36'3.652"><phr n="W107°36'3.652"><ent r="51" t="153" w="1521" /><ent r="51" t="153" w="1519" /></phr></stem><stem n="652"><phr n="652"><ent r="51" t="153" w="1521" /></phr></stem><stem n="pair"><phr n="pairings"><ent r="1" t="153" w="1606" /><ent r="1" t="153" w="2095" /></phr><phr n="pair"><ent r="1" t="159" w="1023" /><ent r="1" t="160" w="858" /><ent r="1" t="169" w="233" /><ent r="1" t="169" w="247" /></phr></stem><stem n="circular"><phr n="circular"><ent r="1" t="153" w="1619" /><ent r="1" t="153" w="1700" /><ent r="1" t="153" w="2356" /></phr></stem><stem n="ruler"><phr n="ruler"><ent r="1" t="153" w="1678" /></phr></stem><stem n="meter"><phr n="meters"><ent r="1" t="153" w="1690" /><ent r="1" t="153" w="1714" /><ent r="51" t="169" w="571" /><ent r="1" t="194" w="515" /><ent r="1" t="194" w="536" /></phr><phr n="Meters"><ent r="51" t="188" w="52" /></phr></stem><stem n="diamet"><phr n="diameter"><ent r="1" t="153" w="1707" /><ent r="1" t="153" w="1709" /></phr></stem><stem n="900"><phr n="900"><ent r="1" t="153" w="1713" /></phr></stem><stem n="six"><phr n="six"><ent r="1" t="153" w="1782" /></phr></stem><stem n="formula"><phr n="formula"><ent r="1" t="153" w="1805" /><ent r="1" t="153" w="1925" /></phr></stem><stem n="nir"><phr n="NIR"><ent r="1" t="153" w="1823" /></phr></stem><stem n="nir-r"><phr n="NIR-Red"><ent r="1" t="153" w="1823" /></phr></stem><stem n="nir+r"><phr n="NIR+Red"><ent r="1" t="153" w="1825" /></phr></stem><stem n="b4"><phr n="b4"><ent r="1" t="153" w="1829" /><ent r="1" t="153" w="1845" /><ent r="1" t="153" w="1881" /><ent r="1" t="153" w="1933" /><ent r="51" t="159" w="776" /></phr></stem><stem n="b4-b3"><phr n="b4-b3"><ent r="1" t="153" w="1829" /><ent r="1" t="153" w="1881" /><ent r="1" t="153" w="1933" /><ent r="51" t="159" w="776" /></phr></stem><stem n="b3"><phr n="b3"><ent r="1" t="153" w="1830" /><ent r="1" t="153" w="1882" /><ent r="1" t="153" w="1934" /><ent r="51" t="159" w="777" /></phr></stem><stem n="b4+b3"><phr n="b4+b3"><ent r="1" t="153" w="1831" /><ent r="1" t="153" w="1935" /><ent r="51" t="159" w="778" /></phr></stem><stem n="parenthes"><phr n="parentheses"><ent r="1" t="153" w="1835" /><ent r="1" t="153" w="1887" /><ent r="51" t="153" w="1898" /><ent r="51" t="187" w="101" /><ent r="51" t="187" w="104" /></phr></stem><stem n="subtract"><phr n="subtraction"><ent r="1" t="153" w="1864" /></phr><phr n="Subtract"><ent r="51" t="187" w="12" /></phr></stem><stem n="divis"><phr n="division"><ent r="1" t="153" w="1892" /></phr></stem><stem n="successfulli"><phr n="successfully"><ent r="1" t="153" w="1952" /><ent r="1" t="153" w="1956" /><ent r="1" t="170" w="137" /><ent r="1" t="170" w="146" /></phr></stem><stem n="highli"><phr n="highly"><ent r="1" t="153" w="2011" /><ent r="1" t="153" w="2564" /><ent r="1" t="155" w="561" /></phr></stem><stem n="band-math"><phr n="band-math"><ent r="1" t="153" w="2034" /><ent r="1" t="153" w="2483" /><ent r="1" t="153" w="2495" /></phr></stem><stem n="band-math-gener"><phr n="band-math-generated"><ent r="1" t="153" w="2034" /></phr></stem><stem n="math-gener"><phr n="math-generated"><ent r="1" t="153" w="2035" /></phr></stem><stem n="pixel-bas"><phr n="pixel-based"><ent r="1" t="153" w="2252" /></phr></stem><stem n="aren"><phr n="aren"><ent r="1" t="153" w="2258" /></phr></stem><stem n="aren't"><phr n="aren't"><ent r="1" t="153" w="2259" /><ent r="1" t="153" w="2258" /></phr></stem><stem n="latitiud"><phr n="Latitiude"><ent r="1" t="153" w="2262" /></phr></stem><stem n="latitiude/longitud"><phr n="Latitiude/Longitude"><ent r="1" t="153" w="2263" /><ent r="1" t="153" w="2262" /></phr></stem><stem n="layer'"><phr n="layer's"><ent r="1" t="153" w="2434" /><ent r="1" t="153" w="2433" /></phr></stem><stem n="try"><phr n="Try"><ent r="1" t="153" w="2553" /><ent r="1" t="157" w="729" /></phr><phr n="trying"><ent r="1" t="155" w="1346" /></phr></stem><stem n="dot"><phr n="dotted"><ent r="1" t="153" w="2578" /></phr><phr n="dots"><ent r="51" t="159" w="965" /><ent r="1" t="159" w="1050" /><ent r="1" t="160" w="800" /><ent r="1" t="160" w="885" /></phr><phr n="dot"><ent r="1" t="159" w="997" /><ent r="1" t="159" w="1060" /><ent r="1" t="159" w="1086" /><ent r="1" t="160" w="833" /><ent r="1" t="160" w="895" /><ent r="1" t="160" w="922" /><ent r="1" t="160" w="1221" /><ent r="1" t="160" w="1224" /><ent r="51" t="185" w="437" /></phr></stem><stem n="thicker"><phr n="thicker"><ent r="1" t="153" w="2603" /></phr></stem><stem n="18"><phr n="18"><ent r="1" t="153" w="2703" /><ent r="1" t="155" w="42" /></phr></stem><stem n="clean"><phr n="clean"><ent r="1" t="153" w="2727" /></phr></stem><stem n="landsat-geo"><phr n="Landsat-Geo"><ent r="51" t="153" w="2873" /></phr></stem><stem n="landsat-geo.jpg"><phr n="Landsat-Geo.jpg"><ent r="51" t="153" w="2875" /><ent r="51" t="153" w="2874" /></phr></stem><stem n="jpg"><phr n="jpg"><ent r="51" t="153" w="2875" /></phr></stem><stem n="unwant"><phr n="unwanted"><ent r="1" t="154" w="83" /></phr></stem><stem n="load/reload"><phr n="load/reload"><ent r="1" t="154" w="137" /><ent r="1" t="154" w="136" /></phr></stem><stem n="yorktown97"><phr n="yorktown97"><ent r="51" t="154" w="377" /></phr></stem><stem n="yorktown97.hdr"><phr n="yorktown97.hdr"><ent r="51" t="154" w="378" /><ent r="51" t="154" w="377" /></phr></stem><stem n="swath"><phr n="Swath"><ent r="1" t="154" w="851" /><ent r="1" t="154" w="911" /></phr></stem><stem n="hint"><phr n="hint"><ent r="51" t="154" w="858" /></phr></stem><stem n="turquois"><phr n="turquoise"><ent r="1" t="154" w="908" /></phr></stem><stem n="adjac"><phr n="adjacent"><ent r="1" t="154" w="1191" /></phr></stem><stem n="coarser"><phr n="coarser"><ent r="1" t="154" w="1294" /></phr></stem><stem n="dictat"><phr n="dictate"><ent r="1" t="154" w="1334" /></phr><phr n="dictates"><ent r="1" t="159" w="1650" /></phr></stem><stem n="16"><phr n="16"><ent r="1" t="154" w="1356" /><ent r="1" t="154" w="1361" /><ent r="51" t="169" w="197" /><ent r="1" t="169" w="260" /></phr></stem><stem n="old"><phr n="old"><ent r="1" t="154" w="1401" /></phr></stem><stem n="few"><phr n="few"><ent r="1" t="154" w="1458" /></phr></stem><stem n="greatest"><phr n="greatest"><ent r="1" t="154" w="1466" /></phr></stem><stem n="varianc"><phr n="variance"><ent r="1" t="154" w="1469" /></phr></stem><stem n="543"><phr n="543"><ent r="1" t="154" w="1480" /></phr></stem><stem n="gun"><phr n="gun"><ent r="1" t="154" w="1492" /><ent r="1" t="154" w="1501" /><ent r="1" t="154" w="1511" /></phr></stem><stem n="hot"><phr n="hot"><ent r="1" t="154" w="1520" /></phr></stem><stem n="r5g4b3t"><phr n="r5g4b3t"><ent r="1" t="154" w="1524" /></phr></stem><stem n="examin"><phr n="examine"><ent r="1" t="155" w="30" /></phr></stem><stem n="construct"><phr n="construction"><ent r="1" t="155" w="31" /></phr></stem><stem n="site"><phr n="site"><ent r="1" t="155" w="39" /></phr></stem><stem n="18-month"><phr n="18-month"><ent r="1" t="155" w="42" /></phr></stem><stem n="bushehr"><phr n="bushehr"><ent r="51" t="155" w="319" /><ent r="51" t="155" w="327" /><ent r="51" t="155" w="393" /><ent r="51" t="155" w="410" /></phr></stem><stem n="06jun02"><phr n="06jun02"><ent r="51" t="155" w="320" /><ent r="51" t="155" w="394" /></phr></stem><stem n="ps"><phr n="ps"><ent r="51" t="155" w="321" /><ent r="51" t="155" w="329" /><ent r="51" t="155" w="395" /><ent r="51" t="155" w="412" /></phr></stem><stem n="ps.tif"><phr n="ps.tif"><ent r="51" t="155" w="322" /><ent r="51" t="155" w="321" /><ent r="51" t="155" w="330" /><ent r="51" t="155" w="329" /><ent r="51" t="155" w="396" /><ent r="51" t="155" w="395" /><ent r="51" t="155" w="413" /><ent r="51" t="155" w="412" /></phr></stem><stem n="28feb04"><phr n="28feb04"><ent r="51" t="155" w="328" /><ent r="51" t="155" w="411" /></phr></stem><stem n="degrad"><phr n="degraded"><ent r="1" t="155" w="488" /></phr></stem><stem n="context"><phr n="context"><ent r="1" t="155" w="576" /><ent r="1" t="156" w="127" /><ent r="1" t="157" w="111" /></phr></stem><stem n="351"><phr n="351"><ent r="1" t="155" w="777" /><ent r="1" t="155" w="796" /></phr></stem><stem n="351,367"><phr n="351,367"><ent r="1" t="155" w="778" /><ent r="1" t="155" w="777" /><ent r="1" t="155" w="797" /><ent r="1" t="155" w="796" /></phr></stem><stem n="367"><phr n="367"><ent r="1" t="155" w="778" /><ent r="1" t="155" w="797" /></phr></stem><stem n="898"><phr n="898"><ent r="1" t="155" w="784" /><ent r="1" t="155" w="803" /></phr></stem><stem n="898,745"><phr n="898,745"><ent r="1" t="155" w="785" /><ent r="1" t="155" w="784" /><ent r="1" t="155" w="804" /><ent r="1" t="155" w="803" /></phr></stem><stem n="745"><phr n="745"><ent r="1" t="155" w="785" /><ent r="1" t="155" w="804" /></phr></stem><stem n="finer"><phr n="finer"><ent r="1" t="155" w="1392" /></phr></stem><stem n="re-run"><phr n="Re-run"><ent r="1" t="155" w="1434" /></phr></stem><stem n="arcview"><phr n="ArcView"><ent r="1" t="156" w="152" /><ent r="1" t="157" w="136" /></phr></stem><stem n="vendor"><phr n="vendors"><ent r="1" t="156" w="165" /><ent r="1" t="157" w="149" /></phr></stem><stem n="vector-bas"><phr n="vector-based"><ent r="1" t="156" w="179" /><ent r="1" t="157" w="163" /></phr></stem><stem n="multi-point"><phr n="multi-points"><ent r="1" t="156" w="187" /><ent r="1" t="157" w="171" /></phr><phr n="multi-point"><ent r="1" t="156" w="199" /><ent r="1" t="157" w="182" /><ent r="1" t="157" w="1248" /></phr><phr n="Multi-point"><ent r="1" t="156" w="209" /><ent r="1" t="157" w="192" /></phr><phr n="Multi-Point"><ent r="1" t="157" w="1162" /></phr></stem><stem n="unord"><phr n="unordered"><ent r="1" t="156" w="214" /><ent r="1" t="157" w="197" /></phr></stem><stem n="entiti"><phr n="entity"><ent r="1" t="156" w="222" /><ent r="1" t="157" w="205" /></phr></stem><stem n="railroad"><phr n="railroads"><ent r="1" t="156" w="250" /><ent r="51" t="156" w="914" /><ent r="1" t="156" w="1122" /><ent r="1" t="157" w="233" /></phr><phr n="Railroads"><ent r="51" t="156" w="909" /><ent r="1" t="156" w="1099" /></phr></stem><stem n="could"><phr n="could"><ent r="1" t="156" w="300" /><ent r="1" t="157" w="281" /></phr></stem><stem n="trim"><phr n="trims"><ent r="1" t="156" w="345" /><ent r="1" t="157" w="326" /></phr></stem><stem n="plan"><phr n="plan"><ent r="1" t="156" w="404" /><ent r="1" t="157" w="384" /></phr></stem><stem n="wpafb"><phr n="wpafb"><ent r="51" t="156" w="614" /></phr><phr n="WPAFB"><ent r="51" t="156" w="788" /><ent r="51" t="156" w="892" /><ent r="51" t="156" w="908" /><ent r="51" t="156" w="922" /><ent r="51" t="156" w="977" /><ent r="1" t="156" w="1098" /><ent r="1" t="156" w="1101" /><ent r="1" t="156" w="1105" /></phr></stem><stem n="wpafb.tif"><phr n="wpafb.tif"><ent r="51" t="156" w="615" /><ent r="51" t="156" w="614" /></phr></stem><stem n="runwai"><phr n="Runways"><ent r="51" t="156" w="789" /><ent r="1" t="156" w="1106" /></phr><phr n="runway"><ent r="1" t="156" w="878" /></phr><phr n="runways"><ent r="1" t="156" w="1125" /></phr></stem><stem n="runways.shp"><phr n="Runways.shp"><ent r="51" t="156" w="790" /><ent r="51" t="156" w="789" /></phr></stem><stem n="shp"><phr n="shp"><ent r="51" t="156" w="790" /><ent r="51" t="156" w="894" /><ent r="51" t="156" w="910" /><ent r="51" t="156" w="924" /><ent r="51" t="157" w="1025" /></phr></stem><stem n="waterbodi"><phr n="WaterBodies"><ent r="51" t="156" w="893" /><ent r="51" t="156" w="978" /></phr></stem><stem n="waterbodies.shp"><phr n="WaterBodies.shp"><ent r="51" t="156" w="894" /><ent r="51" t="156" w="893" /></phr></stem><stem n="waterbodies.shp."><phr n="WaterBodies.shp."><ent r="51" t="156" w="894" /><ent r="51" t="156" w="893" /></phr></stem><stem n="bodi"><phr n="bodies"><ent r="51" t="156" w="898" /><ent r="1" t="156" w="991" /><ent r="1" t="156" w="1035" /></phr></stem><stem n="water"><phr n="water"><ent r="51" t="156" w="900" /><ent r="1" t="156" w="990" /><ent r="1" t="156" w="1034" /></phr></stem><stem n="railroads.shp"><phr n="Railroads.shp"><ent r="51" t="156" w="910" /><ent r="51" t="156" w="909" /></phr></stem><stem n="railroads.shp."><phr n="Railroads.shp."><ent r="51" t="156" w="910" /><ent r="51" t="156" w="909" /></phr></stem><stem n="stream"><phr n="Streams"><ent r="51" t="156" w="923" /><ent r="1" t="156" w="1102" /></phr><phr n="streams"><ent r="1" t="156" w="929" /></phr></stem><stem n="streams.shp"><phr n="Streams.shp"><ent r="51" t="156" w="924" /><ent r="51" t="156" w="923" /></phr></stem><stem n="clearli"><phr n="clearly"><ent r="1" t="156" w="1051" /><ent r="1" t="160" w="615" /></phr></stem><stem n="thick"><phr n="thickness"><ent r="1" t="156" w="1058" /></phr></stem><stem n="exportppolylin"><phr n="ExportpPolyline"><ent r="1" t="157" w="53" /></phr></stem><stem n="arcmap"><phr n="ArcMap"><ent r="1" t="157" w="61" /><ent r="90" t="157" w="1109" /><ent r="1" t="157" w="1122" /><ent r="1" t="157" w="1141" /><ent r="1" t="157" w="1277" /></phr></stem><stem n="compos"><phr n="composed"><ent r="1" t="157" w="275" /></phr></stem><stem n="pyramid"><phr n="pyramids"><ent r="51" t="157" w="601" /><ent r="1" t="157" w="792" /></phr><phr n="pyramid"><ent r="51" t="157" w="1023" /></phr></stem><stem n="psh"><phr n="psh"><ent r="51" t="157" w="602" /></phr></stem><stem n="2feb2002"><phr n="2feb2002"><ent r="51" t="157" w="603" /></phr></stem><stem n="8bitgeotiff"><phr n="8bitgeotiff"><ent r="51" t="157" w="604" /></phr></stem><stem n="8bitgeotiff.tif"><phr n="8bitgeotiff.tif"><ent r="51" t="157" w="605" /><ent r="51" t="157" w="604" /></phr></stem><stem n="3r2g1bt"><phr n="3r2g1bt"><ent r="1" t="157" w="642" /></phr></stem><stem n="3r"><phr n="3r"><ent r="1" t="157" w="644" /></phr></stem><stem n="2g"><phr n="2g"><ent r="1" t="157" w="650" /></phr></stem><stem n="1b"><phr n="1b"><ent r="1" t="157" w="656" /></phr></stem><stem n="maneuv"><phr n="maneuver"><ent r="1" t="157" w="830" /></phr></stem><stem n="gcp5"><phr n="GCP5"><ent r="1" t="157" w="836" /></phr></stem><stem n="re-activ"><phr n="Re-activate"><ent r="1" t="157" w="870" /></phr></stem><stem n="roads.shp"><phr n="roads.shp"><ent r="51" t="157" w="1025" /><ent r="51" t="157" w="1024" /></phr></stem><stem n="oi"><phr n="OI"><ent r="51" t="157" w="1056" /></phr></stem><stem n="temp"><phr n="temp"><ent r="51" t="157" w="1088" /><ent r="1" t="160" w="1564" /></phr></stem><stem n="blank"><phr n="blank"><ent r="1" t="158" w="64" /><ent r="51" t="158" w="222" /><ent r="1" t="158" w="936" /><ent r="1" t="158" w="945" /><ent r="1" t="158" w="984" /><ent r="1" t="158" w="1083" /></phr><phr n="Blank"><ent r="90" t="158" w="971" /></phr></stem><stem n="scratch"><phr n="scratch"><ent r="51" t="158" w="217" /></phr></stem><stem n="whatev"><phr n="whatever"><ent r="51" t="158" w="227" /></phr></stem><stem n="seen"><phr n="seen"><ent r="51" t="158" w="231" /></phr></stem><stem n="whichev"><phr n="Whichever"><ent r="51" t="158" w="242" /></phr></stem><stem n="1/layout"><phr n="1/Layout"><ent r="51" t="158" w="731" /><ent r="51" t="158" w="730" /></phr></stem><stem n="1/layout/view"><phr n="1/Layout/View"><ent r="51" t="158" w="732" /><ent r="51" t="158" w="730" /></phr></stem><stem n="1/layout/view/landsat6band"><phr n="1/Layout/View/landsat6band"><ent r="51" t="158" w="733" /><ent r="51" t="158" w="730" /></phr></stem><stem n="1/layout/view/landsat6band.tif"><phr n="1/Layout/View/landsat6band.tif"><ent r="51" t="158" w="734" /><ent r="51" t="158" w="730" /></phr></stem><stem n="1/layout/view/landsat6band.tif/annot"><phr n="1/Layout/View/landsat6band.tif/Annotation"><ent r="51" t="158" w="735" /><ent r="51" t="158" w="730" /></phr></stem><stem n="deactiv"><phr n="deactivate"><ent r="1" t="158" w="836" /></phr></stem><stem n="sampledata"><phr n="SampleData"><ent r="51" t="158" w="886" /><ent r="1" t="160" w="1765" /></phr></stem><stem n="sampledata/geotiff"><phr n="SampleData/GeoTIFF"><ent r="51" t="158" w="887" /><ent r="51" t="158" w="886" /><ent r="1" t="160" w="1766" /><ent r="1" t="160" w="1765" /></phr></stem><stem n="popul"><phr n="populate"><ent r="1" t="158" w="982" /></phr></stem><stem n="copying/past"><phr n="copying/pasting"><ent r="1" t="158" w="1008" /><ent r="1" t="158" w="1007" /></phr></stem><stem n="paint"><phr n="paint"><ent r="1" t="158" w="1079" /><ent r="1" t="158" w="1193" /></phr></stem><stem n="brush"><phr n="brush"><ent r="1" t="158" w="1080" /><ent r="1" t="158" w="1194" /></phr></stem><stem n="exit"><phr n="exit"><ent r="1" t="158" w="1246" /></phr><phr n="Exit"><ent r="51" t="160" w="1588" /><ent r="51" t="187" w="103" /></phr></stem><stem n="semi"><phr n="semi"><ent r="1" t="159" w="29" /><ent r="1" t="159" w="2076" /></phr></stem><stem n="semi-autom"><phr n="semi-automated"><ent r="1" t="159" w="29" /><ent r="1" t="159" w="2076" /></phr></stem><stem n="item/item"><phr n="Item/Item"><ent r="1" t="159" w="53" /><ent r="1" t="159" w="50" /><ent r="1" t="160" w="76" /><ent r="1" t="160" w="73" /></phr></stem><stem n="item/item/valu"><phr n="Item/Item/Value"><ent r="1" t="159" w="54" /><ent r="1" t="159" w="50" /><ent r="1" t="160" w="77" /><ent r="1" t="160" w="73" /></phr></stem><stem n="togeth"><phr n="together"><ent r="1" t="159" w="88" /><ent r="1" t="159" w="272" /></phr></stem><stem n="partial"><phr n="partially"><ent r="1" t="159" w="103" /></phr></stem><stem n="easi"><phr n="easy"><ent r="1" t="159" w="113" /></phr></stem><stem n="easy-to"><phr n="easy-to"><ent r="1" t="159" w="113" /></phr></stem><stem n="easy-to-us"><phr n="easy-to-use"><ent r="1" t="159" w="113" /></phr></stem><stem n="to-us"><phr n="to-use"><ent r="1" t="159" w="114" /></phr></stem><stem n="rememb"><phr n="remember"><ent r="1" t="159" w="127" /></phr></stem><stem n="concept"><phr n="concept"><ent r="1" t="159" w="138" /></phr></stem><stem n="simpl"><phr n="simple"><ent r="1" t="159" w="230" /></phr></stem><stem n="boolean"><phr n="Boolean"><ent r="1" t="159" w="246" /></phr></stem><stem n="fals"><phr n="False"><ent r="1" t="159" w="249" /><ent r="1" t="160" w="688" /><ent r="51" t="199" w="166" /></phr><phr n="false"><ent r="51" t="199" w="470" /></phr></stem><stem n="block"><phr n="block"><ent r="1" t="159" w="262" /><ent r="1" t="180" w="329" /></phr></stem><stem n="value-express"><phr n="Value-expression"><ent r="1" t="159" w="788" /><ent r="1" t="159" w="815" /><ent r="51" t="159" w="1394" /><ent r="1" t="159" w="1453" /><ent r="1" t="159" w="1597" /><ent r="51" t="160" w="1125" /><ent r="1" t="160" w="1421" /></phr><phr n="Value-Expression"><ent r="1" t="159" w="1361" /></phr></stem><stem n="bool"><phr n="bool"><ent r="51" t="159" w="871" /><ent r="1" t="160" w="685" /><ent r="51" t="199" w="158" /></phr></stem><stem n="value-displai"><phr n="Value-display"><ent r="1" t="159" w="894" /><ent r="1" t="159" w="1601" /><ent r="51" t="160" w="1148" /><ent r="1" t="160" w="1425" /></phr></stem><stem n="explan"><phr n="explanation"><ent r="1" t="159" w="919" /><ent r="1" t="159" w="934" /></phr></stem><stem n="unlik"><phr n="unlike"><ent r="1" t="159" w="1035" /><ent r="1" t="160" w="870" /></phr></stem><stem n="let"><phr n="let"><ent r="1" t="159" w="1141" /></phr></stem><stem n="exactli"><phr n="exactly"><ent r="1" t="159" w="1156" /></phr></stem><stem n="incorrect"><phr n="incorrect"><ent r="1" t="159" w="1414" /><ent r="1" t="160" w="1241" /></phr></stem><stem n="misconnect"><phr n="misconnection"><ent r="1" t="159" w="1424" /></phr><phr n="misconnected"><ent r="1" t="160" w="1251" /></phr></stem><stem n="hit"><phr n="hitting"><ent r="1" t="159" w="1439" /><ent r="1" t="160" w="1267" /></phr></stem><stem n="slash"><phr n="slash"><ent r="1" t="159" w="1669" /><ent r="1" t="159" w="1692" /><ent r="1" t="159" w="1722" /><ent r="1" t="159" w="1765" /><ent r="1" t="159" w="1772" /></phr><phr n="Slashes"><ent r="51" t="199" w="189" /><ent r="51" t="199" w="506" /></phr></stem><stem n="submenu"><phr n="submenu"><ent r="1" t="159" w="1671" /></phr><phr n="submenus"><ent r="1" t="159" w="1701" /></phr></stem><stem n="mywizard"><phr n="MyWizard"><ent r="51" t="159" w="1814" /><ent r="51" t="159" w="1850" /><ent r="51" t="159" w="1871" /><ent r="51" t="159" w="1895" /><ent r="1" t="159" w="1941" /><ent r="51" t="160" w="426" /><ent r="51" t="160" w="447" /><ent r="1" t="160" w="458" /><ent r="1" t="160" w="1546" /></phr></stem><stem n="ywizard"><phr n="yWizards"><ent r="51" t="159" w="1848" /></phr></stem><stem n="processing/mywizard"><phr n="Processing/MyWizard"><ent r="51" t="159" w="1850" /><ent r="51" t="159" w="1849" /></phr></stem><stem n="help/mywizard"><phr n="Help/MyWizard"><ent r="51" t="159" w="1871" /><ent r="51" t="159" w="1870" /></phr></stem><stem n="mywizard.wiz"><phr n="MyWizard.wiz"><ent r="1" t="159" w="1942" /><ent r="1" t="159" w="1941" /><ent r="51" t="160" w="427" /><ent r="51" t="160" w="426" /><ent r="51" t="160" w="448" /><ent r="51" t="160" w="447" /></phr></stem><stem n="regular"><phr n="regular"><ent r="1" t="160" w="127" /></phr></stem><stem n="consecut"><phr n="consecutively"><ent r="51" t="160" w="155" /></phr></stem><stem n="usedegre"><phr n="useDegrees"><ent r="1" t="160" w="682" /><ent r="51" t="160" w="1139" /><ent r="51" t="160" w="1141" /><ent r="1" t="160" w="1392" /><ent r="1" t="160" w="1430" /></phr></stem><stem n="value-input"><phr n="Value-input"><ent r="51" t="160" w="1114" /><ent r="1" t="160" w="1412" /></phr></stem><stem n="greeninput"><phr n="greeninput"><ent r="51" t="160" w="1136" /></phr></stem><stem n="value-usedegre"><phr n="Value-useDegrees"><ent r="51" t="160" w="1138" /><ent r="1" t="160" w="1429" /></phr></stem><stem n="displayresult"><phr n="displayResults"><ent r="51" t="160" w="1151" /><ent r="51" t="160" w="1365" /></phr></stem><stem n="value-output"><phr n="Value-output"><ent r="51" t="160" w="1159" /><ent r="1" t="160" w="1437" /></phr></stem><stem n="brown"><phr n="brown"><ent r="1" t="160" w="1226" /></phr></stem><stem n="7"><phr n="7"><ent r="1" t="160" w="1436" /><ent r="51" t="169" w="144" /><ent r="1" t="169" w="731" /><ent r="1" t="169" w="854" /></phr></stem><stem n="bandmath"><phr n="BandMath"><ent r="51" t="160" w="1514" /></phr><phr n="bandmath"><ent r="1" t="160" w="1719" /><ent r="1" t="160" w="1733" /></phr></stem><stem n="bandmath.wiz"><phr n="BandMath.wiz"><ent r="51" t="160" w="1515" /><ent r="51" t="160" w="1514" /></phr></stem><stem n="cmd"><phr n="cmd"><ent r="51" t="160" w="1634" /></phr></stem><stem n="termin"><phr n="terminal"><ent r="1" t="160" w="1653" /></phr></stem><stem n="4.0"><phr n="4.0"><ent r="51" t="160" w="1681" /><ent r="51" t="160" w="1680" /></phr></stem><stem n="4.0."><phr n="4.0."><ent r="51" t="160" w="1681" /><ent r="51" t="160" w="1680" /></phr></stem><stem n="opt"><phr n="opt"><ent r="51" t="160" w="1690" /></phr></stem><stem n="opt/optick"><phr n="opt/Opticks"><ent r="51" t="160" w="1691" /><ent r="51" t="160" w="1690" /></phr></stem><stem n="opt/opticks/4"><phr n="opt/Opticks/4"><ent r="51" t="160" w="1692" /><ent r="51" t="160" w="1690" /></phr></stem><stem n="opt/opticks/4.0"><phr n="opt/Opticks/4.0"><ent r="51" t="160" w="1693" /><ent r="51" t="160" w="1690" /></phr></stem><stem n="opticksbatch"><phr n="opticksbatch"><ent r="1" t="160" w="1716" /></phr><phr n="OpticksBatch"><ent r="1" t="160" w="1728" /></phr></stem><stem n="opticksbatch/input"><phr n="opticksbatch/input"><ent r="1" t="160" w="1717" /><ent r="1" t="160" w="1716" /></phr></stem><stem n="bandmath.xml"><phr n="bandmath.xml"><ent r="1" t="160" w="1720" /><ent r="1" t="160" w="1719" /></phr></stem><stem n="wizards/bandmath"><phr n="wizards/bandmath"><ent r="1" t="160" w="1733" /><ent r="1" t="160" w="1732" /></phr></stem><stem n="wizards/bandmath.xml"><phr n="wizards/bandmath.xml"><ent r="1" t="160" w="1734" /><ent r="1" t="160" w="1732" /></phr></stem><stem n="consult"><phr n="Consult"><ent r="1" t="160" w="1767" /></phr></stem><stem n="icd"><phr n="ICD"><ent r="1" t="160" w="1771" /></phr></stem><stem n="palett"><phr n="palette"><ent r="1" t="161" w="37" /><ent r="1" t="161" w="57" /><ent r="1" t="161" w="91" /></phr></stem><stem n="round"><phr n="rounded"><ent r="51" t="162" w="47" /></phr><phr n="Rounded"><ent r="51" t="185" w="145" /><ent r="51" t="185" w="195" /><ent r="51" t="185" w="237" /><ent r="51" t="185" w="299" /><ent r="51" t="185" w="367" /><ent r="51" t="185" w="409" /><ent r="51" t="185" w="448" /><ent r="51" t="185" w="483" /><ent r="51" t="185" w="529" /></phr></stem><stem n="ellips"><phr n="ellipse"><ent r="51" t="162" w="52" /></phr><phr n="Ellipse"><ent r="51" t="185" w="139" /><ent r="51" t="185" w="191" /><ent r="51" t="185" w="233" /><ent r="51" t="185" w="295" /><ent r="51" t="185" w="361" /><ent r="51" t="185" w="405" /><ent r="51" t="185" w="442" /><ent r="51" t="185" w="477" /><ent r="51" t="185" w="523" /></phr></stem><stem n="north"><phr n="north"><ent r="1" t="162" w="221" /></phr><phr n="northing"><ent r="51" t="169" w="446" /></phr><phr n="North"><ent r="51" t="169" w="455" /><ent r="1" t="169" w="779" /><ent r="51" t="185" w="153" /><ent r="51" t="185" w="205" /><ent r="51" t="185" w="377" /><ent r="51" t="185" w="493" /><ent r="51" t="185" w="534" /><ent r="51" t="185" w="540" /><ent r="51" t="185" w="574" /></phr></stem><stem n="east"><phr n="east"><ent r="1" t="162" w="236" /></phr><phr n="easting"><ent r="51" t="169" w="443" /></phr><phr n="East"><ent r="51" t="185" w="155" /><ent r="51" t="185" w="207" /><ent r="51" t="185" w="379" /><ent r="51" t="185" w="495" /><ent r="51" t="185" w="541" /><ent r="51" t="185" w="576" /></phr></stem><stem n="therefor"><phr n="Therefore"><ent r="1" t="163" w="116" /><ent r="1" t="194" w="516" /></phr></stem><stem n="queri"><phr n="query"><ent r="1" t="164" w="13" /><ent r="1" t="164" w="29" /><ent r="1" t="164" w="36" /></phr></stem><stem n="arcgi"><phr n="ArcGIS"><ent r="1" t="165" w="53" /><ent r="1" t="165" w="58" /></phr></stem><stem n="databas"><phr n="database"><ent r="1" t="165" w="65" /><ent r="1" t="165" w="162" /><ent r="1" t="166" w="32" /><ent r="1" t="166" w="52" /><ent r="1" t="166" w="59" /></phr></stem><stem n="geograh"><phr n="Geograhic"><ent r="1" t="165" w="123" /></phr></stem><stem n="class"><phr n="class"><ent r="1" t="166" w="45" /></phr></stem><stem n="contact"><phr n="contact"><ent r="1" t="166" w="50" /></phr></stem><stem n="regard"><phr n="regarding"><ent r="1" t="166" w="57" /></phr></stem></index>