﻿<?xml version="1.0" encoding="utf-8"?><index><stem n="special"><phr n="specialized"><ent r="3" t="1" w="231" /><ent r="3" t="4" w="28" /></phr><phr n="special"><ent r="3" t="152" w="282" /><ent r="4" t="155" w="195" /></phr></stem><stem n="exampl"><phr n="example"><ent r="3" t="1" w="234" /><ent r="3" t="4" w="31" /><ent r="3" t="41" w="31" /><ent r="3" t="86" w="222" /><ent r="3" t="111" w="180" /><ent r="3" t="112" w="276" /><ent r="4" t="137" w="498" /><ent r="4" t="137" w="566" /><ent r="4" t="137" w="899" /><ent r="4" t="137" w="967" /><ent r="4" t="138" w="439" /><ent r="3" t="141" w="215" /><ent r="5" t="145" w="267" /><ent r="5" t="145" w="335" /><ent r="3" t="147" w="120" /><ent r="5" t="150" w="416" /><ent r="5" t="150" w="484" /><ent r="4" t="152" w="736" /><ent r="3" t="161" w="26" /><ent r="3" t="163" w="1440" /><ent r="3" t="163" w="1853" /><ent r="3" t="164" w="1516" /><ent r="3" t="164" w="1556" /><ent r="3" t="166" w="288" /><ent r="3" t="166" w="1163" /><ent r="3" t="167" w="277" /><ent r="3" t="167" w="1230" /><ent r="3" t="167" w="1268" /><ent r="3" t="169" w="1146" /><ent r="3" t="177" w="124" /><ent r="7" t="178" w="141" /><ent r="3" t="187" w="58" /><ent r="3" t="187" w="86" /><ent r="3" t="200" w="19" /><ent r="3" t="200" w="53" /><ent r="3" t="200" w="164" /><ent r="4" t="206" w="30" /><ent r="4" t="206" w="98" /></phr><phr n="Example"><ent r="3" t="19" w="85" /><ent r="4" t="82" w="142" /><ent r="4" t="111" w="260" /><ent r="4" t="111" w="403" /><ent r="4" t="111" w="540" /><ent r="6" t="112" w="413" /><ent r="4" t="169" w="1834" /><ent r="4" t="169" w="1859" /><ent r="4" t="169" w="1895" /><ent r="4" t="169" w="1916" /><ent r="3" t="169" w="1957" /></phr><phr n="examples"><ent r="7" t="161" w="293" /><ent r="7" t="162" w="510" /><ent r="7" t="163" w="660" /><ent r="7" t="164" w="372" /><ent r="7" t="165" w="332" /><ent r="7" t="166" w="610" /><ent r="7" t="167" w="595" /><ent r="7" t="168" w="486" /><ent r="7" t="169" w="500" /><ent r="3" t="169" w="1819" /><ent r="7" t="170" w="397" /><ent r="3" t="174" w="69" /></phr><phr n="Examples"><ent r="3" t="163" w="424" /></phr></stem><stem n="annot"><phr n="Annotation"><ent r="3" t="1" w="236" /><ent r="3" t="4" w="33" /><ent r="3" t="4" w="99" /><ent r="64" t="4" w="242" /><ent r="68" t="5" w="94" /><ent r="68" t="5" w="97" /><ent r="68" t="5" w="130" /><ent r="68" t="5" w="133" /><ent r="68" t="5" w="167" /><ent r="68" t="5" w="170" /><ent r="1000" t="11" w="1" /><ent r="100" t="11" w="4" /><ent r="100" t="11" w="8" /><ent r="102" t="11" w="10" /><ent r="4" t="11" w="14" /><ent r="64" t="11" w="59" /><ent r="64" t="11" w="66" /><ent r="7" t="11" w="83" /><ent r="68" t="11" w="88" /><ent r="68" t="11" w="171" /><ent r="68" t="11" w="178" /><ent r="68" t="11" w="195" /><ent r="68" t="11" w="210" /><ent r="68" t="11" w="221" /><ent r="68" t="11" w="232" /><ent r="68" t="11" w="242" /><ent r="68" t="11" w="257" /><ent r="68" t="11" w="272" /><ent r="68" t="11" w="286" /><ent r="68" t="11" w="300" /><ent r="64" t="16" w="32" /><ent r="4" t="22" w="195" /><ent r="4" t="48" w="89" /><ent r="1000" t="55" w="1" /><ent r="100" t="55" w="4" /><ent r="100" t="55" w="8" /><ent r="102" t="55" w="10" /><ent r="64" t="55" w="33" /><ent r="64" t="55" w="95" /><ent r="64" t="55" w="100" /><ent r="64" t="55" w="108" /><ent r="64" t="55" w="112" /><ent r="1000" t="56" w="1" /><ent r="100" t="56" w="6" /><ent r="100" t="56" w="14" /><ent r="102" t="56" w="16" /><ent r="3" t="56" w="22" /><ent r="5" t="56" w="45" /><ent r="64" t="56" w="66" /><ent r="3" t="56" w="71" /><ent r="3" t="56" w="221" /><ent r="3" t="56" w="242" /><ent r="64" t="56" w="247" /><ent r="1000" t="57" w="3" /><ent r="102" t="57" w="8" /><ent r="100" t="57" w="11" /><ent r="4" t="57" w="22" /><ent r="3" t="57" w="36" /><ent r="65" t="57" w="42" /><ent r="4" t="57" w="48" /><ent r="65" t="57" w="69" /><ent r="65" t="57" w="194" /><ent r="65" t="57" w="222" /><ent r="4" t="57" w="227" /><ent r="65" t="57" w="264" /><ent r="4" t="57" w="269" /><ent r="64" t="57" w="298" /><ent r="1000" t="58" w="3" /><ent r="102" t="58" w="13" /><ent r="100" t="58" w="17" /><ent r="3" t="58" w="30" /><ent r="3" t="58" w="44" /><ent r="65" t="58" w="51" /><ent r="4" t="58" w="57" /><ent r="4" t="58" w="63" /><ent r="65" t="58" w="218" /><ent r="65" t="58" w="235" /><ent r="65" t="58" w="265" /><ent r="4" t="58" w="270" /><ent r="65" t="58" w="311" /><ent r="64" t="58" w="335" /><ent r="1000" t="59" w="1" /><ent r="102" t="59" w="9" /><ent r="3" t="59" w="32" /><ent r="4" t="59" w="44" /><ent r="4" t="59" w="60" /><ent r="3" t="59" w="79" /><ent r="3" t="59" w="91" /><ent r="3" t="59" w="97" /><ent r="3" t="59" w="130" /><ent r="3" t="59" w="145" /><ent r="64" t="59" w="162" /><ent r="64" t="59" w="169" /><ent r="1000" t="60" w="1" /><ent r="102" t="60" w="6" /><ent r="3" t="60" w="17" /><ent r="5" t="60" w="67" /><ent r="5" t="60" w="243" /><ent r="64" t="60" w="297" /><ent r="1000" t="61" w="2" /><ent r="100" t="61" w="9" /><ent r="102" t="61" w="14" /><ent r="3" t="61" w="18" /><ent r="4" t="61" w="67" /><ent r="4" t="62" w="50" /><ent r="6" t="81" w="165" /><ent r="64" t="118" w="82" /><ent r="64" t="131" w="25" /><ent r="1000" t="132" w="1" /><ent r="102" t="132" w="5" /><ent r="100" t="132" w="9" /><ent r="100" t="132" w="14" /><ent r="3" t="132" w="18" /><ent r="4" t="132" w="71" /><ent r="5" t="132" w="121" /><ent r="64" t="142" w="403" /><ent r="64" t="142" w="421" /><ent r="1000" t="147" w="1" /><ent r="100" t="147" w="5" /><ent r="100" t="147" w="10" /><ent r="102" t="147" w="13" /><ent r="3" t="147" w="18" /><ent r="3" t="147" w="52" /><ent r="4" t="147" w="59" /><ent r="65" t="147" w="97" /><ent r="5" t="147" w="104" /><ent r="4" t="147" w="110" /><ent r="64" t="147" w="159" /><ent r="4" t="162" w="1562" /><ent r="4" t="163" w="390" /><ent r="64" t="163" w="475" /><ent r="5" t="163" w="2553" /><ent r="4" t="163" w="2566" /><ent r="4" t="163" w="2579" /><ent r="4" t="163" w="2585" /><ent r="4" t="163" w="2638" /><ent r="4" t="163" w="2645" /><ent r="3" t="163" w="2655" /><ent r="4" t="163" w="2740" /><ent r="64" t="166" w="425" /><ent r="3" t="166" w="1000" /><ent r="4" t="166" w="1051" /><ent r="4" t="166" w="1055" /><ent r="4" t="168" w="132" /><ent r="64" t="168" w="299" /><ent r="5" t="168" w="568" /><ent r="3" t="168" w="573" /><ent r="3" t="168" w="579" /><ent r="4" t="168" w="622" /><ent r="3" t="168" w="640" /><ent r="3" t="168" w="644" /><ent r="5" t="168" w="772" /><ent r="4" t="168" w="777" /><ent r="4" t="168" w="812" /><ent r="3" t="168" w="1040" /><ent r="3" t="168" w="1087" /><ent r="4" t="168" w="1214" /><ent r="4" t="168" w="1220" /><ent r="1000" t="172" w="1" /><ent r="100" t="172" w="4" /><ent r="102" t="172" w="7" /><ent r="64" t="172" w="13" /><ent r="3" t="172" w="19" /><ent r="64" t="172" w="38" /><ent r="68" t="172" w="184" /><ent r="5" t="198" w="67" /><ent r="3" t="199" w="73" /><ent r="1000" t="201" w="3" /><ent r="100" t="201" w="6" /><ent r="102" t="201" w="12" /><ent r="6" t="201" w="22" /></phr><phr n="annotation"><ent r="3" t="1" w="255" /><ent r="6" t="3" w="25" /><ent r="3" t="4" w="53" /><ent r="7" t="5" w="64" /><ent r="7" t="5" w="73" /><ent r="7" t="5" w="85" /><ent r="7" t="5" w="103" /><ent r="7" t="5" w="109" /><ent r="7" t="5" w="121" /><ent r="7" t="5" w="149" /><ent r="7" t="5" w="158" /><ent r="4" t="11" w="25" /><ent r="4" t="11" w="30" /><ent r="7" t="11" w="146" /><ent r="7" t="11" w="158" /><ent r="7" t="11" w="168" /><ent r="7" t="11" w="251" /><ent r="7" t="11" w="266" /><ent r="7" t="11" w="280" /><ent r="7" t="11" w="294" /><ent r="4" t="20" w="137" /><ent r="3" t="41" w="66" /><ent r="4" t="41" w="145" /><ent r="3" t="54" w="161" /><ent r="3" t="55" w="14" /><ent r="3" t="55" w="54" /><ent r="3" t="55" w="75" /><ent r="3" t="56" w="34" /><ent r="5" t="56" w="40" /><ent r="3" t="56" w="216" /><ent r="4" t="57" w="17" /><ent r="4" t="57" w="199" /><ent r="100" t="58" w="9" /><ent r="3" t="58" w="24" /><ent r="4" t="58" w="96" /><ent r="100" t="59" w="5" /><ent r="3" t="59" w="14" /><ent r="3" t="59" w="26" /><ent r="3" t="59" w="153" /><ent r="100" t="60" w="11" /><ent r="3" t="60" w="28" /><ent r="100" t="61" w="6" /><ent r="3" t="61" w="22" /><ent r="3" t="61" w="36" /><ent r="3" t="61" w="41" /><ent r="3" t="61" w="49" /><ent r="65" t="62" w="37" /><ent r="5" t="81" w="205" /><ent r="3" t="118" w="48" /><ent r="3" t="118" w="75" /><ent r="4" t="132" w="150" /><ent r="4" t="132" w="187" /><ent r="4" t="132" w="208" /><ent r="4" t="132" w="232" /><ent r="3" t="142" w="36" /><ent r="3" t="142" w="51" /><ent r="3" t="142" w="386" /><ent r="3" t="142" w="399" /><ent r="3" t="147" w="31" /><ent r="4" t="147" w="76" /><ent r="3" t="158" w="29" /><ent r="3" t="158" w="79" /><ent r="3" t="158" w="84" /><ent r="3" t="158" w="88" /><ent r="3" t="158" w="116" /><ent r="64" t="159" w="28" /><ent r="3" t="163" w="409" /><ent r="3" t="163" w="420" /><ent r="3" t="163" w="426" /><ent r="4" t="163" w="2559" /><ent r="4" t="166" w="875" /><ent r="4" t="166" w="1130" /><ent r="3" t="168" w="98" /><ent r="4" t="168" w="126" /><ent r="4" t="168" w="138" /><ent r="4" t="168" w="744" /><ent r="7" t="172" w="177" /><ent r="7" t="172" w="216" /><ent r="5" t="172" w="264" /><ent r="6" t="201" w="105" /></phr><phr n="annotations"><ent r="3" t="21" w="77" /><ent r="3" t="132" w="30" /><ent r="4" t="163" w="121" /><ent r="3" t="166" w="321" /><ent r="3" t="167" w="308" /><ent r="4" t="168" w="204" /><ent r="3" t="168" w="1025" /></phr><phr n="Annotations"><ent r="64" t="161" w="336" /><ent r="102" t="163" w="30" /></phr><phr n="annotate"><ent r="3" t="163" w="70" /><ent r="3" t="163" w="2969" /><ent r="5" t="172" w="252" /></phr><phr n="Annotating"><ent r="92" t="163" w="2443" /></phr></stem><stem n="mean"><phr n="means"><ent r="3" t="1" w="242" /><ent r="3" t="4" w="40" /><ent r="4" t="28" w="75" /><ent r="4" t="28" w="107" /><ent r="4" t="28" w="161" /><ent r="4" t="28" w="232" /><ent r="4" t="82" w="167" /><ent r="4" t="96" w="290" /><ent r="3" t="97" w="478" /><ent r="3" t="98" w="207" /><ent r="3" t="103" w="361" /><ent r="3" t="112" w="949" /><ent r="5" t="150" w="251" /><ent r="3" t="164" w="1523" /><ent r="3" t="169" w="154" /><ent r="3" t="169" w="1580" /><ent r="3" t="170" w="1300" /><ent r="3" t="196" w="36" /><ent r="3" t="207" w="97" /><ent r="3" t="207" w="437" /></phr><phr n="meaning"><ent r="6" t="80" w="305" /><ent r="7" t="104" w="282" /><ent r="7" t="104" w="316" /><ent r="4" t="137" w="458" /><ent r="4" t="137" w="694" /><ent r="4" t="137" w="875" /><ent r="4" t="137" w="1095" /><ent r="3" t="138" w="376" /><ent r="4" t="145" w="237" /><ent r="4" t="150" w="386" /><ent r="3" t="169" w="959" /><ent r="7" t="210" w="220" /><ent r="7" t="210" w="258" /></phr><phr n="mean"><ent r="4" t="97" w="431" /><ent r="3" t="98" w="145" /><ent r="3" t="175" w="99" /><ent r="3" t="207" w="63" /><ent r="3" t="207" w="354" /></phr></stem><stem n="creat"><phr n="create"><ent r="3" t="1" w="244" /><ent r="3" t="2" w="30" /><ent r="3" t="4" w="42" /><ent r="7" t="11" w="165" /><ent r="3" t="26" w="57" /><ent r="3" t="42" w="24" /><ent r="3" t="42" w="41" /><ent r="3" t="42" w="74" /><ent r="3" t="42" w="107" /><ent r="100" t="43" w="10" /><ent r="100" t="43" w="12" /><ent r="3" t="43" w="30" /><ent r="4" t="43" w="83" /><ent r="4" t="46" w="88" /><ent r="100" t="48" w="11" /><ent r="100" t="48" w="16" /><ent r="3" t="48" w="20" /><ent r="4" t="48" w="79" /><ent r="4" t="48" w="82" /><ent r="100" t="50" w="6" /><ent r="3" t="50" w="125" /><ent r="3" t="50" w="144" /><ent r="7" t="51" w="92" /><ent r="7" t="51" w="104" /><ent r="7" t="51" w="154" /><ent r="7" t="51" w="166" /><ent r="3" t="55" w="38" /><ent r="3" t="55" w="79" /><ent r="3" t="57" w="34" /><ent r="3" t="58" w="42" /><ent r="4" t="60" w="153" /><ent r="64" t="67" w="337" /><ent r="64" t="68" w="105" /><ent r="100" t="69" w="11" /><ent r="100" t="69" w="16" /><ent r="100" t="69" w="21" /><ent r="3" t="69" w="32" /><ent r="4" t="69" w="38" /><ent r="3" t="71" w="198" /><ent r="3" t="85" w="266" /><ent r="3" t="86" w="16" /><ent r="100" t="86" w="38" /><ent r="100" t="86" w="44" /><ent r="3" t="103" w="46" /><ent r="3" t="103" w="232" /><ent r="100" t="105" w="9" /><ent r="100" t="105" w="13" /><ent r="3" t="105" w="250" /><ent r="4" t="111" w="77" /><ent r="3" t="111" w="183" /><ent r="3" t="111" w="306" /><ent r="3" t="111" w="438" /><ent r="3" t="111" w="586" /><ent r="3" t="118" w="43" /><ent r="100" t="119" w="7" /><ent r="100" t="119" w="9" /><ent r="100" t="125" w="7" /><ent r="100" t="125" w="11" /><ent r="4" t="125" w="32" /><ent r="3" t="142" w="32" /><ent r="3" t="152" w="426" /><ent r="4" t="155" w="194" /><ent r="100" t="157" w="5" /><ent r="100" t="157" w="74" /><ent r="3" t="157" w="77" /><ent r="4" t="157" w="191" /><ent r="4" t="159" w="105" /><ent r="3" t="162" w="300" /><ent r="3" t="163" w="2683" /><ent r="3" t="164" w="125" /><ent r="4" t="164" w="558" /><ent r="4" t="164" w="859" /><ent r="3" t="164" w="1584" /><ent r="4" t="165" w="711" /><ent r="3" t="165" w="731" /><ent r="3" t="165" w="906" /><ent r="3" t="165" w="978" /><ent r="4" t="165" w="1036" /><ent r="4" t="165" w="1506" /><ent r="3" t="167" w="1306" /><ent r="3" t="168" w="94" /><ent r="4" t="168" w="175" /><ent r="4" t="168" w="219" /><ent r="3" t="168" w="1294" /><ent r="3" t="170" w="662" /><ent r="4" t="170" w="668" /><ent r="3" t="171" w="80" /><ent r="7" t="172" w="88" /><ent r="7" t="172" w="100" /><ent r="7" t="172" w="123" /><ent r="7" t="172" w="135" /><ent r="3" t="175" w="90" /><ent r="3" t="175" w="123" /><ent r="3" t="177" w="240" /><ent r="4" t="177" w="371" /><ent r="100" t="200" w="9" /><ent r="100" t="200" w="15" /><ent r="3" t="200" w="22" /><ent r="3" t="200" w="32" /></phr><phr n="Creating"><ent r="64" t="1" w="575" /><ent r="64" t="2" w="37" /><ent r="64" t="2" w="146" /><ent r="64" t="156" w="342" /><ent r="1000" t="157" w="1" /><ent r="102" t="157" w="9" /><ent r="3" t="165" w="574" /><ent r="64" t="198" w="47" /><ent r="1000" t="200" w="1" /><ent r="102" t="200" w="5" /></phr><phr n="Create"><ent r="64" t="8" w="36" /><ent r="64" t="11" w="36" /><ent r="4" t="14" w="52" /><ent r="3" t="42" w="160" /><ent r="4" t="42" w="246" /><ent r="1000" t="43" w="1" /><ent r="102" t="43" w="5" /><ent r="64" t="46" w="193" /><ent r="64" t="47" w="97" /><ent r="1000" t="48" w="1" /><ent r="102" t="48" w="6" /><ent r="64" t="55" w="83" /><ent r="65" t="62" w="35" /><ent r="64" t="66" w="137" /><ent r="64" t="67" w="436" /><ent r="64" t="68" w="140" /><ent r="1000" t="69" w="1" /><ent r="102" t="69" w="6" /><ent r="64" t="70" w="251" /><ent r="64" t="85" w="275" /><ent r="1000" t="86" w="1" /><ent r="102" t="86" w="6" /><ent r="5" t="86" w="104" /><ent r="4" t="98" w="279" /><ent r="65" t="103" w="424" /><ent r="64" t="103" w="463" /><ent r="1000" t="105" w="1" /><ent r="102" t="105" w="15" /><ent r="64" t="109" w="116" /><ent r="64" t="110" w="233" /><ent r="64" t="113" w="136" /><ent r="64" t="114" w="140" /><ent r="64" t="115" w="210" /><ent r="64" t="118" w="111" /><ent r="1000" t="119" w="1" /><ent r="102" t="119" w="12" /><ent r="3" t="119" w="17" /><ent r="64" t="120" w="106" /><ent r="64" t="122" w="93" /><ent r="1000" t="125" w="1" /><ent r="102" t="125" w="4" /><ent r="5" t="125" w="57" /><ent r="64" t="126" w="127" /><ent r="64" t="127" w="54" /><ent r="4" t="162" w="2163" /><ent r="4" t="162" w="2217" /><ent r="4" t="164" w="106" /><ent r="4" t="164" w="665" /><ent r="4" t="165" w="551" /><ent r="92" t="165" w="718" /><ent r="4" t="167" w="58" /><ent r="92" t="167" w="776" /><ent r="4" t="168" w="62" /><ent r="92" t="168" w="901" /><ent r="5" t="170" w="567" /><ent r="7" t="170" w="1124" /><ent r="3" t="170" w="1402" /></phr><phr n="created"><ent r="7" t="8" w="143" /><ent r="4" t="21" w="314" /><ent r="3" t="32" w="51" /><ent r="3" t="32" w="68" /><ent r="3" t="61" w="47" /><ent r="3" t="65" w="26" /><ent r="3" t="72" w="52" /><ent r="3" t="119" w="56" /><ent r="3" t="119" w="180" /><ent r="3" t="120" w="58" /><ent r="3" t="121" w="35" /><ent r="3" t="140" w="38" /><ent r="3" t="140" w="52" /><ent r="3" t="146" w="52" /><ent r="3" t="150" w="61" /><ent r="3" t="152" w="129" /><ent r="3" t="153" w="34" /><ent r="3" t="162" w="251" /><ent r="4" t="162" w="2234" /><ent r="3" t="163" w="257" /><ent r="3" t="163" w="405" /><ent r="3" t="163" w="1533" /><ent r="3" t="166" w="402" /><ent r="3" t="167" w="388" /><ent r="4" t="168" w="257" /><ent r="3" t="168" w="1183" /><ent r="3" t="169" w="1657" /><ent r="3" t="170" w="51" /><ent r="3" t="170" w="116" /><ent r="4" t="170" w="468" /><ent r="6" t="170" w="1459" /><ent r="3" t="170" w="1506" /></phr><phr n="creates"><ent r="7" t="13" w="62" /><ent r="4" t="50" w="190" /><ent r="3" t="56" w="202" /><ent r="3" t="111" w="476" /><ent r="3" t="119" w="21" /><ent r="3" t="119" w="80" /><ent r="3" t="120" w="18" /><ent r="3" t="125" w="65" /><ent r="3" t="163" w="1503" /><ent r="3" t="191" w="16" /></phr><phr n="Creates"><ent r="4" t="46" w="114" /><ent r="7" t="51" w="72" /><ent r="7" t="51" w="82" /><ent r="7" t="51" w="117" /><ent r="7" t="51" w="124" /><ent r="7" t="51" w="129" /><ent r="7" t="51" w="134" /><ent r="7" t="51" w="179" /><ent r="7" t="51" w="190" /><ent r="7" t="104" w="23" /><ent r="7" t="172" w="42" /><ent r="7" t="172" w="46" /><ent r="7" t="172" w="53" /><ent r="7" t="172" w="57" /><ent r="7" t="172" w="61" /><ent r="7" t="172" w="68" /><ent r="7" t="172" w="113" /><ent r="7" t="172" w="148" /><ent r="7" t="172" w="161" /><ent r="5" t="172" w="261" /><ent r="7" t="209" w="75" /></phr><phr n="creating"><ent r="4" t="50" w="217" /><ent r="4" t="71" w="90" /><ent r="6" t="80" w="263" /><ent r="3" t="85" w="31" /><ent r="3" t="132" w="29" /><ent r="3" t="133" w="29" /><ent r="3" t="134" w="29" /><ent r="3" t="139" w="34" /><ent r="4" t="156" w="204" /><ent r="3" t="157" w="24" /><ent r="3" t="164" w="52" /><ent r="4" t="164" w="1300" /><ent r="4" t="164" w="1490" /><ent r="4" t="165" w="706" /><ent r="3" t="167" w="34" /><ent r="3" t="168" w="31" /><ent r="4" t="168" w="166" /><ent r="3" t="189" w="24" /><ent r="3" t="200" w="27" /><ent r="3" t="207" w="235" /></phr></stem><stem n="modifi"><phr n="modify"><ent r="3" t="1" w="246" /><ent r="3" t="4" w="44" /><ent r="3" t="42" w="404" /><ent r="3" t="55" w="40" /><ent r="7" t="80" w="405" /><ent r="3" t="142" w="214" /><ent r="3" t="143" w="27" /><ent r="4" t="160" w="249" /><ent r="3" t="162" w="189" /><ent r="3" t="165" w="1384" /><ent r="4" t="187" w="452" /></phr><phr n="modified"><ent r="4" t="46" w="135" /></phr><phr n="Modify"><ent r="4" t="202" w="52" /><ent r="5" t="202" w="165" /><ent r="5" t="202" w="226" /><ent r="5" t="202" w="294" /></phr></stem><stem n="object"><phr n="objects"><ent r="3" t="1" w="247" /><ent r="6" t="3" w="26" /><ent r="3" t="4" w="45" /><ent r="7" t="5" w="74" /><ent r="7" t="5" w="110" /><ent r="7" t="8" w="125" /><ent r="6" t="11" w="120" /><ent r="6" t="11" w="127" /><ent r="4" t="20" w="134" /><ent r="3" t="55" w="41" /><ent r="3" t="56" w="31" /><ent r="5" t="56" w="41" /><ent r="3" t="56" w="91" /><ent r="3" t="56" w="120" /><ent r="3" t="56" w="155" /><ent r="3" t="56" w="177" /><ent r="3" t="56" w="217" /><ent r="3" t="56" w="228" /><ent r="4" t="57" w="18" /><ent r="4" t="57" w="66" /><ent r="3" t="61" w="42" /><ent r="3" t="118" w="49" /><ent r="3" t="118" w="76" /><ent r="3" t="119" w="179" /><ent r="3" t="120" w="35" /><ent r="3" t="121" w="22" /><ent r="3" t="121" w="33" /><ent r="3" t="142" w="37" /><ent r="3" t="142" w="305" /><ent r="3" t="147" w="28" /><ent r="3" t="158" w="85" /><ent r="3" t="163" w="427" /><ent r="3" t="167" w="798" /><ent r="3" t="168" w="99" /><ent r="4" t="168" w="127" /><ent r="4" t="168" w="139" /><ent r="6" t="201" w="106" /></phr><phr n="object"><ent r="7" t="5" w="65" /><ent r="7" t="5" w="104" /><ent r="7" t="8" w="146" /><ent r="7" t="11" w="147" /><ent r="7" t="11" w="159" /><ent r="7" t="11" w="169" /><ent r="6" t="11" w="324" /><ent r="7" t="13" w="107" /><ent r="3" t="54" w="152" /><ent r="3" t="54" w="164" /><ent r="3" t="54" w="180" /><ent r="3" t="56" w="78" /><ent r="3" t="56" w="83" /><ent r="3" t="56" w="104" /><ent r="3" t="56" w="130" /><ent r="3" t="56" w="145" /><ent r="3" t="56" w="197" /><ent r="3" t="56" w="207" /><ent r="4" t="57" w="58" /><ent r="4" t="57" w="83" /><ent r="3" t="57" w="88" /><ent r="4" t="57" w="92" /><ent r="4" t="57" w="151" /><ent r="4" t="57" w="159" /><ent r="4" t="57" w="170" /><ent r="4" t="57" w="189" /><ent r="4" t="57" w="217" /><ent r="4" t="57" w="253" /><ent r="4" t="57" w="259" /><ent r="4" t="58" w="72" /><ent r="5" t="81" w="172" /><ent r="5" t="81" w="212" /><ent r="3" t="92" w="59" /><ent r="3" t="92" w="66" /><ent r="3" t="120" w="63" /><ent r="3" t="122" w="33" /><ent r="3" t="122" w="46" /><ent r="3" t="122" w="63" /><ent r="4" t="122" w="71" /><ent r="4" t="132" w="151" /><ent r="4" t="132" w="171" /><ent r="3" t="147" w="137" /><ent r="3" t="147" w="141" /><ent r="3" t="163" w="416" /><ent r="4" t="163" w="1670" /><ent r="4" t="163" w="1751" /><ent r="4" t="163" w="2406" /><ent r="4" t="168" w="810" /><ent r="3" t="172" w="29" /><ent r="6" t="201" w="77" /><ent r="6" t="201" w="116" /><ent r="6" t="201" w="181" /><ent r="6" t="201" w="234" /><ent r="6" t="201" w="326" /><ent r="6" t="201" w="350" /><ent r="6" t="201" w="518" /><ent r="6" t="201" w="618" /><ent r="6" t="201" w="644" /></phr><phr n="Object"><ent r="7" t="8" w="74" /><ent r="3" t="57" w="37" /><ent r="4" t="57" w="49" /><ent r="4" t="58" w="58" /><ent r="3" t="59" w="125" /><ent r="3" t="59" w="140" /><ent r="5" t="62" w="58" /><ent r="4" t="163" w="2580" /><ent r="4" t="163" w="2665" /><ent r="4" t="164" w="960" /><ent r="3" t="168" w="580" /><ent r="3" t="168" w="1093" /><ent r="4" t="168" w="1221" /><ent r="3" t="172" w="20" /><ent r="6" t="201" w="404" /></phr><phr n="Objects"><ent r="64" t="11" w="60" /><ent r="68" t="11" w="172" /><ent r="68" t="11" w="179" /><ent r="68" t="11" w="273" /><ent r="68" t="11" w="287" /><ent r="68" t="11" w="301" /><ent r="64" t="55" w="96" /><ent r="1000" t="57" w="4" /><ent r="102" t="57" w="9" /><ent r="100" t="57" w="12" /><ent r="65" t="57" w="70" /><ent r="4" t="58" w="64" /><ent r="64" t="58" w="336" /><ent r="64" t="147" w="160" /><ent r="3" t="163" w="404" /><ent r="1000" t="172" w="2" /><ent r="100" t="172" w="5" /><ent r="102" t="172" w="8" /><ent r="64" t="172" w="39" /><ent r="1000" t="201" w="4" /><ent r="100" t="201" w="7" /><ent r="102" t="201" w="13" /><ent r="6" t="201" w="23" /></phr><phr n="Objective"><ent r="3" t="161" w="52" /><ent r="4" t="162" w="21" /><ent r="4" t="163" w="38" /><ent r="4" t="164" w="27" /><ent r="4" t="165" w="29" /><ent r="4" t="166" w="19" /><ent r="4" t="167" w="22" /><ent r="4" t="168" w="19" /><ent r="4" t="169" w="17" /><ent r="4" t="170" w="25" /></phr></stem><stem n="line"><phr n="lines"><ent r="3" t="1" w="248" /><ent r="3" t="4" w="46" /><ent r="3" t="55" w="42" /><ent r="3" t="144" w="123" /><ent r="3" t="144" w="131" /><ent r="3" t="144" w="160" /><ent r="3" t="166" w="245" /><ent r="3" t="167" w="234" /><ent r="3" t="167" w="792" /><ent r="3" t="169" w="282" /><ent r="3" t="169" w="310" /><ent r="7" t="178" w="103" /><ent r="7" t="178" w="107" /><ent r="3" t="178" w="722" /><ent r="6" t="211" w="297" /><ent r="6" t="211" w="316" /><ent r="6" t="211" w="334" /><ent r="6" t="211" w="353" /><ent r="6" t="211" w="371" /><ent r="6" t="211" w="390" /><ent r="6" t="211" w="408" /><ent r="6" t="211" w="427" /><ent r="6" t="211" w="445" /><ent r="6" t="211" w="463" /><ent r="6" t="211" w="481" /><ent r="6" t="211" w="496" /><ent r="6" t="211" w="520" /></phr><phr n="line"><ent r="7" t="11" w="267" /><ent r="7" t="11" w="281" /><ent r="3" t="19" w="51" /><ent r="7" t="51" w="119" /><ent r="7" t="51" w="127" /><ent r="7" t="51" w="132" /><ent r="7" t="51" w="156" /><ent r="7" t="51" w="182" /><ent r="7" t="51" w="193" /><ent r="3" t="57" w="184" /><ent r="4" t="57" w="200" /><ent r="4" t="57" w="206" /><ent r="3" t="57" w="212" /><ent r="3" t="91" w="37" /><ent r="4" t="116" w="147" /><ent r="3" t="116" w="206" /><ent r="3" t="116" w="226" /><ent r="4" t="116" w="258" /><ent r="4" t="116" w="271" /><ent r="4" t="132" w="155" /><ent r="3" t="144" w="141" /><ent r="3" t="163" w="1902" /><ent r="3" t="163" w="1927" /><ent r="4" t="163" w="2634" /><ent r="3" t="163" w="2650" /><ent r="3" t="165" w="1402" /><ent r="3" t="166" w="1092" /><ent r="3" t="166" w="1121" /><ent r="6" t="169" w="1462" /><ent r="3" t="170" w="1213" /><ent r="7" t="172" w="63" /><ent r="7" t="172" w="90" /><ent r="7" t="172" w="163" /><ent r="7" t="178" w="98" /><ent r="7" t="178" w="317" /><ent r="7" t="178" w="405" /><ent r="6" t="201" w="284" /><ent r="6" t="201" w="346" /><ent r="6" t="201" w="396" /><ent r="6" t="201" w="438" /><ent r="6" t="201" w="477" /><ent r="6" t="211" w="284" /><ent r="6" t="211" w="303" /><ent r="6" t="211" w="321" /><ent r="6" t="211" w="340" /><ent r="6" t="211" w="358" /><ent r="6" t="211" w="377" /><ent r="6" t="211" w="395" /><ent r="6" t="211" w="414" /><ent r="6" t="211" w="432" /><ent r="6" t="211" w="450" /><ent r="6" t="211" w="468" /><ent r="6" t="211" w="486" /><ent r="6" t="211" w="501" /></phr><phr n="Line"><ent r="92" t="19" w="42" /><ent r="4" t="57" w="228" /><ent r="4" t="142" w="358" /><ent r="4" t="163" w="2639" /><ent r="3" t="163" w="2656" /><ent r="5" t="166" w="848" /><ent r="6" t="201" w="145" /><ent r="6" t="201" w="338" /><ent r="6" t="201" w="367" /><ent r="6" t="201" w="386" /><ent r="6" t="201" w="388" /><ent r="6" t="201" w="422" /><ent r="6" t="201" w="424" /><ent r="6" t="201" w="448" /><ent r="6" t="201" w="463" /><ent r="6" t="201" w="465" /><ent r="6" t="201" w="483" /><ent r="6" t="201" w="502" /><ent r="6" t="201" w="529" /></phr></stem><stem n="text"><phr n="text"><ent r="3" t="1" w="250" /><ent r="3" t="4" w="48" /><ent r="7" t="8" w="239" /><ent r="7" t="11" w="190" /><ent r="7" t="11" w="204" /><ent r="7" t="11" w="216" /><ent r="7" t="11" w="227" /><ent r="7" t="11" w="238" /><ent r="7" t="11" w="252" /><ent r="7" t="13" w="102" /><ent r="7" t="14" w="338" /><ent r="6" t="14" w="358" /><ent r="6" t="14" w="395" /><ent r="4" t="26" w="86" /><ent r="3" t="32" w="71" /><ent r="3" t="55" w="44" /><ent r="3" t="57" w="146" /><ent r="100" t="58" w="7" /><ent r="3" t="58" w="25" /><ent r="4" t="58" w="71" /><ent r="4" t="58" w="84" /><ent r="4" t="58" w="90" /><ent r="4" t="58" w="97" /><ent r="3" t="58" w="107" /><ent r="4" t="58" w="112" /><ent r="4" t="58" w="128" /><ent r="3" t="58" w="166" /><ent r="4" t="58" w="171" /><ent r="4" t="58" w="179" /><ent r="4" t="58" w="190" /><ent r="4" t="58" w="212" /><ent r="4" t="58" w="259" /><ent r="3" t="58" w="296" /><ent r="4" t="58" w="305" /><ent r="5" t="81" w="180" /><ent r="5" t="81" w="198" /><ent r="3" t="89" w="41" /><ent r="3" t="112" w="354" /><ent r="4" t="128" w="558" /><ent r="4" t="132" w="188" /><ent r="3" t="142" w="304" /><ent r="4" t="142" w="352" /><ent r="4" t="142" w="367" /><ent r="3" t="144" w="182" /><ent r="3" t="162" w="1500" /><ent r="3" t="163" w="2685" /><ent r="3" t="163" w="2694" /><ent r="3" t="163" w="2708" /><ent r="3" t="163" w="2716" /><ent r="4" t="163" w="2729" /><ent r="4" t="163" w="2750" /><ent r="3" t="166" w="1097" /><ent r="4" t="167" w="1049" /><ent r="3" t="168" w="611" /><ent r="3" t="168" w="652" /><ent r="4" t="168" w="795" /><ent r="3" t="168" w="1239" /><ent r="3" t="168" w="1255" /><ent r="3" t="171" w="28" /><ent r="7" t="172" w="178" /><ent r="5" t="172" w="259" /><ent r="3" t="178" w="27" /><ent r="7" t="178" w="496" /><ent r="3" t="194" w="260" /><ent r="6" t="201" w="261" /><ent r="6" t="201" w="560" /><ent r="6" t="201" w="593" /><ent r="6" t="201" w="596" /><ent r="6" t="211" w="41" /><ent r="6" t="211" w="54" /><ent r="6" t="211" w="66" /><ent r="6" t="211" w="79" /><ent r="6" t="211" w="91" /><ent r="6" t="211" w="104" /><ent r="6" t="211" w="116" /><ent r="6" t="211" w="129" /><ent r="6" t="211" w="141" /><ent r="6" t="211" w="153" /><ent r="6" t="211" w="176" /><ent r="6" t="211" w="185" /><ent r="6" t="211" w="285" /><ent r="6" t="211" w="304" /><ent r="6" t="211" w="322" /><ent r="6" t="211" w="341" /><ent r="6" t="211" w="359" /><ent r="6" t="211" w="378" /><ent r="6" t="211" w="396" /><ent r="6" t="211" w="415" /><ent r="6" t="211" w="433" /><ent r="6" t="211" w="451" /><ent r="6" t="211" w="469" /><ent r="6" t="211" w="475" /><ent r="6" t="211" w="487" /><ent r="6" t="211" w="502" /></phr><phr n="Text"><ent r="64" t="11" w="67" /><ent r="68" t="11" w="196" /><ent r="68" t="11" w="211" /><ent r="68" t="11" w="222" /><ent r="68" t="11" w="233" /><ent r="68" t="11" w="243" /><ent r="68" t="11" w="258" /><ent r="64" t="55" w="101" /><ent r="64" t="57" w="299" /><ent r="1000" t="58" w="4" /><ent r="102" t="58" w="14" /><ent r="100" t="58" w="18" /><ent r="3" t="58" w="45" /><ent r="4" t="58" w="271" /><ent r="3" t="67" w="144" /><ent r="3" t="67" w="163" /><ent r="5" t="132" w="180" /><ent r="4" t="142" w="331" /><ent r="4" t="142" w="360" /><ent r="92" t="144" w="170" /><ent r="3" t="144" w="174" /><ent r="92" t="144" w="187" /><ent r="4" t="163" w="2669" /><ent r="4" t="163" w="2741" /><ent r="3" t="168" w="584" /><ent r="3" t="168" w="594" /><ent r="3" t="168" w="645" /><ent r="4" t="168" w="809" /><ent r="4" t="168" w="833" /><ent r="4" t="168" w="1225" /><ent r="68" t="172" w="185" /><ent r="6" t="201" w="151" /><ent r="6" t="201" w="201" /><ent r="6" t="201" w="243" /><ent r="6" t="201" w="271" /><ent r="6" t="201" w="274" /><ent r="6" t="201" w="305" /><ent r="6" t="201" w="373" /><ent r="6" t="201" w="415" /><ent r="6" t="201" w="454" /><ent r="6" t="201" w="489" /><ent r="6" t="201" w="535" /><ent r="6" t="201" w="552" /><ent r="6" t="201" w="574" /><ent r="6" t="201" w="583" /><ent r="6" t="201" w="585" /><ent r="6" t="201" w="599" /><ent r="6" t="201" w="602" /><ent r="6" t="211" w="179" /><ent r="6" t="211" w="191" /><ent r="6" t="211" w="204" /><ent r="6" t="211" w="490" /><ent r="6" t="211" w="508" /></phr></stem></index>