﻿<?xml version="1.0" encoding="utf-8"?><index PreMerged="False"><stem n="add"><phr n="add"><ent r="1" t="1" w="574" /><ent r="1" t="29" w="131" /><ent r="1" t="29" w="163" /><ent r="1" t="29" w="248" /><ent r="1" t="29" w="267" /><ent r="1" t="49" w="37" /><ent r="1" t="51" w="150" /><ent r="1" t="55" w="142" /><ent r="1" t="61" w="125" /><ent r="1" t="70" w="28" /><ent r="1" t="70" w="250" /><ent r="1" t="78" w="160" /><ent r="1" t="102" w="19" /><ent r="1" t="102" w="31" /><ent r="1" t="102" w="143" /><ent r="1" t="102" w="162" /><ent r="51" t="102" w="316" /><ent r="1" t="102" w="331" /><ent r="1" t="102" w="448" /><ent r="1" t="102" w="484" /><ent r="1" t="103" w="116" /><ent r="1" t="104" w="39" /><ent r="1" t="105" w="36" /><ent r="1" t="106" w="14" /><ent r="1" t="109" w="71" /><ent r="51" t="119" w="348" /><ent r="1" t="145" w="169" /><ent r="1" t="153" w="1204" /><ent r="1" t="153" w="2029" /><ent r="1" t="155" w="1451" /><ent r="1" t="157" w="708" /><ent r="1" t="157" w="774" /><ent r="1" t="157" w="1190" /><ent r="51" t="158" w="118" /><ent r="51" t="158" w="226" /><ent r="1" t="158" w="996" /><ent r="1" t="158" w="1017" /><ent r="1" t="158" w="1028" /><ent r="1" t="158" w="1128" /><ent r="1" t="159" w="1964" /><ent r="1" t="160" w="71" /><ent r="1" t="160" w="758" /><ent r="1" t="161" w="121" /><ent r="1" t="165" w="30" /><ent r="1" t="165" w="112" /><ent r="1" t="165" w="117" /><ent r="1" t="168" w="357" /><ent r="1" t="186" w="19" /></phr><phr n="Add"><ent r="90" t="29" w="127" /><ent r="51" t="29" w="144" /><ent r="1" t="29" w="150" /><ent r="90" t="29" w="237" /><ent r="51" t="29" w="280" /><ent r="1" t="29" w="286" /><ent r="51" t="70" w="258" /><ent r="51" t="95" w="201" /><ent r="51" t="95" w="218" /><ent r="51" t="95" w="235" /><ent r="51" t="95" w="257" /><ent r="1" t="96" w="49" /><ent r="51" t="96" w="61" /><ent r="51" t="96" w="66" /><ent r="51" t="96" w="72" /><ent r="51" t="103" w="885" /><ent r="51" t="103" w="890" /><ent r="51" t="103" w="895" /><ent r="1000" t="104" w="1" /><ent r="100" t="104" w="6" /><ent r="51" t="104" w="59" /><ent r="1" t="104" w="74" /><ent r="1000" t="105" w="1" /><ent r="100" t="105" w="7" /><ent r="51" t="105" w="57" /><ent r="1" t="105" w="73" /><ent r="1000" t="106" w="1" /><ent r="100" t="106" w="7" /><ent r="51" t="106" w="34" /><ent r="1" t="106" w="48" /><ent r="51" t="119" w="366" /><ent r="51" t="119" w="599" /><ent r="1" t="153" w="2614" /><ent r="51" t="157" w="1041" /><ent r="1" t="157" w="1048" /><ent r="51" t="157" w="1126" /><ent r="1" t="157" w="1174" /><ent r="1" t="157" w="1185" /><ent r="1" t="158" w="60" /><ent r="90" t="158" w="968" /><ent r="1" t="158" w="1054" /><ent r="1" t="159" w="48" /><ent r="1" t="159" w="67" /><ent r="90" t="159" w="500" /><ent r="1" t="159" w="512" /><ent r="90" t="159" w="566" /><ent r="1" t="159" w="578" /><ent r="90" t="159" w="722" /><ent r="1" t="159" w="733" /><ent r="1" t="159" w="839" /><ent r="90" t="159" w="1608" /><ent r="1" t="159" w="2028" /><ent r="51" t="160" w="501" /><ent r="90" t="160" w="545" /><ent r="51" t="160" w="554" /><ent r="90" t="160" w="619" /><ent r="51" t="160" w="638" /><ent r="51" t="161" w="132" /><ent r="51" t="168" w="347" /><ent r="90" t="186" w="33" /><ent r="51" t="186" w="52" /><ent r="51" t="186" w="64" /><ent r="1" t="186" w="75" /><ent r="51" t="187" w="10" /><ent r="51" t="198" w="48" /><ent r="51" t="198" w="61" /><ent r="51" t="198" w="68" /><ent r="51" t="198" w="83" /><ent r="51" t="198" w="91" /><ent r="51" t="198" w="104" /><ent r="51" t="198" w="158" /></phr><phr n="adds"><ent r="1" t="70" w="263" /><ent r="1" t="153" w="2507" /></phr><phr n="Adds"><ent r="51" t="95" w="191" /><ent r="51" t="95" w="207" /><ent r="51" t="95" w="225" /><ent r="1" t="162" w="216" /><ent r="1" t="162" w="231" /><ent r="51" t="198" w="51" /><ent r="51" t="198" w="72" /><ent r="51" t="198" w="94" /></phr></stem><stem n="combin"><phr n="combination"><ent r="1" t="2" w="19" /><ent r="1" t="53" w="77" /><ent r="1" t="53" w="83" /><ent r="1" t="61" w="21" /><ent r="1" t="143" w="112" /><ent r="1" t="154" w="1522" /><ent r="1" t="184" w="36" /><ent r="1" t="194" w="279" /></phr><phr n="combine"><ent r="51" t="8" w="176" /></phr><phr n="combinations"><ent r="1" t="154" w="1453" /></phr></stem><stem n="current"><phr n="currently"><ent r="51" t="2" w="47" /><ent r="1" t="2" w="109" /><ent r="51" t="2" w="525" /><ent r="51" t="2" w="553" /><ent r="51" t="3" w="20" /><ent r="51" t="13" w="120" /><ent r="51" t="13" w="149" /><ent r="1" t="41" w="20" /><ent r="1" t="41" w="75" /><ent r="1" t="43" w="112" /><ent r="1" t="64" w="159" /><ent r="1" t="64" w="188" /><ent r="1" t="64" w="336" /><ent r="1" t="64" w="363" /><ent r="1" t="76" w="268" /><ent r="1" t="77" w="332" /><ent r="1" t="79" w="19" /><ent r="1" t="94" w="268" /><ent r="1" t="119" w="80" /><ent r="1" t="152" w="1174" /><ent r="1" t="156" w="318" /><ent r="1" t="157" w="299" /><ent r="51" t="158" w="193" /><ent r="1" t="158" w="1011" /><ent r="1" t="158" w="1022" /><ent r="1" t="168" w="110" /><ent r="1" t="168" w="157" /><ent r="1" t="168" w="165" /><ent r="1" t="170" w="157" /><ent r="1" t="188" w="33" /><ent r="1" t="189" w="30" /></phr><phr n="current"><ent r="51" t="2" w="478" /><ent r="51" t="3" w="32" /><ent r="51" t="5" w="43" /><ent r="51" t="5" w="140" /><ent r="1" t="8" w="15" /><ent r="51" t="8" w="124" /><ent r="51" t="11" w="15" /><ent r="51" t="14" w="59" /><ent r="51" t="14" w="86" /><ent r="51" t="14" w="119" /><ent r="1" t="14" w="160" /><ent r="1" t="14" w="169" /><ent r="1" t="14" w="251" /><ent r="1" t="14" w="262" /><ent r="1" t="14" w="292" /><ent r="1" t="14" w="702" /><ent r="1" t="19" w="69" /><ent r="1" t="20" w="414" /><ent r="1" t="21" w="59" /><ent r="1" t="22" w="39" /><ent r="1" t="40" w="197" /><ent r="1" t="43" w="23" /><ent r="1" t="43" w="309" /><ent r="1" t="44" w="27" /><ent r="1" t="45" w="38" /><ent r="1" t="57" w="210" /><ent r="1" t="63" w="86" /><ent r="1" t="66" w="17" /><ent r="1" t="66" w="77" /><ent r="1" t="66" w="96" /><ent r="1" t="67" w="15" /><ent r="1" t="67" w="26" /><ent r="51" t="67" w="46" /><ent r="1" t="67" w="80" /><ent r="51" t="67" w="122" /><ent r="1" t="68" w="379" /><ent r="1" t="68" w="397" /><ent r="1" t="73" w="154" /><ent r="1" t="74" w="134" /><ent r="1" t="74" w="142" /><ent r="1" t="76" w="22" /><ent r="1" t="76" w="30" /><ent r="51" t="77" w="254" /><ent r="51" t="77" w="287" /><ent r="1" t="82" w="18" /><ent r="1" t="86" w="43" /><ent r="1" t="92" w="220" /><ent r="1" t="93" w="331" /><ent r="1" t="93" w="366" /><ent r="51" t="95" w="22" /><ent r="51" t="95" w="55" /><ent r="51" t="95" w="64" /><ent r="1" t="100" w="71" /><ent r="1" t="103" w="657" /><ent r="1" t="115" w="20" /><ent r="1" t="119" w="65" /><ent r="1" t="119" w="611" /><ent r="1" t="136" w="22" /><ent r="1" t="139" w="32" /><ent r="1" t="152" w="762" /><ent r="1" t="152" w="1445" /><ent r="1" t="156" w="137" /><ent r="1" t="156" w="368" /><ent r="1" t="157" w="121" /><ent r="1" t="157" w="349" /><ent r="1" t="159" w="1067" /><ent r="1" t="159" w="1088" /><ent r="1" t="160" w="903" /><ent r="1" t="160" w="924" /><ent r="1" t="162" w="198" /><ent r="1" t="168" w="100" /><ent r="1" t="171" w="187" /><ent r="51" t="197" w="57" /><ent r="51" t="197" w="123" /><ent r="51" t="197" w="135" /><ent r="51" t="197" w="151" /></phr><phr n="Current"><ent r="51" t="8" w="108" /><ent r="1" t="184" w="92" /><ent r="1" t="184" w="109" /></phr><phr n="Currently"><ent r="1" t="47" w="133" /><ent r="1" t="91" w="366" /></phr></stem><stem n="version"><phr n="version"><ent r="51" t="2" w="51" /><ent r="1" t="17" w="49" /><ent r="51" t="64" w="294" /><ent r="1" t="64" w="367" /><ent r="1" t="149" w="36" /><ent r="1" t="155" w="949" /><ent r="1" t="166" w="42" /></phr><phr n="Version"><ent r="51" t="169" w="60" /></phr></stem><stem n="option"><phr n="Options"><ent r="51" t="2" w="73" /><ent r="1" t="18" w="109" /><ent r="51" t="18" w="121" /><ent r="51" t="19" w="158" /><ent r="51" t="20" w="267" /><ent r="1" t="20" w="272" /><ent r="1" t="20" w="278" /><ent r="1" t="21" w="261" /><ent r="51" t="22" w="471" /><ent r="51" t="24" w="107" /><ent r="1" t="24" w="114" /><ent r="1000" t="25" w="2" /><ent r="51" t="25" w="69" /><ent r="51" t="25" w="112" /><ent r="51" t="26" w="88" /><ent r="51" t="26" w="94" /><ent r="51" t="27" w="176" /><ent r="1" t="27" w="181" /><ent r="1" t="28" w="78" /><ent r="51" t="28" w="90" /><ent r="51" t="30" w="89" /><ent r="51" t="30" w="98" /><ent r="1000" t="31" w="2" /><ent r="100" t="31" w="7" /><ent r="1" t="31" w="33" /><ent r="1000" t="32" w="2" /><ent r="100" t="32" w="6" /><ent r="1" t="32" w="10" /><ent r="1" t="32" w="24" /><ent r="1" t="32" w="32" /><ent r="51" t="37" w="61" /><ent r="51" t="40" w="230" /><ent r="51" t="41" w="340" /><ent r="51" t="46" w="105" /><ent r="51" t="51" w="270" /><ent r="51" t="56" w="104" /><ent r="1000" t="68" w="2" /><ent r="100" t="68" w="5" /><ent r="1" t="68" w="9" /><ent r="1" t="68" w="25" /><ent r="51" t="68" w="41" /><ent r="1" t="68" w="45" /><ent r="1000" t="88" w="2" /><ent r="100" t="88" w="5" /><ent r="1000" t="89" w="3" /><ent r="100" t="89" w="7" /><ent r="1" t="89" w="11" /><ent r="51" t="89" w="34" /><ent r="51" t="89" w="58" /><ent r="51" t="89" w="135" /><ent r="1" t="89" w="148" /><ent r="1000" t="90" w="4" /><ent r="100" t="90" w="9" /><ent r="1" t="90" w="15" /><ent r="51" t="90" w="76" /><ent r="1" t="90" w="89" /><ent r="1000" t="91" w="3" /><ent r="100" t="91" w="10" /><ent r="51" t="91" w="31" /><ent r="51" t="91" w="55" /><ent r="51" t="91" w="91" /><ent r="1" t="91" w="104" /><ent r="1000" t="92" w="3" /><ent r="100" t="92" w="10" /><ent r="51" t="92" w="32" /><ent r="51" t="92" w="56" /><ent r="51" t="92" w="92" /><ent r="1" t="92" w="105" /><ent r="90" t="92" w="321" /><ent r="51" t="97" w="145" /><ent r="51" t="99" w="97" /><ent r="1" t="110" w="32" /><ent r="51" t="110" w="101" /><ent r="1" t="110" w="106" /><ent r="1" t="111" w="24" /><ent r="1000" t="120" w="1" /><ent r="100" t="120" w="3" /><ent r="51" t="120" w="43" /><ent r="51" t="120" w="67" /><ent r="51" t="120" w="123" /><ent r="1" t="120" w="127" /><ent r="51" t="120" w="153" /><ent r="51" t="120" w="171" /><ent r="51" t="120" w="186" /><ent r="51" t="120" w="202" /><ent r="1000" t="121" w="2" /><ent r="100" t="121" w="5" /><ent r="51" t="121" w="45" /><ent r="1" t="121" w="58" /><ent r="1000" t="122" w="2" /><ent r="100" t="122" w="5" /><ent r="51" t="122" w="24" /><ent r="51" t="122" w="28" /><ent r="51" t="122" w="32" /><ent r="51" t="122" w="37" /><ent r="51" t="122" w="41" /><ent r="51" t="122" w="45" /><ent r="51" t="122" w="49" /><ent r="51" t="122" w="54" /><ent r="1000" t="123" w="3" /><ent r="100" t="123" w="7" /><ent r="1" t="123" w="12" /><ent r="51" t="123" w="24" /><ent r="51" t="123" w="48" /><ent r="51" t="123" w="82" /><ent r="1" t="123" w="95" /><ent r="1000" t="124" w="3" /><ent r="100" t="124" w="7" /><ent r="1" t="124" w="12" /><ent r="51" t="124" w="24" /><ent r="51" t="124" w="48" /><ent r="51" t="124" w="82" /><ent r="1" t="124" w="95" /><ent r="1000" t="125" w="3" /><ent r="100" t="125" w="7" /><ent r="1" t="125" w="12" /><ent r="51" t="125" w="37" /><ent r="51" t="125" w="61" /><ent r="51" t="125" w="96" /><ent r="1" t="125" w="109" /><ent r="1000" t="126" w="4" /><ent r="100" t="126" w="9" /><ent r="1" t="126" w="15" /><ent r="51" t="126" w="34" /><ent r="51" t="126" w="58" /><ent r="51" t="126" w="94" /><ent r="1" t="126" w="107" /><ent r="1000" t="127" w="3" /><ent r="100" t="127" w="7" /><ent r="1" t="127" w="12" /><ent r="51" t="127" w="27" /><ent r="51" t="127" w="51" /><ent r="51" t="127" w="86" /><ent r="1" t="127" w="99" /><ent r="1000" t="128" w="3" /><ent r="100" t="128" w="7" /><ent r="1" t="128" w="13" /><ent r="51" t="128" w="24" /><ent r="51" t="128" w="48" /><ent r="51" t="128" w="82" /><ent r="1" t="128" w="95" /><ent r="1000" t="129" w="3" /><ent r="100" t="129" w="7" /><ent r="1" t="129" w="13" /><ent r="51" t="129" w="24" /><ent r="51" t="129" w="48" /><ent r="51" t="129" w="83" /><ent r="1" t="129" w="96" /><ent r="1000" t="130" w="4" /><ent r="100" t="130" w="9" /><ent r="1" t="130" w="15" /><ent r="51" t="130" w="28" /><ent r="51" t="130" w="52" /><ent r="51" t="130" w="87" /><ent r="1" t="130" w="100" /><ent r="51" t="131" w="38" /><ent r="1" t="146" w="207" /><ent r="51" t="154" w="384" /><ent r="51" t="154" w="418" /><ent r="1" t="155" w="522" /><ent r="51" t="171" w="30" /><ent r="1" t="171" w="35" /><ent r="1" t="180" w="9" /><ent r="1" t="183" w="9" /><ent r="51" t="184" w="73" /><ent r="1" t="184" w="77" /><ent r="51" t="195" w="122" /></phr><phr n="options"><ent r="51" t="9" w="34" /><ent r="1" t="22" w="86" /><ent r="1" t="22" w="238" /><ent r="1" t="22" w="287" /><ent r="1" t="22" w="392" /><ent r="1" t="24" w="70" /><ent r="1" t="25" w="76" /><ent r="1" t="26" w="84" /><ent r="1" t="27" w="244" /><ent r="1" t="30" w="79" /><ent r="1" t="31" w="17" /><ent r="1" t="31" w="28" /><ent r="1" t="31" w="75" /><ent r="1" t="31" w="112" /><ent r="1" t="31" w="127" /><ent r="1" t="31" w="156" /><ent r="1" t="32" w="16" /><ent r="1" t="32" w="40" /><ent r="1" t="40" w="81" /><ent r="1" t="41" w="332" /><ent r="1" t="45" w="104" /><ent r="51" t="47" w="47" /><ent r="1" t="63" w="20" /><ent r="51" t="63" w="100" /><ent r="51" t="67" w="40" /><ent r="1" t="68" w="62" /><ent r="1" t="68" w="99" /><ent r="1" t="68" w="124" /><ent r="1" t="68" w="346" /><ent r="1" t="73" w="120" /><ent r="1" t="77" w="105" /><ent r="1" t="83" w="148" /><ent r="1" t="88" w="10" /><ent r="1" t="88" w="64" /><ent r="1" t="88" w="80" /><ent r="51" t="89" w="38" /><ent r="51" t="89" w="48" /><ent r="51" t="89" w="65" /><ent r="1" t="89" w="94" /><ent r="51" t="89" w="117" /><ent r="1" t="89" w="252" /><ent r="51" t="90" w="58" /><ent r="1" t="90" w="129" /><ent r="1" t="91" w="17" /><ent r="1" t="91" w="24" /><ent r="51" t="91" w="35" /><ent r="51" t="91" w="45" /><ent r="51" t="91" w="62" /><ent r="51" t="91" w="73" /><ent r="51" t="91" w="140" /><ent r="1" t="91" w="150" /><ent r="1" t="92" w="17" /><ent r="1" t="92" w="24" /><ent r="51" t="92" w="36" /><ent r="51" t="92" w="46" /><ent r="51" t="92" w="63" /><ent r="51" t="92" w="74" /><ent r="1" t="92" w="140" /><ent r="1" t="92" w="150" /><ent r="1" t="92" w="165" /><ent r="1" t="92" w="179" /><ent r="1" t="92" w="315" /><ent r="1" t="93" w="184" /><ent r="1" t="120" w="15" /><ent r="1" t="120" w="26" /><ent r="1" t="120" w="28" /><ent r="1" t="120" w="35" /><ent r="51" t="120" w="47" /><ent r="51" t="120" w="57" /><ent r="51" t="120" w="74" /><ent r="1" t="120" w="99" /><ent r="1" t="120" w="107" /><ent r="1" t="120" w="144" /><ent r="1" t="120" w="161" /><ent r="1" t="120" w="224" /><ent r="1" t="121" w="8" /><ent r="1" t="121" w="14" /><ent r="51" t="121" w="27" /><ent r="1" t="121" w="98" /><ent r="1" t="121" w="142" /><ent r="1" t="121" w="179" /><ent r="1" t="121" w="187" /><ent r="1" t="121" w="216" /><ent r="1" t="122" w="9" /><ent r="1" t="123" w="19" /><ent r="51" t="123" w="28" /><ent r="51" t="123" w="38" /><ent r="51" t="123" w="55" /><ent r="51" t="123" w="65" /><ent r="1" t="123" w="238" /><ent r="1" t="124" w="19" /><ent r="51" t="124" w="28" /><ent r="51" t="124" w="38" /><ent r="51" t="124" w="55" /><ent r="51" t="124" w="65" /><ent r="1" t="124" w="220" /><ent r="1" t="125" w="19" /><ent r="51" t="125" w="41" /><ent r="51" t="125" w="51" /><ent r="51" t="125" w="68" /><ent r="51" t="125" w="78" /><ent r="1" t="125" w="200" /><ent r="51" t="126" w="38" /><ent r="51" t="126" w="48" /><ent r="51" t="126" w="65" /><ent r="51" t="126" w="76" /><ent r="1" t="126" w="194" /><ent r="51" t="127" w="31" /><ent r="51" t="127" w="41" /><ent r="51" t="127" w="58" /><ent r="51" t="127" w="68" /><ent r="1" t="127" w="154" /><ent r="1" t="128" w="18" /><ent r="51" t="128" w="28" /><ent r="51" t="128" w="38" /><ent r="51" t="128" w="55" /><ent r="51" t="128" w="65" /><ent r="1" t="128" w="153" /><ent r="51" t="128" w="181" /><ent r="51" t="128" w="279" /><ent r="51" t="128" w="704" /><ent r="1" t="129" w="18" /><ent r="51" t="129" w="28" /><ent r="51" t="129" w="38" /><ent r="51" t="129" w="55" /><ent r="51" t="129" w="65" /><ent r="51" t="129" w="130" /><ent r="1" t="129" w="144" /><ent r="1" t="129" w="264" /><ent r="1" t="130" w="22" /><ent r="51" t="130" w="32" /><ent r="51" t="130" w="42" /><ent r="51" t="130" w="59" /><ent r="51" t="130" w="70" /><ent r="1" t="130" w="255" /><ent r="1" t="143" w="294" /><ent r="1" t="153" w="832" /><ent r="1" t="153" w="1629" /><ent r="1" t="167" w="16" /><ent r="51" t="199" w="162" /><ent r="51" t="199" w="167" /></phr><phr n="option"><ent r="1" t="9" w="40" /><ent r="1" t="31" w="49" /><ent r="1" t="39" w="23" /><ent r="1" t="39" w="46" /><ent r="51" t="39" w="140" /><ent r="1" t="40" w="35" /><ent r="1" t="40" w="58" /><ent r="1" t="42" w="10" /><ent r="1" t="46" w="93" /><ent r="1" t="48" w="44" /><ent r="1" t="68" w="67" /><ent r="1" t="68" w="85" /><ent r="1" t="68" w="246" /><ent r="1" t="68" w="357" /><ent r="1" t="68" w="375" /><ent r="1" t="72" w="230" /><ent r="1" t="75" w="49" /><ent r="1" t="77" w="387" /><ent r="51" t="77" w="424" /><ent r="1" t="81" w="8" /><ent r="1" t="100" w="18" /><ent r="1" t="120" w="149" /><ent r="1" t="121" w="116" /><ent r="1" t="123" w="118" /><ent r="1" t="123" w="130" /><ent r="1" t="124" w="161" /><ent r="1" t="124" w="205" /><ent r="1" t="128" w="118" /><ent r="1" t="128" w="130" /><ent r="51" t="128" w="171" /><ent r="1" t="128" w="214" /><ent r="1" t="128" w="242" /><ent r="1" t="128" w="252" /><ent r="1" t="129" w="204" /><ent r="1" t="129" w="247" /><ent r="1" t="130" w="172" /><ent r="1" t="130" w="217" /><ent r="51" t="141" w="223" /><ent r="1" t="146" w="190" /><ent r="1" t="147" w="18" /><ent r="1" t="148" w="17" /><ent r="1" t="149" w="335" /><ent r="1" t="153" w="741" /><ent r="1" t="154" w="1049" /><ent r="1" t="154" w="1075" /><ent r="1" t="155" w="506" /><ent r="1" t="155" w="1105" /><ent r="1" t="155" w="1468" /><ent r="1" t="180" w="372" /><ent r="1" t="180" w="418" /><ent r="1" t="180" w="437" /><ent r="1" t="180" w="459" /><ent r="1" t="180" w="465" /><ent r="1" t="180" w="493" /><ent r="1" t="180" w="580" /><ent r="1" t="192" w="8" /></phr><phr n="Optional"><ent r="51" t="143" w="369" /><ent r="51" t="146" w="182" /><ent r="51" t="146" w="252" /><ent r="51" t="147" w="213" /><ent r="51" t="149" w="143" /><ent r="51" t="149" w="183" /><ent r="51" t="149" w="241" /><ent r="51" t="150" w="181" /><ent r="51" t="155" w="499" /></phr></stem><stem n="panel"><phr n="panel"><ent r="1" t="2" w="79" /><ent r="1" t="2" w="93" /><ent r="1" t="68" w="51" /><ent r="1" t="120" w="133" /><ent r="1" t="153" w="2855" /></phr></stem><stem n="navig"><phr n="navigation"><ent r="1" t="2" w="99" /><ent r="1" t="2" w="122" /></phr><phr n="Navigate"><ent r="1" t="18" w="74" /><ent r="1" t="29" w="56" /><ent r="1" t="33" w="174" /><ent r="1" t="65" w="54" /><ent r="1" t="67" w="159" /><ent r="1" t="68" w="181" /><ent r="1" t="75" w="26" /><ent r="1" t="82" w="117" /><ent r="1" t="85" w="197" /><ent r="1" t="133" w="110" /><ent r="1" t="152" w="494" /><ent r="1" t="153" w="636" /><ent r="1" t="156" w="607" /><ent r="1" t="156" w="781" /><ent r="51" t="157" w="949" /><ent r="1" t="158" w="479" /><ent r="1" t="158" w="882" /><ent r="1" t="160" w="423" /><ent r="1" t="160" w="1663" /><ent r="1" t="170" w="96" /><ent r="1" t="184" w="81" /></phr><phr n="navigate"><ent r="1" t="21" w="247" /><ent r="1" t="27" w="149" /><ent r="1" t="50" w="23" /><ent r="1" t="59" w="58" /><ent r="1" t="68" w="58" /><ent r="1" t="70" w="83" /><ent r="51" t="82" w="49" /><ent r="51" t="82" w="173" /><ent r="1" t="97" w="100" /><ent r="1" t="110" w="158" /><ent r="1" t="112" w="50" /><ent r="1" t="120" w="140" /><ent r="1" t="142" w="120" /><ent r="1" t="147" w="86" /><ent r="1" t="154" w="368" /><ent r="1" t="155" w="771" /><ent r="1" t="157" w="591" /><ent r="1" t="157" w="1084" /><ent r="51" t="191" w="32" /></phr></stem><stem n="tree"><phr n="tree"><ent r="1" t="2" w="100" /><ent r="1" t="2" w="123" /><ent r="1" t="64" w="109" /><ent r="1" t="64" w="375" /><ent r="1" t="64" w="385" /><ent r="1" t="73" w="46" /><ent r="1" t="77" w="69" /><ent r="1" t="78" w="28" /><ent r="1" t="79" w="47" /><ent r="1" t="80" w="91" /><ent r="1" t="81" w="35" /><ent r="1" t="83" w="105" /><ent r="1" t="84" w="106" /><ent r="1" t="89" w="141" /><ent r="1" t="90" w="82" /><ent r="1" t="91" w="97" /><ent r="1" t="92" w="98" /><ent r="1" t="119" w="172" /><ent r="1" t="121" w="51" /><ent r="1" t="123" w="88" /><ent r="1" t="124" w="88" /><ent r="1" t="125" w="102" /><ent r="1" t="126" w="100" /><ent r="1" t="127" w="92" /><ent r="1" t="128" w="88" /><ent r="1" t="129" w="89" /><ent r="1" t="130" w="93" /><ent r="1" t="142" w="68" /><ent r="1" t="142" w="72" /><ent r="1" t="192" w="31" /></phr></stem><stem n="expand"><phr n="expand"><ent r="1" t="2" w="118" /><ent r="1" t="31" w="152" /><ent r="1" t="64" w="112" /><ent r="1" t="120" w="95" /><ent r="1" t="121" w="212" /><ent r="1" t="132" w="216" /><ent r="1" t="142" w="81" /><ent r="1" t="153" w="2472" /><ent r="1" t="158" w="727" /><ent r="1" t="180" w="59" /><ent r="1" t="184" w="122" /></phr><phr n="Expand"><ent r="1" t="64" w="383" /><ent r="1" t="73" w="42" /><ent r="1" t="77" w="65" /><ent r="1" t="78" w="24" /><ent r="1" t="79" w="43" /><ent r="1" t="80" w="87" /><ent r="1" t="81" w="31" /><ent r="1" t="83" w="101" /><ent r="1" t="84" w="102" /><ent r="1" t="86" w="129" /><ent r="1" t="119" w="168" /><ent r="1" t="133" w="312" /><ent r="1" t="134" w="52" /><ent r="1" t="135" w="24" /><ent r="1" t="153" w="2465" /><ent r="1" t="192" w="27" /></phr><phr n="expands"><ent r="1" t="94" w="235" /><ent r="1" t="159" w="709" /></phr><phr n="expanded"><ent r="1" t="160" w="131" /></phr></stem><stem n="collaps"><phr n="collapse"><ent r="1" t="2" w="120" /><ent r="1" t="31" w="154" /><ent r="1" t="64" w="114" /><ent r="1" t="120" w="97" /><ent r="1" t="121" w="214" /></phr></stem><stem n="tabl"><phr n="table"><ent r="1" t="2" w="126" /><ent r="1" t="21" w="365" /><ent r="1" t="61" w="144" /><ent r="1" t="61" w="263" /><ent r="1" t="70" w="86" /><ent r="1" t="70" w="137" /><ent r="1" t="70" w="272" /><ent r="1" t="77" w="100" /><ent r="1" t="110" w="124" /><ent r="1" t="153" w="1094" /><ent r="1" t="159" w="1344" /><ent r="1" t="160" w="1094" /><ent r="1" t="184" w="94" /></phr></stem><stem n="below"><phr n="below"><ent r="1" t="2" w="127" /><ent r="1" t="72" w="80" /><ent r="1" t="72" w="164" /><ent r="1" t="72" w="266" /><ent r="1" t="132" w="208" /><ent r="1" t="143" w="731" /><ent r="1" t="151" w="249" /><ent r="1" t="152" w="2003" /><ent r="51" t="158" w="281" /><ent r="1" t="159" w="1345" /><ent r="1" t="160" w="1095" /><ent r="1" t="161" w="85" /><ent r="1" t="168" w="117" /><ent r="1" t="180" w="51" /><ent r="1" t="191" w="199" /></phr><phr n="Below"><ent r="1" t="14" w="497" /><ent r="1" t="103" w="195" /><ent r="1" t="138" w="109" /><ent r="1" t="154" w="422" /><ent r="1" t="154" w="1473" /><ent r="1" t="159" w="1778" /></phr></stem><stem n="default"><phr n="default"><ent r="1" t="2" w="130" /><ent r="51" t="12" w="81" /><ent r="1" t="14" w="410" /><ent r="1" t="29" w="73" /><ent r="1" t="38" w="85" /><ent r="1" t="43" w="189" /><ent r="1" t="43" w="236" /><ent r="1" t="43" w="266" /><ent r="1" t="51" w="183" /><ent r="1" t="60" w="51" /><ent r="1" t="61" w="239" /><ent r="1" t="63" w="81" /><ent r="1" t="67" w="21" /><ent r="1" t="67" w="84" /><ent r="1" t="67" w="93" /><ent r="1" t="67" w="175" /><ent r="1" t="68" w="81" /><ent r="1" t="68" w="127" /><ent r="1" t="78" w="153" /><ent r="1" t="91" w="191" /><ent r="1" t="94" w="76" /><ent r="1" t="96" w="149" /><ent r="1" t="97" w="129" /><ent r="1" t="99" w="73" /><ent r="1" t="99" w="81" /><ent r="1" t="101" w="182" /><ent r="1" t="108" w="275" /><ent r="1" t="110" w="24" /><ent r="1" t="110" w="27" /><ent r="1" t="110" w="53" /><ent r="1" t="110" w="168" /><ent r="1" t="111" w="19" /><ent r="1" t="111" w="41" /><ent r="1" t="120" w="178" /><ent r="1" t="122" w="15" /><ent r="1" t="123" w="18" /><ent r="1" t="123" w="221" /><ent r="1" t="124" w="18" /><ent r="1" t="124" w="165" /><ent r="1" t="124" w="203" /><ent r="1" t="125" w="18" /><ent r="1" t="126" w="21" /><ent r="1" t="127" w="19" /><ent r="1" t="128" w="17" /><ent r="1" t="128" w="132" /><ent r="1" t="128" w="134" /><ent r="1" t="128" w="138" /><ent r="1" t="129" w="17" /><ent r="51" t="129" w="123" /><ent r="51" t="129" w="127" /><ent r="1" t="129" w="208" /><ent r="1" t="129" w="245" /><ent r="1" t="130" w="21" /><ent r="1" t="130" w="176" /><ent r="1" t="130" w="215" /><ent r="1" t="131" w="317" /><ent r="1" t="135" w="149" /><ent r="1" t="139" w="153" /><ent r="1" t="143" w="451" /><ent r="1" t="143" w="612" /><ent r="1" t="149" w="117" /><ent r="1" t="150" w="188" /><ent r="1" t="152" w="1119" /><ent r="1" t="152" w="1518" /><ent r="1" t="152" w="1937" /><ent r="1" t="152" w="2061" /><ent r="1" t="152" w="2224" /><ent r="1" t="154" w="759" /><ent r="1" t="154" w="1380" /><ent r="1" t="157" w="1020" /><ent r="1" t="159" w="1709" /><ent r="1" t="159" w="1945" /><ent r="1" t="159" w="1956" /><ent r="1" t="160" w="1559" /><ent r="1" t="160" w="1672" /><ent r="1" t="160" w="1686" /><ent r="51" t="169" w="472" /><ent r="51" t="169" w="513" /><ent r="51" t="169" w="577" /><ent r="1" t="169" w="805" /><ent r="1" t="171" w="42" /></phr><phr n="defaults"><ent r="1" t="2" w="137" /><ent r="1" t="33" w="161" /><ent r="1" t="68" w="15" /><ent r="1" t="68" w="387" /><ent r="1" t="119" w="62" /><ent r="1" t="120" w="193" /><ent r="1" t="120" w="209" /><ent r="1" t="131" w="42" /><ent r="1" t="131" w="165" /><ent r="51" t="131" w="250" /><ent r="1" t="143" w="190" /><ent r="1" t="143" w="677" /><ent r="1" t="154" w="767" /><ent r="1" t="154" w="945" /><ent r="1" t="154" w="1178" /><ent r="1" t="154" w="1275" /><ent r="1" t="154" w="1286" /><ent r="1" t="156" w="679" /><ent r="1" t="157" w="699" /><ent r="1" t="171" w="204" /></phr><phr n="Default"><ent r="51" t="89" w="37" /><ent r="51" t="89" w="64" /><ent r="51" t="89" w="174" /><ent r="51" t="91" w="34" /><ent r="51" t="91" w="61" /><ent r="51" t="91" w="166" /><ent r="51" t="91" w="241" /><ent r="51" t="91" w="310" /><ent r="51" t="92" w="35" /><ent r="51" t="92" w="62" /><ent r="90" t="92" w="456" /><ent r="1" t="110" w="122" /><ent r="51" t="120" w="46" /><ent r="51" t="120" w="73" /><ent r="51" t="123" w="27" /><ent r="51" t="123" w="54" /><ent r="51" t="123" w="133" /><ent r="51" t="123" w="171" /><ent r="51" t="123" w="187" /><ent r="51" t="123" w="209" /><ent r="51" t="124" w="27" /><ent r="51" t="124" w="54" /><ent r="51" t="125" w="40" /><ent r="51" t="125" w="67" /><ent r="51" t="126" w="37" /><ent r="51" t="126" w="64" /><ent r="51" t="126" w="148" /><ent r="51" t="126" w="171" /><ent r="51" t="127" w="30" /><ent r="51" t="127" w="57" /><ent r="51" t="127" w="125" /><ent r="51" t="128" w="27" /><ent r="51" t="128" w="54" /><ent r="90" t="128" w="162" /><ent r="90" t="128" w="274" /><ent r="90" t="128" w="698" /><ent r="51" t="129" w="27" /><ent r="51" t="129" w="54" /><ent r="90" t="129" w="155" /><ent r="90" t="129" w="254" /><ent r="1" t="129" w="259" /><ent r="51" t="130" w="31" /><ent r="51" t="130" w="58" /></phr></stem></index>