﻿<?xml version="1.0" encoding="utf-8"?><index><stem n="menu"><phr n="menus"><ent r="100" t="1" w="138" /><ent r="3" t="1" w="147" /><ent r="3" t="1" w="159" /><ent r="3" t="1" w="168" /><ent r="3" t="1" w="199" /><ent r="3" t="1" w="225" /><ent r="3" t="4" w="22" /><ent r="100" t="57" w="13" /><ent r="100" t="105" w="21" /><ent r="100" t="105" w="132" /><ent r="3" t="105" w="150" /><ent r="3" t="111" w="99" /><ent r="3" t="113" w="91" /><ent r="3" t="173" w="1515" /><ent r="3" t="173" w="1534" /></phr><phr n="Menus"><ent r="92" t="1" w="142" /><ent r="92" t="105" w="138" /></phr><phr n="Menu"><ent r="3" t="1" w="179" /><ent r="6" t="7" w="14" /><ent r="7" t="11" w="90" /><ent r="68" t="11" w="109" /><ent r="7" t="12" w="18" /><ent r="3" t="47" w="43" /><ent r="4" t="47" w="48" /><ent r="4" t="48" w="45" /><ent r="4" t="49" w="59" /><ent r="4" t="55" w="63" /><ent r="1000" t="57" w="4" /><ent r="102" t="57" w="19" /><ent r="3" t="57" w="25" /><ent r="3" t="73" w="347" /><ent r="4" t="77" w="91" /><ent r="4" t="77" w="120" /><ent r="4" t="77" w="175" /><ent r="4" t="77" w="204" /><ent r="4" t="77" w="277" /><ent r="6" t="82" w="122" /><ent r="3" t="101" w="132" /><ent r="64" t="105" w="496" /><ent r="4" t="107" w="104" /><ent r="65" t="107" w="131" /><ent r="64" t="109" w="138" /><ent r="1000" t="113" w="2" /><ent r="102" t="113" w="14" /><ent r="3" t="113" w="18" /><ent r="5" t="113" w="242" /><ent r="3" t="113" w="257" /><ent r="3" t="113" w="315" /><ent r="5" t="113" w="383" /><ent r="3" t="113" w="398" /><ent r="3" t="113" w="447" /><ent r="5" t="113" w="522" /><ent r="3" t="113" w="535" /><ent r="3" t="113" w="591" /><ent r="3" t="122" w="92" /><ent r="4" t="149" w="60" /><ent r="4" t="150" w="96" /><ent r="4" t="151" w="85" /><ent r="4" t="152" w="77" /><ent r="4" t="153" w="93" /><ent r="4" t="154" w="127" /><ent r="92" t="173" w="1388" /><ent r="3" t="173" w="1404" /><ent r="3" t="173" w="1425" /><ent r="3" t="173" w="1578" /><ent r="3" t="173" w="1603" /><ent r="3" t="173" w="1625" /><ent r="3" t="173" w="1646" /><ent r="3" t="173" w="1666" /><ent r="1000" t="219" w="4" /><ent r="102" t="219" w="31" /><ent r="3" t="219" w="42" /><ent r="6" t="219" w="51" /><ent r="1000" t="220" w="4" /><ent r="102" t="220" w="34" /><ent r="3" t="220" w="45" /><ent r="6" t="220" w="54" /><ent r="1000" t="221" w="4" /><ent r="100" t="221" w="26" /><ent r="102" t="221" w="31" /><ent r="3" t="221" w="42" /><ent r="6" t="221" w="51" /><ent r="1000" t="222" w="4" /><ent r="100" t="222" w="9" /><ent r="102" t="222" w="19" /><ent r="3" t="222" w="30" /><ent r="6" t="222" w="39" /></phr><phr n="menu"><ent r="4" t="1" w="283" /><ent r="4" t="2" w="74" /><ent r="5" t="3" w="88" /><ent r="4" t="4" w="138" /><ent r="7" t="9" w="27" /><ent r="7" t="11" w="104" /><ent r="7" t="12" w="54" /><ent r="6" t="12" w="76" /><ent r="3" t="14" w="48" /><ent r="4" t="18" w="41" /><ent r="3" t="18" w="203" /><ent r="4" t="21" w="242" /><ent r="4" t="23" w="34" /><ent r="4" t="26" w="124" /><ent r="4" t="30" w="36" /><ent r="4" t="32" w="108" /><ent r="3" t="35" w="34" /><ent r="4" t="36" w="44" /><ent r="4" t="36" w="57" /><ent r="3" t="38" w="13" /><ent r="3" t="38" w="39" /><ent r="3" t="38" w="52" /><ent r="3" t="39" w="13" /><ent r="3" t="39" w="51" /><ent r="3" t="39" w="64" /><ent r="3" t="39" w="81" /><ent r="4" t="39" w="104" /><ent r="4" t="39" w="129" /><ent r="4" t="39" w="161" /><ent r="3" t="40" w="79" /><ent r="4" t="41" w="46" /><ent r="4" t="42" w="89" /><ent r="4" t="43" w="135" /><ent r="4" t="45" w="55" /><ent r="4" t="45" w="93" /><ent r="4" t="46" w="53" /><ent r="4" t="49" w="70" /><ent r="3" t="50" w="98" /><ent r="4" t="51" w="184" /><ent r="100" t="57" w="9" /><ent r="3" t="57" w="61" /><ent r="3" t="66" w="62" /><ent r="4" t="69" w="51" /><ent r="3" t="69" w="309" /><ent r="4" t="70" w="56" /><ent r="4" t="71" w="55" /><ent r="4" t="72" w="96" /><ent r="4" t="72" w="172" /><ent r="3" t="73" w="165" /><ent r="3" t="73" w="364" /><ent r="3" t="75" w="122" /><ent r="3" t="77" w="253" /><ent r="4" t="78" w="74" /><ent r="3" t="78" w="98" /><ent r="4" t="78" w="108" /><ent r="3" t="79" w="66" /><ent r="4" t="80" w="54" /><ent r="4" t="81" w="126" /><ent r="3" t="81" w="156" /><ent r="4" t="81" w="166" /><ent r="3" t="82" w="56" /><ent r="3" t="82" w="98" /><ent r="3" t="82" w="107" /><ent r="4" t="83" w="59" /><ent r="3" t="83" w="86" /><ent r="4" t="83" w="106" /><ent r="4" t="84" w="80" /><ent r="3" t="84" w="106" /><ent r="4" t="85" w="76" /><ent r="3" t="85" w="124" /><ent r="4" t="86" w="64" /><ent r="3" t="86" w="100" /><ent r="5" t="87" w="71" /><ent r="3" t="87" w="87" /><ent r="4" t="87" w="99" /><ent r="5" t="87" w="195" /><ent r="3" t="87" w="212" /><ent r="4" t="87" w="224" /><ent r="5" t="88" w="72" /><ent r="3" t="88" w="89" /><ent r="4" t="88" w="101" /><ent r="4" t="89" w="63" /><ent r="4" t="90" w="95" /><ent r="3" t="90" w="130" /><ent r="4" t="91" w="98" /><ent r="3" t="91" w="133" /><ent r="3" t="92" w="166" /><ent r="3" t="92" w="258" /><ent r="3" t="93" w="100" /><ent r="3" t="94" w="130" /><ent r="4" t="96" w="136" /><ent r="4" t="97" w="78" /><ent r="4" t="98" w="91" /><ent r="4" t="99" w="92" /><ent r="4" t="100" w="303" /><ent r="3" t="101" w="37" /><ent r="3" t="101" w="94" /><ent r="4" t="101" w="110" /><ent r="3" t="105" w="98" /><ent r="3" t="105" w="178" /><ent r="3" t="105" w="192" /><ent r="3" t="105" w="206" /><ent r="3" t="105" w="220" /><ent r="3" t="105" w="480" /><ent r="4" t="107" w="31" /><ent r="4" t="107" w="121" /><ent r="3" t="107" w="250" /><ent r="4" t="108" w="45" /><ent r="4" t="108" w="70" /><ent r="4" t="109" w="58" /><ent r="4" t="109" w="81" /><ent r="3" t="109" w="133" /><ent r="3" t="109" w="148" /><ent r="3" t="109" w="163" /><ent r="3" t="109" w="179" /><ent r="4" t="110" w="31" /><ent r="3" t="111" w="58" /><ent r="100" t="113" w="5" /><ent r="100" t="113" w="10" /><ent r="4" t="113" w="48" /><ent r="4" t="113" w="52" /><ent r="4" t="113" w="60" /><ent r="4" t="113" w="66" /><ent r="4" t="113" w="79" /><ent r="3" t="113" w="115" /><ent r="3" t="113" w="159" /><ent r="3" t="113" w="163" /><ent r="3" t="113" w="178" /><ent r="3" t="113" w="188" /><ent r="3" t="113" w="201" /><ent r="3" t="113" w="209" /><ent r="3" t="113" w="218" /><ent r="3" t="113" w="224" /><ent r="3" t="113" w="255" /><ent r="3" t="113" w="306" /><ent r="3" t="113" w="313" /><ent r="3" t="113" w="318" /><ent r="4" t="113" w="331" /><ent r="3" t="113" w="344" /><ent r="3" t="113" w="364" /><ent r="3" t="113" w="396" /><ent r="4" t="113" w="431" /><ent r="3" t="113" w="438" /><ent r="3" t="113" w="445" /><ent r="3" t="113" w="450" /><ent r="3" t="113" w="462" /><ent r="3" t="113" w="584" /><ent r="3" t="113" w="594" /><ent r="3" t="121" w="45" /><ent r="4" t="121" w="103" /><ent r="4" t="123" w="43" /><ent r="4" t="124" w="78" /><ent r="4" t="125" w="48" /><ent r="4" t="126" w="45" /><ent r="4" t="127" w="48" /><ent r="3" t="131" w="156" /><ent r="3" t="131" w="190" /><ent r="4" t="133" w="48" /><ent r="4" t="135" w="87" /><ent r="4" t="136" w="87" /><ent r="4" t="137" w="101" /><ent r="4" t="138" w="96" /><ent r="4" t="139" w="89" /><ent r="4" t="140" w="87" /><ent r="4" t="141" w="83" /><ent r="4" t="142" w="84" /><ent r="4" t="143" w="94" /><ent r="4" t="147" w="81" /><ent r="4" t="151" w="111" /><ent r="4" t="164" w="112" /><ent r="4" t="164" w="123" /><ent r="4" t="166" w="349" /><ent r="4" t="166" w="531" /><ent r="4" t="166" w="602" /><ent r="4" t="166" w="675" /><ent r="3" t="166" w="783" /><ent r="3" t="166" w="951" /><ent r="3" t="166" w="1050" /><ent r="3" t="166" w="1054" /><ent r="4" t="166" w="1164" /><ent r="4" t="166" w="1496" /><ent r="4" t="166" w="1498" /><ent r="3" t="166" w="1519" /><ent r="4" t="166" w="1564" /><ent r="3" t="166" w="1613" /><ent r="4" t="166" w="1672" /><ent r="4" t="166" w="1727" /><ent r="4" t="166" w="1817" /><ent r="4" t="166" w="1938" /><ent r="4" t="166" w="1999" /><ent r="4" t="166" w="2118" /><ent r="4" t="166" w="2164" /><ent r="4" t="166" w="2320" /><ent r="4" t="166" w="2349" /><ent r="4" t="167" w="499" /><ent r="4" t="167" w="681" /><ent r="6" t="167" w="768" /><ent r="3" t="167" w="882" /><ent r="4" t="167" w="988" /><ent r="4" t="167" w="1117" /><ent r="4" t="167" w="1213" /><ent r="4" t="167" w="1794" /><ent r="4" t="167" w="2169" /><ent r="4" t="167" w="2490" /><ent r="4" t="168" w="211" /><ent r="4" t="168" w="393" /><ent r="4" t="168" w="792" /><ent r="4" t="168" w="1013" /><ent r="5" t="168" w="1133" /><ent r="4" t="168" w="1144" /><ent r="4" t="169" w="171" /><ent r="4" t="170" w="449" /><ent r="4" t="170" w="631" /><ent r="6" t="170" w="791" /><ent r="4" t="171" w="434" /><ent r="4" t="171" w="616" /><ent r="3" t="171" w="1209" /><ent r="4" t="172" w="274" /><ent r="4" t="172" w="325" /><ent r="4" t="172" w="508" /><ent r="4" t="172" w="665" /><ent r="4" t="172" w="869" /><ent r="4" t="172" w="882" /><ent r="4" t="172" w="910" /><ent r="4" t="172" w="970" /><ent r="4" t="173" w="70" /><ent r="3" t="173" w="323" /><ent r="4" t="173" w="427" /><ent r="3" t="173" w="1444" /><ent r="4" t="173" w="1464" /><ent r="3" t="173" w="1496" /><ent r="3" t="173" w="1542" /><ent r="3" t="173" w="1569" /><ent r="3" t="173" w="1595" /><ent r="3" t="173" w="1636" /><ent r="4" t="173" w="1770" /><ent r="4" t="173" w="1844" /><ent r="4" t="173" w="1860" /><ent r="4" t="174" w="236" /><ent r="4" t="174" w="419" /><ent r="6" t="174" w="446" /><ent r="6" t="174" w="1432" /><ent r="3" t="174" w="1508" /><ent r="4" t="174" w="1587" /><ent r="4" t="183" w="64" /><ent r="4" t="183" w="72" /><ent r="4" t="208" w="89" /><ent r="4" t="209" w="77" /><ent r="4" t="210" w="88" /><ent r="100" t="219" w="19" /><ent r="100" t="219" w="26" /><ent r="3" t="219" w="35" /><ent r="100" t="220" w="22" /><ent r="100" t="220" w="29" /><ent r="3" t="220" w="38" /><ent r="100" t="221" w="19" /><ent r="3" t="221" w="35" /><ent r="100" t="222" w="12" /><ent r="3" t="222" w="23" /></phr></stem><stem n="command"><phr n="commands"><ent r="3" t="1" w="149" /><ent r="3" t="1" w="180" /><ent r="3" t="1" w="190" /><ent r="3" t="93" w="30" /><ent r="4" t="164" w="313" /></phr><phr n="command"><ent r="7" t="5" w="79" /><ent r="7" t="5" w="115" /><ent r="7" t="5" w="152" /><ent r="3" t="19" w="50" /><ent r="4" t="26" w="120" /><ent r="3" t="73" w="223" /><ent r="3" t="93" w="36" /><ent r="3" t="93" w="64" /><ent r="4" t="107" w="113" /><ent r="3" t="107" w="251" /><ent r="3" t="109" w="186" /><ent r="3" t="113" w="30" /><ent r="3" t="113" w="41" /><ent r="3" t="113" w="127" /><ent r="4" t="113" w="423" /><ent r="3" t="122" w="80" /><ent r="3" t="124" w="17" /><ent r="3" t="126" w="28" /><ent r="3" t="148" w="145" /><ent r="3" t="173" w="1488" /><ent r="3" t="173" w="1517" /><ent r="3" t="173" w="1536" /><ent r="3" t="173" w="1560" /><ent r="3" t="174" w="1618" /><ent r="4" t="174" w="1672" /></phr><phr n="Command"><ent r="92" t="19" w="41" /><ent r="92" t="174" w="1534" /></phr></stem><stem n="standard"><phr n="standard"><ent r="3" t="1" w="156" /><ent r="5" t="20" w="75" /><ent r="4" t="25" w="134" /><ent r="3" t="132" w="35" /><ent r="4" t="141" w="628" /><ent r="4" t="142" w="498" /><ent r="5" t="149" w="394" /><ent r="5" t="154" w="515" /><ent r="4" t="159" w="234" /><ent r="3" t="167" w="275" /><ent r="3" t="170" w="175" /><ent r="3" t="171" w="165" /><ent r="3" t="175" w="37" /><ent r="4" t="175" w="68" /><ent r="3" t="183" w="48" /><ent r="4" t="217" w="157" /></phr><phr n="Standard"><ent r="64" t="4" w="222" /><ent r="1000" t="5" w="1" /><ent r="100" t="5" w="4" /><ent r="100" t="5" w="8" /><ent r="102" t="5" w="10" /><ent r="64" t="18" w="56" /><ent r="4" t="22" w="100" /><ent r="4" t="22" w="143" /><ent r="92" t="22" w="146" /><ent r="64" t="32" w="120" /><ent r="64" t="45" w="78" /><ent r="3" t="45" w="125" /><ent r="64" t="46" w="65" /><ent r="5" t="141" w="615" /><ent r="5" t="142" w="486" /><ent r="6" t="149" w="381" /><ent r="6" t="154" w="502" /><ent r="64" t="166" w="329" /><ent r="64" t="172" w="302" /><ent r="3" t="182" w="735" /><ent r="5" t="217" w="144" /></phr><phr n="standards"><ent r="3" t="199" w="238" /></phr></stem><stem n="-in"><phr n="-ins"><ent r="3" t="1" w="161" /><ent r="3" t="1" w="161" /><ent r="3" t="1" w="592" /><ent r="3" t="1" w="592" /><ent r="3" t="20" w="518" /><ent r="3" t="20" w="518" /><ent r="3" t="69" w="387" /><ent r="3" t="69" w="387" /><ent r="3" t="94" w="24" /><ent r="3" t="94" w="24" /><ent r="3" t="100" w="324" /><ent r="3" t="100" w="324" /><ent r="4" t="100" w="355" /><ent r="4" t="100" w="355" /><ent r="4" t="100" w="361" /><ent r="4" t="100" w="361" /><ent r="3" t="115" w="312" /><ent r="3" t="115" w="312" /><ent r="3" t="115" w="319" /><ent r="3" t="115" w="319" /><ent r="7" t="115" w="393" /><ent r="7" t="115" w="393" /><ent r="3" t="132" w="22" /><ent r="3" t="132" w="22" /><ent r="4" t="155" w="70" /><ent r="4" t="155" w="70" /><ent r="3" t="155" w="95" /><ent r="3" t="155" w="95" /><ent r="3" t="173" w="1281" /><ent r="3" t="173" w="1281" /><ent r="3" t="174" w="1256" /><ent r="3" t="174" w="1256" /><ent r="3" t="191" w="260" /><ent r="3" t="191" w="260" /></phr><phr n="-Ins"><ent r="92" t="1" w="580" /><ent r="92" t="1" w="580" /><ent r="92" t="69" w="373" /><ent r="92" t="69" w="373" /><ent r="3" t="69" w="378" /><ent r="3" t="69" w="378" /><ent r="3" t="100" w="319" /><ent r="3" t="100" w="319" /><ent r="4" t="155" w="57" /><ent r="4" t="155" w="57" /><ent r="4" t="155" w="62" /><ent r="4" t="155" w="62" /></phr><phr n="-in"><ent r="6" t="3" w="75" /><ent r="6" t="3" w="75" /><ent r="3" t="93" w="50" /><ent r="3" t="93" w="50" /><ent r="3" t="94" w="36" /><ent r="3" t="94" w="36" /><ent r="3" t="94" w="54" /><ent r="3" t="94" w="54" /><ent r="3" t="94" w="95" /><ent r="3" t="94" w="95" /><ent r="3" t="94" w="101" /><ent r="3" t="94" w="101" /><ent r="4" t="100" w="371" /><ent r="4" t="100" w="371" /><ent r="3" t="100" w="426" /><ent r="3" t="100" w="426" /><ent r="8" t="115" w="368" /><ent r="8" t="115" w="368" /><ent r="8" t="115" w="380" /><ent r="8" t="115" w="380" /><ent r="8" t="115" w="409" /><ent r="8" t="115" w="409" /><ent r="8" t="115" w="425" /><ent r="8" t="115" w="425" /><ent r="3" t="155" w="17" /><ent r="3" t="155" w="17" /><ent r="3" t="155" w="25" /><ent r="3" t="155" w="25" /><ent r="3" t="155" w="35" /><ent r="3" t="155" w="35" /><ent r="3" t="155" w="44" /><ent r="3" t="155" w="44" /><ent r="3" t="155" w="135" /><ent r="3" t="155" w="135" /><ent r="4" t="155" w="145" /><ent r="4" t="155" w="145" /><ent r="3" t="157" w="13" /><ent r="3" t="157" w="13" /><ent r="100" t="159" w="14" /><ent r="100" t="159" w="14" /><ent r="3" t="159" w="112" /><ent r="3" t="159" w="112" /><ent r="3" t="160" w="32" /><ent r="3" t="160" w="32" /><ent r="3" t="164" w="87" /><ent r="3" t="164" w="87" /><ent r="3" t="165" w="127" /><ent r="3" t="165" w="127" /><ent r="3" t="166" w="695" /><ent r="3" t="166" w="695" /><ent r="3" t="166" w="710" /><ent r="3" t="166" w="710" /><ent r="3" t="166" w="1664" /><ent r="3" t="166" w="1664" /><ent r="100" t="169" w="13" /><ent r="100" t="169" w="13" /><ent r="4" t="173" w="207" /><ent r="4" t="173" w="207" /><ent r="92" t="173" w="493" /><ent r="92" t="173" w="493" /><ent r="3" t="173" w="524" /><ent r="3" t="173" w="524" /><ent r="4" t="174" w="624" /><ent r="4" t="174" w="624" /></phr><phr n="-In"><ent r="7" t="6" w="65" /><ent r="7" t="6" w="65" /><ent r="68" t="6" w="70" /><ent r="68" t="6" w="70" /><ent r="65" t="77" w="38" /><ent r="65" t="77" w="38" /><ent r="1000" t="94" w="2" /><ent r="1000" t="94" w="2" /><ent r="100" t="94" w="7" /><ent r="100" t="94" w="7" /><ent r="102" t="94" w="12" /><ent r="102" t="94" w="12" /><ent r="3" t="94" w="18" /><ent r="3" t="94" w="18" /><ent r="3" t="94" w="120" /><ent r="3" t="94" w="120" /><ent r="4" t="94" w="157" /><ent r="4" t="94" w="157" /><ent r="4" t="94" w="181" /><ent r="4" t="94" w="181" /><ent r="4" t="94" w="229" /><ent r="4" t="94" w="229" /><ent r="4" t="100" w="339" /><ent r="4" t="100" w="339" /><ent r="3" t="111" w="23" /><ent r="3" t="111" w="23" /><ent r="64" t="144" w="383" /><ent r="64" t="144" w="383" /><ent r="1000" t="155" w="1" /><ent r="1000" t="155" w="1" /><ent r="100" t="155" w="5" /><ent r="100" t="155" w="5" /><ent r="102" t="155" w="13" /><ent r="102" t="155" w="13" /><ent r="3" t="155" w="155" /><ent r="3" t="155" w="155" /><ent r="3" t="156" w="229" /><ent r="3" t="156" w="229" /><ent r="3" t="156" w="259" /><ent r="3" t="156" w="259" /><ent r="3" t="156" w="265" /><ent r="3" t="156" w="265" /><ent r="3" t="156" w="294" /><ent r="3" t="156" w="294" /><ent r="1000" t="159" w="7" /><ent r="1000" t="159" w="7" /><ent r="102" t="159" w="30" /><ent r="102" t="159" w="30" /><ent r="3" t="159" w="39" /><ent r="3" t="159" w="39" /><ent r="64" t="159" w="319" /><ent r="64" t="159" w="319" /><ent r="1000" t="160" w="7" /><ent r="1000" t="160" w="7" /><ent r="3" t="162" w="18" /><ent r="3" t="162" w="18" /><ent r="64" t="165" w="359" /><ent r="64" t="165" w="359" /><ent r="1000" t="169" w="6" /><ent r="1000" t="169" w="6" /><ent r="102" t="169" w="23" /><ent r="102" t="169" w="23" /><ent r="4" t="169" w="83" /><ent r="4" t="169" w="83" /><ent r="4" t="169" w="112" /><ent r="4" t="169" w="112" /><ent r="3" t="169" w="643" /><ent r="3" t="169" w="643" /><ent r="4" t="174" w="550" /><ent r="4" t="174" w="550" /><ent r="92" t="174" w="583" /><ent r="92" t="174" w="583" /><ent r="5" t="174" w="591" /><ent r="5" t="174" w="591" /><ent r="4" t="174" w="604" /><ent r="4" t="174" w="604" /><ent r="4" t="174" w="614" /><ent r="4" t="174" w="614" /></phr></stem><stem n="wizard"><phr n="wizards"><ent r="3" t="1" w="164" /><ent r="3" t="92" w="46" /><ent r="3" t="105" w="52" /><ent r="3" t="108" w="20" /><ent r="3" t="109" w="157" /><ent r="3" t="111" w="34" /><ent r="3" t="111" w="37" /><ent r="3" t="111" w="94" /><ent r="3" t="111" w="104" /><ent r="100" t="112" w="67" /><ent r="4" t="112" w="71" /><ent r="3" t="113" w="196" /><ent r="3" t="173" w="1679" /><ent r="3" t="174" w="115" /><ent r="3" t="174" w="129" /><ent r="3" t="174" w="135" /><ent r="3" t="174" w="1679" /><ent r="3" t="174" w="1691" /></phr><phr n="Wizard"><ent r="4" t="22" w="167" /><ent r="1000" t="105" w="3" /><ent r="100" t="105" w="8" /><ent r="100" t="105" w="12" /><ent r="100" t="105" w="16" /><ent r="100" t="105" w="22" /><ent r="100" t="105" w="26" /><ent r="100" t="105" w="28" /><ent r="100" t="105" w="31" /><ent r="102" t="105" w="37" /><ent r="3" t="105" w="41" /><ent r="100" t="105" w="72" /><ent r="3" t="105" w="79" /><ent r="100" t="105" w="82" /><ent r="4" t="105" w="102" /><ent r="3" t="105" w="107" /><ent r="3" t="105" w="118" /><ent r="100" t="105" w="128" /><ent r="92" t="105" w="134" /><ent r="100" t="105" w="143" /><ent r="100" t="105" w="226" /><ent r="92" t="105" w="230" /><ent r="3" t="105" w="235" /><ent r="64" t="105" w="257" /><ent r="92" t="105" w="262" /><ent r="100" t="105" w="266" /><ent r="3" t="105" w="275" /><ent r="64" t="105" w="311" /><ent r="92" t="105" w="315" /><ent r="64" t="105" w="459" /><ent r="100" t="105" w="463" /><ent r="92" t="105" w="467" /><ent r="3" t="105" w="471" /><ent r="64" t="105" w="492" /><ent r="64" t="105" w="495" /><ent r="64" t="105" w="501" /><ent r="92" t="105" w="506" /><ent r="100" t="105" w="510" /><ent r="100" t="105" w="515" /><ent r="3" t="105" w="519" /><ent r="64" t="105" w="553" /><ent r="64" t="105" w="562" /><ent r="64" t="105" w="566" /><ent r="64" t="105" w="570" /><ent r="64" t="105" w="574" /><ent r="1000" t="106" w="1" /><ent r="100" t="106" w="6" /><ent r="100" t="106" w="9" /><ent r="102" t="106" w="13" /><ent r="7" t="106" w="31" /><ent r="7" t="106" w="90" /><ent r="7" t="106" w="126" /><ent r="7" t="106" w="164" /><ent r="68" t="106" w="264" /><ent r="68" t="106" w="298" /><ent r="1000" t="107" w="3" /><ent r="102" t="107" w="17" /><ent r="5" t="107" w="35" /><ent r="3" t="107" w="40" /><ent r="64" t="107" w="55" /><ent r="65" t="107" w="72" /><ent r="4" t="107" w="88" /><ent r="65" t="107" w="130" /><ent r="4" t="107" w="157" /><ent r="65" t="107" w="186" /><ent r="92" t="107" w="196" /><ent r="3" t="107" w="212" /><ent r="64" t="107" w="261" /><ent r="64" t="107" w="266" /><ent r="64" t="107" w="270" /><ent r="64" t="107" w="274" /><ent r="64" t="107" w="277" /><ent r="1000" t="108" w="3" /><ent r="102" t="108" w="10" /><ent r="5" t="108" w="49" /><ent r="4" t="108" w="55" /><ent r="4" t="108" w="61" /><ent r="64" t="108" w="93" /><ent r="4" t="108" w="129" /><ent r="64" t="108" w="138" /><ent r="64" t="108" w="143" /><ent r="1000" t="109" w="3" /><ent r="102" t="109" w="13" /><ent r="4" t="109" w="29" /><ent r="92" t="109" w="63" /><ent r="92" t="109" w="66" /><ent r="5" t="109" w="85" /><ent r="4" t="109" w="91" /><ent r="92" t="109" w="109" /><ent r="64" t="109" w="137" /><ent r="4" t="109" w="168" /><ent r="64" t="109" w="194" /><ent r="1000" t="110" w="3" /><ent r="102" t="110" w="13" /><ent r="4" t="110" w="22" /><ent r="64" t="110" w="54" /><ent r="4" t="110" w="91" /><ent r="4" t="110" w="116" /><ent r="64" t="110" w="149" /><ent r="1000" t="111" w="2" /><ent r="102" t="111" w="6" /><ent r="100" t="111" w="10" /><ent r="100" t="111" w="13" /><ent r="3" t="111" w="18" /><ent r="3" t="111" w="30" /><ent r="3" t="111" w="44" /><ent r="4" t="111" w="63" /><ent r="3" t="111" w="74" /><ent r="64" t="111" w="118" /><ent r="64" t="111" w="122" /><ent r="1000" t="112" w="1" /><ent r="102" t="112" w="9" /><ent r="4" t="112" w="47" /><ent r="64" t="112" w="180" /><ent r="4" t="112" w="199" /><ent r="4" t="112" w="203" /><ent r="64" t="112" w="232" /><ent r="64" t="112" w="237" /><ent r="1000" t="113" w="1" /><ent r="102" t="113" w="13" /><ent r="3" t="113" w="22" /><ent r="4" t="113" w="120" /><ent r="3" t="113" w="147" /><ent r="4" t="113" w="228" /><ent r="4" t="113" w="369" /><ent r="4" t="113" w="508" /><ent r="1000" t="114" w="2" /><ent r="1000" t="114" w="7" /><ent r="102" t="114" w="10" /><ent r="102" t="114" w="15" /><ent r="1000" t="115" w="1" /><ent r="102" t="115" w="20" /><ent r="3" t="115" w="54" /><ent r="3" t="115" w="63" /><ent r="92" t="115" w="163" /><ent r="92" t="115" w="218" /><ent r="3" t="115" w="256" /><ent r="5" t="115" w="442" /><ent r="3" t="115" w="719" /><ent r="4" t="115" w="759" /><ent r="64" t="115" w="894" /><ent r="64" t="115" w="950" /><ent r="4" t="116" w="42" /><ent r="4" t="116" w="77" /><ent r="3" t="116" w="82" /><ent r="4" t="116" w="157" /><ent r="3" t="116" w="187" /><ent r="65" t="116" w="238" /><ent r="65" t="116" w="243" /><ent r="4" t="116" w="256" /><ent r="4" t="116" w="268" /><ent r="4" t="116" w="274" /><ent r="4" t="116" w="335" /><ent r="4" t="116" w="346" /><ent r="4" t="116" w="379" /><ent r="65" t="116" w="386" /><ent r="4" t="116" w="405" /><ent r="64" t="116" w="430" /><ent r="64" t="116" w="435" /><ent r="4" t="117" w="39" /><ent r="1000" t="118" w="2" /><ent r="102" t="118" w="14" /><ent r="64" t="118" w="17" /><ent r="64" t="118" w="168" /><ent r="64" t="118" w="203" /><ent r="64" t="118" w="237" /><ent r="1000" t="119" w="4" /><ent r="102" t="119" w="20" /><ent r="3" t="119" w="28" /><ent r="4" t="119" w="62" /><ent r="3" t="119" w="182" /><ent r="92" t="119" w="297" /><ent r="5" t="119" w="362" /><ent r="5" t="119" w="428" /><ent r="64" t="119" w="454" /><ent r="64" t="119" w="458" /><ent r="64" t="119" w="461" /><ent r="64" t="119" w="466" /><ent r="64" t="119" w="471" /><ent r="64" t="165" w="378" /><ent r="1000" t="173" w="2" /><ent r="100" t="173" w="5" /><ent r="102" t="173" w="11" /><ent r="3" t="173" w="30" /><ent r="4" t="173" w="52" /><ent r="4" t="173" w="80" /><ent r="3" t="173" w="111" /><ent r="3" t="173" w="132" /><ent r="3" t="173" w="155" /><ent r="4" t="173" w="189" /><ent r="3" t="173" w="261" /><ent r="64" t="173" w="307" /><ent r="3" t="173" w="326" /><ent r="5" t="173" w="434" /><ent r="4" t="173" w="438" /><ent r="92" t="173" w="446" /><ent r="4" t="173" w="451" /><ent r="4" t="173" w="455" /><ent r="3" t="173" w="487" /><ent r="4" t="173" w="503" /><ent r="3" t="173" w="535" /><ent r="4" t="173" w="561" /><ent r="4" t="173" w="610" /><ent r="4" t="173" w="626" /><ent r="3" t="173" w="688" /><ent r="4" t="173" w="699" /><ent r="4" t="173" w="715" /><ent r="4" t="173" w="775" /><ent r="92" t="173" w="781" /><ent r="64" t="173" w="806" /><ent r="3" t="173" w="898" /><ent r="3" t="173" w="1006" /><ent r="6" t="173" w="1213" /><ent r="4" t="173" w="1241" /><ent r="4" t="173" w="1351" /><ent r="3" t="173" w="1409" /><ent r="3" t="173" w="1417" /><ent r="3" t="173" w="1587" /><ent r="3" t="173" w="1612" /><ent r="3" t="173" w="1694" /><ent r="4" t="173" w="1720" /><ent r="92" t="173" w="1725" /><ent r="4" t="173" w="1785" /><ent r="4" t="173" w="1820" /><ent r="5" t="173" w="1853" /><ent r="3" t="173" w="1881" /><ent r="1000" t="174" w="4" /><ent r="103" t="174" w="17" /><ent r="64" t="174" w="57" /><ent r="3" t="174" w="119" /><ent r="5" t="174" w="155" /><ent r="64" t="174" w="215" /><ent r="92" t="174" w="414" /><ent r="5" t="174" w="426" /><ent r="4" t="174" w="430" /><ent r="4" t="174" w="437" /><ent r="4" t="174" w="473" /><ent r="65" t="174" w="478" /><ent r="4" t="174" w="499" /><ent r="4" t="174" w="505" /><ent r="5" t="174" w="513" /><ent r="4" t="174" w="545" /><ent r="4" t="174" w="560" /><ent r="4" t="174" w="599" /><ent r="3" t="174" w="641" /><ent r="4" t="174" w="682" /><ent r="4" t="174" w="688" /><ent r="3" t="174" w="774" /><ent r="4" t="174" w="806" /><ent r="3" t="174" w="956" /><ent r="3" t="174" w="985" /><ent r="3" t="174" w="1004" /><ent r="3" t="174" w="1224" /><ent r="4" t="174" w="1343" /><ent r="92" t="174" w="1420" /><ent r="6" t="174" w="1435" /><ent r="92" t="174" w="1529" /><ent r="4" t="174" w="1539" /><ent r="3" t="174" w="1758" /><ent r="1000" t="219" w="1" /><ent r="100" t="219" w="7" /><ent r="100" t="219" w="11" /><ent r="100" t="219" w="15" /><ent r="100" t="219" w="20" /><ent r="100" t="219" w="23" /><ent r="102" t="219" w="28" /><ent r="64" t="219" w="46" /><ent r="1000" t="220" w="1" /><ent r="100" t="220" w="7" /><ent r="100" t="220" w="18" /><ent r="100" t="220" w="23" /><ent r="100" t="220" w="26" /><ent r="102" t="220" w="31" /><ent r="64" t="220" w="49" /><ent r="7" t="220" w="83" /><ent r="7" t="220" w="196" /><ent r="1000" t="221" w="1" /><ent r="100" t="221" w="20" /><ent r="100" t="221" w="23" /><ent r="102" t="221" w="28" /><ent r="64" t="221" w="46" /><ent r="7" t="221" w="90" /><ent r="68" t="221" w="166" /><ent r="68" t="221" w="204" /><ent r="1000" t="222" w="1" /><ent r="100" t="222" w="6" /><ent r="100" t="222" w="13" /><ent r="102" t="222" w="16" /><ent r="64" t="222" w="34" /><ent r="7" t="222" w="65" /><ent r="7" t="222" w="80" /><ent r="7" t="222" w="83" /><ent r="7" t="222" w="86" /><ent r="7" t="222" w="88" /><ent r="64" t="223" w="24" /></phr><phr n="wizard"><ent r="64" t="73" w="201" /><ent r="3" t="92" w="60" /><ent r="3" t="105" w="114" /><ent r="100" t="105" w="140" /><ent r="3" t="105" w="155" /><ent r="3" t="105" w="163" /><ent r="3" t="105" w="167" /><ent r="3" t="105" w="248" /><ent r="100" t="105" w="271" /><ent r="3" t="105" w="307" /><ent r="3" t="105" w="319" /><ent r="3" t="105" w="331" /><ent r="3" t="105" w="338" /><ent r="3" t="105" w="446" /><ent r="3" t="105" w="455" /><ent r="3" t="105" w="475" /><ent r="3" t="105" w="529" /><ent r="3" t="105" w="549" /><ent r="7" t="106" w="27" /><ent r="7" t="106" w="39" /><ent r="7" t="106" w="54" /><ent r="7" t="106" w="59" /><ent r="7" t="106" w="64" /><ent r="7" t="106" w="73" /><ent r="7" t="106" w="159" /><ent r="5" t="106" w="232" /><ent r="7" t="106" w="242" /><ent r="7" t="106" w="259" /><ent r="7" t="106" w="276" /><ent r="7" t="106" w="293" /><ent r="100" t="107" w="7" /><ent r="100" t="107" w="10" /><ent r="100" t="107" w="12" /><ent r="65" t="107" w="61" /><ent r="4" t="107" w="67" /><ent r="4" t="107" w="99" /><ent r="4" t="107" w="117" /><ent r="4" t="107" w="139" /><ent r="4" t="107" w="150" /><ent r="4" t="107" w="170" /><ent r="100" t="107" w="191" /><ent r="3" t="107" w="209" /><ent r="3" t="107" w="224" /><ent r="3" t="107" w="235" /><ent r="3" t="107" w="248" /><ent r="100" t="108" w="5" /><ent r="100" t="108" w="14" /><ent r="3" t="108" w="31" /><ent r="4" t="108" w="110" /><ent r="4" t="108" w="122" /><ent r="100" t="109" w="6" /><ent r="100" t="109" w="8" /><ent r="3" t="109" w="22" /><ent r="4" t="109" w="26" /><ent r="4" t="109" w="42" /><ent r="4" t="109" w="55" /><ent r="65" t="109" w="97" /><ent r="3" t="109" w="118" /><ent r="3" t="109" w="175" /><ent r="3" t="109" w="184" /><ent r="100" t="110" w="6" /><ent r="100" t="110" w="8" /><ent r="3" t="110" w="18" /><ent r="4" t="110" w="68" /><ent r="4" t="110" w="85" /><ent r="4" t="110" w="110" /><ent r="3" t="110" w="129" /><ent r="4" t="110" w="141" /><ent r="100" t="112" w="5" /><ent r="3" t="112" w="14" /><ent r="4" t="112" w="81" /><ent r="4" t="112" w="99" /><ent r="3" t="112" w="108" /><ent r="3" t="112" w="121" /><ent r="4" t="112" w="126" /><ent r="4" t="112" w="152" /><ent r="3" t="112" w="192" /><ent r="100" t="113" w="7" /><ent r="100" t="113" w="9" /><ent r="3" t="113" w="29" /><ent r="4" t="113" w="83" /><ent r="3" t="113" w="126" /><ent r="3" t="113" w="139" /><ent r="3" t="113" w="153" /><ent r="3" t="113" w="172" /><ent r="4" t="113" w="233" /><ent r="65" t="113" w="271" /><ent r="4" t="113" w="324" /><ent r="3" t="113" w="339" /><ent r="4" t="113" w="374" /><ent r="65" t="113" w="413" /><ent r="4" t="113" w="422" /><ent r="3" t="113" w="456" /><ent r="3" t="113" w="470" /><ent r="3" t="113" w="492" /><ent r="4" t="113" w="513" /><ent r="65" t="113" w="549" /><ent r="3" t="114" w="19" /><ent r="3" t="114" w="30" /><ent r="3" t="114" w="49" /><ent r="3" t="114" w="57" /><ent r="3" t="114" w="78" /><ent r="100" t="115" w="6" /><ent r="100" t="115" w="10" /><ent r="100" t="115" w="14" /><ent r="100" t="115" w="17" /><ent r="3" t="115" w="24" /><ent r="3" t="115" w="32" /><ent r="3" t="115" w="45" /><ent r="3" t="115" w="48" /><ent r="3" t="115" w="73" /><ent r="100" t="115" w="96" /><ent r="100" t="115" w="100" /><ent r="3" t="115" w="144" /><ent r="3" t="115" w="170" /><ent r="3" t="115" w="227" /><ent r="3" t="115" w="292" /><ent r="3" t="115" w="309" /><ent r="8" t="115" w="416" /><ent r="3" t="115" w="457" /><ent r="3" t="115" w="625" /><ent r="3" t="115" w="631" /><ent r="3" t="115" w="679" /><ent r="3" t="115" w="832" /><ent r="3" t="115" w="843" /><ent r="3" t="115" w="846" /><ent r="3" t="115" w="867" /><ent r="3" t="115" w="917" /><ent r="3" t="115" w="930" /><ent r="100" t="116" w="20" /><ent r="3" t="116" w="121" /><ent r="4" t="116" w="175" /><ent r="4" t="116" w="234" /><ent r="100" t="118" w="6" /><ent r="100" t="118" w="9" /><ent r="3" t="118" w="125" /><ent r="3" t="118" w="186" /><ent r="3" t="118" w="216" /><ent r="3" t="118" w="232" /><ent r="100" t="119" w="12" /><ent r="100" t="119" w="25" /><ent r="3" t="119" w="98" /><ent r="3" t="119" w="111" /><ent r="4" t="119" w="116" /><ent r="4" t="119" w="142" /><ent r="3" t="119" w="190" /><ent r="3" t="119" w="200" /><ent r="3" t="119" w="235" /><ent r="3" t="119" w="258" /><ent r="3" t="119" w="303" /><ent r="3" t="119" w="315" /><ent r="3" t="119" w="337" /><ent r="4" t="119" w="356" /><ent r="3" t="119" w="393" /><ent r="3" t="119" w="403" /><ent r="4" t="119" w="422" /><ent r="3" t="161" w="169" /><ent r="4" t="163" w="318" /><ent r="4" t="163" w="357" /><ent r="3" t="164" w="91" /><ent r="4" t="164" w="392" /><ent r="4" t="164" w="397" /><ent r="3" t="169" w="408" /><ent r="4" t="169" w="418" /><ent r="4" t="169" w="700" /><ent r="4" t="169" w="782" /><ent r="3" t="169" w="879" /><ent r="4" t="169" w="1142" /><ent r="4" t="169" w="1164" /><ent r="4" t="169" w="1181" /><ent r="3" t="169" w="1559" /><ent r="4" t="173" w="56" /><ent r="4" t="173" w="74" /><ent r="3" t="173" w="187" /><ent r="3" t="173" w="477" /><ent r="3" t="173" w="794" /><ent r="4" t="173" w="1117" /><ent r="3" t="173" w="1705" /><ent r="3" t="173" w="1709" /><ent r="4" t="173" w="1729" /><ent r="4" t="173" w="1766" /><ent r="4" t="173" w="1775" /><ent r="4" t="173" w="1790" /><ent r="4" t="173" w="1798" /><ent r="4" t="173" w="1841" /><ent r="3" t="174" w="39" /><ent r="3" t="174" w="49" /><ent r="4" t="174" w="74" /><ent r="4" t="174" w="101" /><ent r="4" t="174" w="105" /><ent r="3" t="174" w="132" /><ent r="5" t="174" w="147" /><ent r="5" t="174" w="169" /><ent r="4" t="174" w="466" /><ent r="4" t="174" w="524" /><ent r="4" t="174" w="1189" /><ent r="4" t="174" w="1363" /><ent r="3" t="174" w="1412" /><ent r="4" t="174" w="1425" /><ent r="6" t="174" w="1456" /><ent r="4" t="174" w="1480" /><ent r="3" t="174" w="1500" /><ent r="7" t="219" w="150" /><ent r="100" t="220" w="12" /><ent r="100" t="220" w="15" /><ent r="7" t="220" w="79" /><ent r="7" t="220" w="91" /><ent r="7" t="220" w="106" /><ent r="100" t="220" w="116" /><ent r="7" t="220" w="121" /><ent r="7" t="220" w="127" /><ent r="7" t="220" w="142" /><ent r="7" t="220" w="153" /><ent r="7" t="220" w="165" /><ent r="100" t="220" w="176" /><ent r="7" t="220" w="186" /><ent r="7" t="220" w="204" /><ent r="7" t="220" w="219" /><ent r="100" t="221" w="9" /><ent r="100" t="221" w="15" /><ent r="7" t="221" w="78" /><ent r="5" t="221" w="123" /><ent r="100" t="221" w="133" /><ent r="7" t="221" w="144" /><ent r="7" t="221" w="161" /><ent r="7" t="221" w="182" /><ent r="7" t="221" w="199" /><ent r="7" t="222" w="102" /><ent r="7" t="222" w="117" /><ent r="7" t="222" w="147" /></phr><phr n="Wizards"><ent r="3" t="113" w="191" /><ent r="3" t="113" w="262" /><ent r="5" t="113" w="284" /><ent r="3" t="113" w="540" /><ent r="5" t="113" w="562" /><ent r="3" t="173" w="1400" /><ent r="3" t="173" w="1438" /><ent r="4" t="173" w="1620" /><ent r="5" t="174" w="172" /><ent r="4" t="174" w="188" /><ent r="4" t="174" w="1469" /></phr></stem></index>