<?xml version="1.0" encoding="utf-8"?><index><stem n="prevent"><phr n="prevents"><ent r="6" t="11" w="140" /></phr><phr n="prevent"><ent r="3" t="195" w="641" /><ent r="3" t="195" w="710" /><ent r="3" t="195" w="937" /><ent r="4" t="212" w="439" /></phr></stem><stem n="accident"><phr n="accidentally"><ent r="6" t="11" w="143" /><ent r="3" t="211" w="1551" /></phr></stem><stem n="especi"><phr n="especially"><ent r="6" t="11" w="149" /><ent r="3" t="141" w="293" /><ent r="3" t="195" w="23" /><ent r="5" t="238" w="142" /></phr></stem><stem n="those"><phr n="those"><ent r="6" t="11" w="150" /><ent r="3" t="48" w="197" /><ent r="3" t="48" w="385" /><ent r="3" t="48" w="555" /><ent r="3" t="48" w="698" /><ent r="3" t="156" w="110" /><ent r="3" t="181" w="917" /><ent r="3" t="209" w="86" /><ent r="3" t="209" w="227" /><ent r="3" t="210" w="1355" /><ent r="7" t="228" w="617" /><ent r="7" t="228" w="643" /></phr></stem><stem n="lat"><phr n="lat"><ent r="6" t="11" w="154" /><ent r="3" t="51" w="188" /><ent r="64" t="51" w="250" /><ent r="102" t="55" w="6" /><ent r="3" t="55" w="17" /><ent r="4" t="55" w="78" /><ent r="5" t="55" w="133" /><ent r="4" t="74" w="262" /><ent r="4" t="141" w="373" /><ent r="3" t="186" w="22" /><ent r="3" t="186" w="31" /><ent r="4" t="186" w="49" /><ent r="3" t="211" w="3172" /></phr></stem><stem n="/long"><phr n="/long"><ent r="6" t="11" w="155" /><ent r="4" t="74" w="263" /><ent r="3" t="186" w="23" /><ent r="3" t="186" w="32" /><ent r="4" t="186" w="50" /><ent r="3" t="211" w="3173" /></phr></stem><stem n="long"><phr n="long"><ent r="6" t="11" w="155" /><ent r="4" t="58" w="271" /><ent r="4" t="74" w="263" /><ent r="3" t="186" w="23" /><ent r="3" t="186" w="32" /><ent r="4" t="186" w="50" /><ent r="3" t="191" w="88" /><ent r="4" t="207" w="55" /><ent r="3" t="211" w="3173" /><ent r="7" t="228" w="206" /><ent r="6" t="228" w="261" /><ent r="7" t="228" w="278" /><ent r="7" t="228" w="334" /><ent r="6" t="260" w="126" /><ent r="6" t="260" w="139" /></phr></stem><stem n="coordin"><phr n="coordinates"><ent r="6" t="11" w="156" /><ent r="3" t="30" w="110" /><ent r="6" t="36" w="186" /><ent r="6" t="36" w="205" /><ent r="4" t="37" w="560" /><ent r="3" t="75" w="97" /><ent r="4" t="75" w="194" /><ent r="3" t="99" w="17" /><ent r="4" t="100" w="251" /><ent r="3" t="101" w="21" /><ent r="4" t="101" w="33" /><ent r="4" t="114" w="155" /><ent r="4" t="114" w="170" /><ent r="4" t="129" w="87" /><ent r="4" t="129" w="91" /><ent r="5" t="141" w="439" /><ent r="4" t="141" w="476" /><ent r="3" t="142" w="14" /><ent r="3" t="142" w="141" /><ent r="3" t="142" w="197" /><ent r="3" t="142" w="233" /><ent r="3" t="142" w="250" /><ent r="3" t="142" w="303" /><ent r="3" t="142" w="584" /><ent r="3" t="180" w="1190" /><ent r="3" t="184" w="42" /><ent r="3" t="184" w="44" /><ent r="92" t="186" w="147" /><ent r="5" t="186" w="174" /><ent r="4" t="186" w="179" /><ent r="3" t="199" w="49" /><ent r="3" t="210" w="770" /><ent r="3" t="211" w="143" /><ent r="4" t="211" w="917" /><ent r="3" t="211" w="925" /><ent r="3" t="211" w="957" /><ent r="3" t="211" w="1089" /><ent r="4" t="211" w="1156" /><ent r="3" t="211" w="1438" /><ent r="4" t="211" w="2356" /><ent r="4" t="211" w="3104" /><ent r="7" t="228" w="410" /><ent r="5" t="242" w="323" /><ent r="6" t="246" w="122" /><ent r="6" t="246" w="134" /><ent r="6" t="246" w="139" /><ent r="7" t="250" w="41" /><ent r="3" t="252" w="45" /><ent r="3" t="252" w="89" /><ent r="3" t="252" w="117" /><ent r="3" t="252" w="166" /><ent r="3" t="252" w="184" /><ent r="3" t="252" w="222" /><ent r="3" t="252" w="391" /><ent r="3" t="252" w="442" /></phr><phr n="coordinate"><ent r="3" t="30" w="88" /><ent r="3" t="30" w="97" /><ent r="3" t="30" w="116" /><ent r="5" t="37" w="536" /><ent r="4" t="37" w="566" /><ent r="82" t="48" w="726" /><ent r="4" t="48" w="733" /><ent r="3" t="48" w="740" /><ent r="3" t="49" w="170" /><ent r="3" t="49" w="188" /><ent r="4" t="66" w="215" /><ent r="3" t="99" w="20" /><ent r="3" t="99" w="42" /><ent r="3" t="99" w="45" /><ent r="3" t="99" w="74" /><ent r="3" t="99" w="90" /><ent r="3" t="99" w="101" /><ent r="3" t="100" w="220" /><ent r="3" t="100" w="225" /><ent r="3" t="100" w="264" /><ent r="6" t="139" w="109" /><ent r="6" t="139" w="113" /><ent r="4" t="140" w="471" /><ent r="5" t="141" w="348" /><ent r="4" t="141" w="354" /><ent r="3" t="142" w="94" /><ent r="3" t="142" w="99" /><ent r="3" t="142" w="124" /><ent r="3" t="142" w="221" /><ent r="3" t="142" w="265" /><ent r="5" t="142" w="553" /><ent r="4" t="142" w="558" /><ent r="4" t="180" w="1098" /><ent r="3" t="186" w="151" /><ent r="3" t="195" w="106" /><ent r="4" t="203" w="124" /><ent r="4" t="203" w="131" /><ent r="3" t="211" w="170" /><ent r="3" t="211" w="433" /><ent r="4" t="211" w="993" /><ent r="3" t="211" w="1012" /><ent r="3" t="211" w="1021" /><ent r="3" t="214" w="339" /><ent r="3" t="214" w="356" /><ent r="3" t="214" w="368" /><ent r="3" t="215" w="329" /><ent r="3" t="215" w="346" /><ent r="3" t="215" w="358" /><ent r="3" t="226" w="38" /><ent r="4" t="230" w="241" /><ent r="3" t="230" w="248" /><ent r="5" t="230" w="324" /><ent r="3" t="252" w="21" /><ent r="3" t="252" w="113" /><ent r="3" t="252" w="169" /><ent r="3" t="252" w="174" /><ent r="3" t="252" w="197" /><ent r="3" t="252" w="207" /><ent r="3" t="252" w="291" /><ent r="3" t="252" w="295" /><ent r="3" t="252" w="378" /></phr></stem><stem n="font"><phr n="font"><ent r="7" t="11" w="204" /><ent r="7" t="11" w="223" /><ent r="4" t="52" w="190" /><ent r="3" t="55" w="163" /><ent r="4" t="56" w="189" /><ent r="3" t="93" w="169" /><ent r="3" t="93" w="171" /><ent r="4" t="93" w="187" /><ent r="4" t="93" w="194" /><ent r="4" t="93" w="204" /><ent r="4" t="93" w="212" /><ent r="3" t="93" w="218" /><ent r="3" t="183" w="230" /><ent r="4" t="183" w="245" /><ent r="3" t="183" w="250" /><ent r="4" t="186" w="191" /><ent r="3" t="186" w="199" /><ent r="4" t="186" w="205" /><ent r="3" t="186" w="214" /><ent r="4" t="217" w="628" /><ent r="6" t="246" w="254" /><ent r="6" t="246" w="262" /></phr></stem><stem n="size"><phr n="size"><ent r="7" t="11" w="224" /><ent r="3" t="20" w="53" /><ent r="3" t="20" w="103" /><ent r="3" t="31" w="38" /><ent r="3" t="31" w="75" /><ent r="6" t="36" w="109" /><ent r="6" t="36" w="140" /><ent r="6" t="36" w="158" /><ent r="6" t="36" w="414" /><ent r="82" t="48" w="122" /><ent r="3" t="48" w="163" /><ent r="3" t="48" w="185" /><ent r="82" t="48" w="274" /><ent r="4" t="48" w="280" /><ent r="4" t="48" w="287" /><ent r="3" t="48" w="301" /><ent r="82" t="48" w="310" /><ent r="3" t="48" w="351" /><ent r="3" t="48" w="373" /><ent r="82" t="48" w="480" /><ent r="3" t="48" w="521" /><ent r="3" t="48" w="543" /><ent r="82" t="48" w="621" /><ent r="3" t="48" w="664" /><ent r="3" t="48" w="686" /><ent r="4" t="52" w="192" /><ent r="3" t="54" w="74" /><ent r="3" t="54" w="160" /><ent r="4" t="54" w="168" /><ent r="3" t="55" w="166" /><ent r="4" t="56" w="191" /><ent r="4" t="60" w="137" /><ent r="5" t="60" w="145" /><ent r="4" t="66" w="201" /><ent r="5" t="75" w="200" /><ent r="4" t="75" w="218" /><ent r="4" t="75" w="474" /><ent r="3" t="76" w="103" /><ent r="4" t="76" w="183" /><ent r="3" t="91" w="185" /><ent r="3" t="93" w="172" /><ent r="4" t="93" w="205" /><ent r="4" t="93" w="213" /><ent r="4" t="96" w="186" /><ent r="5" t="96" w="192" /><ent r="65" t="102" w="165" /><ent r="1000" t="105" w="2" /><ent r="92" t="105" w="7" /><ent r="3" t="105" w="34" /><ent r="5" t="105" w="72" /><ent r="6" t="122" w="354" /><ent r="3" t="125" w="25" /><ent r="4" t="125" w="143" /><ent r="92" t="140" w="162" /><ent r="4" t="140" w="168" /><ent r="3" t="140" w="174" /><ent r="5" t="140" w="182" /><ent r="4" t="140" w="190" /><ent r="3" t="140" w="366" /><ent r="4" t="140" w="372" /><ent r="3" t="141" w="168" /><ent r="5" t="141" w="184" /><ent r="4" t="141" w="189" /><ent r="7" t="141" w="635" /><ent r="6" t="141" w="642" /><ent r="4" t="141" w="749" /><ent r="3" t="148" w="137" /><ent r="3" t="150" w="405" /><ent r="5" t="151" w="210" /><ent r="64" t="165" w="135" /><ent r="64" t="166" w="233" /><ent r="64" t="167" w="126" /><ent r="64" t="169" w="113" /><ent r="1000" t="171" w="4" /><ent r="100" t="171" w="7" /><ent r="100" t="171" w="13" /><ent r="100" t="171" w="18" /><ent r="102" t="171" w="23" /><ent r="3" t="171" w="27" /><ent r="3" t="171" w="36" /><ent r="5" t="171" w="49" /><ent r="4" t="171" w="55" /><ent r="4" t="171" w="60" /><ent r="6" t="179" w="976" /><ent r="5" t="179" w="983" /><ent r="3" t="180" w="209" /><ent r="3" t="184" w="26" /><ent r="3" t="184" w="163" /><ent r="3" t="184" w="169" /><ent r="4" t="184" w="174" /><ent r="3" t="184" w="178" /><ent r="3" t="184" w="182" /><ent r="4" t="186" w="206" /><ent r="3" t="186" w="215" /><ent r="3" t="187" w="32" /><ent r="3" t="187" w="112" /><ent r="4" t="187" w="120" /><ent r="4" t="196" w="77" /><ent r="3" t="210" w="750" /><ent r="3" t="210" w="845" /><ent r="3" t="210" w="871" /><ent r="4" t="210" w="1408" /><ent r="3" t="210" w="1477" /><ent r="4" t="211" w="3040" /><ent r="3" t="213" w="1773" /><ent r="3" t="214" w="1087" /><ent r="3" t="214" w="1092" /><ent r="4" t="217" w="629" /><ent r="3" t="217" w="1048" /><ent r="7" t="228" w="434" /><ent r="7" t="228" w="437" /><ent r="7" t="228" w="545" /><ent r="7" t="228" w="552" /><ent r="3" t="228" w="768" /><ent r="3" t="231" w="198" /><ent r="82" t="231" w="261" /><ent r="3" t="231" w="266" /><ent r="3" t="231" w="274" /><ent r="4" t="235" w="66" /><ent r="4" t="236" w="26" /><ent r="4" t="237" w="52" /><ent r="4" t="238" w="25" /><ent r="4" t="238" w="59" /><ent r="5" t="238" w="133" /><ent r="4" t="239" w="71" /><ent r="4" t="240" w="27" /><ent r="3" t="243" w="206" /><ent r="4" t="243" w="214" /><ent r="6" t="246" w="263" /><ent r="3" t="255" w="223" /><ent r="7" t="256" w="139" /></phr><phr n="sizes"><ent r="4" t="75" w="225" /><ent r="3" t="140" w="379" /></phr><phr n="Sizing"><ent r="4" t="91" w="94" /></phr><phr n="sized"><ent r="3" t="210" w="839" /></phr></stem><stem n="make"><phr n="Makes"><ent r="7" t="11" w="232" /><ent r="7" t="11" w="243" /><ent r="4" t="20" w="565" /><ent r="4" t="210" w="2110" /><ent r="3" t="227" w="64" /></phr><phr n="making"><ent r="4" t="48" w="96" /><ent r="4" t="49" w="214" /><ent r="3" t="164" w="173" /><ent r="4" t="181" w="154" /><ent r="3" t="198" w="635" /><ent r="3" t="210" w="1455" /><ent r="3" t="210" w="1465" /></phr><phr n="make"><ent r="3" t="48" w="434" /><ent r="3" t="77" w="30" /><ent r="3" t="93" w="258" /><ent r="5" t="96" w="160" /><ent r="4" t="98" w="72" /><ent r="4" t="100" w="117" /><ent r="4" t="103" w="116" /><ent r="4" t="103" w="242" /><ent r="4" t="103" w="321" /><ent r="4" t="103" w="443" /><ent r="4" t="104" w="90" /><ent r="4" t="105" w="85" /><ent r="4" t="106" w="157" /><ent r="3" t="132" w="42" /><ent r="4" t="158" w="274" /><ent r="4" t="158" w="552" /><ent r="3" t="203" w="161" /><ent r="4" t="210" w="437" /><ent r="4" t="211" w="586" /><ent r="3" t="211" w="2943" /><ent r="4" t="212" w="302" /><ent r="4" t="212" w="476" /><ent r="4" t="213" w="261" /><ent r="3" t="213" w="1020" /><ent r="4" t="213" w="1232" /><ent r="4" t="213" w="1617" /><ent r="3" t="214" w="358" /><ent r="4" t="214" w="500" /><ent r="3" t="215" w="348" /><ent r="4" t="215" w="489" /><ent r="4" t="217" w="413" /><ent r="4" t="217" w="527" /><ent r="4" t="217" w="854" /><ent r="6" t="218" w="1188" /><ent r="3" t="218" w="1362" /><ent r="4" t="219" w="322" /><ent r="3" t="219" w="1072" /><ent r="4" t="219" w="1232" /><ent r="3" t="229" w="117" /><ent r="3" t="230" w="48" /><ent r="3" t="233" w="46" /></phr></stem><stem n="bold"><phr n="bold"><ent r="7" t="11" w="235" /><ent r="3" t="25" w="79" /><ent r="5" t="80" w="72" /><ent r="4" t="81" w="127" /><ent r="3" t="93" w="261" /><ent r="4" t="93" w="280" /><ent r="4" t="108" w="158" /><ent r="4" t="119" w="81" /><ent r="4" t="211" w="3119" /><ent r="6" t="246" w="267" /><ent r="3" t="254" w="259" /></phr></stem><stem n="ital"><phr n="italic"><ent r="7" t="11" w="246" /><ent r="3" t="93" w="263" /><ent r="4" t="93" w="284" /><ent r="6" t="246" w="268" /></phr></stem><stem n="underlin"><phr n="Underlines"><ent r="7" t="11" w="254" /></phr><phr n="underlined"><ent r="3" t="93" w="265" /><ent r="6" t="246" w="269" /></phr><phr n="underline"><ent r="4" t="93" w="289" /></phr></stem><stem n="width"><phr n="width"><ent r="7" t="11" w="286" /><ent r="3" t="25" w="193" /><ent r="4" t="48" w="169" /><ent r="3" t="48" w="192" /><ent r="4" t="48" w="357" /><ent r="3" t="48" w="380" /><ent r="4" t="48" w="527" /><ent r="3" t="48" w="550" /><ent r="4" t="48" w="670" /><ent r="3" t="48" w="693" /><ent r="4" t="52" w="157" /><ent r="3" t="55" w="179" /><ent r="4" t="56" w="174" /><ent r="5" t="76" w="237" /><ent r="7" t="85" w="202" /><ent r="4" t="91" w="200" /><ent r="4" t="91" w="208" /><ent r="3" t="96" w="33" /><ent r="4" t="96" w="182" /><ent r="5" t="96" w="201" /><ent r="3" t="117" w="165" /><ent r="7" t="122" w="689" /><ent r="4" t="140" w="348" /><ent r="3" t="140" w="382" /><ent r="7" t="141" w="647" /><ent r="6" t="141" w="654" /><ent r="6" t="179" w="988" /><ent r="5" t="179" w="995" /><ent r="3" t="182" w="29" /><ent r="4" t="182" w="117" /><ent r="4" t="186" w="227" /><ent r="3" t="211" w="2946" /><ent r="3" t="211" w="2951" /><ent r="4" t="216" w="92" /><ent r="7" t="228" w="627" /><ent r="5" t="235" w="106" /><ent r="5" t="236" w="35" /><ent r="4" t="237" w="55" /><ent r="5" t="238" w="64" /><ent r="5" t="239" w="111" /><ent r="5" t="240" w="37" /><ent r="6" t="246" w="466" /><ent r="6" t="246" w="474" /><ent r="3" t="253" w="60" /><ent r="3" t="253" w="126" /><ent r="3" t="254" w="373" /><ent r="3" t="254" w="603" /></phr><phr n="widths"><ent r="4" t="207" w="125" /></phr></stem><stem n="fill"><phr n="fill"><ent r="7" t="11" w="313" /><ent r="4" t="52" w="162" /><ent r="4" t="91" w="258" /><ent r="4" t="91" w="273" /><ent r="3" t="148" w="117" /><ent r="4" t="161" w="353" /><ent r="4" t="181" w="856" /><ent r="3" t="191" w="46" /><ent r="3" t="191" w="58" /><ent r="4" t="214" w="1044" /><ent r="3" t="214" w="1056" /><ent r="6" t="246" w="168" /><ent r="6" t="246" w="179" /><ent r="6" t="246" w="214" /><ent r="6" t="246" w="216" /><ent r="6" t="246" w="232" /><ent r="6" t="246" w="252" /><ent r="6" t="246" w="288" /><ent r="6" t="246" w="290" /><ent r="6" t="246" w="314" /></phr><phr n="filled"><ent r="3" t="22" w="850" /><ent r="4" t="52" w="174" /><ent r="3" t="148" w="111" /><ent r="3" t="148" w="127" /><ent r="3" t="161" w="201" /><ent r="3" t="179" w="724" /><ent r="3" t="180" w="713" /><ent r="3" t="181" w="711" /><ent r="3" t="254" w="679" /></phr><phr n="fills"><ent r="3" t="200" w="79" /><ent r="4" t="207" w="62" /><ent r="4" t="207" w="91" /><ent r="4" t="210" w="625" /><ent r="4" t="211" w="806" /><ent r="3" t="234" w="996" /></phr></stem><stem n="snap"><phr n="Snap"><ent r="6" t="11" w="321" /><ent r="5" t="178" w="116" /><ent r="5" t="178" w="160" /><ent r="4" t="178" w="302" /><ent r="4" t="178" w="309" /></phr><phr n="Snaps"><ent r="6" t="11" w="324" /></phr></stem><stem n="grid"><phr n="grid"><ent r="6" t="11" w="323" /><ent r="6" t="11" w="333" /><ent r="6" t="36" w="413" /><ent r="4" t="93" w="88" /><ent r="5" t="99" w="38" /><ent r="4" t="100" w="256" /><ent r="3" t="142" w="90" /><ent r="3" t="142" w="125" /><ent r="3" t="184" w="142" /><ent r="3" t="186" w="33" /><ent r="4" t="186" w="184" /><ent r="3" t="186" w="263" /><ent r="3" t="211" w="1074" /><ent r="3" t="211" w="3068" /><ent r="3" t="211" w="3174" /><ent r="4" t="221" w="66" /><ent r="3" t="226" w="39" /><ent r="3" t="226" w="45" /><ent r="7" t="250" w="87" /><ent r="3" t="252" w="22" /><ent r="3" t="252" w="326" /><ent r="3" t="252" w="337" /><ent r="3" t="252" w="379" /></phr><phr n="grids"><ent r="3" t="148" w="25" /></phr></stem><stem n="bound"><phr n="bounding"><ent r="6" t="11" w="326" /><ent r="3" t="48" w="203" /><ent r="3" t="48" w="213" /><ent r="3" t="48" w="391" /><ent r="3" t="48" w="401" /><ent r="3" t="48" w="561" /><ent r="3" t="48" w="571" /><ent r="3" t="48" w="704" /><ent r="3" t="48" w="714" /><ent r="4" t="91" w="108" /><ent r="3" t="140" w="368" /><ent r="4" t="140" w="387" /><ent r="3" t="140" w="399" /><ent r="6" t="246" w="101" /><ent r="6" t="246" w="111" /><ent r="6" t="246" w="165" /></phr><phr n="bounds"><ent r="4" t="91" w="81" /></phr></stem><stem n="border"><phr n="borders"><ent r="6" t="11" w="331" /></phr><phr n="border"><ent r="4" t="52" w="178" /><ent r="3" t="160" w="818" /><ent r="3" t="160" w="829" /><ent r="3" t="164" w="232" /><ent r="3" t="164" w="244" /><ent r="3" t="164" w="285" /><ent r="3" t="181" w="761" /><ent r="6" t="246" w="397" /><ent r="6" t="246" w="405" /></phr><phr n="bordered"><ent r="3" t="160" w="152" /></phr></stem><stem n="place"><phr n="place"><ent r="6" t="11" w="336" /><ent r="4" t="20" w="492" /><ent r="4" t="93" w="99" /><ent r="3" t="95" w="21" /><ent r="3" t="143" w="11" /><ent r="4" t="163" w="46" /><ent r="3" t="168" w="38" /><ent r="4" t="211" w="2405" /><ent r="4" t="211" w="2519" /><ent r="3" t="211" w="2586" /><ent r="3" t="213" w="47" /><ent r="3" t="217" w="1030" /></phr><phr n="placing"><ent r="5" t="192" w="249" /><ent r="5" t="194" w="237" /></phr><phr n="placed"><ent r="4" t="198" w="431" /><ent r="4" t="198" w="451" /><ent r="4" t="198" w="471" /><ent r="3" t="199" w="257" /><ent r="3" t="206" w="28" /></phr><phr n="places"><ent r="3" t="199" w="237" /></phr></stem><stem n="while"><phr n="while"><ent r="6" t="11" w="338" /><ent r="7" t="14" w="149" /><ent r="3" t="18" w="149" /><ent r="4" t="20" w="648" /><ent r="3" t="72" w="43" /><ent r="3" t="102" w="23" /><ent r="3" t="114" w="59" /><ent r="8" t="160" w="433" /><ent r="4" t="161" w="310" /><ent r="4" t="195" w="1098" /><ent r="3" t="201" w="110" /><ent r="4" t="210" w="1050" /><ent r="3" t="210" w="1464" /><ent r="3" t="210" w="1705" /><ent r="3" t="213" w="1706" /><ent r="3" t="213" w="1752" /><ent r="3" t="215" w="865" /></phr></stem><stem n="resiz"><phr n="resize"><ent r="6" t="11" w="340" /><ent r="3" t="91" w="86" /><ent r="3" t="95" w="119" /><ent r="3" t="150" w="408" /><ent r="3" t="210" w="850" /><ent r="4" t="211" w="799" /><ent r="4" t="211" w="1241" /><ent r="4" t="211" w="1856" /><ent r="4" t="212" w="644" /></phr><phr n="resizing"><ent r="4" t="91" w="122" /></phr></stem><stem n="need"><phr n="need"><ent r="6" t="11" w="345" /><ent r="3" t="22" w="81" /><ent r="4" t="26" w="132" /><ent r="3" t="26" w="162" /><ent r="3" t="26" w="178" /><ent r="3" t="43" w="40" /><ent r="4" t="58" w="237" /><ent r="3" t="63" w="46" /><ent r="4" t="142" w="412" /><ent r="3" t="142" w="442" /><ent r="3" t="142" w="458" /><ent r="3" t="213" w="945" /><ent r="3" t="217" w="1094" /><ent r="3" t="233" w="264" /><ent r="3" t="242" w="39" /></phr><phr n="needed"><ent r="4" t="20" w="452" /><ent r="4" t="20" w="474" /><ent r="4" t="20" w="584" /><ent r="3" t="72" w="24" /><ent r="3" t="142" w="52" /><ent r="3" t="147" w="37" /><ent r="3" t="160" w="705" /><ent r="3" t="177" w="41" /><ent r="3" t="180" w="917" /><ent r="4" t="188" w="778" /><ent r="3" t="191" w="266" /><ent r="3" t="204" w="58" /><ent r="3" t="216" w="523" /><ent r="3" t="218" w="582" /><ent r="3" t="253" w="66" /><ent r="3" t="254" w="152" /></phr><phr n="needs"><ent r="3" t="20" w="701" /><ent r="4" t="217" w="235" /></phr><phr n="needing"><ent r="3" t="53" w="203" /><ent r="3" t="59" w="234" /><ent r="3" t="60" w="212" /></phr></stem><stem n="/contrast"><phr n="/contrast"><ent r="100" t="12" w="5" /><ent r="100" t="210" w="71" /><ent r="4" t="210" w="74" /><ent r="4" t="210" w="200" /><ent r="4" t="210" w="2043" /></phr></stem><stem n=":bright"><phr n=":Brightness"><ent r="100" t="12" w="11" /></phr></stem><stem n="slider"><phr n="Slider"><ent r="7" t="12" w="17" /><ent r="7" t="14" w="316" /><ent r="6" t="14" w="333" /><ent r="6" t="14" w="339" /><ent r="6" t="14" w="358" /><ent r="3" t="48" w="263" /><ent r="3" t="48" w="432" /><ent r="4" t="210" w="1888" /><ent r="4" t="210" w="1907" /><ent r="4" t="210" w="1990" /><ent r="3" t="213" w="1646" /><ent r="3" t="213" w="1651" /><ent r="3" t="235" w="174" /><ent r="4" t="238" w="98" /><ent r="3" t="239" w="179" /></phr><phr n="sliders"><ent r="4" t="178" w="436" /><ent r="3" t="196" w="68" /><ent r="3" t="196" w="93" /><ent r="3" t="196" w="96" /><ent r="3" t="196" w="111" /><ent r="3" t="206" w="263" /><ent r="4" t="210" w="1937" /><ent r="4" t="210" w="1957" /></phr></stem><stem n="/slider/menu"><phr n="/Slider/Menu"><ent r="7" t="12" w="18" /></phr></stem><stem n="control"><phr n="Controls"><ent r="7" t="12" w="24" /><ent r="7" t="12" w="37" /><ent r="3" t="14" w="21" /><ent r="5" t="58" w="179" /><ent r="4" t="141" w="446" /><ent r="4" t="179" w="783" /><ent r="3" t="186" w="247" /><ent r="5" t="205" w="185" /><ent r="3" t="206" w="102" /><ent r="5" t="206" w="117" /><ent r="5" t="206" w="129" /><ent r="3" t="206" w="137" /><ent r="4" t="213" w="1500" /><ent r="3" t="213" w="1507" /><ent r="4" t="213" w="1807" /></phr><phr n="Control"><ent r="6" t="14" w="78" /><ent r="5" t="22" w="750" /><ent r="4" t="31" w="191" /><ent r="3" t="99" w="9" /><ent r="3" t="99" w="95" /><ent r="3" t="100" w="13" /><ent r="3" t="118" w="207" /><ent r="5" t="128" w="120" /><ent r="3" t="141" w="237" /><ent r="3" t="142" w="30" /><ent r="3" t="143" w="261" /><ent r="3" t="172" w="90" /><ent r="5" t="179" w="629" /><ent r="5" t="180" w="618" /><ent r="5" t="181" w="616" /><ent r="4" t="201" w="163" /><ent r="3" t="206" w="56" /><ent r="3" t="210" w="759" /><ent r="4" t="210" w="780" /><ent r="3" t="210" w="913" /><ent r="4" t="210" w="1626" /><ent r="3" t="211" w="152" /><ent r="3" t="211" w="946" /><ent r="4" t="211" w="1283" /><ent r="3" t="211" w="2731" /><ent r="3" t="211" w="3077" /><ent r="4" t="212" w="621" /><ent r="3" t="213" w="1463" /><ent r="93" t="252" w="147" /><ent r="100" t="252" w="151" /><ent r="3" t="252" w="158" /></phr><phr n="controllers"><ent r="3" t="172" w="197" /></phr><phr n="controller"><ent r="3" t="172" w="203" /><ent r="4" t="172" w="225" /><ent r="5" t="172" w="241" /><ent r="4" t="172" w="363" /><ent r="4" t="172" w="392" /><ent r="3" t="172" w="402" /><ent r="3" t="172" w="411" /></phr></stem><stem n="rang"><phr n="range"><ent r="7" t="12" w="31" /><ent r="7" t="12" w="44" /><ent r="5" t="14" w="305" /><ent r="7" t="29" w="529" /><ent r="6" t="29" w="531" /><ent r="4" t="58" w="306" /><ent r="4" t="58" w="741" /><ent r="5" t="124" w="237" /><ent r="4" t="124" w="257" /><ent r="4" t="124" w="281" /><ent r="3" t="124" w="286" /><ent r="3" t="148" w="242" /><ent r="3" t="178" w="18" /><ent r="3" t="188" w="68" /><ent r="3" t="188" w="78" /><ent r="4" t="188" w="374" /><ent r="4" t="191" w="159" /><ent r="4" t="191" w="172" /><ent r="4" t="191" w="180" /><ent r="5" t="192" w="247" /><ent r="5" t="192" w="506" /><ent r="4" t="192" w="526" /><ent r="4" t="192" w="550" /><ent r="3" t="192" w="555" /><ent r="5" t="193" w="216" /><ent r="4" t="193" w="236" /><ent r="4" t="193" w="260" /><ent r="3" t="193" w="265" /><ent r="5" t="194" w="235" /><ent r="5" t="194" w="493" /><ent r="4" t="194" w="513" /><ent r="4" t="194" w="537" /><ent r="3" t="194" w="542" /><ent r="3" t="195" w="639" /><ent r="3" t="198" w="174" /><ent r="7" t="228" w="491" /><ent r="7" t="228" w="570" /><ent r="3" t="228" w="755" /></phr><phr n="Ranges"><ent r="4" t="124" w="249" /><ent r="3" t="124" w="302" /><ent r="4" t="192" w="518" /><ent r="3" t="192" w="571" /><ent r="4" t="193" w="228" /><ent r="3" t="193" w="281" /><ent r="4" t="194" w="505" /><ent r="3" t="194" w="558" /></phr><phr n="ranging"><ent r="6" t="246" w="40" /></phr></stem><stem n="0"><phr n="0"><ent r="7" t="12" w="33" /><ent r="7" t="12" w="46" /><ent r="3" t="31" w="83" /><ent r="5" t="58" w="405" /><ent r="5" t="58" w="416" /><ent r="5" t="58" w="695" /><ent r="5" t="58" w="840" /><ent r="5" t="58" w="851" /><ent r="5" t="58" w="1130" /><ent r="4" t="106" w="124" /><ent r="7" t="122" w="551" /><ent r="4" t="140" w="469" /><ent r="4" t="140" w="470" /><ent r="6" t="172" w="334" /><ent r="6" t="175" w="96" /><ent r="6" t="175" w="170" /><ent r="6" t="175" w="173" /><ent r="3" t="186" w="315" /><ent r="5" t="188" w="442" /><ent r="5" t="188" w="453" /><ent r="5" t="188" w="727" /><ent r="3" t="191" w="281" /><ent r="3" t="191" w="286" /><ent r="3" t="191" w="292" /><ent r="3" t="191" w="307" /><ent r="3" t="191" w="351" /><ent r="4" t="206" w="220" /><ent r="3" t="213" w="1666" /><ent r="7" t="228" w="347" /><ent r="3" t="228" w="714" /><ent r="3" t="228" w="735" /><ent r="3" t="228" w="756" /><ent r="3" t="228" w="777" /><ent r="3" t="228" w="828" /><ent r="3" t="228" w="830" /><ent r="3" t="228" w="832" /><ent r="3" t="228" w="834" /><ent r="3" t="228" w="845" /><ent r="3" t="228" w="847" /><ent r="3" t="228" w="849" /><ent r="3" t="228" w="851" /><ent r="3" t="228" w="853" /><ent r="3" t="228" w="857" /><ent r="6" t="246" w="42" /><ent r="6" t="246" w="49" /><ent r="6" t="246" w="91" /><ent r="6" t="246" w="92" /><ent r="6" t="246" w="95" /><ent r="6" t="246" w="520" /><ent r="6" t="246" w="643" /><ent r="4" t="251" w="40" /><ent r="4" t="251" w="51" /><ent r="3" t="253" w="171" /><ent r="3" t="253" w="182" /><ent r="3" t="254" w="661" /><ent r="4" t="255" w="89" /><ent r="4" t="255" w="97" /><ent r="4" t="255" w="181" /><ent r="4" t="255" w="189" /></phr></stem><stem n="100"><phr n="100"><ent r="7" t="12" w="35" /><ent r="7" t="12" w="48" /><ent r="7" t="122" w="552" /><ent r="4" t="140" w="290" /><ent r="4" t="141" w="213" /><ent r="3" t="213" w="1660" /><ent r="4" t="235" w="90" /><ent r="3" t="238" w="184" /><ent r="4" t="239" w="95" /></phr></stem><stem n="/or"><phr n="/or"><ent r="7" t="12" w="60" /><ent r="3" t="25" w="38" /><ent r="3" t="198" w="22" /><ent r="4" t="205" w="208" /><ent r="4" t="205" w="225" /><ent r="3" t="206" w="36" /><ent r="3" t="213" w="798" /><ent r="4" t="215" w="908" /><ent r="3" t="234" w="930" /><ent r="3" t="245" w="65" /></phr></stem><stem n="compon"><phr n="component"><ent r="7" t="12" w="62" /><ent r="6" t="12" w="84" /><ent r="64" t="15" w="48" /><ent r="3" t="20" w="294" /><ent r="4" t="30" w="146" /><ent r="4" t="30" w="153" /><ent r="4" t="30" w="160" /><ent r="4" t="30" w="167" /><ent r="3" t="30" w="178" /><ent r="5" t="58" w="175" /><ent r="3" t="103" w="37" /><ent r="92" t="103" w="51" /><ent r="4" t="103" w="69" /><ent r="4" t="103" w="420" /><ent r="4" t="103" w="422" /><ent r="3" t="118" w="99" /><ent r="3" t="118" w="104" /><ent r="3" t="118" w="112" /><ent r="4" t="180" w="94" /><ent r="5" t="188" w="191" /><ent r="1000" t="195" w="2" /><ent r="100" t="195" w="6" /><ent r="102" t="195" w="10" /><ent r="3" t="195" w="56" /><ent r="3" t="195" w="78" /><ent r="3" t="195" w="114" /><ent r="3" t="195" w="143" /><ent r="5" t="195" w="156" /><ent r="4" t="195" w="161" /><ent r="3" t="195" w="412" /><ent r="4" t="195" w="570" /><ent r="5" t="195" w="622" /><ent r="3" t="195" w="633" /><ent r="3" t="195" w="662" /><ent r="5" t="195" w="700" /><ent r="3" t="195" w="731" /><ent r="4" t="195" w="1077" /><ent r="4" t="195" w="1092" /><ent r="100" t="212" w="30" /><ent r="3" t="212" w="62" /><ent r="92" t="212" w="1024" /><ent r="5" t="212" w="1060" /><ent r="4" t="212" w="1067" /><ent r="3" t="212" w="1087" /><ent r="5" t="212" w="1229" /><ent r="5" t="212" w="1237" /><ent r="4" t="212" w="1436" /><ent r="3" t="248" w="33" /></phr><phr n="Components"><ent r="64" t="15" w="32" /><ent r="3" t="30" w="175" /><ent r="5" t="58" w="186" /><ent r="5" t="188" w="214" /><ent r="3" t="195" w="103" /><ent r="3" t="195" w="133" /><ent r="5" t="195" w="461" /><ent r="3" t="195" w="502" /><ent r="3" t="195" w="506" /><ent r="3" t="195" w="521" /><ent r="3" t="195" w="548" /><ent r="3" t="195" w="855" /><ent r="3" t="195" w="1044" /><ent r="5" t="195" w="1060" /><ent r="4" t="195" w="1085" /><ent r="4" t="195" w="1116" /><ent r="1000" t="200" w="2" /><ent r="102" t="200" w="5" /><ent r="100" t="200" w="8" /><ent r="3" t="200" w="14" /><ent r="5" t="200" w="75" /><ent r="3" t="200" w="87" /><ent r="5" t="212" w="1175" /><ent r="3" t="212" w="1209" /><ent r="5" t="212" w="1354" /><ent r="5" t="212" w="1382" /><ent r="4" t="212" w="1390" /><ent r="4" t="212" w="1404" /></phr></stem></index>