﻿<?xml version="1.0" encoding="utf-8"?><index><stem n="longitud"><phr n="longitude"><ent r="4" t="20" w="343" /><ent r="4" t="26" w="545" /><ent r="4" t="42" w="216" /><ent r="3" t="65" w="25" /><ent r="3" t="65" w="86" /><ent r="4" t="67" w="44" /><ent r="4" t="67" w="67" /><ent r="3" t="100" w="83" /><ent r="3" t="100" w="254" /><ent r="100" t="138" w="12" /><ent r="3" t="138" w="33" /><ent r="3" t="152" w="311" /><ent r="4" t="161" w="115" /><ent r="3" t="167" w="140" /><ent r="3" t="167" w="167" /><ent r="3" t="167" w="1655" /><ent r="3" t="167" w="2143" /><ent r="4" t="170" w="668" /><ent r="5" t="176" w="260" /><ent r="3" t="179" w="34" /><ent r="7" t="216" w="48" /><ent r="7" t="216" w="58" /><ent r="7" t="216" w="71" /><ent r="3" t="218" w="88" /><ent r="3" t="218" w="112" /><ent r="3" t="218" w="173" /><ent r="3" t="218" w="206" /><ent r="3" t="218" w="325" /><ent r="3" t="218" w="377" /><ent r="3" t="218" w="390" /><ent r="3" t="218" w="441" /><ent r="3" t="218" w="462" /></phr><phr n="Longitude"><ent r="5" t="42" w="206" /><ent r="5" t="66" w="238" /><ent r="1000" t="138" w="2" /><ent r="1000" t="152" w="2" /><ent r="100" t="152" w="7" /><ent r="100" t="152" w="13" /><ent r="102" t="152" w="17" /><ent r="5" t="152" w="158" /><ent r="3" t="152" w="283" /><ent r="3" t="152" w="304" /><ent r="4" t="167" w="876" /><ent r="3" t="167" w="933" /><ent r="4" t="167" w="1456" /><ent r="7" t="167" w="1545" /><ent r="4" t="167" w="2312" /><ent r="3" t="167" w="2774" /><ent r="6" t="211" w="155" /><ent r="6" t="211" w="208" /><ent r="6" t="211" w="250" /><ent r="6" t="211" w="312" /><ent r="6" t="211" w="380" /><ent r="6" t="211" w="461" /><ent r="6" t="211" w="496" /><ent r="6" t="211" w="577" /></phr></stem><stem n="(latitude/longitude)"><phr n="(latitude/longitude)"><ent r="4" t="20" w="344" /></phr></stem><stem n="tile"><phr n="tiled"><ent r="4" t="20" w="348" /></phr><phr n="Tile"><ent r="5" t="141" w="242" /><ent r="4" t="167" w="2028" /><ent r="5" t="167" w="2179" /><ent r="5" t="172" w="888" /><ent r="5" t="172" w="993" /></phr></stem><stem n="plain"><phr n="plain"><ent r="4" t="20" w="356" /></phr></stem><stem n="tif"><phr n="TIF"><ent r="4" t="20" w="357" /></phr><phr n="tif"><ent r="5" t="166" w="549" /><ent r="5" t="167" w="696" /><ent r="5" t="167" w="1085" /><ent r="5" t="167" w="2229" /><ent r="5" t="167" w="2397" /><ent r="5" t="169" w="363" /><ent r="5" t="169" w="371" /><ent r="5" t="169" w="437" /><ent r="5" t="169" w="454" /><ent r="5" t="170" w="650" /><ent r="5" t="171" w="646" /><ent r="5" t="172" w="524" /><ent r="5" t="172" w="562" /><ent r="5" t="172" w="771" /><ent r="5" t="172" w="933" /><ent r="5" t="172" w="1159" /><ent r="5" t="173" w="1814" /><ent r="4" t="174" w="746" /><ent r="4" t="174" w="766" /><ent r="4" t="174" w="790" /></phr></stem><stem n="metadata"><phr n="metadata"><ent r="4" t="20" w="369" /><ent r="4" t="23" w="86" /><ent r="3" t="23" w="106" /><ent r="3" t="23" w="135" /><ent r="4" t="25" w="130" /><ent r="4" t="26" w="576" /><ent r="3" t="92" w="43" /><ent r="3" t="145" w="32" /><ent r="3" t="145" w="51" /><ent r="3" t="145" w="63" /><ent r="3" t="145" w="282" /><ent r="3" t="145" w="298" /><ent r="3" t="145" w="301" /><ent r="3" t="167" w="806" /><ent r="3" t="193" w="15" /><ent r="3" t="193" w="31" /><ent r="3" t="193" w="40" /><ent r="3" t="193" w="42" /><ent r="100" t="212" w="9" /><ent r="3" t="212" w="27" /><ent r="4" t="212" w="128" /><ent r="4" t="212" w="162" /><ent r="4" t="212" w="221" /><ent r="3" t="212" w="244" /><ent r="4" t="212" w="287" /><ent r="3" t="212" w="299" /><ent r="3" t="212" w="317" /><ent r="64" t="213" w="17" /><ent r="3" t="213" w="57" /></phr><phr n="Metadata"><ent r="3" t="23" w="121" /><ent r="64" t="23" w="140" /><ent r="64" t="23" w="145" /><ent r="5" t="26" w="570" /><ent r="65" t="31" w="78" /><ent r="3" t="145" w="121" /><ent r="92" t="145" w="274" /><ent r="3" t="145" w="278" /><ent r="64" t="145" w="316" /><ent r="3" t="145" w="338" /><ent r="64" t="145" w="367" /><ent r="64" t="191" w="706" /><ent r="64" t="192" w="47" /><ent r="1000" t="193" w="1" /><ent r="102" t="193" w="4" /><ent r="100" t="193" w="7" /><ent r="3" t="193" w="11" /><ent r="64" t="193" w="48" /><ent r="64" t="194" w="133" /><ent r="1000" t="212" w="3" /><ent r="102" t="212" w="7" /><ent r="92" t="212" w="36" /><ent r="4" t="212" w="41" /><ent r="4" t="212" w="48" /><ent r="3" t="212" w="113" /><ent r="92" t="212" w="171" /><ent r="4" t="212" w="176" /><ent r="3" t="212" w="212" /><ent r="64" t="212" w="248" /><ent r="92" t="212" w="253" /><ent r="4" t="212" w="258" /><ent r="92" t="212" w="310" /><ent r="4" t="212" w="326" /><ent r="1000" t="213" w="1" /><ent r="102" t="213" w="4" /><ent r="3" t="213" w="32" /></phr></stem><stem n="hyperion"><phr n="Hyperion"><ent r="5" t="20" w="377" /></phr></stem><stem n="ic"><phr n="Ice"><ent r="5" t="20" w="381" /><ent r="4" t="20" w="403" /><ent r="5" t="20" w="420" /><ent r="4" t="22" w="106" /><ent r="4" t="22" w="139" /><ent r="67" t="24" w="114" /><ent r="5" t="25" w="118" /><ent r="65" t="25" w="161" /><ent r="4" t="133" w="88" /><ent r="92" t="133" w="351" /><ent r="1000" t="198" w="1" /><ent r="102" t="198" w="5" /><ent r="100" t="198" w="9" /><ent r="3" t="198" w="15" /><ent r="92" t="198" w="183" /><ent r="3" t="198" w="189" /></phr><phr n="ice"><ent r="4" t="25" w="136" /><ent r="6" t="166" w="2362" /></phr><phr n="ICE"><ent r="4" t="166" w="81" /><ent r="4" t="166" w="221" /><ent r="3" t="166" w="242" /><ent r="3" t="166" w="247" /><ent r="3" t="166" w="284" /><ent r="4" t="166" w="2294" /><ent r="4" t="166" w="2303" /></phr></stem><stem n="nativ"><phr n="native"><ent r="4" t="20" w="391" /><ent r="3" t="182" w="18" /></phr><phr n="natively"><ent r="4" t="25" w="148" /></phr><phr n="Native"><ent r="3" t="32" w="30" /></phr></stem><stem n="export"><phr n="exported"><ent r="4" t="20" w="400" /><ent r="4" t="26" w="70" /><ent r="5" t="26" w="422" /><ent r="5" t="26" w="439" /><ent r="5" t="26" w="461" /><ent r="5" t="26" w="502" /><ent r="4" t="26" w="563" /><ent r="3" t="98" w="413" /><ent r="3" t="133" w="186" /><ent r="3" t="133" w="220" /><ent r="3" t="133" w="289" /><ent r="3" t="133" w="323" /><ent r="3" t="133" w="493" /><ent r="3" t="133" w="527" /><ent r="3" t="133" w="657" /><ent r="3" t="133" w="691" /><ent r="3" t="171" w="785" /><ent r="3" t="171" w="1193" /><ent r="3" t="171" w="1253" /><ent r="3" t="171" w="1281" /><ent r="4" t="202" w="42" /><ent r="4" t="204" w="60" /><ent r="4" t="205" w="72" /><ent r="4" t="206" w="45" /></phr><phr n="Exporter"><ent r="4" t="20" w="404" /><ent r="4" t="24" w="74" /><ent r="67" t="24" w="107" /><ent r="67" t="24" w="111" /><ent r="67" t="24" w="115" /><ent r="67" t="24" w="119" /><ent r="5" t="25" w="32" /><ent r="65" t="25" w="76" /><ent r="5" t="25" w="81" /><ent r="65" t="25" w="114" /><ent r="5" t="25" w="119" /><ent r="65" t="25" w="162" /><ent r="5" t="25" w="167" /><ent r="65" t="25" w="188" /><ent r="5" t="26" w="133" /><ent r="5" t="26" w="139" /><ent r="92" t="26" w="363" /><ent r="3" t="26" w="369" /><ent r="5" t="27" w="83" /><ent r="67" t="27" w="118" /><ent r="67" t="27" w="123" /><ent r="67" t="27" w="128" /><ent r="67" t="27" w="133" /><ent r="67" t="27" w="138" /><ent r="67" t="27" w="143" /><ent r="5" t="28" w="32" /><ent r="65" t="28" w="45" /><ent r="5" t="28" w="51" /><ent r="65" t="28" w="93" /><ent r="5" t="28" w="99" /><ent r="65" t="28" w="135" /><ent r="5" t="28" w="141" /><ent r="65" t="28" w="194" /><ent r="5" t="28" w="199" /><ent r="5" t="28" w="238" /><ent r="65" t="28" w="247" /><ent r="5" t="28" w="253" /><ent r="65" t="28" w="299" /><ent r="5" t="28" w="304" /><ent r="3" t="29" w="57" /><ent r="4" t="29" w="63" /><ent r="65" t="29" w="106" /><ent r="4" t="30" w="67" /><ent r="1000" t="34" w="3" /><ent r="102" t="34" w="9" /><ent r="3" t="34" w="14" /><ent r="8" t="115" w="376" /><ent r="4" t="159" w="256" /><ent r="4" t="166" w="82" /><ent r="4" t="166" w="222" /><ent r="4" t="166" w="2296" /><ent r="100" t="167" w="441" /><ent r="4" t="167" w="444" /><ent r="4" t="167" w="2903" /><ent r="4" t="167" w="2911" /><ent r="5" t="167" w="2916" /><ent r="4" t="171" w="1014" /><ent r="5" t="171" w="1021" /><ent r="4" t="171" w="1034" /><ent r="5" t="174" w="622" /><ent r="3" t="174" w="636" /><ent r="7" t="174" w="1139" /><ent r="3" t="174" w="1409" /><ent r="1000" t="196" w="2" /><ent r="102" t="196" w="6" /><ent r="100" t="196" w="10" /><ent r="3" t="196" w="15" /><ent r="3" t="196" w="40" /><ent r="3" t="196" w="71" /><ent r="3" t="196" w="92" /><ent r="92" t="196" w="294" /><ent r="1000" t="197" w="2" /><ent r="102" t="197" w="6" /><ent r="100" t="197" w="10" /><ent r="3" t="197" w="15" /><ent r="3" t="197" w="36" /><ent r="92" t="197" w="225" /><ent r="3" t="197" w="231" /><ent r="1000" t="198" w="2" /><ent r="102" t="198" w="6" /><ent r="100" t="198" w="10" /><ent r="3" t="198" w="16" /><ent r="92" t="198" w="184" /><ent r="3" t="198" w="190" /><ent r="1000" t="199" w="2" /><ent r="102" t="199" w="6" /><ent r="3" t="199" w="15" /><ent r="1000" t="200" w="3" /><ent r="100" t="200" w="8" /><ent r="102" t="200" w="13" /><ent r="3" t="200" w="19" /><ent r="1000" t="201" w="2" /><ent r="100" t="201" w="6" /><ent r="102" t="201" w="10" /><ent r="1000" t="202" w="3" /><ent r="100" t="202" w="7" /><ent r="102" t="202" w="11" /><ent r="4" t="202" w="17" /><ent r="1000" t="203" w="3" /><ent r="100" t="203" w="8" /><ent r="102" t="203" w="13" /><ent r="1000" t="204" w="3" /><ent r="102" t="204" w="8" /><ent r="100" t="204" w="13" /><ent r="3" t="204" w="19" /><ent r="1000" t="205" w="3" /><ent r="100" t="205" w="7" /><ent r="102" t="205" w="11" /><ent r="4" t="205" w="17" /><ent r="1000" t="206" w="3" /><ent r="100" t="206" w="8" /><ent r="102" t="206" w="13" /><ent r="4" t="206" w="19" /></phr><phr n="Export"><ent r="64" t="21" w="527" /><ent r="1000" t="24" w="1" /><ent r="102" t="24" w="13" /><ent r="5" t="24" w="47" /><ent r="4" t="24" w="51" /><ent r="6" t="24" w="103" /><ent r="64" t="24" w="132" /><ent r="1000" t="26" w="1" /><ent r="102" t="26" w="10" /><ent r="5" t="26" w="118" /><ent r="4" t="26" w="128" /><ent r="4" t="26" w="187" /><ent r="1000" t="27" w="1" /><ent r="102" t="27" w="13" /><ent r="4" t="27" w="42" /><ent r="4" t="27" w="56" /><ent r="3" t="27" w="60" /><ent r="6" t="27" w="114" /><ent r="1000" t="29" w="1" /><ent r="102" t="29" w="13" /><ent r="5" t="29" w="46" /><ent r="4" t="29" w="50" /><ent r="1000" t="30" w="1" /><ent r="102" t="30" w="6" /><ent r="5" t="30" w="40" /><ent r="4" t="30" w="44" /><ent r="4" t="43" w="249" /><ent r="4" t="43" w="435" /><ent r="4" t="43" w="439" /><ent r="5" t="47" w="168" /><ent r="5" t="82" w="379" /><ent r="65" t="120" w="137" /><ent r="65" t="121" w="235" /><ent r="64" t="122" w="128" /><ent r="65" t="124" w="115" /><ent r="66" t="132" w="178" /><ent r="1000" t="133" w="1" /><ent r="102" t="133" w="4" /><ent r="3" t="133" w="13" /><ent r="4" t="133" w="32" /><ent r="4" t="133" w="74" /><ent r="4" t="133" w="84" /><ent r="64" t="165" w="324" /><ent r="64" t="165" w="337" /><ent r="64" t="165" w="369" /><ent r="1000" t="166" w="5" /><ent r="103" t="166" w="16" /><ent r="4" t="166" w="76" /><ent r="92" t="166" w="2113" /><ent r="5" t="166" w="2125" /><ent r="3" t="166" w="2129" /><ent r="92" t="166" w="2159" /><ent r="5" t="166" w="2199" /><ent r="4" t="166" w="2275" /><ent r="102" t="167" w="31" /><ent r="4" t="167" w="123" /><ent r="92" t="167" w="2764" /><ent r="5" t="167" w="2898" /><ent r="4" t="168" w="789" /><ent r="5" t="168" w="981" /><ent r="1000" t="171" w="2" /><ent r="102" t="171" w="15" /><ent r="4" t="171" w="63" /><ent r="92" t="171" w="970" /><ent r="5" t="171" w="1003" /><ent r="4" t="171" w="1007" /><ent r="5" t="174" w="568" /><ent r="7" t="174" w="1125" /><ent r="7" t="174" w="1141" /><ent r="3" t="174" w="1403" /><ent r="3" t="199" w="227" /><ent r="92" t="201" w="109" /><ent r="92" t="203" w="114" /></phr><phr n="Exporters"><ent r="92" t="22" w="115" /><ent r="64" t="24" w="87" /><ent r="1000" t="25" w="3" /><ent r="102" t="25" w="7" /><ent r="100" t="25" w="9" /><ent r="65" t="27" w="96" /><ent r="1000" t="28" w="3" /><ent r="102" t="28" w="7" /><ent r="100" t="28" w="9" /></phr><phr n="export"><ent r="3" t="22" w="120" /><ent r="100" t="24" w="5" /><ent r="100" t="24" w="11" /><ent r="3" t="24" w="18" /><ent r="4" t="24" w="36" /><ent r="3" t="24" w="93" /><ent r="64" t="25" w="25" /><ent r="4" t="25" w="71" /><ent r="4" t="25" w="86" /><ent r="4" t="25" w="109" /><ent r="4" t="25" w="124" /><ent r="4" t="25" w="157" /><ent r="4" t="25" w="172" /><ent r="4" t="25" w="183" /><ent r="100" t="26" w="5" /><ent r="100" t="26" w="7" /><ent r="3" t="26" w="93" /><ent r="3" t="26" w="379" /><ent r="100" t="27" w="7" /><ent r="100" t="27" w="9" /><ent r="4" t="27" w="18" /><ent r="3" t="27" w="104" /><ent r="64" t="28" w="25" /><ent r="4" t="28" w="37" /><ent r="4" t="28" w="40" /><ent r="4" t="28" w="56" /><ent r="4" t="28" w="87" /><ent r="4" t="28" w="104" /><ent r="4" t="28" w="129" /><ent r="4" t="28" w="146" /><ent r="4" t="28" w="188" /><ent r="4" t="28" w="204" /><ent r="4" t="28" w="241" /><ent r="4" t="28" w="258" /><ent r="4" t="28" w="293" /><ent r="4" t="28" w="307" /><ent r="100" t="29" w="7" /><ent r="100" t="29" w="9" /><ent r="3" t="29" w="18" /><ent r="4" t="29" w="100" /><ent r="100" t="30" w="11" /><ent r="3" t="30" w="20" /><ent r="3" t="43" w="52" /><ent r="4" t="43" w="254" /><ent r="4" t="43" w="452" /><ent r="4" t="47" w="173" /><ent r="5" t="82" w="384" /><ent r="3" t="98" w="327" /><ent r="5" t="132" w="186" /><ent r="100" t="133" w="7" /><ent r="100" t="133" w="11" /><ent r="3" t="133" w="133" /><ent r="3" t="133" w="236" /><ent r="3" t="133" w="440" /><ent r="3" t="133" w="564" /><ent r="3" t="133" w="604" /><ent r="100" t="166" w="10" /><ent r="3" t="166" w="49" /><ent r="4" t="166" w="2304" /><ent r="3" t="166" w="2399" /><ent r="100" t="167" w="13" /><ent r="3" t="167" w="74" /><ent r="3" t="167" w="88" /><ent r="3" t="167" w="449" /><ent r="3" t="167" w="2768" /><ent r="4" t="167" w="2838" /><ent r="3" t="167" w="2973" /><ent r="4" t="168" w="810" /><ent r="4" t="168" w="993" /><ent r="100" t="171" w="8" /><ent r="100" t="171" w="10" /><ent r="3" t="171" w="45" /><ent r="3" t="171" w="807" /><ent r="4" t="171" w="1108" /><ent r="3" t="171" w="1212" /><ent r="3" t="171" w="1308" /><ent r="64" t="196" w="46" /><ent r="3" t="196" w="100" /><ent r="3" t="196" w="119" /><ent r="3" t="196" w="144" /><ent r="3" t="196" w="306" /><ent r="4" t="196" w="338" /><ent r="3" t="197" w="50" /><ent r="3" t="197" w="75" /><ent r="3" t="198" w="28" /><ent r="3" t="199" w="48" /><ent r="3" t="199" w="73" /><ent r="3" t="201" w="36" /><ent r="3" t="201" w="134" /><ent r="3" t="201" w="177" /><ent r="3" t="203" w="41" /><ent r="3" t="203" w="139" /><ent r="3" t="203" w="182" /><ent r="3" t="204" w="23" /></phr><phr n="exporters"><ent r="3" t="24" w="82" /><ent r="100" t="25" w="15" /><ent r="3" t="25" w="19" /><ent r="4" t="27" w="91" /><ent r="100" t="28" w="15" /><ent r="3" t="28" w="19" /><ent r="3" t="115" w="86" /></phr><phr n="exporter"><ent r="3" t="26" w="15" /><ent r="4" t="26" w="61" /><ent r="4" t="28" w="316" /><ent r="8" t="115" w="379" /><ent r="4" t="166" w="2140" /><ent r="100" t="199" w="10" /></phr><phr n="exports"><ent r="3" t="26" w="16" /><ent r="3" t="98" w="378" /><ent r="3" t="98" w="394" /><ent r="5" t="132" w="194" /><ent r="3" t="133" w="531" /><ent r="3" t="201" w="198" /><ent r="3" t="203" w="203" /></phr><phr n="exporting"><ent r="64" t="26" w="24" /><ent r="3" t="30" w="75" /><ent r="3" t="92" w="29" /><ent r="3" t="133" w="22" /><ent r="4" t="159" w="260" /><ent r="3" t="166" w="40" /><ent r="3" t="171" w="36" /><ent r="3" t="196" w="87" /><ent r="3" t="197" w="31" /><ent r="3" t="199" w="31" /><ent r="3" t="199" w="247" /><ent r="3" t="201" w="17" /><ent r="4" t="202" w="27" /><ent r="3" t="203" w="20" /><ent r="4" t="205" w="29" /><ent r="4" t="206" w="29" /></phr></stem><stem n="order"><phr n="order"><ent r="4" t="20" w="406" /><ent r="3" t="105" w="538" /><ent r="7" t="106" w="237" /><ent r="7" t="106" w="254" /><ent r="7" t="106" w="271" /><ent r="7" t="106" w="288" /><ent r="100" t="115" w="90" /><ent r="3" t="115" w="125" /><ent r="3" t="115" w="131" /><ent r="3" t="115" w="140" /><ent r="3" t="115" w="907" /><ent r="3" t="156" w="65" /><ent r="3" t="167" w="375" /><ent r="3" t="168" w="161" /><ent r="3" t="169" w="609" /><ent r="3" t="173" w="162" /><ent r="3" t="173" w="275" /><ent r="3" t="173" w="286" /><ent r="3" t="173" w="822" /><ent r="4" t="173" w="1108" /><ent r="3" t="174" w="825" /><ent r="4" t="174" w="1320" /><ent r="4" t="174" w="1369" /><ent r="100" t="179" w="7" /><ent r="7" t="182" w="336" /><ent r="7" t="182" w="340" /><ent r="7" t="182" w="358" /><ent r="7" t="182" w="374" /><ent r="7" t="182" w="426" /><ent r="3" t="182" w="750" /><ent r="3" t="218" w="35" /><ent r="100" t="221" w="7" /><ent r="100" t="221" w="13" /><ent r="7" t="221" w="139" /><ent r="7" t="221" w="156" /><ent r="7" t="221" w="177" /><ent r="7" t="221" w="194" /></phr><phr n="Order"><ent r="92" t="57" w="122" /><ent r="64" t="100" w="504" /><ent r="82" t="115" w="899" /><ent r="1000" t="179" w="3" /><ent r="102" t="179" w="11" /><ent r="7" t="221" w="130" /><ent r="7" t="221" w="172" /></phr></stem><stem n="pseudocolor"><phr n="Pseudocolor"><ent r="5" t="20" w="421" /><ent r="64" t="134" w="46" /><ent r="1000" t="140" w="1" /><ent r="102" t="140" w="5" /><ent r="3" t="140" w="14" /><ent r="4" t="140" w="70" /><ent r="5" t="140" w="124" /></phr><phr n="pseudocolor"><ent r="4" t="20" w="432" /><ent r="4" t="47" w="143" /><ent r="3" t="99" w="304" /><ent r="100" t="140" w="9" /><ent r="3" t="140" w="28" /></phr></stem><stem n="jpeg2000"><phr n="Jpeg2000"><ent r="5" t="20" w="442" /><ent r="4" t="20" w="449" /></phr></stem><stem n="jp2"><phr n="jp2"><ent r="4" t="20" w="451" /></phr></stem><stem n="(*.jp2,"><phr n="(*.jp2,"><ent r="4" t="20" w="452" /></phr></stem><stem n="j2k"><phr n="j2k"><ent r="4" t="20" w="452" /></phr></stem><stem n="*.j2k)."><phr n="*.j2k)."><ent r="4" t="20" w="453" /></phr></stem><stem n="model"><phr n="Model"><ent r="5" t="20" w="458" /><ent r="5" t="183" w="24" /></phr></stem><stem n="nitf"><phr n="NITF"><ent r="5" t="20" w="461" /><ent r="4" t="20" w="470" /><ent r="65" t="20" w="474" /><ent r="4" t="22" w="113" /><ent r="4" t="22" w="137" /><ent r="1000" t="23" w="1" /><ent r="102" t="23" w="4" /><ent r="100" t="23" w="7" /><ent r="3" t="23" w="11" /><ent r="3" t="23" w="19" /><ent r="4" t="23" w="26" /><ent r="4" t="23" w="54" /><ent r="4" t="23" w="76" /><ent r="4" t="23" w="92" /><ent r="4" t="23" w="97" /><ent r="3" t="23" w="124" /><ent r="67" t="24" w="118" /><ent r="5" t="25" w="166" /><ent r="4" t="25" w="177" /><ent r="65" t="25" w="187" /><ent r="3" t="100" w="46" /><ent r="3" t="159" w="92" /><ent r="1000" t="199" w="1" /><ent r="102" t="199" w="5" /><ent r="100" t="199" w="9" /><ent r="3" t="199" w="14" /><ent r="3" t="199" w="226" /></phr></stem><stem n="esri"><phr n="ESRI"><ent r="4" t="20" w="491" /><ent r="3" t="21" w="59" /><ent r="3" t="170" w="155" /><ent r="3" t="170" w="159" /><ent r="3" t="171" w="145" /><ent r="3" t="171" w="149" /></phr></stem><stem n="might"><phr n="might"><ent r="3" t="20" w="511" /><ent r="3" t="22" w="59" /></phr></stem><stem n="depend"><phr n="depending"><ent r="3" t="20" w="515" /><ent r="3" t="191" w="216" /><ent r="3" t="218" w="485" /></phr><phr n="depends"><ent r="3" t="39" w="231" /><ent r="3" t="40" w="106" /><ent r="3" t="73" w="455" /><ent r="4" t="99" w="572" /><ent r="4" t="100" w="352" /><ent r="4" t="149" w="190" /><ent r="4" t="154" w="315" /><ent r="3" t="170" w="1188" /><ent r="3" t="218" w="464" /></phr><phr n="depend"><ent r="4" t="112" w="53" /><ent r="4" t="115" w="766" /><ent r="4" t="119" w="69" /></phr><phr n="dependent"><ent r="4" t="141" w="699" /></phr><phr n="Depending"><ent r="3" t="191" w="31" /></phr></stem><stem n="group"><phr n="group"><ent r="3" t="21" w="22" /><ent r="3" t="51" w="24" /><ent r="3" t="115" w="82" /><ent r="4" t="167" w="2617" /><ent r="3" t="168" w="119" /><ent r="3" t="170" w="93" /><ent r="3" t="170" w="231" /><ent r="3" t="171" w="83" /><ent r="3" t="171" w="220" /><ent r="3" t="171" w="1284" /></phr><phr n="Group"><ent r="6" t="28" w="164" /><ent r="92" t="57" w="110" /><ent r="3" t="57" w="115" /></phr><phr n="groups"><ent r="4" t="135" w="137" /><ent r="4" t="139" w="139" /><ent r="4" t="141" w="133" /></phr></stem><stem n="exchang"><phr n="exchange"><ent r="3" t="21" w="27" /><ent r="3" t="170" w="100" /><ent r="3" t="170" w="148" /><ent r="3" t="171" w="90" /><ent r="3" t="171" w="138" /></phr></stem><stem n="gi"><phr n="GIS"><ent r="5" t="21" w="29" /><ent r="3" t="21" w="38" /><ent r="3" t="170" w="104" /><ent r="3" t="170" w="108" /><ent r="3" t="170" w="124" /><ent r="3" t="170" w="149" /><ent r="3" t="170" w="180" /><ent r="3" t="170" w="281" /><ent r="3" t="170" w="1165" /><ent r="3" t="171" w="94" /><ent r="3" t="171" w="98" /><ent r="3" t="171" w="114" /><ent r="3" t="171" w="139" /><ent r="3" t="171" w="170" /><ent r="3" t="171" w="270" /></phr></stem><stem n="commonli"><phr n="commonly"><ent r="3" t="21" w="41" /><ent r="3" t="105" w="58" /><ent r="3" t="170" w="111" /><ent r="3" t="171" w="101" /></phr></stem><stem n="repres"><phr n="represent"><ent r="3" t="21" w="44" /><ent r="3" t="115" w="491" /><ent r="3" t="115" w="516" /><ent r="4" t="159" w="201" /><ent r="3" t="170" w="114" /><ent r="3" t="170" w="224" /><ent r="3" t="170" w="251" /><ent r="3" t="170" w="265" /><ent r="3" t="171" w="104" /><ent r="3" t="171" w="213" /><ent r="3" t="171" w="240" /><ent r="3" t="171" w="254" /><ent r="3" t="173" w="845" /></phr><phr n="represents"><ent r="4" t="99" w="470" /><ent r="5" t="156" w="338" /><ent r="4" t="166" w="1099" /><ent r="4" t="166" w="1112" /><ent r="3" t="166" w="1265" /><ent r="3" t="166" w="1300" /><ent r="3" t="169" w="740" /><ent r="3" t="173" w="820" /><ent r="3" t="174" w="823" /></phr><phr n="represented"><ent r="7" t="106" w="70" /><ent r="4" t="141" w="533" /><ent r="4" t="141" w="558" /><ent r="4" t="141" w="591" /><ent r="4" t="141" w="611" /><ent r="4" t="141" w="622" /><ent r="4" t="142" w="404" /><ent r="4" t="142" w="429" /><ent r="4" t="142" w="462" /><ent r="4" t="142" w="482" /><ent r="4" t="142" w="492" /><ent r="5" t="149" w="299" /><ent r="5" t="149" w="324" /><ent r="5" t="149" w="357" /><ent r="5" t="149" w="377" /><ent r="5" t="149" w="388" /><ent r="5" t="154" w="420" /><ent r="5" t="154" w="445" /><ent r="5" t="154" w="478" /><ent r="5" t="154" w="498" /><ent r="5" t="154" w="509" /><ent r="3" t="170" w="201" /><ent r="3" t="171" w="190" /><ent r="3" t="173" w="921" /><ent r="3" t="174" w="847" /><ent r="4" t="217" w="62" /><ent r="4" t="217" w="87" /><ent r="4" t="217" w="120" /><ent r="4" t="217" w="140" /><ent r="4" t="217" w="151" /><ent r="7" t="220" w="183" /></phr><phr n="representing"><ent r="3" t="154" w="34" /></phr></stem><stem n="road"><phr n="roads"><ent r="3" t="21" w="45" /><ent r="3" t="170" w="115" /><ent r="3" t="170" w="254" /><ent r="3" t="170" w="295" /><ent r="3" t="171" w="105" /><ent r="3" t="171" w="243" /><ent r="3" t="171" w="284" /><ent r="5" t="171" w="1065" /></phr><phr n="road"><ent r="3" t="74" w="25" /><ent r="4" t="171" w="939" /><ent r="4" t="171" w="945" /><ent r="3" t="171" w="1241" /></phr><phr n="Roads"><ent r="4" t="171" w="909" /><ent r="92" t="171" w="971" /><ent r="4" t="171" w="1155" /></phr></stem><stem n="citi"><phr n="cities"><ent r="3" t="21" w="46" /><ent r="3" t="170" w="116" /><ent r="3" t="171" w="106" /></phr><phr n="city"><ent r="3" t="170" w="273" /><ent r="3" t="170" w="294" /><ent r="3" t="171" w="262" /><ent r="3" t="171" w="283" /></phr></stem><stem n="river"><phr n="rivers"><ent r="3" t="21" w="47" /><ent r="3" t="170" w="117" /><ent r="3" t="170" w="256" /><ent r="3" t="170" w="1156" /><ent r="3" t="171" w="107" /><ent r="3" t="171" w="245" /></phr><phr n="river"><ent r="4" t="166" w="2040" /></phr></stem><stem n="lake"><phr n="lakes"><ent r="3" t="21" w="48" /><ent r="3" t="170" w="118" /><ent r="3" t="170" w="1158" /><ent r="3" t="171" w="108" /></phr><phr n="lake"><ent r="3" t="170" w="271" /><ent r="3" t="171" w="260" /></phr></stem><stem n="wgs84"><phr n="WGS84"><ent r="3" t="21" w="87" /><ent r="3" t="21" w="112" /><ent r="3" t="21" w="123" /><ent r="3" t="170" w="344" /><ent r="3" t="170" w="392" /><ent r="3" t="171" w="331" /><ent r="3" t="171" w="378" /></phr></stem><stem n="attempt"><phr n="attempt"><ent r="3" t="21" w="101" /></phr></stem><stem n="treat"><phr n="treat"><ent r="3" t="21" w="108" /></phr><phr n="treated"><ent r="6" t="223" w="244" /><ent r="6" t="223" w="675" /></phr></stem><stem n="unless"><phr n="unless"><ent r="3" t="21" w="114" /><ent r="3" t="119" w="312" /><ent r="3" t="165" w="139" /></phr></stem><stem n="veri"><phr n="very"><ent r="3" t="21" w="120" /><ent r="3" t="166" w="1447" /><ent r="3" t="170" w="1168" /></phr></stem><stem n="result"><phr n="results"><ent r="3" t="21" w="126" /><ent r="100" t="26" w="4" /><ent r="100" t="26" w="8" /><ent r="3" t="26" w="14" /><ent r="3" t="26" w="18" /><ent r="3" t="26" w="30" /><ent r="3" t="26" w="37" /><ent r="3" t="26" w="47" /><ent r="4" t="26" w="60" /><ent r="4" t="26" w="66" /><ent r="4" t="26" w="71" /><ent r="4" t="26" w="83" /><ent r="3" t="26" w="94" /><ent r="4" t="26" w="108" /><ent r="3" t="26" w="207" /><ent r="3" t="26" w="375" /><ent r="5" t="26" w="414" /><ent r="5" t="26" w="431" /><ent r="5" t="26" w="447" /><ent r="5" t="26" w="488" /><ent r="4" t="26" w="580" /><ent r="4" t="26" w="593" /><ent r="3" t="93" w="74" /><ent r="4" t="100" w="439" /><ent r="4" t="142" w="296" /><ent r="4" t="142" w="316" /><ent r="4" t="142" w="335" /><ent r="4" t="142" w="355" /><ent r="3" t="148" w="151" /><ent r="3" t="152" w="37" /><ent r="3" t="154" w="62" /><ent r="3" t="157" w="239" /><ent r="3" t="157" w="242" /><ent r="3" t="157" w="255" /><ent r="3" t="166" w="289" /><ent r="3" t="167" w="402" /><ent r="3" t="167" w="2021" /><ent r="4" t="167" w="2534" /><ent r="4" t="167" w="2546" /><ent r="4" t="168" w="1335" /><ent r="4" t="168" w="1383" /><ent r="4" t="174" w="206" /><ent r="7" t="182" w="178" /><ent r="3" t="214" w="46" /><ent r="3" t="214" w="77" /><ent r="3" t="214" w="105" /></phr><phr n="Results"><ent r="64" t="24" w="133" /><ent r="1000" t="26" w="2" /><ent r="102" t="26" w="11" /><ent r="5" t="26" w="138" /><ent r="92" t="26" w="362" /><ent r="3" t="26" w="368" /><ent r="4" t="100" w="443" /><ent r="4" t="115" w="793" /><ent r="4" t="115" w="799" /><ent r="4" t="152" w="68" /><ent r="4" t="157" w="226" /><ent r="4" t="167" w="2377" /><ent r="4" t="167" w="2418" /><ent r="4" t="167" w="2432" /><ent r="4" t="167" w="2573" /><ent r="7" t="174" w="1117" /></phr><phr n="result"><ent r="3" t="92" w="114" /><ent r="3" t="157" w="30" /><ent r="4" t="168" w="1328" /><ent r="4" t="168" w="1485" /><ent r="3" t="171" w="1269" /><ent r="3" t="191" w="651" /><ent r="3" t="218" w="362" /></phr><phr n="resulting"><ent r="3" t="167" w="2039" /><ent r="3" t="179" w="44" /><ent r="3" t="218" w="404" /></phr><phr n="Result"><ent r="7" t="174" w="1136" /><ent r="3" t="182" w="703" /></phr></stem></index>