﻿<?xml version="1.0" encoding="utf-8"?><index><stem n="((band"><phr n="((Band"><ent r="3" t="194" w="193" /></phr></stem><stem n="n+1"><phr n="N+1"><ent r="3" t="194" w="194" /></phr></stem><stem n="*"><phr n="*"><ent r="3" t="194" w="201" /><ent r="3" t="232" w="88" /><ent r="3" t="233" w="28" /><ent r="3" t="233" w="43" /></phr></stem><stem n="fourth"><phr n="fourth"><ent r="4" t="195" w="214" /></phr></stem><stem n="delimit"><phr n="delimited"><ent r="3" t="195" w="220" /></phr></stem><stem n="deprec"><phr n="Deprecated"><ent r="92" t="195" w="274" /></phr><phr n="deprecated"><ent r="3" t="195" w="280" /></phr></stem><stem n=":wavelength"><phr n=":Wavelengths"><ent r="100" t="196" w="15" /><ent r="100" t="210" w="17" /></phr></stem><stem n="retriev"><phr n="retrieves"><ent r="3" t="196" w="326" /><ent r="3" t="210" w="144" /></phr></stem><stem n=".wav,"><phr n=".wav,"><ent r="4" t="196" w="521" /><ent r="4" t="196" w="750" /></phr></stem><stem n=".wave,"><phr n=".wave,"><ent r="4" t="196" w="522" /><ent r="4" t="196" w="751" /></phr></stem><stem n=".wmd."><phr n=".wmd."><ent r="4" t="196" w="524" /></phr></stem><stem n=".0),"><phr n=".0),"><ent r="3" t="196" w="660" /></phr></stem><stem n="k"><phr n="K"><ent r="4" t="196" w="666" /><ent r="4" t="196" w="778" /><ent r="3" t="199" w="110" /><ent r="3" t="201" w="161" /><ent r="5" t="231" w="60" /></phr><phr n="k"><ent r="3" t="198" w="55" /></phr></stem><stem n="av"><phr n="ave"><ent r="5" t="196" w="699" /></phr></stem><stem n=".wmd"><phr n=".wmd"><ent r="4" t="196" w="752" /></phr></stem><stem n=":oper"><phr n=":operators"><ent r="100" t="197" w="7" /></phr></stem><stem n="sine"><phr n="Sine"><ent r="7" t="197" w="26" /></phr><phr n="sine"><ent r="7" t="197" w="39" /><ent r="7" t="197" w="57" /></phr></stem><stem n="cosin"><phr n="Cosine"><ent r="7" t="197" w="28" /></phr><phr n="cosine"><ent r="7" t="197" w="42" /><ent r="7" t="197" w="60" /></phr></stem><stem n="tangent"><phr n="Tangent"><ent r="7" t="197" w="30" /></phr><phr n="tangent"><ent r="7" t="197" w="45" /><ent r="7" t="197" w="63" /></phr></stem><stem n="secant"><phr n="Secant"><ent r="7" t="197" w="32" /></phr><phr n="secant"><ent r="7" t="197" w="48" /><ent r="7" t="197" w="66" /></phr></stem><stem n="cosec"><phr n="Cosecant"><ent r="7" t="197" w="34" /></phr><phr n="cosecant"><ent r="7" t="197" w="51" /><ent r="7" t="197" w="69" /></phr></stem><stem n="cotang"><phr n="Cotangent"><ent r="7" t="197" w="36" /></phr><phr n="cotangent"><ent r="7" t="197" w="54" /><ent r="7" t="197" w="72" /></phr></stem><stem n="invers"><phr n="Inverse"><ent r="7" t="197" w="38" /><ent r="7" t="197" w="41" /><ent r="7" t="197" w="44" /><ent r="7" t="197" w="47" /><ent r="7" t="197" w="50" /><ent r="7" t="197" w="53" /></phr></stem><stem n="hyperbol"><phr n="Hyperbolic"><ent r="7" t="197" w="56" /><ent r="7" t="197" w="59" /><ent r="7" t="197" w="62" /><ent r="7" t="197" w="65" /><ent r="7" t="197" w="68" /><ent r="7" t="197" w="71" /></phr></stem><stem n="1n"><phr n="1n"><ent r="7" t="197" w="80" /></phr></stem><stem n="wikipedia"><phr n="Wikipedia"><ent r="3" t="198" w="11" /></phr><phr n="wikipedia"><ent r="64" t="198" w="15" /></phr></stem><stem n="en"><phr n="en"><ent r="64" t="198" w="14" /></phr></stem><stem n="en.wikipedia"><phr n="en.wikipedia"><ent r="64" t="198" w="15" /><ent r="64" t="198" w="14" /></phr></stem><stem n="en.wikipedia.org"><phr n="en.wikipedia.org"><ent r="64" t="198" w="16" /><ent r="64" t="198" w="14" /></phr></stem><stem n="en.wikipedia.org/wiki"><phr n="en.wikipedia.org/wiki"><ent r="64" t="198" w="17" /><ent r="64" t="198" w="14" /></phr></stem><stem n="wiki"><phr n="wiki"><ent r="64" t="198" w="17" /></phr></stem><stem n="en.wikipedia.org/wiki/clust"><phr n="en.wikipedia.org/wiki/Cluster"><ent r="64" t="198" w="18" /><ent r="64" t="198" w="14" /></phr></stem><stem n="en.wikipedia.org/wiki/cluster_analysi"><phr n="en.wikipedia.org/wiki/Cluster_analysis"><ent r="64" t="198" w="19" /><ent r="64" t="198" w="14" /></phr></stem><stem n="qt_cluster"><phr n="QT_clustering"><ent r="64" t="198" w="21" /><ent r="64" t="198" w="20" /></phr></stem><stem n="://en.wikipedia.org/wiki/cluster_analysis#qt_clustering_algorithm"><phr n="://en.wikipedia.org/wiki/Cluster_analysis#QT_clustering_algorithm"><ent r="64" t="198" w="22" /></phr></stem><stem n="qt_clustering_algorithm"><phr n="QT_clustering_algorithm"><ent r="64" t="198" w="22" /><ent r="64" t="198" w="20" /></phr></stem><stem n="(qualiti"><phr n="(quality"><ent r="3" t="198" w="31" /></phr></stem><stem n="heyer"><phr n="Heyer"><ent r="3" t="198" w="34" /></phr></stem><stem n="(heyer,"><phr n="(Heyer,"><ent r="3" t="198" w="35" /></phr></stem><stem n="kruglyak"><phr n="Kruglyak"><ent r="3" t="198" w="35" /></phr></stem><stem n="yooseph"><phr n="Yooseph"><ent r="3" t="198" w="36" /></phr></stem><stem n="1999"><phr n="1999"><ent r="3" t="198" w="37" /></phr></stem><stem n="partit"><phr n="partitioning"><ent r="3" t="198" w="43" /></phr></stem><stem n="invent"><phr n="invented"><ent r="3" t="198" w="45" /></phr></stem><stem n="gene"><phr n="gene"><ent r="3" t="198" w="47" /></phr></stem><stem n="k-mean"><phr n="k-means"><ent r="3" t="198" w="55" /></phr></stem><stem n="-means,"><phr n="-means,"><ent r="3" t="198" w="57" /><ent r="3" t="198" w="57" /></phr></stem><stem n="priori"><phr n="priori"><ent r="3" t="198" w="67" /></phr></stem><stem n="candid"><phr n="candidate"><ent r="4" t="198" w="94" /><ent r="4" t="198" w="122" /></phr></stem><stem n="iter"><phr n="iteratively"><ent r="4" t="198" w="100" /></phr></stem><stem n="closest"><phr n="closest"><ent r="4" t="198" w="106" /></phr></stem><stem n="surpass"><phr n="surpasses"><ent r="4" t="198" w="116" /></phr></stem><stem n="consider"><phr n="consideration"><ent r="4" t="198" w="142" /></phr></stem><stem n="clarifi"><phr n="clarify"><ent r="4" t="198" w="144" /></phr></stem><stem n="happen"><phr n="happens"><ent r="4" t="198" w="146" /></phr></stem><stem n="?"><phr n="?"><ent r="4" t="198" w="158" /><ent r="3" t="233" w="63" /><ent r="3" t="233" w="74" /></phr></stem><stem n="recurs"><phr n="Recurse"><ent r="4" t="198" w="159" /></phr></stem><stem n="linkag"><phr n="linkage"><ent r="3" t="198" w="181" /></phr></stem><stem n="i."><phr n="i.e"><ent r="3" t="198" w="183" /><ent r="3" t="198" w="182" /></phr></stem><stem n="i.e."><phr n="i.e."><ent r="3" t="198" w="183" /><ent r="3" t="198" w="182" /></phr></stem><stem n=".e."><phr n=".e."><ent r="3" t="198" w="184" /></phr></stem><stem n="member"><phr n="member"><ent r="3" t="198" w="193" /></phr></stem><stem n="paragraph"><phr n="Paragraph"><ent r="82" t="199" w="75" /><ent r="64" t="199" w="129" /><ent r="64" t="199" w="132" /><ent r="64" t="199" w="135" /><ent r="64" t="199" w="138" /><ent r="64" t="199" w="141" /><ent r="64" t="199" w="144" /><ent r="64" t="199" w="147" /><ent r="1000" t="202" w="1" /><ent r="102" t="202" w="4" /><ent r="1000" t="203" w="1" /><ent r="102" t="203" w="4" /><ent r="1000" t="204" w="1" /><ent r="102" t="204" w="4" /><ent r="1000" t="205" w="1" /><ent r="102" t="205" w="4" /><ent r="1000" t="206" w="1" /><ent r="102" t="206" w="4" /><ent r="1000" t="207" w="1" /><ent r="102" t="207" w="4" /><ent r="1000" t="208" w="1" /><ent r="102" t="208" w="4" /></phr><phr n="paragraph"><ent r="3" t="199" w="79" /><ent r="3" t="199" w="98" /><ent r="4" t="199" w="253" /><ent r="3" t="201" w="142" /></phr><phr n="Paragraphs"><ent r="3" t="199" w="106" /><ent r="3" t="199" w="226" /></phr><phr n="paragraphs"><ent r="3" t="201" w="130" /><ent r="3" t="201" w="151" /><ent r="3" t="201" w="157" /></phr></stem><stem n="h"><phr n="H"><ent r="64" t="199" w="145" /><ent r="3" t="199" w="229" /><ent r="1000" t="207" w="2" /><ent r="102" t="207" w="5" /><ent r="5" t="226" w="218" /></phr></stem><stem n="j"><phr n="J"><ent r="64" t="199" w="148" /><ent r="3" t="199" w="231" /><ent r="1000" t="208" w="2" /><ent r="102" t="208" w="5" /></phr></stem><stem n="unload"><phr n="Unload"><ent r="82" t="199" w="193" /><ent r="3" t="199" w="198" /></phr></stem><stem n="tabular"><phr n="tabular"><ent r="3" t="199" w="233" /></phr></stem><stem n="curv"><phr n="curves"><ent r="4" t="199" w="342" /><ent r="4" t="199" w="363" /><ent r="4" t="199" w="378" /></phr></stem><stem n="“envi”."><phr n="“ENVI”."><ent r="3" t="200" w="30" /></phr></stem><stem n="keyword"><phr n="Keywords"><ent r="3" t="200" w="30" /></phr><phr n="keywords"><ent r="3" t="200" w="75" /></phr></stem><stem n="user'"><phr n="User's"><ent r="5" t="200" w="58" /><ent r="5" t="200" w="57" /></phr></stem><stem n="guid"><phr n="Guide"><ent r="5" t="200" w="59" /></phr></stem><stem n="3.4"><phr n="3.4"><ent r="5" t="200" w="64" /><ent r="5" t="200" w="63" /></phr></stem><stem n="3.4."><phr n="3.4."><ent r="5" t="200" w="64" /><ent r="5" t="200" w="63" /></phr></stem><stem n=".4."><phr n=".4."><ent r="5" t="200" w="65" /></phr></stem><stem n="septemb"><phr n="September"><ent r="5" t="200" w="65" /></phr></stem><stem n="2000"><phr n="2000"><ent r="5" t="200" w="66" /></phr></stem><stem n="copyright"><phr n="Copyright"><ent r="5" t="200" w="68" /></phr></stem><stem n="research"><phr n="Research"><ent r="5" t="200" w="69" /></phr></stem><stem n="inc"><phr n="Inc"><ent r="5" t="200" w="71" /></phr></stem><stem n="(pixels)"><phr n="(pixels)"><ent r="7" t="200" w="96" /></phr></stem><stem n="embed"><phr n="embedded"><ent r="7" t="200" w="133" /></phr></stem><stem n="128"><phr n="128"><ent r="7" t="200" w="142" /></phr></stem><stem n="erda"><phr n="ERDAS"><ent r="7" t="200" w="145" /></phr></stem><stem n=".5"><phr n=".5"><ent r="7" t="200" w="147" /><ent r="3" t="238" w="523" /><ent r="3" t="238" w="544" /></phr></stem><stem n="7.5"><phr n="7.5"><ent r="7" t="200" w="147" /><ent r="7" t="200" w="146" /></phr></stem><stem n=".lan"><phr n=".lan"><ent r="7" t="200" w="148" /></phr></stem><stem n="lan"><phr n="lan"><ent r="7" t="200" w="148" /></phr></stem><stem n="envi-defin"><phr n="ENVI-defined"><ent r="7" t="200" w="167" /></phr></stem><stem n="8-bit"><phr n="8-bit"><ent r="7" t="200" w="192" /></phr></stem><stem n="16-bit"><phr n="16-bit"><ent r="7" t="200" w="197" /><ent r="6" t="200" w="256" /></phr></stem><stem n="2x32"><phr n="2x32"><ent r="6" t="200" w="224" /></phr></stem><stem n="2x32-bit"><phr n="2x32-bit"><ent r="6" t="200" w="224" /></phr></stem><stem n="-imaginari"><phr n="-imaginary"><ent r="6" t="200" w="227" /><ent r="6" t="200" w="227" /><ent r="6" t="200" w="240" /><ent r="6" t="200" w="240" /></phr></stem><stem n="real-imaginari"><phr n="real-imaginary"><ent r="6" t="200" w="227" /><ent r="6" t="200" w="240" /></phr></stem><stem n="2x64"><phr n="2x64"><ent r="6" t="200" w="235" /></phr></stem><stem n="2x64-bit"><phr n="2x64-bit"><ent r="6" t="200" w="235" /></phr></stem><stem n="(not"><phr n="(not"><ent r="6" t="200" w="246" /><ent r="6" t="200" w="273" /><ent r="7" t="200" w="288" /></phr></stem><stem n="comet"><phr n="COMET"><ent r="57" t="200" w="250" /><ent r="57" t="200" w="277" /><ent r="58" t="200" w="292" /><ent r="57" t="200" w="466" /></phr></stem><stem n="12"><phr n="12"><ent r="6" t="200" w="255" /></phr></stem><stem n="13"><phr n="13"><ent r="6" t="200" w="261" /><ent r="3" t="200" w="766" /></phr></stem><stem n="14"><phr n="14"><ent r="6" t="200" w="268" /></phr></stem><stem n="interleav"><phr n="interleave"><ent r="7" t="200" w="297" /><ent r="3" t="200" w="741" /><ent r="3" t="209" w="240" /><ent r="3" t="209" w="288" /><ent r="4" t="209" w="394" /><ent r="4" t="209" w="605" /></phr><phr n="interleaved"><ent r="7" t="200" w="309" /><ent r="7" t="200" w="315" /></phr><phr n="Interleave"><ent r="92" t="209" w="218" /><ent r="4" t="209" w="224" /><ent r="4" t="209" w="545" /><ent r="3" t="209" w="664" /></phr><phr n="interleaving"><ent r="4" t="209" w="558" /><ent r="3" t="209" w="659" /><ent r="3" t="209" w="721" /></phr></stem><stem n="sequenti"><phr n="sequential"><ent r="7" t="200" w="306" /></phr></stem><stem n="bsq"><phr n="BSQ"><ent r="7" t="200" w="307" /><ent r="3" t="209" w="236" /><ent r="3" t="209" w="276" /><ent r="3" t="209" w="314" /></phr><phr n="bsq"><ent r="3" t="200" w="742" /></phr></stem><stem n="(bsq),"><phr n="(BSQ),"><ent r="7" t="200" w="308" /></phr></stem><stem n="(bip),"><phr n="(BIP),"><ent r="7" t="200" w="313" /></phr></stem><stem n="bil"><phr n="BIL"><ent r="7" t="200" w="318" /><ent r="3" t="209" w="233" /><ent r="3" t="209" w="316" /></phr></stem><stem n="(bil)."><phr n="(BIL)."><ent r="7" t="200" w="319" /></phr></stem><stem n="instrument"><phr n="instruments"><ent r="7" t="200" w="326" /></phr></stem><stem n="tm"><phr n="TM"><ent r="7" t="200" w="330" /><ent r="3" t="200" w="747" /></phr><phr n="tm"><ent r="3" t="200" w="803" /><ent r="3" t="200" w="809" /><ent r="3" t="200" w="815" /><ent r="3" t="200" w="821" /><ent r="3" t="200" w="827" /><ent r="3" t="200" w="833" /><ent r="3" t="200" w="839" /></phr></stem><stem n="spot"><phr n="SPOT"><ent r="7" t="200" w="331" /></phr></stem><stem n="radarsat"><phr n="RadarSat"><ent r="7" t="200" w="332" /></phr></stem><stem n="=0"><phr n="=0"><ent r="7" t="200" w="359" /></phr></stem><stem n="signific"><phr n="Significant"><ent r="7" t="200" w="362" /><ent r="7" t="200" w="378" /></phr><phr n="significant"><ent r="3" t="224" w="206" /></phr></stem><stem n="lsf"><phr n="LSF"><ent r="7" t="200" w="365" /></phr></stem><stem n="(lsf)"><phr n="(LSF)"><ent r="7" t="200" w="366" /></phr></stem><stem n="(dec"><phr n="(DEC"><ent r="7" t="200" w="367" /></phr></stem><stem n="dec"><phr n="DEC"><ent r="7" t="200" w="367" /></phr><phr n="Dec"><ent r="3" t="200" w="712" /></phr></stem><stem n="-do"><phr n="-DOS"><ent r="7" t="200" w="369" /><ent r="7" t="200" w="369" /></phr></stem><stem n="ms"><phr n="MS"><ent r="7" t="200" w="369" /></phr></stem><stem n="ms-do"><phr n="MS-DOS"><ent r="7" t="200" w="369" /></phr></stem><stem n="=1"><phr n="=1"><ent r="7" t="200" w="375" /></phr></stem><stem n="msf"><phr n="MSF"><ent r="7" t="200" w="381" /></phr></stem><stem n="(msf)"><phr n="(MSF)"><ent r="7" t="200" w="382" /></phr></stem><stem n="(all"><phr n="(all"><ent r="7" t="200" w="383" /></phr></stem><stem n="sun"><phr n="SUN"><ent r="7" t="200" w="385" /></phr></stem><stem n="sgi"><phr n="SGI"><ent r="7" t="200" w="386" /></phr></stem><stem n="ibm"><phr n="IBM"><ent r="7" t="200" w="387" /></phr></stem><stem n="hp"><phr n="HP"><ent r="7" t="200" w="388" /></phr></stem><stem n="dg"><phr n="DG"><ent r="7" t="200" w="389" /></phr></stem><stem n="-start"><phr n="-start"><ent r="7" t="200" w="391" /><ent r="7" t="200" w="391" /><ent r="7" t="200" w="394" /><ent r="7" t="200" w="394" /></phr></stem><stem n="x-start"><phr n="x-start"><ent r="7" t="200" w="391" /></phr></stem><stem n="y-start"><phr n="y-start"><ent r="7" t="200" w="394" /></phr></stem><stem n="magic"><phr n="magic"><ent r="7" t="200" w="430" /><ent r="7" t="200" w="434" /><ent r="7" t="200" w="438" /><ent r="7" t="200" w="441" /></phr></stem><stem n="zone"><phr n="Zone"><ent r="7" t="200" w="451" /></phr></stem><stem n="“north”"><phr n="“North”"><ent r="7" t="200" w="453" /></phr></stem><stem n="“south”"><phr n="“South”"><ent r="7" t="200" w="455" /></phr></stem><stem n="titl"><phr n="titles"><ent r="7" t="200" w="545" /><ent r="7" t="200" w="555" /><ent r="3" t="200" w="779" /></phr></stem><stem n="-georeferenc"><phr n="-georeferenced"><ent r="7" t="200" w="572" /><ent r="7" t="200" w="572" /></phr></stem><stem n="non-georeferenc"><phr n="non-georeferenced"><ent r="7" t="200" w="572" /></phr></stem><stem n="(%"><phr n="(%"><ent r="7" t="200" w="584" /></phr></stem><stem n="gaussian"><phr n="Gaussian"><ent r="7" t="200" w="587" /></phr></stem><stem n="-width-half-max"><phr n="-width-half-max"><ent r="7" t="200" w="642" /><ent r="7" t="200" w="644" /></phr></stem><stem n="full-width"><phr n="full-width"><ent r="7" t="200" w="642" /></phr></stem><stem n="full-width-half"><phr n="full-width-half"><ent r="7" t="200" w="642" /></phr></stem><stem n="full-width-half-max"><phr n="full-width-half-max"><ent r="7" t="200" w="642" /></phr></stem><stem n="width-half"><phr n="width-half"><ent r="7" t="200" w="643" /></phr></stem><stem n="width-half-max"><phr n="width-half-max"><ent r="7" t="200" w="643" /></phr></stem><stem n="half-max"><phr n="half-max"><ent r="7" t="200" w="644" /></phr></stem><stem n="bbl"><phr n="bbl"><ent r="7" t="200" w="664" /></phr></stem><stem n="good"><phr n="good"><ent r="7" t="200" w="686" /></phr></stem><stem n="{"><phr n="{"><ent r="3" t="200" w="701" /><ent r="3" t="200" w="798" /><ent r="3" t="200" w="843" /><ent r="3" t="200" w="860" /></phr></stem><stem n="registr"><phr n="Registration"><ent r="3" t="200" w="702" /></phr></stem><stem n="1st"><phr n="1st"><ent r="3" t="200" w="705" /></phr></stem><stem n="nearest"><phr n="nearest"><ent r="3" t="200" w="709" /></phr></stem><stem n="neighbor"><phr n="neighbor"><ent r="3" t="200" w="710" /></phr></stem><stem n="[wed"><phr n="[Wed"><ent r="3" t="200" w="711" /></phr></stem><stem n="wed"><phr n="Wed"><ent r="3" t="200" w="711" /></phr></stem><stem n="23"><phr n="23"><ent r="3" t="200" w="714" /></phr></stem><stem n="59"><phr n="59"><ent r="3" t="200" w="715" /></phr></stem><stem n=":59:19"><phr n=":59:19"><ent r="3" t="200" w="716" /></phr></stem><stem n="1995"><phr n="1995"><ent r="3" t="200" w="717" /></phr></stem><stem n="]"><phr n="]"><ent r="3" t="200" w="718" /></phr></stem><stem n="}"><phr n="}"><ent r="3" t="200" w="718" /><ent r="3" t="200" w="768" /><ent r="3" t="200" w="782" /></phr></stem><stem n="709"><phr n="709"><ent r="3" t="200" w="720" /></phr></stem><stem n="946"><phr n="946"><ent r="3" t="200" w="723" /></phr></stem><stem n="{utm,"><phr n="{UTM,"><ent r="3" t="200" w="756" /></phr></stem><stem n="295380"><phr n="295380"><ent r="3" t="200" w="758" /></phr></stem><stem n="295380.000"><phr n="295380.000"><ent r="3" t="200" w="759" /><ent r="3" t="200" w="758" /></phr></stem><stem n="295380.000,"><phr n="295380.000,"><ent r="3" t="200" w="759" /><ent r="3" t="200" w="758" /></phr></stem><stem n=".000,"><phr n=".000,"><ent r="3" t="200" w="760" /><ent r="3" t="200" w="762" /></phr></stem><stem n="4763640"><phr n="4763640"><ent r="3" t="200" w="760" /></phr></stem><stem n="4763640.000"><phr n="4763640.000"><ent r="3" t="200" w="761" /><ent r="3" t="200" w="760" /></phr></stem><stem n="4763640.000,"><phr n="4763640.000,"><ent r="3" t="200" w="761" /><ent r="3" t="200" w="760" /></phr></stem><stem n="30"><phr n="30"><ent r="3" t="200" w="762" /><ent r="3" t="200" w="764" /><ent r="3" t="200" w="785" /><ent r="3" t="200" w="787" /></phr></stem><stem n="30.000000"><phr n="30.000000"><ent r="3" t="200" w="763" /><ent r="3" t="200" w="762" /><ent r="3" t="200" w="765" /><ent r="3" t="200" w="764" /><ent r="3" t="200" w="786" /><ent r="3" t="200" w="785" /><ent r="3" t="200" w="788" /><ent r="3" t="200" w="787" /></phr></stem><stem n="000000"><phr n="000000"><ent r="3" t="200" w="763" /><ent r="3" t="200" w="765" /><ent r="3" t="200" w="786" /><ent r="3" t="200" w="788" /></phr></stem><stem n="30.000000,"><phr n="30.000000,"><ent r="3" t="200" w="763" /><ent r="3" t="200" w="762" /><ent r="3" t="200" w="765" /><ent r="3" t="200" w="764" /><ent r="3" t="200" w="786" /><ent r="3" t="200" w="785" /></phr></stem><stem n=".000000,"><phr n=".000000,"><ent r="3" t="200" w="764" /><ent r="3" t="200" w="766" /></phr></stem><stem n="0.00"><phr n="0.00"><ent r="3" t="200" w="773" /><ent r="3" t="200" w="772" /></phr></stem><stem n="0.00,"><phr n="0.00,"><ent r="3" t="200" w="773" /><ent r="3" t="200" w="772" /></phr></stem><stem n="{0.00,"><phr n="{0.00,"><ent r="3" t="200" w="774" /></phr></stem><stem n="255.00"><phr n="255.00"><ent r="3" t="200" w="775" /><ent r="3" t="200" w="774" /></phr></stem><stem n=".00}"><phr n=".00}"><ent r="3" t="200" w="776" /></phr></stem><stem n="{wavelength,"><phr n="{Wavelength,"><ent r="3" t="200" w="781" /></phr></stem><stem n="{30.000000,"><phr n="{30.000000,"><ent r="3" t="200" w="787" /></phr></stem><stem n=".000000}"><phr n=".000000}"><ent r="3" t="200" w="789" /></phr></stem><stem n="5.0"><phr n="5.0"><ent r="3" t="200" w="793" /><ent r="3" t="200" w="792" /></phr></stem><stem n=".0%"><phr n=".0%"><ent r="3" t="200" w="794" /></phr></stem><stem n="warp"><phr n="Warp"><ent r="3" t="200" w="799" /><ent r="3" t="200" w="805" /><ent r="3" t="200" w="811" /><ent r="3" t="200" w="817" /><ent r="3" t="200" w="823" /><ent r="3" t="200" w="829" /><ent r="3" t="200" w="835" /></phr></stem><stem n="(band"><phr n="(Band"><ent r="3" t="200" w="800" /><ent r="3" t="200" w="806" /><ent r="3" t="200" w="812" /><ent r="3" t="200" w="818" /><ent r="3" t="200" w="824" /><ent r="3" t="200" w="830" /><ent r="3" t="200" w="836" /></phr></stem><stem n="rs"><phr n="rs"><ent r="3" t="200" w="802" /><ent r="3" t="200" w="808" /><ent r="3" t="200" w="814" /><ent r="3" t="200" w="820" /><ent r="3" t="200" w="826" /><ent r="3" t="200" w="832" /><ent r="3" t="200" w="838" /></phr></stem><stem n="rs_tm"><phr n="rs_tm"><ent r="3" t="200" w="803" /><ent r="3" t="200" w="802" /><ent r="3" t="200" w="809" /><ent r="3" t="200" w="808" /><ent r="3" t="200" w="815" /><ent r="3" t="200" w="814" /><ent r="3" t="200" w="821" /><ent r="3" t="200" w="820" /><ent r="3" t="200" w="827" /><ent r="3" t="200" w="826" /><ent r="3" t="200" w="833" /><ent r="3" t="200" w="832" /><ent r="3" t="200" w="839" /><ent r="3" t="200" w="838" /></phr></stem><stem n="rs_tm.img"><phr n="rs_tm.img"><ent r="3" t="200" w="804" /><ent r="3" t="200" w="802" /><ent r="3" t="200" w="810" /><ent r="3" t="200" w="808" /><ent r="3" t="200" w="816" /><ent r="3" t="200" w="814" /><ent r="3" t="200" w="822" /><ent r="3" t="200" w="820" /><ent r="3" t="200" w="828" /><ent r="3" t="200" w="826" /><ent r="3" t="200" w="834" /><ent r="3" t="200" w="832" /><ent r="3" t="200" w="840" /><ent r="3" t="200" w="838" /></phr></stem><stem n="img"><phr n="img"><ent r="3" t="200" w="804" /><ent r="3" t="200" w="810" /><ent r="3" t="200" w="816" /><ent r="3" t="200" w="822" /><ent r="3" t="200" w="828" /><ent r="3" t="200" w="834" /><ent r="3" t="200" w="840" /></phr></stem><stem n=":rs_tm.img),"><phr n=":rs_tm.img),"><ent r="3" t="200" w="805" /><ent r="3" t="200" w="811" /><ent r="3" t="200" w="817" /><ent r="3" t="200" w="823" /><ent r="3" t="200" w="829" /><ent r="3" t="200" w="835" /></phr></stem><stem n=":rs_tm.img)}"><phr n=":rs_tm.img)}"><ent r="3" t="200" w="841" /></phr></stem><stem n="0.485000"><phr n="0.485000"><ent r="3" t="200" w="845" /><ent r="3" t="200" w="844" /></phr></stem><stem n="485000"><phr n="485000"><ent r="3" t="200" w="845" /></phr></stem><stem n="0.485000,"><phr n="0.485000,"><ent r="3" t="200" w="845" /><ent r="3" t="200" w="844" /></phr></stem><stem n=".485000,"><phr n=".485000,"><ent r="3" t="200" w="846" /></phr></stem><stem n="0.560000"><phr n="0.560000"><ent r="3" t="200" w="847" /><ent r="3" t="200" w="846" /></phr></stem><stem n="560000"><phr n="560000"><ent r="3" t="200" w="847" /></phr></stem><stem n="0.560000,"><phr n="0.560000,"><ent r="3" t="200" w="847" /><ent r="3" t="200" w="846" /></phr></stem><stem n=".560000,"><phr n=".560000,"><ent r="3" t="200" w="848" /></phr></stem><stem n="0.660000"><phr n="0.660000"><ent r="3" t="200" w="849" /><ent r="3" t="200" w="848" /></phr></stem><stem n="660000"><phr n="660000"><ent r="3" t="200" w="849" /></phr></stem><stem n="0.660000,"><phr n="0.660000,"><ent r="3" t="200" w="849" /><ent r="3" t="200" w="848" /></phr></stem><stem n=".660000,"><phr n=".660000,"><ent r="3" t="200" w="850" /></phr></stem><stem n="0.830000"><phr n="0.830000"><ent r="3" t="200" w="851" /><ent r="3" t="200" w="850" /></phr></stem><stem n="830000"><phr n="830000"><ent r="3" t="200" w="851" /></phr></stem><stem n="0.830000,"><phr n="0.830000,"><ent r="3" t="200" w="851" /><ent r="3" t="200" w="850" /></phr></stem><stem n=".830000,"><phr n=".830000,"><ent r="3" t="200" w="852" /></phr></stem><stem n="1.650000"><phr n="1.650000"><ent r="3" t="200" w="853" /><ent r="3" t="200" w="852" /></phr></stem><stem n="650000"><phr n="650000"><ent r="3" t="200" w="853" /></phr></stem><stem n="1.650000,"><phr n="1.650000,"><ent r="3" t="200" w="853" /><ent r="3" t="200" w="852" /></phr></stem><stem n=".650000,"><phr n=".650000,"><ent r="3" t="200" w="854" /></phr></stem><stem n="11"><phr n="11"><ent r="3" t="200" w="854" /><ent r="4" t="219" w="218" /></phr></stem><stem n="11.400000"><phr n="11.400000"><ent r="3" t="200" w="855" /><ent r="3" t="200" w="854" /></phr></stem><stem n="400000"><phr n="400000"><ent r="3" t="200" w="855" /></phr></stem><stem n="11.400000,"><phr n="11.400000,"><ent r="3" t="200" w="855" /><ent r="3" t="200" w="854" /></phr></stem><stem n=".400000,"><phr n=".400000,"><ent r="3" t="200" w="856" /></phr></stem><stem n="2.215000"><phr n="2.215000"><ent r="3" t="200" w="857" /><ent r="3" t="200" w="856" /></phr></stem><stem n="215000"><phr n="215000"><ent r="3" t="200" w="857" /></phr></stem><stem n=".215000}"><phr n=".215000}"><ent r="3" t="200" w="858" /></phr></stem><stem n="0.070000"><phr n="0.070000"><ent r="3" t="200" w="862" /><ent r="3" t="200" w="861" /></phr></stem><stem n="070000"><phr n="070000"><ent r="3" t="200" w="862" /></phr></stem><stem n="0.070000,"><phr n="0.070000,"><ent r="3" t="200" w="862" /><ent r="3" t="200" w="861" /></phr></stem><stem n=".070000,"><phr n=".070000,"><ent r="3" t="200" w="863" /></phr></stem><stem n="0.080000"><phr n="0.080000"><ent r="3" t="200" w="864" /><ent r="3" t="200" w="863" /></phr></stem><stem n="080000"><phr n="080000"><ent r="3" t="200" w="864" /></phr></stem><stem n="0.080000,"><phr n="0.080000,"><ent r="3" t="200" w="864" /><ent r="3" t="200" w="863" /></phr></stem><stem n=".080000,"><phr n=".080000,"><ent r="3" t="200" w="865" /></phr></stem><stem n="0.060000"><phr n="0.060000"><ent r="3" t="200" w="866" /><ent r="3" t="200" w="865" /></phr></stem><stem n="060000"><phr n="060000"><ent r="3" t="200" w="866" /></phr></stem><stem n="0.060000,"><phr n="0.060000,"><ent r="3" t="200" w="866" /><ent r="3" t="200" w="865" /></phr></stem><stem n=".060000,"><phr n=".060000,"><ent r="3" t="200" w="867" /></phr></stem><stem n="0.140000"><phr n="0.140000"><ent r="3" t="200" w="868" /><ent r="3" t="200" w="867" /></phr></stem><stem n="140000"><phr n="140000"><ent r="3" t="200" w="868" /></phr></stem><stem n="0.140000,"><phr n="0.140000,"><ent r="3" t="200" w="868" /><ent r="3" t="200" w="867" /></phr></stem><stem n=".140000,"><phr n=".140000,"><ent r="3" t="200" w="869" /></phr></stem><stem n="0.200000"><phr n="0.200000"><ent r="3" t="200" w="870" /><ent r="3" t="200" w="869" /></phr></stem><stem n="200000"><phr n="200000"><ent r="3" t="200" w="870" /></phr></stem><stem n="0.200000,"><phr n="0.200000,"><ent r="3" t="200" w="870" /><ent r="3" t="200" w="869" /></phr></stem><stem n=".200000,"><phr n=".200000,"><ent r="3" t="200" w="871" /></phr></stem><stem n="2.100000"><phr n="2.100000"><ent r="3" t="200" w="872" /><ent r="3" t="200" w="871" /></phr></stem><stem n="100000"><phr n="100000"><ent r="3" t="200" w="872" /></phr></stem><stem n="2.100000,"><phr n="2.100000,"><ent r="3" t="200" w="872" /><ent r="3" t="200" w="871" /></phr></stem><stem n=".100000,"><phr n=".100000,"><ent r="3" t="200" w="873" /></phr></stem><stem n="0.270000"><phr n="0.270000"><ent r="3" t="200" w="874" /><ent r="3" t="200" w="873" /></phr></stem><stem n="270000"><phr n="270000"><ent r="3" t="200" w="874" /></phr></stem><stem n=".270000}"><phr n=".270000}"><ent r="3" t="200" w="875" /></phr></stem><stem n="atmospher"><phr n="Atmospheric"><ent r="5" t="201" w="20" /></phr></stem><stem n="slant"><phr n="Slant"><ent r="5" t="201" w="21" /></phr></stem><stem n="wxdata"><phr n="wxdata"><ent r="4" t="201" w="110" /></phr></stem><stem n="(.wxdata)"><phr n="(.wxdata)"><ent r="4" t="201" w="111" /></phr></stem><stem n="&quot;paragraphs&quot;"><phr n="&quot;paragraphs&quot;"><ent r="3" t="201" w="131" /></phr></stem></index>