﻿<?xml version="1.0" encoding="utf-8"?><index><stem n="drop-down"><phr n="drop-down"><ent r="100" t="1" w="136" /><ent r="3" t="1" w="145" /><ent r="3" t="1" w="223" /><ent r="4" t="1" w="281" /><ent r="3" t="4" w="20" /><ent r="4" t="4" w="136" /><ent r="7" t="7" w="98" /><ent r="7" t="8" w="157" /><ent r="7" t="9" w="25" /><ent r="7" t="11" w="84" /><ent r="7" t="12" w="52" /><ent r="6" t="12" w="74" /><ent r="7" t="13" w="113" /><ent r="7" t="13" w="139" /><ent r="6" t="14" w="205" /><ent r="6" t="14" w="230" /><ent r="4" t="18" w="105" /><ent r="4" t="23" w="58" /><ent r="4" t="26" w="139" /><ent r="3" t="26" w="317" /><ent r="5" t="26" w="470" /><ent r="5" t="26" w="511" /><ent r="4" t="32" w="154" /><ent r="4" t="42" w="221" /><ent r="3" t="51" w="51" /><ent r="4" t="52" w="137" /><ent r="4" t="53" w="40" /><ent r="4" t="53" w="56" /><ent r="3" t="54" w="97" /><ent r="3" t="54" w="117" /><ent r="3" t="54" w="127" /><ent r="100" t="56" w="7" /><ent r="100" t="56" w="11" /><ent r="3" t="56" w="59" /><ent r="4" t="57" w="50" /><ent r="4" t="58" w="224" /><ent r="4" t="58" w="242" /><ent r="3" t="64" w="293" /><ent r="4" t="84" w="113" /><ent r="4" t="85" w="97" /><ent r="4" t="85" w="222" /><ent r="4" t="86" w="99" /><ent r="3" t="92" w="163" /><ent r="5" t="96" w="353" /><ent r="4" t="98" w="302" /><ent r="4" t="98" w="450" /><ent r="100" t="103" w="19" /><ent r="100" t="103" w="130" /><ent r="3" t="103" w="148" /><ent r="3" t="109" w="97" /><ent r="4" t="111" w="46" /><ent r="4" t="111" w="58" /><ent r="4" t="111" w="64" /><ent r="3" t="111" w="89" /><ent r="3" t="111" w="113" /><ent r="3" t="111" w="157" /><ent r="3" t="111" w="176" /><ent r="3" t="111" w="186" /><ent r="3" t="111" w="199" /><ent r="3" t="111" w="207" /><ent r="3" t="111" w="216" /><ent r="3" t="111" w="222" /><ent r="4" t="111" w="278" /><ent r="4" t="111" w="291" /><ent r="4" t="111" w="331" /><ent r="3" t="111" w="344" /><ent r="4" t="111" w="431" /><ent r="3" t="111" w="462" /><ent r="4" t="111" w="558" /><ent r="4" t="111" w="571" /><ent r="4" t="115" w="166" /><ent r="3" t="117" w="401" /><ent r="4" t="124" w="67" /><ent r="4" t="128" w="215" /><ent r="4" t="128" w="300" /><ent r="4" t="128" w="425" /><ent r="4" t="128" w="500" /><ent r="4" t="128" w="545" /><ent r="3" t="128" w="628" /><ent r="3" t="128" w="658" /><ent r="4" t="133" w="126" /><ent r="3" t="133" w="143" /><ent r="4" t="134" w="140" /><ent r="3" t="134" w="179" /><ent r="4" t="135" w="138" /><ent r="4" t="136" w="135" /><ent r="4" t="137" w="299" /><ent r="4" t="137" w="445" /><ent r="4" t="137" w="723" /><ent r="4" t="137" w="862" /><ent r="3" t="138" w="165" /><ent r="3" t="138" w="182" /><ent r="3" t="139" w="156" /><ent r="3" t="140" w="186" /><ent r="3" t="140" w="205" /><ent r="4" t="145" w="147" /><ent r="4" t="145" w="250" /><ent r="4" t="145" w="437" /><ent r="3" t="146" w="206" /><ent r="4" t="148" w="166" /><ent r="3" t="148" w="194" /><ent r="3" t="148" w="209" /><ent r="3" t="149" w="148" /><ent r="4" t="150" w="399" /><ent r="4" t="150" w="586" /><ent r="4" t="152" w="392" /><ent r="4" t="152" w="566" /><ent r="4" t="152" w="603" /><ent r="4" t="162" w="570" /><ent r="4" t="162" w="1899" /><ent r="4" t="162" w="1960" /><ent r="6" t="163" w="766" /><ent r="3" t="163" w="784" /><ent r="3" t="163" w="880" /><ent r="4" t="163" w="1639" /><ent r="3" t="163" w="2124" /><ent r="4" t="163" w="2581" /><ent r="5" t="164" w="1131" /><ent r="4" t="164" w="1142" /><ent r="5" t="164" w="1232" /><ent r="3" t="167" w="1072" /><ent r="3" t="167" w="1208" /><ent r="4" t="168" w="629" /><ent r="4" t="168" w="1152" /><ent r="4" t="171" w="50" /><ent r="3" t="172" w="21" /><ent r="3" t="177" w="185" /><ent r="4" t="177" w="320" /><ent r="6" t="179" w="99" /><ent r="3" t="187" w="145" /><ent r="3" t="190" w="89" /><ent r="3" t="191" w="243" /><ent r="3" t="192" w="179" /><ent r="3" t="193" w="132" /><ent r="3" t="194" w="177" /><ent r="4" t="195" w="236" /><ent r="4" t="195" w="288" /><ent r="3" t="199" w="178" /><ent r="6" t="201" w="220" /><ent r="6" t="201" w="429" /><ent r="3" t="203" w="20" /><ent r="3" t="204" w="20" /></phr><phr n="Drop-Down"><ent r="92" t="1" w="140" /><ent r="68" t="11" w="89" /><ent r="1000" t="56" w="2" /><ent r="102" t="56" w="17" /><ent r="3" t="56" w="23" /><ent r="92" t="103" w="136" /></phr><phr n="Drop-down"><ent r="3" t="1" w="197" /><ent r="3" t="111" w="253" /><ent r="3" t="111" w="313" /><ent r="3" t="111" w="396" /><ent r="3" t="111" w="445" /></phr></stem><stem n="down"><phr n="down"><ent r="100" t="1" w="137" /><ent r="3" t="1" w="146" /><ent r="3" t="1" w="198" /><ent r="3" t="1" w="224" /><ent r="4" t="1" w="282" /><ent r="6" t="3" w="58" /><ent r="3" t="4" w="21" /><ent r="4" t="4" w="137" /><ent r="7" t="7" w="99" /><ent r="7" t="8" w="158" /><ent r="7" t="9" w="26" /><ent r="7" t="11" w="85" /><ent r="7" t="12" w="53" /><ent r="6" t="12" w="75" /><ent r="7" t="13" w="114" /><ent r="7" t="13" w="140" /><ent r="6" t="14" w="184" /><ent r="6" t="14" w="206" /><ent r="6" t="14" w="231" /><ent r="6" t="14" w="488" /><ent r="4" t="18" w="106" /><ent r="4" t="23" w="59" /><ent r="4" t="26" w="140" /><ent r="3" t="26" w="318" /><ent r="5" t="26" w="471" /><ent r="5" t="26" w="512" /><ent r="4" t="32" w="155" /><ent r="4" t="42" w="222" /><ent r="3" t="51" w="52" /><ent r="4" t="52" w="59" /><ent r="4" t="52" w="138" /><ent r="4" t="53" w="41" /><ent r="4" t="53" w="57" /><ent r="3" t="54" w="98" /><ent r="3" t="54" w="118" /><ent r="3" t="54" w="128" /><ent r="100" t="56" w="8" /><ent r="100" t="56" w="12" /><ent r="3" t="56" w="60" /><ent r="3" t="56" w="94" /><ent r="4" t="57" w="51" /><ent r="4" t="57" w="124" /><ent r="4" t="57" w="162" /><ent r="4" t="58" w="144" /><ent r="4" t="58" w="182" /><ent r="4" t="58" w="225" /><ent r="4" t="58" w="243" /><ent r="3" t="64" w="294" /><ent r="4" t="84" w="114" /><ent r="4" t="85" w="98" /><ent r="4" t="85" w="223" /><ent r="4" t="86" w="100" /><ent r="3" t="92" w="164" /><ent r="5" t="96" w="354" /><ent r="4" t="98" w="303" /><ent r="4" t="98" w="451" /><ent r="100" t="103" w="20" /><ent r="100" t="103" w="131" /><ent r="3" t="103" w="149" /><ent r="3" t="109" w="98" /><ent r="4" t="111" w="47" /><ent r="4" t="111" w="59" /><ent r="4" t="111" w="65" /><ent r="3" t="111" w="90" /><ent r="3" t="111" w="114" /><ent r="3" t="111" w="158" /><ent r="3" t="111" w="177" /><ent r="3" t="111" w="187" /><ent r="3" t="111" w="200" /><ent r="3" t="111" w="208" /><ent r="3" t="111" w="217" /><ent r="3" t="111" w="223" /><ent r="3" t="111" w="254" /><ent r="4" t="111" w="279" /><ent r="4" t="111" w="292" /><ent r="3" t="111" w="314" /><ent r="4" t="111" w="332" /><ent r="3" t="111" w="345" /><ent r="3" t="111" w="397" /><ent r="4" t="111" w="432" /><ent r="3" t="111" w="446" /><ent r="3" t="111" w="463" /><ent r="4" t="111" w="559" /><ent r="4" t="111" w="572" /><ent r="3" t="112" w="697" /><ent r="3" t="112" w="724" /><ent r="4" t="115" w="167" /><ent r="4" t="116" w="76" /><ent r="3" t="117" w="402" /><ent r="4" t="124" w="68" /><ent r="4" t="124" w="69" /><ent r="4" t="128" w="216" /><ent r="4" t="128" w="301" /><ent r="4" t="128" w="426" /><ent r="4" t="128" w="501" /><ent r="4" t="128" w="546" /><ent r="3" t="128" w="629" /><ent r="3" t="128" w="659" /><ent r="4" t="133" w="127" /><ent r="3" t="133" w="144" /><ent r="4" t="134" w="141" /><ent r="3" t="134" w="180" /><ent r="4" t="135" w="139" /><ent r="4" t="136" w="136" /><ent r="4" t="137" w="300" /><ent r="4" t="137" w="446" /><ent r="4" t="137" w="724" /><ent r="4" t="137" w="863" /><ent r="3" t="138" w="166" /><ent r="3" t="138" w="183" /><ent r="3" t="139" w="157" /><ent r="3" t="140" w="187" /><ent r="3" t="140" w="206" /><ent r="4" t="145" w="148" /><ent r="4" t="145" w="251" /><ent r="4" t="145" w="438" /><ent r="3" t="146" w="207" /><ent r="4" t="148" w="167" /><ent r="3" t="148" w="195" /><ent r="3" t="148" w="210" /><ent r="3" t="149" w="149" /><ent r="4" t="150" w="400" /><ent r="4" t="150" w="587" /><ent r="4" t="152" w="393" /><ent r="4" t="152" w="567" /><ent r="4" t="152" w="604" /><ent r="4" t="152" w="1025" /><ent r="4" t="154" w="259" /><ent r="4" t="154" w="306" /><ent r="4" t="162" w="348" /><ent r="4" t="162" w="571" /><ent r="3" t="162" w="962" /><ent r="4" t="162" w="1018" /><ent r="3" t="162" w="1619" /><ent r="4" t="162" w="1682" /><ent r="4" t="162" w="1900" /><ent r="4" t="162" w="1961" /><ent r="4" t="162" w="2036" /><ent r="4" t="162" w="2188" /><ent r="4" t="163" w="498" /><ent r="6" t="163" w="767" /><ent r="3" t="163" w="785" /><ent r="3" t="163" w="881" /><ent r="4" t="163" w="1154" /><ent r="3" t="163" w="1364" /><ent r="4" t="163" w="1640" /><ent r="3" t="163" w="2125" /><ent r="4" t="163" w="2582" /><ent r="4" t="164" w="210" /><ent r="4" t="164" w="1032" /><ent r="5" t="164" w="1132" /><ent r="4" t="164" w="1143" /><ent r="5" t="164" w="1233" /><ent r="4" t="165" w="170" /><ent r="4" t="166" w="448" /><ent r="4" t="167" w="433" /><ent r="3" t="167" w="1073" /><ent r="3" t="167" w="1209" /><ent r="4" t="168" w="324" /><ent r="4" t="168" w="630" /><ent r="4" t="168" w="1153" /><ent r="4" t="169" w="338" /><ent r="3" t="169" w="1092" /><ent r="3" t="169" w="1100" /><ent r="4" t="169" w="1300" /><ent r="4" t="170" w="235" /><ent r="3" t="170" w="850" /><ent r="3" t="170" w="859" /><ent r="3" t="170" w="972" /><ent r="3" t="170" w="1175" /><ent r="4" t="171" w="51" /><ent r="3" t="172" w="22" /><ent r="3" t="177" w="186" /><ent r="4" t="177" w="270" /><ent r="4" t="177" w="321" /><ent r="6" t="179" w="100" /><ent r="3" t="187" w="146" /><ent r="3" t="190" w="90" /><ent r="3" t="191" w="244" /><ent r="3" t="192" w="180" /><ent r="3" t="193" w="133" /><ent r="3" t="194" w="178" /><ent r="4" t="195" w="237" /><ent r="4" t="195" w="289" /><ent r="5" t="198" w="72" /><ent r="3" t="199" w="135" /><ent r="3" t="199" w="179" /><ent r="3" t="200" w="173" /><ent r="6" t="201" w="221" /><ent r="6" t="201" w="430" /><ent r="3" t="203" w="21" /><ent r="3" t="204" w="21" /></phr><phr n="Down"><ent r="92" t="1" w="141" /><ent r="68" t="11" w="90" /><ent r="7" t="14" w="181" /><ent r="1000" t="56" w="3" /><ent r="102" t="56" w="18" /><ent r="3" t="56" w="24" /><ent r="3" t="56" w="147" /><ent r="3" t="73" w="77" /><ent r="92" t="103" w="137" /><ent r="4" t="169" w="1496" /></phr></stem><stem n="menu"><phr n="menus"><ent r="100" t="1" w="138" /><ent r="3" t="1" w="147" /><ent r="3" t="1" w="159" /><ent r="3" t="1" w="168" /><ent r="3" t="1" w="199" /><ent r="3" t="1" w="225" /><ent r="3" t="4" w="22" /><ent r="100" t="56" w="13" /><ent r="100" t="103" w="21" /><ent r="100" t="103" w="132" /><ent r="3" t="103" w="150" /><ent r="3" t="109" w="99" /><ent r="3" t="111" w="91" /><ent r="3" t="169" w="1767" /><ent r="3" t="169" w="1786" /></phr><phr n="Menus"><ent r="92" t="1" w="142" /><ent r="92" t="103" w="138" /></phr><phr n="Menu"><ent r="3" t="1" w="179" /><ent r="6" t="7" w="14" /><ent r="7" t="11" w="72" /><ent r="68" t="11" w="91" /><ent r="7" t="12" w="18" /><ent r="3" t="46" w="43" /><ent r="4" t="46" w="48" /><ent r="4" t="47" w="45" /><ent r="4" t="48" w="59" /><ent r="4" t="54" w="63" /><ent r="1000" t="56" w="4" /><ent r="102" t="56" w="19" /><ent r="3" t="56" w="25" /><ent r="4" t="75" w="91" /><ent r="4" t="75" w="120" /><ent r="4" t="75" w="175" /><ent r="4" t="75" w="204" /><ent r="4" t="75" w="277" /><ent r="6" t="80" w="122" /><ent r="3" t="99" w="132" /><ent r="65" t="103" w="430" /><ent r="4" t="105" w="127" /><ent r="65" t="105" w="154" /><ent r="64" t="107" w="138" /><ent r="1000" t="111" w="2" /><ent r="102" t="111" w="14" /><ent r="3" t="111" w="18" /><ent r="5" t="111" w="242" /><ent r="3" t="111" w="257" /><ent r="3" t="111" w="317" /><ent r="5" t="111" w="385" /><ent r="3" t="111" w="400" /><ent r="3" t="111" w="449" /><ent r="5" t="111" w="524" /><ent r="3" t="111" w="537" /><ent r="3" t="111" w="595" /><ent r="3" t="120" w="92" /><ent r="4" t="145" w="60" /><ent r="4" t="146" w="96" /><ent r="4" t="147" w="85" /><ent r="4" t="148" w="77" /><ent r="4" t="149" w="93" /><ent r="4" t="150" w="155" /><ent r="92" t="169" w="1646" /><ent r="3" t="169" w="1662" /><ent r="3" t="169" w="1677" /><ent r="3" t="169" w="1830" /><ent r="3" t="169" w="1855" /><ent r="3" t="169" w="1891" /><ent r="3" t="169" w="1912" /><ent r="3" t="169" w="1936" /><ent r="1000" t="208" w="4" /><ent r="102" t="208" w="31" /><ent r="3" t="208" w="42" /><ent r="6" t="208" w="51" /><ent r="1000" t="209" w="4" /><ent r="102" t="209" w="34" /><ent r="3" t="209" w="45" /><ent r="6" t="209" w="54" /><ent r="1000" t="210" w="4" /><ent r="100" t="210" w="26" /><ent r="102" t="210" w="31" /><ent r="3" t="210" w="42" /><ent r="6" t="210" w="51" /></phr><phr n="menu"><ent r="4" t="1" w="283" /><ent r="4" t="2" w="68" /><ent r="4" t="4" w="138" /><ent r="7" t="9" w="27" /><ent r="7" t="11" w="86" /><ent r="7" t="12" w="54" /><ent r="6" t="12" w="76" /><ent r="3" t="14" w="48" /><ent r="4" t="18" w="41" /><ent r="3" t="18" w="157" /><ent r="4" t="21" w="242" /><ent r="4" t="23" w="34" /><ent r="4" t="30" w="36" /><ent r="4" t="32" w="108" /><ent r="3" t="35" w="34" /><ent r="4" t="36" w="44" /><ent r="4" t="36" w="57" /><ent r="3" t="37" w="13" /><ent r="3" t="37" w="39" /><ent r="3" t="37" w="52" /><ent r="3" t="38" w="13" /><ent r="3" t="38" w="51" /><ent r="3" t="38" w="64" /><ent r="3" t="38" w="81" /><ent r="4" t="38" w="104" /><ent r="4" t="38" w="129" /><ent r="4" t="38" w="161" /><ent r="3" t="39" w="79" /><ent r="4" t="40" w="46" /><ent r="4" t="41" w="89" /><ent r="4" t="42" w="135" /><ent r="4" t="43" w="117" /><ent r="4" t="44" w="55" /><ent r="4" t="44" w="93" /><ent r="4" t="45" w="53" /><ent r="4" t="48" w="70" /><ent r="3" t="49" w="98" /><ent r="4" t="50" w="184" /><ent r="100" t="56" w="9" /><ent r="3" t="56" w="61" /><ent r="3" t="64" w="62" /><ent r="4" t="67" w="51" /><ent r="3" t="67" w="309" /><ent r="4" t="68" w="56" /><ent r="4" t="69" w="55" /><ent r="4" t="70" w="96" /><ent r="4" t="70" w="172" /><ent r="3" t="73" w="122" /><ent r="3" t="75" w="253" /><ent r="4" t="76" w="74" /><ent r="3" t="76" w="98" /><ent r="4" t="76" w="108" /><ent r="3" t="77" w="66" /><ent r="4" t="78" w="54" /><ent r="4" t="79" w="126" /><ent r="3" t="79" w="156" /><ent r="4" t="79" w="166" /><ent r="3" t="80" w="56" /><ent r="3" t="80" w="98" /><ent r="3" t="80" w="107" /><ent r="4" t="81" w="59" /><ent r="3" t="81" w="86" /><ent r="4" t="81" w="106" /><ent r="4" t="82" w="80" /><ent r="3" t="82" w="106" /><ent r="4" t="83" w="76" /><ent r="3" t="83" w="124" /><ent r="4" t="84" w="64" /><ent r="3" t="84" w="100" /><ent r="5" t="85" w="71" /><ent r="3" t="85" w="87" /><ent r="4" t="85" w="99" /><ent r="5" t="85" w="195" /><ent r="3" t="85" w="212" /><ent r="4" t="85" w="224" /><ent r="5" t="86" w="72" /><ent r="3" t="86" w="89" /><ent r="4" t="86" w="101" /><ent r="4" t="87" w="63" /><ent r="4" t="88" w="95" /><ent r="3" t="88" w="130" /><ent r="4" t="89" w="98" /><ent r="3" t="89" w="133" /><ent r="3" t="90" w="166" /><ent r="3" t="90" w="258" /><ent r="3" t="91" w="100" /><ent r="3" t="92" w="130" /><ent r="4" t="94" w="135" /><ent r="4" t="95" w="77" /><ent r="4" t="96" w="90" /><ent r="4" t="97" w="91" /><ent r="4" t="98" w="304" /><ent r="3" t="99" w="37" /><ent r="3" t="99" w="94" /><ent r="4" t="99" w="110" /><ent r="3" t="103" w="98" /><ent r="3" t="103" w="178" /><ent r="3" t="103" w="192" /><ent r="3" t="103" w="206" /><ent r="4" t="103" w="414" /><ent r="4" t="105" w="31" /><ent r="4" t="105" w="144" /><ent r="3" t="105" w="273" /><ent r="4" t="106" w="45" /><ent r="4" t="106" w="70" /><ent r="4" t="107" w="58" /><ent r="4" t="107" w="81" /><ent r="3" t="107" w="133" /><ent r="3" t="107" w="148" /><ent r="3" t="107" w="163" /><ent r="3" t="107" w="179" /><ent r="4" t="108" w="31" /><ent r="3" t="109" w="58" /><ent r="100" t="111" w="5" /><ent r="100" t="111" w="10" /><ent r="4" t="111" w="48" /><ent r="4" t="111" w="52" /><ent r="4" t="111" w="60" /><ent r="4" t="111" w="66" /><ent r="4" t="111" w="79" /><ent r="3" t="111" w="115" /><ent r="3" t="111" w="159" /><ent r="3" t="111" w="163" /><ent r="3" t="111" w="178" /><ent r="3" t="111" w="188" /><ent r="3" t="111" w="201" /><ent r="3" t="111" w="209" /><ent r="3" t="111" w="218" /><ent r="3" t="111" w="224" /><ent r="3" t="111" w="255" /><ent r="3" t="111" w="308" /><ent r="3" t="111" w="315" /><ent r="3" t="111" w="320" /><ent r="4" t="111" w="333" /><ent r="3" t="111" w="346" /><ent r="3" t="111" w="366" /><ent r="3" t="111" w="398" /><ent r="4" t="111" w="433" /><ent r="3" t="111" w="440" /><ent r="3" t="111" w="447" /><ent r="3" t="111" w="452" /><ent r="3" t="111" w="464" /><ent r="3" t="111" w="588" /><ent r="3" t="111" w="598" /><ent r="4" t="113" w="68" /><ent r="4" t="114" w="70" /><ent r="4" t="115" w="47" /><ent r="4" t="115" w="168" /><ent r="3" t="119" w="45" /><ent r="4" t="119" w="103" /><ent r="4" t="121" w="43" /><ent r="4" t="122" w="78" /><ent r="4" t="123" w="48" /><ent r="4" t="124" w="45" /><ent r="4" t="125" w="47" /><ent r="3" t="128" w="156" /><ent r="3" t="128" w="190" /><ent r="4" t="130" w="47" /><ent r="4" t="132" w="86" /><ent r="4" t="133" w="86" /><ent r="4" t="134" w="100" /><ent r="4" t="135" w="95" /><ent r="4" t="136" w="86" /><ent r="4" t="137" w="82" /><ent r="4" t="138" w="83" /><ent r="4" t="139" w="93" /><ent r="4" t="143" w="81" /><ent r="4" t="147" w="111" /><ent r="4" t="160" w="112" /><ent r="4" t="160" w="123" /><ent r="4" t="162" w="349" /><ent r="4" t="162" w="531" /><ent r="4" t="162" w="602" /><ent r="4" t="162" w="675" /><ent r="3" t="162" w="783" /><ent r="3" t="162" w="951" /><ent r="3" t="162" w="1050" /><ent r="3" t="162" w="1054" /><ent r="4" t="162" w="1137" /><ent r="4" t="162" w="1469" /><ent r="4" t="162" w="1471" /><ent r="3" t="162" w="1492" /><ent r="4" t="162" w="1537" /><ent r="3" t="162" w="1586" /><ent r="4" t="162" w="1645" /><ent r="4" t="162" w="1700" /><ent r="4" t="162" w="1777" /><ent r="4" t="162" w="1901" /><ent r="4" t="162" w="1962" /><ent r="4" t="162" w="2081" /><ent r="4" t="162" w="2139" /><ent r="4" t="162" w="2310" /><ent r="4" t="162" w="2339" /><ent r="4" t="163" w="499" /><ent r="4" t="163" w="681" /><ent r="6" t="163" w="768" /><ent r="3" t="163" w="882" /><ent r="4" t="163" w="988" /><ent r="4" t="163" w="1117" /><ent r="4" t="163" w="1213" /><ent r="4" t="163" w="1794" /><ent r="4" t="163" w="2169" /><ent r="4" t="163" w="2490" /><ent r="4" t="164" w="211" /><ent r="4" t="164" w="393" /><ent r="4" t="164" w="792" /><ent r="4" t="164" w="1013" /><ent r="5" t="164" w="1133" /><ent r="4" t="164" w="1144" /><ent r="4" t="165" w="171" /><ent r="4" t="166" w="449" /><ent r="4" t="166" w="631" /><ent r="6" t="166" w="791" /><ent r="4" t="167" w="434" /><ent r="4" t="167" w="616" /><ent r="3" t="167" w="1210" /><ent r="4" t="168" w="274" /><ent r="4" t="168" w="325" /><ent r="4" t="168" w="508" /><ent r="4" t="168" w="665" /><ent r="4" t="168" w="869" /><ent r="4" t="168" w="882" /><ent r="4" t="168" w="910" /><ent r="4" t="168" w="970" /><ent r="4" t="169" w="75" /><ent r="4" t="169" w="339" /><ent r="4" t="169" w="520" /><ent r="3" t="169" w="1696" /><ent r="4" t="169" w="1716" /><ent r="3" t="169" w="1748" /><ent r="3" t="169" w="1794" /><ent r="3" t="169" w="1821" /><ent r="3" t="169" w="1847" /><ent r="3" t="169" w="1879" /><ent r="3" t="169" w="1902" /><ent r="4" t="169" w="2007" /><ent r="4" t="169" w="2070" /><ent r="4" t="169" w="2086" /><ent r="4" t="170" w="236" /><ent r="4" t="170" w="419" /><ent r="6" t="170" w="446" /><ent r="6" t="170" w="1432" /><ent r="3" t="170" w="1508" /><ent r="4" t="170" w="1587" /><ent r="4" t="179" w="64" /><ent r="4" t="179" w="72" /><ent r="4" t="199" w="88" /><ent r="4" t="200" w="77" /><ent r="100" t="208" w="19" /><ent r="100" t="208" w="26" /><ent r="3" t="208" w="35" /><ent r="100" t="209" w="22" /><ent r="100" t="209" w="29" /><ent r="3" t="209" w="38" /><ent r="100" t="210" w="19" /><ent r="3" t="210" w="35" /></phr></stem><stem n="command"><phr n="commands"><ent r="3" t="1" w="149" /><ent r="3" t="1" w="180" /><ent r="3" t="1" w="190" /><ent r="3" t="91" w="30" /><ent r="4" t="160" w="313" /></phr><phr n="command"><ent r="7" t="5" w="79" /><ent r="7" t="5" w="115" /><ent r="7" t="5" w="152" /><ent r="3" t="19" w="50" /><ent r="3" t="91" w="36" /><ent r="3" t="91" w="64" /><ent r="4" t="105" w="136" /><ent r="3" t="105" w="274" /><ent r="3" t="107" w="186" /><ent r="3" t="111" w="30" /><ent r="3" t="111" w="41" /><ent r="3" t="111" w="127" /><ent r="4" t="111" w="425" /><ent r="3" t="120" w="80" /><ent r="3" t="122" w="17" /><ent r="3" t="124" w="28" /><ent r="3" t="144" w="145" /><ent r="3" t="169" w="1740" /><ent r="3" t="169" w="1769" /><ent r="3" t="169" w="1788" /><ent r="3" t="169" w="1812" /><ent r="3" t="170" w="1618" /><ent r="4" t="170" w="1672" /></phr><phr n="Command"><ent r="92" t="19" w="41" /><ent r="92" t="170" w="1534" /></phr></stem><stem n="standard"><phr n="standard"><ent r="3" t="1" w="156" /><ent r="5" t="20" w="75" /><ent r="4" t="25" w="130" /><ent r="3" t="129" w="35" /><ent r="4" t="137" w="625" /><ent r="4" t="137" w="1026" /><ent r="4" t="138" w="497" /><ent r="5" t="145" w="394" /><ent r="5" t="150" w="543" /><ent r="3" t="152" w="886" /><ent r="4" t="155" w="234" /><ent r="3" t="163" w="275" /><ent r="3" t="166" w="175" /><ent r="3" t="167" w="165" /><ent r="3" t="171" w="37" /><ent r="4" t="171" w="68" /><ent r="3" t="179" w="48" /><ent r="4" t="206" w="157" /></phr><phr n="Standard"><ent r="64" t="4" w="222" /><ent r="1000" t="5" w="1" /><ent r="100" t="5" w="4" /><ent r="100" t="5" w="8" /><ent r="102" t="5" w="10" /><ent r="64" t="18" w="56" /><ent r="92" t="22" w="140" /><ent r="64" t="32" w="120" /><ent r="64" t="44" w="78" /><ent r="3" t="44" w="125" /><ent r="64" t="45" w="65" /><ent r="5" t="137" w="612" /><ent r="5" t="137" w="1013" /><ent r="5" t="138" w="485" /><ent r="6" t="145" w="381" /><ent r="6" t="150" w="530" /><ent r="64" t="162" w="329" /><ent r="3" t="162" w="2100" /><ent r="64" t="168" w="302" /><ent r="3" t="178" w="735" /><ent r="5" t="206" w="144" /></phr><phr n="standards"><ent r="3" t="194" w="238" /></phr></stem><stem n="-in"><phr n="-ins"><ent r="3" t="1" w="161" /><ent r="3" t="1" w="161" /><ent r="3" t="1" w="592" /><ent r="3" t="1" w="592" /><ent r="3" t="20" w="435" /><ent r="3" t="20" w="435" /><ent r="3" t="67" w="392" /><ent r="3" t="67" w="392" /><ent r="3" t="92" w="24" /><ent r="3" t="92" w="24" /><ent r="3" t="98" w="325" /><ent r="3" t="98" w="325" /><ent r="4" t="98" w="356" /><ent r="4" t="98" w="356" /><ent r="4" t="98" w="362" /><ent r="4" t="98" w="362" /><ent r="4" t="112" w="149" /><ent r="4" t="112" w="149" /><ent r="3" t="112" w="363" /><ent r="3" t="112" w="363" /><ent r="3" t="112" w="370" /><ent r="3" t="112" w="370" /><ent r="8" t="112" w="531" /><ent r="8" t="112" w="531" /><ent r="3" t="129" w="22" /><ent r="3" t="129" w="22" /><ent r="4" t="151" w="70" /><ent r="4" t="151" w="70" /><ent r="3" t="151" w="95" /><ent r="3" t="151" w="95" /><ent r="3" t="169" w="1540" /><ent r="3" t="169" w="1540" /><ent r="3" t="170" w="1256" /><ent r="3" t="170" w="1256" /><ent r="3" t="187" w="260" /><ent r="3" t="187" w="260" /><ent r="3" t="205" w="20" /><ent r="3" t="205" w="20" /><ent r="3" t="205" w="35" /><ent r="3" t="205" w="35" /><ent r="3" t="205" w="47" /><ent r="3" t="205" w="47" /></phr><phr n="-Ins"><ent r="92" t="1" w="580" /><ent r="92" t="1" w="580" /><ent r="92" t="67" w="378" /><ent r="92" t="67" w="378" /><ent r="3" t="67" w="383" /><ent r="3" t="67" w="383" /><ent r="3" t="98" w="320" /><ent r="3" t="98" w="320" /><ent r="4" t="151" w="57" /><ent r="4" t="151" w="57" /><ent r="4" t="151" w="62" /><ent r="4" t="151" w="62" /></phr><phr n="-in"><ent r="6" t="3" w="75" /><ent r="6" t="3" w="75" /><ent r="3" t="91" w="50" /><ent r="3" t="91" w="50" /><ent r="3" t="92" w="36" /><ent r="3" t="92" w="36" /><ent r="3" t="92" w="54" /><ent r="3" t="92" w="54" /><ent r="3" t="92" w="95" /><ent r="3" t="92" w="95" /><ent r="3" t="92" w="101" /><ent r="3" t="92" w="101" /><ent r="4" t="98" w="372" /><ent r="4" t="98" w="372" /><ent r="3" t="98" w="427" /><ent r="3" t="98" w="427" /><ent r="100" t="112" w="75" /><ent r="100" t="112" w="75" /><ent r="4" t="112" w="128" /><ent r="4" t="112" w="128" /><ent r="3" t="112" w="329" /><ent r="3" t="112" w="329" /><ent r="8" t="112" w="435" /><ent r="8" t="112" w="435" /><ent r="8" t="112" w="450" /><ent r="8" t="112" w="450" /><ent r="8" t="112" w="466" /><ent r="8" t="112" w="466" /><ent r="8" t="112" w="485" /><ent r="8" t="112" w="485" /><ent r="8" t="112" w="508" /><ent r="8" t="112" w="508" /><ent r="8" t="112" w="550" /><ent r="8" t="112" w="550" /><ent r="100" t="114" w="15" /><ent r="100" t="114" w="15" /><ent r="3" t="114" w="30" /><ent r="3" t="114" w="30" /><ent r="3" t="151" w="17" /><ent r="3" t="151" w="17" /><ent r="3" t="151" w="25" /><ent r="3" t="151" w="25" /><ent r="3" t="151" w="35" /><ent r="3" t="151" w="35" /><ent r="3" t="151" w="44" /><ent r="3" t="151" w="44" /><ent r="3" t="151" w="135" /><ent r="3" t="151" w="135" /><ent r="4" t="151" w="145" /><ent r="4" t="151" w="145" /><ent r="3" t="153" w="13" /><ent r="3" t="153" w="13" /><ent r="100" t="155" w="14" /><ent r="100" t="155" w="14" /><ent r="3" t="155" w="112" /><ent r="3" t="155" w="112" /><ent r="3" t="156" w="32" /><ent r="3" t="156" w="32" /><ent r="3" t="160" w="87" /><ent r="3" t="160" w="87" /><ent r="3" t="161" w="127" /><ent r="3" t="161" w="127" /><ent r="3" t="162" w="695" /><ent r="3" t="162" w="695" /><ent r="3" t="162" w="710" /><ent r="3" t="162" w="710" /><ent r="3" t="162" w="1637" /><ent r="3" t="162" w="1637" /><ent r="100" t="165" w="13" /><ent r="100" t="165" w="13" /><ent r="4" t="169" w="218" /><ent r="4" t="169" w="218" /><ent r="92" t="169" w="604" /><ent r="92" t="169" w="604" /><ent r="4" t="169" w="654" /><ent r="4" t="169" w="654" /><ent r="4" t="170" w="624" /><ent r="4" t="170" w="624" /></phr><phr n="-In"><ent r="7" t="6" w="64" /><ent r="7" t="6" w="64" /><ent r="68" t="6" w="69" /><ent r="68" t="6" w="69" /><ent r="65" t="75" w="38" /><ent r="65" t="75" w="38" /><ent r="1000" t="92" w="2" /><ent r="1000" t="92" w="2" /><ent r="100" t="92" w="7" /><ent r="100" t="92" w="7" /><ent r="102" t="92" w="12" /><ent r="102" t="92" w="12" /><ent r="3" t="92" w="18" /><ent r="3" t="92" w="18" /><ent r="3" t="92" w="120" /><ent r="3" t="92" w="120" /><ent r="4" t="92" w="157" /><ent r="4" t="92" w="157" /><ent r="4" t="92" w="181" /><ent r="4" t="92" w="181" /><ent r="4" t="92" w="229" /><ent r="4" t="92" w="229" /><ent r="4" t="98" w="340" /><ent r="4" t="98" w="340" /><ent r="7" t="104" w="217" /><ent r="7" t="104" w="217" /><ent r="68" t="104" w="228" /><ent r="68" t="104" w="228" /><ent r="66" t="105" w="78" /><ent r="66" t="105" w="78" /><ent r="3" t="109" w="23" /><ent r="3" t="109" w="23" /><ent r="4" t="112" w="121" /><ent r="4" t="112" w="121" /><ent r="5" t="112" w="125" /><ent r="5" t="112" w="125" /><ent r="3" t="112" w="321" /><ent r="3" t="112" w="321" /><ent r="3" t="112" w="579" /><ent r="3" t="112" w="579" /><ent r="64" t="112" w="984" /><ent r="64" t="112" w="984" /><ent r="64" t="113" w="46" /><ent r="64" t="113" w="46" /><ent r="1000" t="114" w="3" /><ent r="1000" t="114" w="3" /><ent r="102" t="114" w="26" /><ent r="102" t="114" w="26" /><ent r="3" t="114" w="55" /><ent r="3" t="114" w="55" /><ent r="3" t="114" w="91" /><ent r="3" t="114" w="91" /><ent r="3" t="114" w="98" /><ent r="3" t="114" w="98" /><ent r="3" t="117" w="192" /><ent r="3" t="117" w="192" /><ent r="64" t="140" w="383" /><ent r="64" t="140" w="383" /><ent r="1000" t="151" w="1" /><ent r="1000" t="151" w="1" /><ent r="100" t="151" w="5" /><ent r="100" t="151" w="5" /><ent r="102" t="151" w="13" /><ent r="102" t="151" w="13" /><ent r="3" t="151" w="155" /><ent r="3" t="151" w="155" /><ent r="3" t="152" w="229" /><ent r="3" t="152" w="229" /><ent r="3" t="152" w="259" /><ent r="3" t="152" w="259" /><ent r="3" t="152" w="265" /><ent r="3" t="152" w="265" /><ent r="3" t="152" w="294" /><ent r="3" t="152" w="294" /><ent r="1000" t="155" w="7" /><ent r="1000" t="155" w="7" /><ent r="102" t="155" w="30" /><ent r="102" t="155" w="30" /><ent r="3" t="155" w="39" /><ent r="3" t="155" w="39" /><ent r="64" t="155" w="319" /><ent r="64" t="155" w="319" /><ent r="1000" t="156" w="7" /><ent r="1000" t="156" w="7" /><ent r="3" t="158" w="18" /><ent r="3" t="158" w="18" /><ent r="64" t="161" w="359" /><ent r="64" t="161" w="359" /><ent r="1000" t="165" w="6" /><ent r="1000" t="165" w="6" /><ent r="102" t="165" w="23" /><ent r="102" t="165" w="23" /><ent r="4" t="165" w="83" /><ent r="4" t="165" w="83" /><ent r="4" t="165" w="112" /><ent r="4" t="165" w="112" /><ent r="3" t="165" w="643" /><ent r="3" t="165" w="643" /><ent r="4" t="169" w="627" /><ent r="4" t="169" w="627" /><ent r="4" t="169" w="637" /><ent r="4" t="169" w="637" /><ent r="4" t="170" w="550" /><ent r="4" t="170" w="550" /><ent r="92" t="170" w="583" /><ent r="92" t="170" w="583" /><ent r="5" t="170" w="591" /><ent r="5" t="170" w="591" /><ent r="4" t="170" w="604" /><ent r="4" t="170" w="604" /><ent r="4" t="170" w="614" /><ent r="4" t="170" w="614" /><ent r="7" t="210" w="108" /><ent r="7" t="210" w="108" /><ent r="68" t="210" w="119" /><ent r="68" t="210" w="119" /></phr></stem></index>