﻿<?xml version="1.0" encoding="utf-8"?><index><stem n="360"><phr n="360"><ent r="6" t="7" w="212" /><ent r="6" t="7" w="214" /><ent r="7" t="38" w="158" /><ent r="7" t="38" w="160" /><ent r="6" t="210" w="522" /><ent r="6" t="210" w="645" /></phr></stem><stem n="-360."><phr n="-360."><ent r="6" t="7" w="215" /><ent r="6" t="7" w="215" /><ent r="7" t="38" w="161" /><ent r="7" t="38" w="161" /></phr></stem><stem n="freeli"><phr n="freely"><ent r="6" t="7" w="221" /><ent r="7" t="38" w="168" /></phr></stem><stem n="reset"><phr n="Resets"><ent r="6" t="7" w="238" /><ent r="7" t="38" w="183" /></phr><phr n="Reset"><ent r="7" t="38" w="181" /><ent r="4" t="129" w="288" /><ent r="4" t="129" w="479" /><ent r="4" t="129" w="500" /><ent r="5" t="130" w="434" /><ent r="4" t="157" w="163" /><ent r="4" t="165" w="1063" /><ent r="3" t="165" w="1974" /><ent r="5" t="206" w="231" /></phr><phr n="reset"><ent r="3" t="41" w="140" /><ent r="4" t="41" w="169" /><ent r="3" t="130" w="411" /><ent r="4" t="165" w="66" /><ent r="4" t="165" w="1067" /><ent r="4" t="165" w="1693" /><ent r="3" t="165" w="1982" /></phr><phr n="Resetting"><ent r="92" t="129" w="446" /><ent r="3" t="129" w="450" /></phr><phr n="resetting"><ent r="3" t="129" w="627" /></phr></stem><stem n="origin"><phr n="original"><ent r="6" t="7" w="244" /><ent r="7" t="38" w="189" /><ent r="3" t="43" w="84" /><ent r="3" t="77" w="220" /><ent r="7" t="82" w="218" /><ent r="3" t="155" w="110" /><ent r="3" t="155" w="121" /><ent r="3" t="155" w="136" /><ent r="3" t="155" w="894" /><ent r="3" t="155" w="902" /><ent r="3" t="156" w="249" /><ent r="3" t="165" w="265" /><ent r="4" t="165" w="1072" /><ent r="4" t="171" w="748" /><ent r="3" t="172" w="1139" /><ent r="3" t="173" w="898" /><ent r="5" t="204" w="153" /><ent r="5" t="206" w="235" /><ent r="3" t="215" w="458" /></phr><phr n="origin"><ent r="3" t="98" w="432" /><ent r="3" t="145" w="220" /><ent r="3" t="145" w="223" /></phr><phr n="Origin"><ent r="5" t="98" w="458" /><ent r="4" t="143" w="202" /></phr><phr n="originally"><ent r="4" t="155" w="573" /><ent r="3" t="158" w="85" /></phr><phr n="Original"><ent r="3" t="165" w="274" /></phr></stem><stem n="orient"><phr n="orientation"><ent r="6" t="7" w="245" /><ent r="7" t="38" w="190" /><ent r="3" t="64" w="21" /><ent r="4" t="165" w="1075" /><ent r="5" t="206" w="236" /></phr><phr n="Orientation"><ent r="5" t="125" w="75" /></phr><phr n="oriented"><ent r="6" t="210" w="542" /></phr></stem><stem n="rgb"><phr n="RGB"><ent r="6" t="7" w="254" /><ent r="3" t="126" w="159" /><ent r="4" t="140" w="139" /><ent r="92" t="140" w="278" /><ent r="6" t="140" w="289" /><ent r="5" t="140" w="292" /><ent r="4" t="140" w="311" /><ent r="4" t="148" w="139" /><ent r="92" t="148" w="160" /><ent r="4" t="153" w="238" /><ent r="92" t="153" w="278" /><ent r="3" t="153" w="283" /><ent r="3" t="153" w="293" /><ent r="3" t="165" w="216" /><ent r="3" t="165" w="1192" /><ent r="4" t="165" w="1943" /><ent r="5" t="165" w="1956" /><ent r="4" t="165" w="1967" /><ent r="4" t="167" w="1491" /><ent r="3" t="167" w="1519" /><ent r="3" t="190" w="162" /><ent r="5" t="206" w="305" /></phr></stem><stem n="grayscal"><phr n="grayscale"><ent r="6" t="7" w="256" /><ent r="6" t="82" w="271" /><ent r="3" t="87" w="39" /><ent r="5" t="87" w="63" /><ent r="5" t="87" w="187" /><ent r="3" t="88" w="34" /><ent r="5" t="88" w="64" /><ent r="3" t="126" w="27" /><ent r="4" t="140" w="143" /><ent r="6" t="140" w="714" /><ent r="4" t="148" w="137" /><ent r="4" t="153" w="236" /><ent r="3" t="153" w="291" /><ent r="3" t="165" w="1214" /><ent r="3" t="165" w="1226" /><ent r="3" t="165" w="1358" /><ent r="4" t="165" w="1919" /><ent r="5" t="206" w="285" /></phr><phr n="Grayscale"><ent r="92" t="140" w="702" /><ent r="92" t="148" w="158" /><ent r="92" t="153" w="276" /><ent r="3" t="153" w="281" /><ent r="5" t="206" w="245" /><ent r="5" t="206" w="255" /></phr></stem><stem n="refresh"><phr n="Refreshes"><ent r="7" t="7" w="259" /></phr><phr n="refreshes"><ent r="3" t="36" w="21" /><ent r="4" t="36" w="68" /><ent r="4" t="36" w="79" /></phr><phr n="refresh"><ent r="3" t="111" w="42" /></phr><phr n="Refresh"><ent r="5" t="206" w="205" /></phr></stem><stem n="r"><phr n="R"><ent r="7" t="7" w="267" /><ent r="5" t="153" w="324" /><ent r="7" t="181" w="492" /><ent r="5" t="206" w="210" /><ent r="5" t="206" w="318" /><ent r="5" t="218" w="127" /></phr></stem><stem n="forc"><phr n="Forces"><ent r="6" t="7" w="270" /></phr><phr n="forces"><ent r="3" t="40" w="89" /><ent r="4" t="190" w="330" /><ent r="4" t="190" w="428" /><ent r="4" t="190" w="503" /></phr><phr n="forced"><ent r="3" t="112" w="141" /><ent r="3" t="115" w="754" /><ent r="3" t="118" w="131" /></phr></stem><stem n="fulli"><phr n="fully"><ent r="6" t="7" w="273" /><ent r="3" t="40" w="92" /><ent r="4" t="98" w="272" /><ent r="3" t="172" w="112" /></phr></stem><stem n="render"><phr n="render"><ent r="6" t="7" w="274" /><ent r="3" t="40" w="93" /><ent r="3" t="99" w="309" /></phr><phr n="renders"><ent r="3" t="40" w="45" /></phr><phr n="rendering"><ent r="3" t="190" w="273" /></phr></stem><stem n="full"><phr n="full"><ent r="6" t="7" w="278" /><ent r="3" t="19" w="81" /><ent r="3" t="40" w="97" /><ent r="3" t="43" w="302" /><ent r="4" t="62" w="181" /><ent r="3" t="126" w="160" /><ent r="4" t="155" w="608" /><ent r="3" t="156" w="28" /><ent r="3" t="165" w="715" /><ent r="4" t="166" w="1340" /><ent r="4" t="173" w="1485" /><ent r="7" t="181" w="642" /></phr><phr n="Full"><ent r="67" t="7" w="282" /><ent r="1000" t="40" w="2" /><ent r="102" t="40" w="6" /><ent r="3" t="40" w="60" /><ent r="4" t="40" w="84" /><ent r="5" t="62" w="191" /><ent r="64" t="99" w="321" /></phr></stem><stem n="resolut"><phr n="resolution"><ent r="6" t="7" w="279" /><ent r="4" t="39" w="157" /><ent r="3" t="40" w="98" /><ent r="3" t="98" w="330" /><ent r="3" t="132" w="137" /><ent r="3" t="132" w="240" /><ent r="3" t="132" w="444" /><ent r="3" t="132" w="608" /><ent r="3" t="155" w="27" /><ent r="4" t="159" w="70" /><ent r="4" t="159" w="84" /><ent r="4" t="159" w="112" /><ent r="3" t="168" w="474" /><ent r="3" t="168" w="488" /><ent r="3" t="168" w="516" /><ent r="3" t="168" w="525" /><ent r="3" t="168" w="532" /><ent r="3" t="168" w="1213" /><ent r="3" t="169" w="1191" /><ent r="3" t="200" w="41" /><ent r="3" t="202" w="46" /><ent r="3" t="215" w="489" /><ent r="3" t="215" w="511" /></phr><phr n="Resolution"><ent r="4" t="85" w="136" /><ent r="4" t="98" w="319" /><ent r="4" t="132" w="125" /><ent r="3" t="132" w="152" /><ent r="4" t="132" w="228" /><ent r="3" t="132" w="255" /><ent r="4" t="132" w="432" /><ent r="3" t="132" w="459" /><ent r="4" t="132" w="596" /><ent r="3" t="132" w="623" /><ent r="92" t="200" w="21" /><ent r="4" t="200" w="29" /><ent r="3" t="200" w="56" /><ent r="92" t="202" w="26" /><ent r="4" t="202" w="34" /><ent r="3" t="202" w="61" /></phr></stem><stem n=":aoi"><phr n=":AOI"><ent r="100" t="8" w="8" /><ent r="100" t="51" w="4" /><ent r="100" t="51" w="7" /><ent r="100" t="55" w="10" /><ent r="100" t="135" w="14" /></phr></stem><stem n="new"><phr n="New"><ent r="64" t="8" w="38" /><ent r="64" t="11" w="37" /><ent r="64" t="47" w="195" /><ent r="64" t="48" w="99" /><ent r="1000" t="49" w="3" /><ent r="102" t="49" w="8" /><ent r="5" t="49" w="62" /><ent r="4" t="49" w="67" /><ent r="5" t="51" w="178" /><ent r="64" t="56" w="85" /><ent r="4" t="58" w="47" /><ent r="4" t="60" w="56" /><ent r="5" t="62" w="161" /><ent r="5" t="64" w="57" /><ent r="5" t="66" w="137" /><ent r="64" t="68" w="139" /><ent r="64" t="69" w="438" /><ent r="64" t="70" w="142" /><ent r="1000" t="71" w="3" /><ent r="102" t="71" w="8" /><ent r="5" t="71" w="59" /><ent r="64" t="72" w="253" /><ent r="64" t="119" w="113" /><ent r="1000" t="120" w="3" /><ent r="102" t="120" w="14" /><ent r="3" t="120" w="19" /><ent r="4" t="120" w="48" /><ent r="64" t="121" w="108" /><ent r="64" t="123" w="95" /><ent r="3" t="156" w="31" /><ent r="5" t="166" w="1253" /><ent r="5" t="166" w="2551" /><ent r="4" t="166" w="2578" /><ent r="4" t="166" w="2664" /><ent r="5" t="167" w="692" /><ent r="4" t="168" w="1032" /><ent r="5" t="170" w="841" /><ent r="5" t="171" w="566" /><ent r="3" t="171" w="578" /><ent r="92" t="171" w="903" /><ent r="5" t="171" w="964" /><ent r="3" t="171" w="1092" /><ent r="4" t="171" w="1219" /><ent r="3" t="171" w="1234" /><ent r="3" t="171" w="1260" /><ent r="3" t="175" w="18" /><ent r="4" t="180" w="368" /><ent r="93" t="215" w="143" /><ent r="7" t="217" w="73" /></phr><phr n="new"><ent r="7" t="8" w="123" /><ent r="7" t="8" w="139" /><ent r="7" t="11" w="185" /><ent r="7" t="13" w="64" /><ent r="4" t="25" w="57" /><ent r="3" t="26" w="54" /><ent r="4" t="26" w="169" /><ent r="4" t="29" w="88" /><ent r="3" t="41" w="93" /><ent r="3" t="43" w="43" /><ent r="3" t="43" w="88" /><ent r="4" t="43" w="247" /><ent r="4" t="47" w="90" /><ent r="4" t="47" w="116" /><ent r="100" t="49" w="12" /><ent r="100" t="49" w="17" /><ent r="3" t="49" w="22" /><ent r="4" t="49" w="87" /><ent r="3" t="49" w="110" /><ent r="4" t="51" w="192" /><ent r="4" t="51" w="219" /><ent r="7" t="52" w="106" /><ent r="7" t="52" w="168" /><ent r="4" t="53" w="146" /><ent r="4" t="54" w="52" /><ent r="4" t="55" w="186" /><ent r="3" t="55" w="203" /><ent r="4" t="58" w="135" /><ent r="4" t="58" w="173" /><ent r="4" t="58" w="234" /><ent r="4" t="58" w="276" /><ent r="4" t="59" w="118" /><ent r="4" t="60" w="155" /><ent r="4" t="60" w="194" /><ent r="4" t="60" w="277" /><ent r="4" t="62" w="155" /><ent r="3" t="66" w="131" /><ent r="4" t="66" w="142" /><ent r="64" t="70" w="107" /><ent r="100" t="71" w="12" /><ent r="100" t="71" w="17" /><ent r="100" t="71" w="19" /><ent r="3" t="71" w="34" /><ent r="4" t="71" w="40" /><ent r="3" t="73" w="203" /><ent r="3" t="75" w="33" /><ent r="4" t="75" w="215" /><ent r="3" t="75" w="255" /><ent r="4" t="75" w="269" /><ent r="4" t="75" w="282" /><ent r="4" t="81" w="109" /><ent r="3" t="88" w="18" /><ent r="3" t="100" w="197" /><ent r="3" t="100" w="233" /><ent r="4" t="100" w="436" /><ent r="3" t="100" w="475" /><ent r="7" t="106" w="25" /><ent r="4" t="110" w="67" /><ent r="3" t="111" w="33" /><ent r="3" t="113" w="175" /><ent r="3" t="113" w="478" /><ent r="3" t="120" w="23" /><ent r="3" t="120" w="52" /><ent r="3" t="120" w="86" /><ent r="3" t="121" w="20" /><ent r="3" t="121" w="54" /><ent r="4" t="130" w="392" /><ent r="4" t="130" w="480" /><ent r="4" t="130" w="490" /><ent r="4" t="130" w="525" /><ent r="4" t="130" w="535" /><ent r="5" t="131" w="207" /><ent r="4" t="131" w="278" /><ent r="3" t="133" w="21" /><ent r="3" t="135" w="172" /><ent r="3" t="136" w="174" /><ent r="3" t="141" w="211" /><ent r="4" t="142" w="151" /><ent r="3" t="142" w="185" /><ent r="5" t="144" w="126" /><ent r="3" t="144" w="144" /><ent r="4" t="145" w="161" /><ent r="3" t="145" w="178" /><ent r="5" t="146" w="165" /><ent r="3" t="146" w="182" /><ent r="6" t="147" w="63" /><ent r="3" t="147" w="81" /><ent r="4" t="148" w="82" /><ent r="3" t="148" w="99" /><ent r="4" t="149" w="237" /><ent r="3" t="149" w="254" /><ent r="3" t="150" w="166" /><ent r="3" t="150" w="183" /><ent r="4" t="151" w="100" /><ent r="3" t="151" w="117" /><ent r="3" t="152" w="127" /><ent r="4" t="152" w="196" /><ent r="3" t="152" w="213" /><ent r="4" t="153" w="181" /><ent r="3" t="153" w="198" /><ent r="3" t="155" w="125" /><ent r="3" t="155" w="542" /><ent r="3" t="155" w="950" /><ent r="3" t="156" w="53" /><ent r="3" t="156" w="260" /><ent r="3" t="166" w="266" /><ent r="3" t="166" w="387" /><ent r="3" t="166" w="2017" /><ent r="4" t="166" w="2558" /><ent r="4" t="167" w="667" /><ent r="5" t="167" w="916" /><ent r="4" t="167" w="1278" /><ent r="4" t="167" w="1290" /><ent r="4" t="167" w="1295" /><ent r="4" t="168" w="1038" /><ent r="4" t="171" w="64" /><ent r="4" t="171" w="167" /><ent r="4" t="171" w="172" /><ent r="4" t="171" w="1071" /><ent r="3" t="171" w="1106" /><ent r="3" t="172" w="1868" /><ent r="4" t="173" w="88" /><ent r="4" t="173" w="100" /><ent r="4" t="173" w="788" /><ent r="3" t="173" w="1499" /><ent r="7" t="175" w="102" /><ent r="7" t="175" w="137" /><ent r="7" t="175" w="215" /><ent r="5" t="175" w="263" /><ent r="4" t="180" w="373" /><ent r="3" t="180" w="387" /><ent r="3" t="195" w="28" /><ent r="3" t="199" w="159" /><ent r="3" t="207" w="141" /><ent r="3" t="207" w="189" /><ent r="4" t="207" w="213" /><ent r="3" t="207" w="229" /><ent r="3" t="215" w="86" /><ent r="3" t="215" w="116" /><ent r="100" t="217" w="17" /><ent r="7" t="217" w="77" /><ent r="7" t="217" w="168" /></phr></stem><stem n="draw"><phr n="Draw"><ent r="7" t="8" w="58" /><ent r="7" t="13" w="58" /><ent r="100" t="51" w="234" /><ent r="4" t="51" w="241" /><ent r="4" t="167" w="707" /></phr><phr n="drawing"><ent r="4" t="39" w="179" /></phr><phr n="draw"><ent r="4" t="41" w="314" /><ent r="4" t="43" w="172" /><ent r="4" t="58" w="77" /><ent r="3" t="64" w="30" /><ent r="4" t="64" w="67" /><ent r="3" t="96" w="236" /><ent r="3" t="171" w="1104" /></phr></stem><stem n="eras"><phr n="Erase"><ent r="7" t="8" w="63" /><ent r="7" t="8" w="165" /></phr></stem><stem n="show"><phr n="Show"><ent r="7" t="8" w="77" /><ent r="7" t="8" w="89" /><ent r="7" t="13" w="80" /><ent r="64" t="47" w="198" /><ent r="64" t="48" w="102" /><ent r="1000" t="50" w="1" /><ent r="102" t="50" w="5" /><ent r="4" t="92" w="213" /><ent r="4" t="93" w="147" /><ent r="5" t="99" w="441" /><ent r="4" t="142" w="245" /></phr><phr n="Shows"><ent r="6" t="14" w="323" /></phr><phr n="shows"><ent r="3" t="21" w="354" /><ent r="3" t="118" w="275" /><ent r="4" t="165" w="1090" /><ent r="3" t="165" w="1173" /><ent r="3" t="165" w="1197" /><ent r="3" t="165" w="1219" /><ent r="4" t="165" w="2054" /><ent r="4" t="166" w="1015" /></phr><phr n="show"><ent r="100" t="50" w="9" /><ent r="100" t="50" w="16" /><ent r="3" t="50" w="22" /><ent r="4" t="99" w="387" /><ent r="3" t="142" w="235" /><ent r="3" t="151" w="288" /><ent r="4" t="172" w="2061" /></phr><phr n="showing"><ent r="3" t="166" w="2771" /></phr></stem><stem n="label"><phr n="Labels"><ent r="7" t="8" w="79" /><ent r="7" t="8" w="91" /><ent r="7" t="10" w="83" /><ent r="7" t="13" w="93" /><ent r="4" t="142" w="246" /><ent r="4" t="152" w="189" /></phr><phr n="labels"><ent r="7" t="8" w="86" /><ent r="7" t="10" w="95" /><ent r="3" t="142" w="236" /><ent r="3" t="142" w="255" /><ent r="3" t="152" w="37" /></phr><phr n="labeled"><ent r="7" t="10" w="109" /><ent r="3" t="21" w="378" /><ent r="4" t="138" w="147" /><ent r="4" t="162" w="113" /><ent r="4" t="169" w="846" /><ent r="4" t="171" w="829" /></phr><phr n="label"><ent r="7" t="13" w="117" /><ent r="7" t="13" w="148" /><ent r="4" t="51" w="254" /><ent r="3" t="136" w="158" /><ent r="4" t="142" w="135" /><ent r="3" t="152" w="43" /><ent r="3" t="152" w="111" /><ent r="3" t="152" w="133" /><ent r="3" t="152" w="178" /><ent r="3" t="169" w="1110" /><ent r="3" t="169" w="1114" /><ent r="5" t="175" w="190" /><ent r="3" t="212" w="29" /><ent r="3" t="213" w="24" /></phr><phr n="Label"><ent r="4" t="137" w="154" /></phr></stem><stem n="contain"><phr n="contains"><ent r="7" t="8" w="99" /><ent r="3" t="14" w="21" /><ent r="4" t="23" w="96" /><ent r="3" t="32" w="37" /><ent r="3" t="53" w="93" /><ent r="3" t="53" w="111" /><ent r="3" t="93" w="38" /><ent r="3" t="94" w="47" /><ent r="3" t="94" w="75" /><ent r="3" t="100" w="322" /><ent r="3" t="115" w="34" /><ent r="3" t="115" w="482" /><ent r="3" t="115" w="800" /><ent r="3" t="149" w="63" /><ent r="3" t="151" w="246" /><ent r="4" t="154" w="65" /><ent r="3" t="158" w="103" /><ent r="3" t="165" w="259" /><ent r="3" t="170" w="1237" /><ent r="3" t="173" w="133" /><ent r="3" t="182" w="126" /></phr><phr n="contain"><ent r="3" t="43" w="94" /><ent r="3" t="92" w="67" /><ent r="3" t="92" w="83" /><ent r="3" t="115" w="460" /><ent r="3" t="144" w="337" /><ent r="3" t="155" w="509" /><ent r="3" t="155" w="524" /><ent r="3" t="164" w="29" /><ent r="4" t="165" w="2238" /><ent r="4" t="168" w="1077" /><ent r="3" t="172" w="222" /><ent r="3" t="180" w="232" /></phr><phr n="contained"><ent r="4" t="98" w="273" /><ent r="3" t="155" w="496" /><ent r="4" t="155" w="579" /><ent r="3" t="166" w="807" /></phr><phr n="containing"><ent r="3" t="155" w="130" /><ent r="4" t="158" w="185" /><ent r="4" t="166" w="1309" /><ent r="4" t="166" w="1458" /></phr></stem><stem n="vector"><phr n="vector"><ent r="7" t="8" w="100" /><ent r="3" t="169" w="184" /><ent r="3" t="170" w="174" /></phr></stem><stem n="id"><phr n="IDs"><ent r="7" t="8" w="109" /></phr><phr n="ID"><ent r="3" t="92" w="97" /><ent r="3" t="92" w="145" /><ent r="3" t="129" w="28" /></phr></stem><stem n="append"><phr n="Append"><ent r="7" t="8" w="112" /><ent r="5" t="26" w="583" /></phr><phr n="appended"><ent r="3" t="26" w="33" /></phr><phr n="append"><ent r="4" t="26" w="589" /></phr></stem><stem n="ad"><phr n="added"><ent r="7" t="8" w="127" /><ent r="7" t="8" w="147" /><ent r="4" t="66" w="145" /><ent r="3" t="93" w="76" /><ent r="3" t="111" w="93" /><ent r="4" t="116" w="154" /><ent r="4" t="116" w="253" /><ent r="3" t="117" w="88" /><ent r="3" t="135" w="180" /><ent r="3" t="141" w="219" /><ent r="3" t="142" w="193" /><ent r="3" t="147" w="125" /><ent r="4" t="160" w="144" /><ent r="4" t="166" w="1476" /><ent r="3" t="167" w="736" /><ent r="4" t="168" w="855" /><ent r="3" t="169" w="737" /><ent r="4" t="171" w="142" /><ent r="3" t="172" w="1744" /><ent r="3" t="172" w="1772" /><ent r="3" t="172" w="1791" /><ent r="3" t="173" w="638" /><ent r="3" t="199" w="149" /></phr><phr n="adding"><ent r="3" t="105" w="330" /><ent r="3" t="115" w="278" /><ent r="3" t="215" w="239" /></phr><phr n="Adding"><ent r="3" t="113" w="124" /><ent r="3" t="113" w="470" /><ent r="92" t="115" w="159" /><ent r="3" t="172" w="1838" /><ent r="3" t="172" w="1863" /><ent r="3" t="172" w="1899" /><ent r="3" t="172" w="1920" /></phr></stem><stem n="pixel"><phr n="Pixel"><ent r="7" t="8" w="151" /><ent r="68" t="8" w="161" /><ent r="7" t="8" w="189" /><ent r="5" t="43" w="185" /><ent r="1000" t="52" w="2" /><ent r="100" t="52" w="6" /><ent r="100" t="52" w="11" /><ent r="102" t="52" w="16" /><ent r="3" t="52" w="22" /><ent r="3" t="52" w="39" /><ent r="3" t="52" w="57" /><ent r="5" t="99" w="442" /><ent r="3" t="167" w="722" /><ent r="4" t="167" w="866" /><ent r="4" t="168" w="1051" /><ent r="4" t="170" w="849" /></phr><phr n="Pixels"><ent r="7" t="8" w="168" /><ent r="7" t="8" w="174" /><ent r="7" t="8" w="193" /><ent r="3" t="155" w="13" /></phr><phr n="pixel"><ent r="7" t="10" w="93" /><ent r="6" t="11" w="330" /><ent r="3" t="13" w="43" /><ent r="4" t="26" w="395" /><ent r="4" t="26" w="540" /><ent r="4" t="26" w="555" /><ent r="3" t="39" w="30" /><ent r="4" t="39" w="214" /><ent r="4" t="43" w="193" /><ent r="7" t="52" w="70" /><ent r="3" t="54" w="23" /><ent r="4" t="54" w="46" /><ent r="3" t="55" w="30" /><ent r="3" t="55" w="83" /><ent r="3" t="65" w="19" /><ent r="3" t="65" w="44" /><ent r="3" t="65" w="73" /><ent r="3" t="74" w="69" /><ent r="3" t="75" w="149" /><ent r="3" t="81" w="57" /><ent r="4" t="98" w="297" /><ent r="4" t="98" w="306" /><ent r="4" t="99" w="479" /><ent r="3" t="100" w="19" /><ent r="3" t="100" w="231" /><ent r="4" t="143" w="307" /><ent r="3" t="143" w="314" /><ent r="3" t="144" w="209" /><ent r="3" t="153" w="33" /><ent r="3" t="153" w="90" /><ent r="3" t="153" w="120" /><ent r="3" t="156" w="156" /><ent r="3" t="156" w="175" /><ent r="4" t="160" w="97" /><ent r="4" t="160" w="104" /><ent r="4" t="160" w="138" /><ent r="4" t="160" w="140" /><ent r="4" t="165" w="1094" /><ent r="4" t="165" w="1105" /><ent r="3" t="166" w="145" /><ent r="3" t="166" w="197" /><ent r="3" t="166" w="210" /><ent r="3" t="166" w="971" /><ent r="3" t="166" w="973" /><ent r="3" t="166" w="1292" /><ent r="4" t="166" w="2301" /><ent r="3" t="167" w="133" /><ent r="3" t="167" w="137" /><ent r="4" t="168" w="836" /><ent r="4" t="168" w="852" /><ent r="4" t="169" w="672" /><ent r="3" t="174" w="29" /><ent r="7" t="181" w="311" /><ent r="7" t="181" w="431" /><ent r="7" t="181" w="435" /><ent r="7" t="181" w="439" /><ent r="7" t="181" w="442" /><ent r="7" t="181" w="445" /><ent r="7" t="181" w="448" /><ent r="7" t="181" w="560" /><ent r="7" t="181" w="567" /><ent r="3" t="181" w="783" /><ent r="3" t="190" w="52" /><ent r="3" t="190" w="102" /><ent r="5" t="206" w="335" /><ent r="6" t="210" w="121" /><ent r="7" t="212" w="44" /><ent r="7" t="213" w="40" /><ent r="3" t="215" w="139" /><ent r="3" t="215" w="168" /><ent r="3" t="215" w="196" /><ent r="3" t="215" w="371" /><ent r="3" t="215" w="388" /><ent r="3" t="215" w="454" /><ent r="3" t="215" w="508" /><ent r="3" t="215" w="534" /></phr><phr n="pixels"><ent r="7" t="10" w="103" /><ent r="4" t="26" w="80" /><ent r="5" t="26" w="409" /><ent r="5" t="26" w="426" /><ent r="5" t="26" w="442" /><ent r="5" t="26" w="483" /><ent r="3" t="40" w="137" /><ent r="4" t="42" w="228" /><ent r="3" t="51" w="27" /><ent r="4" t="51" w="45" /><ent r="4" t="51" w="49" /><ent r="4" t="51" w="249" /><ent r="3" t="51" w="274" /><ent r="4" t="53" w="86" /><ent r="3" t="53" w="95" /><ent r="3" t="53" w="107" /><ent r="3" t="53" w="113" /><ent r="3" t="59" w="52" /><ent r="4" t="67" w="47" /><ent r="4" t="67" w="55" /><ent r="3" t="75" w="92" /><ent r="3" t="79" w="16" /><ent r="3" t="79" w="31" /><ent r="4" t="98" w="198" /><ent r="4" t="98" w="201" /><ent r="3" t="98" w="358" /><ent r="4" t="99" w="195" /><ent r="3" t="99" w="254" /><ent r="3" t="100" w="205" /><ent r="3" t="100" w="277" /><ent r="3" t="100" w="473" /><ent r="3" t="105" w="356" /><ent r="3" t="132" w="172" /><ent r="3" t="132" w="275" /><ent r="3" t="132" w="479" /><ent r="3" t="132" w="643" /><ent r="3" t="135" w="191" /><ent r="5" t="140" w="437" /><ent r="5" t="140" w="854" /><ent r="3" t="141" w="230" /><ent r="4" t="141" w="292" /><ent r="4" t="141" w="312" /><ent r="4" t="141" w="331" /><ent r="4" t="141" w="351" /><ent r="3" t="142" w="204" /><ent r="3" t="143" w="283" /><ent r="5" t="148" w="569" /><ent r="3" t="149" w="190" /><ent r="5" t="153" w="722" /><ent r="3" t="160" w="218" /><ent r="3" t="165" w="147" /><ent r="3" t="165" w="169" /><ent r="4" t="165" w="1116" /><ent r="3" t="165" w="1288" /><ent r="3" t="165" w="1314" /><ent r="3" t="166" w="2042" /><ent r="3" t="166" w="2050" /><ent r="3" t="166" w="2058" /><ent r="4" t="166" w="2620" /><ent r="3" t="167" w="122" /><ent r="3" t="167" w="733" /><ent r="3" t="170" w="1280" /><ent r="7" t="181" w="95" /><ent r="7" t="181" w="530" /><ent r="3" t="200" w="76" /><ent r="3" t="202" w="81" /><ent r="3" t="215" w="95" /><ent r="3" t="215" w="430" /><ent r="3" t="215" w="492" /></phr></stem><stem n="-down."><phr n="-down."><ent r="7" t="8" w="159" /><ent r="7" t="8" w="159" /><ent r="3" t="55" w="99" /><ent r="3" t="55" w="99" /><ent r="3" t="55" w="119" /><ent r="3" t="55" w="119" /><ent r="3" t="66" w="295" /><ent r="3" t="66" w="295" /><ent r="4" t="165" w="572" /><ent r="4" t="165" w="572" /></phr></stem><stem n="merg"><phr n="Merge"><ent r="7" t="8" w="177" /><ent r="68" t="8" w="185" /><ent r="1000" t="53" w="1" /><ent r="102" t="53" w="10" /><ent r="4" t="53" w="14" /><ent r="4" t="53" w="38" /><ent r="3" t="53" w="44" /><ent r="5" t="53" w="80" /></phr><phr n="merge"><ent r="100" t="53" w="4" /><ent r="100" t="53" w="8" /><ent r="4" t="53" w="20" /><ent r="3" t="53" w="27" /><ent r="4" t="53" w="57" /><ent r="3" t="53" w="92" /><ent r="3" t="53" w="110" /><ent r="3" t="61" w="151" /><ent r="3" t="63" w="57" /></phr><phr n="merges"><ent r="3" t="63" w="20" /></phr></stem><stem n="marker"><phr n="Marker"><ent r="7" t="8" w="196" /><ent r="68" t="8" w="209" /><ent r="7" t="8" w="213" /><ent r="7" t="9" w="37" /><ent r="7" t="9" w="59" /><ent r="7" t="10" w="66" /><ent r="1000" t="54" w="3" /><ent r="102" t="54" w="13" /><ent r="4" t="54" w="35" /><ent r="5" t="139" w="130" /><ent r="92" t="141" w="160" /></phr><phr n="marker"><ent r="7" t="8" w="204" /><ent r="7" t="8" w="221" /><ent r="7" t="8" w="227" /><ent r="7" t="8" w="238" /><ent r="7" t="10" w="75" /><ent r="7" t="10" w="94" /><ent r="3" t="37" w="91" /><ent r="3" t="37" w="116" /><ent r="3" t="37" w="125" /><ent r="100" t="54" w="7" /><ent r="3" t="54" w="24" /><ent r="4" t="54" w="47" /><ent r="4" t="54" w="53" /><ent r="3" t="55" w="84" /><ent r="3" t="65" w="54" /><ent r="3" t="135" w="154" /><ent r="3" t="136" w="190" /><ent r="3" t="139" w="24" /><ent r="6" t="141" w="128" /><ent r="3" t="141" w="193" /><ent r="3" t="142" w="167" /><ent r="3" t="149" w="167" /><ent r="4" t="167" w="923" /></phr><phr n="markers"><ent r="3" t="55" w="31" /><ent r="3" t="81" w="58" /><ent r="3" t="149" w="31" /><ent r="4" t="160" w="197" /><ent r="3" t="167" w="134" /><ent r="4" t="168" w="913" /><ent r="3" t="174" w="30" /></phr></stem><stem n="symbol"><phr n="Symbol"><ent r="7" t="8" w="197" /><ent r="68" t="8" w="210" /><ent r="7" t="9" w="38" /><ent r="1000" t="54" w="4" /><ent r="102" t="54" w="14" /><ent r="4" t="54" w="36" /><ent r="4" t="55" w="95" /><ent r="5" t="135" w="133" /><ent r="5" t="136" w="147" /><ent r="4" t="136" w="166" /><ent r="5" t="139" w="142" /><ent r="4" t="141" w="172" /><ent r="5" t="142" w="143" /><ent r="4" t="149" w="141" /><ent r="4" t="149" w="174" /><ent r="4" t="152" w="119" /></phr><phr n="symbol"><ent r="7" t="8" w="205" /><ent r="100" t="54" w="8" /><ent r="3" t="136" w="72" /><ent r="3" t="149" w="146" /><ent r="3" t="149" w="186" /><ent r="4" t="166" w="1325" /><ent r="3" t="166" w="1356" /></phr><phr n="symbols"><ent r="3" t="149" w="152" /><ent r="3" t="166" w="1201" /><ent r="3" t="166" w="1407" /></phr></stem><stem n="color"><phr n="Color"><ent r="7" t="8" w="214" /><ent r="68" t="8" w="242" /><ent r="7" t="9" w="60" /><ent r="68" t="9" w="63" /><ent r="7" t="10" w="67" /><ent r="68" t="10" w="80" /><ent r="64" t="41" w="215" /><ent r="4" t="55" w="114" /><ent r="3" t="55" w="126" /><ent r="64" t="55" w="145" /><ent r="4" t="58" w="229" /><ent r="65" t="58" w="247" /><ent r="4" t="58" w="271" /><ent r="65" t="58" w="289" /><ent r="4" t="60" w="272" /><ent r="65" t="60" w="290" /><ent r="6" t="82" w="243" /><ent r="66" t="82" w="275" /><ent r="1000" t="87" w="1" /><ent r="100" t="87" w="5" /><ent r="100" t="87" w="8" /><ent r="102" t="87" w="11" /><ent r="3" t="87" w="14" /><ent r="5" t="87" w="91" /><ent r="5" t="87" w="103" /><ent r="4" t="87" w="113" /><ent r="5" t="87" w="216" /><ent r="100" t="87" w="228" /><ent r="5" t="87" w="232" /><ent r="4" t="87" w="238" /><ent r="64" t="87" w="277" /><ent r="1000" t="88" w="3" /><ent r="102" t="88" w="8" /><ent r="100" t="88" w="36" /><ent r="100" t="88" w="40" /><ent r="100" t="88" w="45" /><ent r="100" t="88" w="49" /><ent r="5" t="88" w="93" /><ent r="5" t="88" w="106" /><ent r="64" t="88" w="178" /><ent r="64" t="88" w="330" /><ent r="4" t="96" w="185" /><ent r="64" t="96" w="203" /><ent r="5" t="98" w="436" /><ent r="65" t="98" w="455" /><ent r="6" t="115" w="360" /><ent r="4" t="135" w="150" /><ent r="64" t="135" w="161" /><ent r="4" t="135" w="167" /><ent r="4" t="136" w="186" /><ent r="64" t="136" w="197" /><ent r="4" t="141" w="189" /><ent r="64" t="141" w="200" /><ent r="4" t="141" w="206" /><ent r="4" t="142" w="163" /><ent r="64" t="142" w="174" /><ent r="4" t="142" w="180" /><ent r="4" t="143" w="184" /><ent r="64" t="145" w="268" /><ent r="64" t="146" w="159" /><ent r="4" t="147" w="207" /><ent r="64" t="147" w="223" /><ent r="3" t="149" w="205" /><ent r="64" t="149" w="231" /><ent r="4" t="151" w="235" /><ent r="4" t="152" w="145" /><ent r="64" t="152" w="172" /><ent r="4" t="166" w="2632" /><ent r="4" t="166" w="2640" /><ent r="4" t="166" w="2742" /><ent r="4" t="167" w="924" /><ent r="5" t="169" w="849" /><ent r="4" t="169" w="858" /><ent r="3" t="171" w="646" /><ent r="4" t="171" w="830" /><ent r="1000" t="174" w="2" /><ent r="102" t="174" w="11" /><ent r="3" t="190" w="156" /><ent r="6" t="210" w="169" /><ent r="67" t="210" w="191" /><ent r="6" t="210" w="339" /><ent r="67" t="210" w="360" /><ent r="6" t="210" w="553" /><ent r="67" t="210" w="571" /></phr><phr n="color"><ent r="7" t="8" w="222" /><ent r="7" t="8" w="228" /><ent r="7" t="8" w="235" /><ent r="7" t="10" w="76" /><ent r="7" t="11" w="271" /><ent r="7" t="11" w="300" /><ent r="7" t="11" w="314" /><ent r="7" t="12" w="61" /><ent r="6" t="12" w="83" /><ent r="3" t="41" w="146" /><ent r="4" t="41" w="191" /><ent r="4" t="41" w="204" /><ent r="4" t="41" w="253" /><ent r="3" t="55" w="27" /><ent r="3" t="55" w="103" /><ent r="3" t="55" w="106" /><ent r="3" t="55" w="123" /><ent r="3" t="55" w="141" /><ent r="3" t="58" w="213" /><ent r="4" t="58" w="235" /><ent r="4" t="58" w="243" /><ent r="4" t="58" w="255" /><ent r="4" t="58" w="277" /><ent r="4" t="58" w="285" /><ent r="3" t="60" w="255" /><ent r="4" t="60" w="278" /><ent r="4" t="60" w="286" /><ent r="3" t="78" w="163" /><ent r="3" t="79" w="148" /><ent r="3" t="79" w="155" /><ent r="3" t="81" w="41" /><ent r="3" t="81" w="48" /><ent r="3" t="81" w="54" /><ent r="6" t="82" w="254" /><ent r="6" t="82" w="265" /><ent r="7" t="82" w="410" /><ent r="7" t="82" w="421" /><ent r="3" t="87" w="22" /><ent r="3" t="87" w="33" /><ent r="3" t="87" w="46" /><ent r="4" t="87" w="152" /><ent r="3" t="87" w="172" /><ent r="3" t="87" w="270" /><ent r="3" t="88" w="19" /><ent r="4" t="88" w="134" /><ent r="3" t="88" w="162" /><ent r="3" t="88" w="166" /><ent r="3" t="88" w="173" /><ent r="3" t="88" w="194" /><ent r="3" t="88" w="264" /><ent r="3" t="88" w="306" /><ent r="3" t="96" w="107" /><ent r="3" t="96" w="189" /><ent r="3" t="96" w="199" /><ent r="3" t="96" w="215" /><ent r="3" t="98" w="430" /><ent r="4" t="98" w="441" /><ent r="3" t="115" w="345" /><ent r="3" t="115" w="351" /><ent r="3" t="115" w="541" /><ent r="3" t="115" w="606" /><ent r="3" t="117" w="95" /><ent r="3" t="126" w="161" /><ent r="3" t="126" w="165" /><ent r="4" t="134" w="159" /><ent r="4" t="134" w="164" /><ent r="4" t="134" w="193" /><ent r="3" t="135" w="174" /><ent r="3" t="135" w="202" /><ent r="3" t="135" w="209" /><ent r="3" t="135" w="212" /><ent r="3" t="136" w="76" /><ent r="3" t="137" w="189" /><ent r="4" t="138" w="172" /><ent r="4" t="138" w="188" /><ent r="3" t="141" w="213" /><ent r="3" t="141" w="240" /><ent r="3" t="141" w="247" /><ent r="3" t="141" w="250" /><ent r="3" t="142" w="187" /><ent r="3" t="142" w="216" /><ent r="3" t="142" w="223" /><ent r="3" t="142" w="226" /><ent r="3" t="143" w="193" /><ent r="3" t="145" w="217" /><ent r="3" t="145" w="281" /><ent r="3" t="146" w="32" /><ent r="3" t="146" w="38" /><ent r="4" t="146" w="122" /><ent r="3" t="146" w="144" /><ent r="3" t="146" w="155" /><ent r="3" t="147" w="192" /><ent r="3" t="147" w="212" /><ent r="3" t="149" w="28" /><ent r="3" t="149" w="195" /><ent r="3" t="149" w="198" /><ent r="3" t="149" w="220" /><ent r="3" t="149" w="227" /><ent r="3" t="152" w="30" /><ent r="3" t="152" w="134" /><ent r="3" t="152" w="137" /><ent r="3" t="152" w="161" /><ent r="3" t="152" w="168" /><ent r="3" t="161" w="53" /><ent r="4" t="162" w="203" /><ent r="4" t="162" w="235" /><ent r="3" t="165" w="1612" /><ent r="4" t="165" w="2065" /><ent r="4" t="166" w="2726" /><ent r="3" t="167" w="129" /><ent r="4" t="167" w="933" /><ent r="4" t="167" w="944" /><ent r="4" t="167" w="1492" /><ent r="3" t="167" w="1531" /><ent r="3" t="167" w="1540" /><ent r="3" t="167" w="1550" /><ent r="3" t="169" w="50" /><ent r="4" t="169" w="77" /><ent r="4" t="169" w="844" /><ent r="4" t="169" w="864" /><ent r="4" t="169" w="868" /><ent r="3" t="169" w="1074" /><ent r="3" t="169" w="1095" /><ent r="3" t="169" w="1115" /><ent r="4" t="169" w="1126" /><ent r="4" t="170" w="665" /><ent r="4" t="170" w="673" /><ent r="3" t="170" w="710" /><ent r="3" t="171" w="653" /><ent r="4" t="171" w="842" /><ent r="100" t="174" w="4" /><ent r="100" t="174" w="8" /><ent r="3" t="174" w="21" /><ent r="3" t="174" w="38" /><ent r="4" t="174" w="42" /><ent r="4" t="174" w="62" /><ent r="4" t="174" w="73" /><ent r="3" t="174" w="83" /><ent r="4" t="174" w="96" /><ent r="4" t="174" w="101" /><ent r="4" t="174" w="112" /><ent r="4" t="174" w="120" /><ent r="4" t="174" w="129" /><ent r="3" t="190" w="167" /><ent r="6" t="210" w="176" /><ent r="6" t="210" w="347" /><ent r="6" t="210" w="561" /></phr><phr n="colored"><ent r="3" t="41" w="128" /><ent r="3" t="96" w="87" /><ent r="4" t="172" w="1002" /></phr><phr n="colors"><ent r="3" t="41" w="211" /><ent r="4" t="88" w="130" /><ent r="4" t="88" w="141" /><ent r="3" t="88" w="185" /><ent r="3" t="88" w="199" /><ent r="3" t="88" w="214" /><ent r="4" t="88" w="228" /><ent r="3" t="88" w="248" /><ent r="4" t="98" w="451" /><ent r="3" t="145" w="264" /><ent r="3" t="169" w="1225" /><ent r="4" t="174" w="69" /><ent r="4" t="174" w="133" /><ent r="6" t="210" w="187" /><ent r="6" t="210" w="356" /><ent r="6" t="210" w="567" /></phr><phr n="Colors"><ent r="5" t="88" w="121" /><ent r="5" t="174" w="141" /></phr></stem></index>