﻿<?xml version="1.0" encoding="utf-8"?><index><stem n="help"><phr n="help"><ent r="7" t="5" w="284" /><ent r="3" t="100" w="423" /><ent r="3" t="170" w="129" /><ent r="3" t="170" w="147" /><ent r="3" t="171" w="119" /><ent r="3" t="171" w="137" /></phr><phr n="Help"><ent r="3" t="113" w="403" /><ent r="4" t="159" w="268" /><ent r="3" t="172" w="1313" /><ent r="4" t="173" w="1641" /></phr><phr n="helpful"><ent r="3" t="169" w="1393" /></phr></stem><stem n=":toolbox"><phr n=":Toolbox"><ent r="100" t="6" w="8" /></phr></stem><stem n="messag"><phr n="Message"><ent r="7" t="6" w="50" /><ent r="68" t="6" w="58" /><ent r="65" t="77" w="30" /><ent r="1000" t="92" w="1" /><ent r="100" t="92" w="5" /><ent r="102" t="92" w="9" /><ent r="3" t="92" w="14" /><ent r="3" t="92" w="91" /><ent r="3" t="92" w="102" /><ent r="3" t="92" w="150" /><ent r="4" t="92" w="170" /><ent r="3" t="92" w="185" /><ent r="3" t="92" w="202" /><ent r="3" t="92" w="219" /><ent r="3" t="92" w="234" /><ent r="3" t="92" w="242" /><ent r="4" t="92" w="262" /></phr><phr n="message"><ent r="4" t="42" w="293" /><ent r="3" t="43" w="102" /><ent r="3" t="92" w="96" /><ent r="3" t="92" w="101" /><ent r="3" t="92" w="110" /><ent r="3" t="92" w="126" /><ent r="3" t="92" w="144" /><ent r="3" t="94" w="84" /><ent r="3" t="148" w="198" /><ent r="3" t="148" w="203" /><ent r="3" t="148" w="235" /><ent r="3" t="148" w="240" /><ent r="4" t="166" w="2253" /><ent r="4" t="166" w="2297" /><ent r="4" t="168" w="1426" /><ent r="4" t="168" w="1449" /><ent r="3" t="183" w="175" /></phr><phr n="messages"><ent r="3" t="92" w="75" /><ent r="3" t="92" w="88" /><ent r="5" t="132" w="222" /><ent r="100" t="210" w="10" /><ent r="3" t="210" w="23" /><ent r="4" t="210" w="133" /><ent r="4" t="210" w="144" /></phr><phr n="Messages"><ent r="3" t="92" w="79" /><ent r="66" t="132" w="212" /><ent r="1000" t="210" w="2" /><ent r="102" t="210" w="6" /><ent r="3" t="210" w="14" /><ent r="4" t="210" w="72" /><ent r="5" t="210" w="116" /><ent r="4" t="210" w="126" /></phr></stem><stem n="log"><phr n="Log"><ent r="7" t="6" w="51" /><ent r="68" t="6" w="59" /><ent r="65" t="77" w="31" /><ent r="1000" t="92" w="2" /><ent r="100" t="92" w="6" /><ent r="102" t="92" w="10" /><ent r="3" t="92" w="15" /><ent r="3" t="92" w="92" /><ent r="3" t="92" w="151" /><ent r="4" t="92" w="171" /><ent r="3" t="92" w="186" /><ent r="3" t="92" w="203" /><ent r="3" t="92" w="220" /><ent r="3" t="92" w="235" /><ent r="3" t="92" w="243" /><ent r="4" t="92" w="263" /></phr><phr n="logged"><ent r="3" t="92" w="62" /><ent r="3" t="92" w="77" /></phr><phr n="log"><ent r="7" t="180" w="74" /><ent r="7" t="180" w="82" /><ent r="7" t="180" w="88" /><ent r="3" t="183" w="176" /></phr></stem><stem n="background"><phr n="Background"><ent r="7" t="6" w="64" /><ent r="68" t="6" w="69" /><ent r="65" t="77" w="37" /><ent r="1000" t="94" w="1" /><ent r="100" t="94" w="6" /><ent r="102" t="94" w="11" /><ent r="3" t="94" w="17" /><ent r="3" t="94" w="119" /><ent r="4" t="94" w="134" /><ent r="4" t="94" w="156" /><ent r="4" t="94" w="180" /><ent r="4" t="94" w="228" /><ent r="5" t="98" w="436" /><ent r="6" t="115" w="359" /><ent r="5" t="141" w="241" /><ent r="4" t="144" w="183" /></phr><phr n="background"><ent r="4" t="28" w="80" /><ent r="4" t="28" w="122" /><ent r="4" t="28" w="177" /><ent r="4" t="28" w="286" /><ent r="3" t="94" w="28" /><ent r="3" t="94" w="53" /><ent r="3" t="98" w="430" /><ent r="4" t="98" w="441" /><ent r="3" t="115" w="344" /><ent r="4" t="141" w="254" /><ent r="3" t="144" w="192" /><ent r="3" t="146" w="216" /><ent r="3" t="204" w="42" /></phr></stem><stem n="script"><phr n="Scripting"><ent r="7" t="6" w="76" /><ent r="68" t="6" w="83" /><ent r="65" t="77" w="34" /><ent r="1000" t="93" w="1" /><ent r="100" t="93" w="4" /><ent r="102" t="93" w="7" /><ent r="4" t="93" w="104" /><ent r="3" t="93" w="118" /><ent r="4" t="93" w="139" /><ent r="64" t="93" w="160" /><ent r="1000" t="148" w="1" /><ent r="100" t="148" w="5" /><ent r="100" t="148" w="10" /><ent r="102" t="148" w="13" /><ent r="3" t="148" w="20" /><ent r="5" t="148" w="38" /><ent r="3" t="148" w="52" /></phr><phr n="scripting"><ent r="3" t="93" w="11" /><ent r="3" t="93" w="57" /><ent r="3" t="93" w="79" /><ent r="3" t="93" w="85" /><ent r="3" t="148" w="164" /></phr><phr n="script"><ent r="3" t="167" w="1901" /><ent r="3" t="167" w="1926" /></phr></stem><stem n="overview"><phr n="Overview"><ent r="7" t="6" w="88" /><ent r="68" t="6" w="105" /><ent r="1000" t="41" w="1" /><ent r="100" t="41" w="4" /><ent r="102" t="41" w="7" /><ent r="3" t="41" w="11" /><ent r="4" t="41" w="31" /><ent r="5" t="41" w="50" /><ent r="3" t="41" w="64" /><ent r="3" t="41" w="165" /><ent r="3" t="41" w="180" /><ent r="3" t="41" w="200" /><ent r="4" t="41" w="230" /><ent r="4" t="41" w="242" /><ent r="4" t="41" w="260" /><ent r="4" t="41" w="295" /><ent r="64" t="41" w="345" /><ent r="65" t="95" w="19" /><ent r="4" t="95" w="31" /><ent r="1000" t="96" w="2" /><ent r="102" t="96" w="6" /><ent r="3" t="96" w="14" /><ent r="64" t="96" w="27" /><ent r="3" t="96" w="78" /><ent r="4" t="96" w="120" /><ent r="5" t="96" w="173" /><ent r="3" t="96" w="220" /><ent r="5" t="166" w="683" /></phr><phr n="overview"><ent r="7" t="6" w="97" /><ent r="3" t="41" w="20" /><ent r="100" t="96" w="10" /><ent r="5" t="132" w="255" /><ent r="4" t="166" w="668" /><ent r="3" t="166" w="691" /><ent r="4" t="166" w="740" /></phr></stem><stem n="on"><phr n="one"><ent r="7" t="6" w="96" /><ent r="7" t="6" w="122" /><ent r="6" t="13" w="213" /><ent r="6" t="14" w="167" /><ent r="6" t="14" w="177" /><ent r="4" t="20" w="211" /><ent r="4" t="26" w="178" /><ent r="4" t="29" w="89" /><ent r="3" t="33" w="32" /><ent r="3" t="34" w="28" /><ent r="3" t="34" w="43" /><ent r="3" t="42" w="195" /><ent r="3" t="44" w="68" /><ent r="3" t="51" w="128" /><ent r="3" t="56" w="80" /><ent r="65" t="64" w="45" /><ent r="3" t="71" w="35" /><ent r="4" t="87" w="108" /><ent r="3" t="88" w="25" /><ent r="4" t="98" w="297" /><ent r="4" t="98" w="306" /><ent r="3" t="100" w="22" /><ent r="3" t="105" w="435" /><ent r="3" t="112" w="18" /><ent r="4" t="113" w="78" /><ent r="3" t="115" w="724" /><ent r="3" t="118" w="27" /><ent r="3" t="119" w="33" /><ent r="3" t="124" w="58" /><ent r="3" t="124" w="61" /><ent r="4" t="128" w="68" /><ent r="3" t="130" w="565" /><ent r="5" t="141" w="328" /><ent r="4" t="141" w="477" /><ent r="4" t="141" w="480" /><ent r="4" t="141" w="484" /><ent r="5" t="149" w="460" /><ent r="3" t="154" w="35" /><ent r="5" t="154" w="226" /><ent r="5" t="154" w="581" /><ent r="3" t="156" w="242" /><ent r="4" t="156" w="581" /><ent r="4" t="156" w="593" /><ent r="3" t="158" w="91" /><ent r="3" t="158" w="118" /><ent r="4" t="159" w="213" /><ent r="4" t="160" w="169" /><ent r="4" t="160" w="179" /><ent r="3" t="161" w="60" /><ent r="3" t="161" w="68" /><ent r="4" t="161" w="179" /><ent r="4" t="163" w="132" /><ent r="3" t="164" w="93" /><ent r="4" t="164" w="300" /><ent r="4" t="166" w="1403" /><ent r="4" t="166" w="1965" /><ent r="3" t="167" w="200" /><ent r="3" t="167" w="350" /><ent r="3" t="167" w="1361" /><ent r="4" t="167" w="1746" /><ent r="3" t="167" w="2469" /><ent r="5" t="168" w="1121" /><ent r="4" t="169" w="714" /><ent r="3" t="169" w="734" /><ent r="3" t="169" w="768" /><ent r="6" t="177" w="57" /><ent r="3" t="178" w="63" /><ent r="3" t="178" w="124" /><ent r="3" t="178" w="131" /><ent r="7" t="182" w="684" /><ent r="3" t="183" w="141" /><ent r="3" t="214" w="116" /><ent r="3" t="218" w="299" /><ent r="3" t="218" w="305" /><ent r="3" t="218" w="480" /></phr><phr n="One"><ent r="4" t="41" w="267" /><ent r="3" t="96" w="227" /><ent r="3" t="173" w="126" /></phr><phr n="ones"><ent r="5" t="81" w="231" /><ent r="5" t="141" w="382" /><ent r="5" t="149" w="544" /><ent r="5" t="154" w="665" /></phr></stem><stem n="spatial"><phr n="spatial"><ent r="7" t="6" w="101" /><ent r="4" t="41" w="82" /><ent r="4" t="43" w="116" /><ent r="3" t="122" w="42" /><ent r="3" t="122" w="68" /><ent r="3" t="122" w="73" /><ent r="3" t="124" w="30" /><ent r="4" t="124" w="68" /><ent r="3" t="131" w="41" /><ent r="3" t="144" w="121" /><ent r="5" t="144" w="255" /><ent r="3" t="166" w="647" /><ent r="3" t="166" w="735" /><ent r="3" t="166" w="799" /><ent r="3" t="167" w="337" /><ent r="4" t="168" w="537" /><ent r="3" t="218" w="488" /><ent r="3" t="218" w="510" /></phr><phr n="Spatial"><ent r="7" t="82" w="340" /><ent r="68" t="82" w="358" /><ent r="1000" t="85" w="2" /><ent r="100" t="85" w="6" /><ent r="100" t="85" w="9" /><ent r="102" t="85" w="13" /><ent r="3" t="85" w="17" /><ent r="5" t="85" w="80" /><ent r="4" t="85" w="130" /><ent r="3" t="144" w="145" /><ent r="4" t="144" w="242" /><ent r="64" t="165" w="344" /><ent r="102" t="168" w="14" /><ent r="4" t="168" w="100" /><ent r="5" t="207" w="241" /><ent r="5" t="207" w="251" /><ent r="5" t="207" w="261" /><ent r="5" t="207" w="271" /><ent r="5" t="207" w="281" /><ent r="5" t="207" w="291" /><ent r="5" t="207" w="301" /><ent r="5" t="207" w="311" /></phr><phr n="spatially"><ent r="3" t="168" w="49" /></phr></stem><stem n="chip"><phr n="Chipping"><ent r="7" t="6" w="111" /><ent r="68" t="6" w="115" /><ent r="1000" t="43" w="2" /><ent r="100" t="43" w="10" /><ent r="102" t="43" w="14" /><ent r="3" t="43" w="19" /><ent r="3" t="43" w="60" /><ent r="3" t="43" w="110" /><ent r="5" t="43" w="140" /><ent r="3" t="43" w="155" /><ent r="5" t="43" w="240" /><ent r="100" t="166" w="85" /><ent r="4" t="166" w="89" /><ent r="4" t="166" w="294" /><ent r="92" t="166" w="2157" /><ent r="5" t="166" w="2170" /><ent r="3" t="166" w="2178" /></phr><phr n="chip"><ent r="100" t="43" w="5" /><ent r="3" t="43" w="26" /><ent r="3" t="43" w="37" /><ent r="3" t="43" w="47" /><ent r="3" t="43" w="77" /><ent r="4" t="43" w="182" /><ent r="4" t="43" w="217" /><ent r="4" t="43" w="235" /><ent r="4" t="43" w="256" /><ent r="4" t="43" w="267" /><ent r="4" t="43" w="275" /><ent r="4" t="43" w="289" /><ent r="3" t="43" w="329" /><ent r="3" t="43" w="336" /><ent r="3" t="43" w="374" /><ent r="3" t="43" w="388" /><ent r="3" t="43" w="404" /><ent r="3" t="43" w="423" /><ent r="3" t="164" w="66" /><ent r="4" t="166" w="2260" /><ent r="3" t="169" w="1258" /></phr><phr n="Chip"><ent r="3" t="43" w="162" /><ent r="5" t="43" w="199" /><ent r="5" t="163" w="221" /><ent r="5" t="163" w="230" /><ent r="4" t="166" w="2190" /><ent r="4" t="166" w="2244" /></phr><phr n="chips"><ent r="3" t="61" w="23" /><ent r="4" t="163" w="216" /><ent r="3" t="164" w="23" /></phr><phr n="Chipped"><ent r="92" t="166" w="2343" /></phr><phr n="chipped"><ent r="4" t="166" w="2374" /></phr></stem><stem n="allow"><phr n="Allows"><ent r="7" t="6" w="118" /><ent r="7" t="6" w="141" /><ent r="6" t="7" w="65" /><ent r="7" t="7" w="83" /><ent r="6" t="7" w="124" /><ent r="6" t="7" w="218" /><ent r="7" t="8" w="198" /><ent r="7" t="8" w="215" /><ent r="7" t="9" w="31" /><ent r="7" t="9" w="53" /><ent r="7" t="10" w="68" /><ent r="7" t="10" w="114" /><ent r="7" t="11" w="159" /><ent r="7" t="11" w="171" /><ent r="7" t="11" w="180" /><ent r="7" t="11" w="199" /><ent r="7" t="11" w="217" /><ent r="7" t="11" w="264" /><ent r="7" t="11" w="279" /><ent r="7" t="11" w="293" /><ent r="7" t="11" w="307" /><ent r="4" t="20" w="91" /><ent r="4" t="20" w="143" /><ent r="4" t="20" w="155" /><ent r="4" t="20" w="238" /><ent r="4" t="20" w="268" /><ent r="4" t="20" w="324" /><ent r="4" t="20" w="384" /><ent r="4" t="20" w="425" /><ent r="4" t="20" w="445" /><ent r="4" t="25" w="34" /><ent r="4" t="25" w="83" /><ent r="4" t="25" w="121" /><ent r="4" t="25" w="169" /><ent r="4" t="28" w="34" /><ent r="4" t="28" w="53" /><ent r="4" t="28" w="101" /><ent r="4" t="28" w="143" /><ent r="4" t="28" w="201" /><ent r="4" t="28" w="255" /><ent r="7" t="38" w="165" /><ent r="4" t="39" w="88" /><ent r="4" t="39" w="113" /><ent r="4" t="39" w="146" /><ent r="4" t="39" w="169" /><ent r="4" t="39" w="209" /><ent r="3" t="57" w="112" /><ent r="3" t="57" w="124" /><ent r="3" t="57" w="139" /><ent r="3" t="57" w="171" /><ent r="7" t="82" w="225" /><ent r="5" t="83" w="110" /><ent r="5" t="83" w="120" /><ent r="4" t="149" w="177" /><ent r="5" t="176" w="251" /><ent r="7" t="182" w="547" /><ent r="7" t="182" w="602" /><ent r="6" t="211" w="171" /><ent r="6" t="211" w="256" /><ent r="6" t="211" w="279" /><ent r="6" t="211" w="341" /><ent r="6" t="211" w="555" /><ent r="6" t="211" w="588" /><ent r="5" t="211" w="607" /><ent r="6" t="211" w="654" /></phr><phr n="allows"><ent r="6" t="7" w="204" /><ent r="3" t="32" w="12" /><ent r="3" t="35" w="8" /><ent r="3" t="36" w="13" /><ent r="7" t="38" w="150" /><ent r="3" t="42" w="21" /><ent r="3" t="42" w="61" /><ent r="3" t="43" w="21" /><ent r="4" t="43" w="252" /><ent r="3" t="52" w="25" /><ent r="4" t="53" w="17" /><ent r="3" t="57" w="26" /><ent r="3" t="57" w="191" /><ent r="3" t="69" w="256" /><ent r="3" t="75" w="29" /><ent r="3" t="77" w="234" /><ent r="7" t="82" w="415" /><ent r="3" t="84" w="19" /><ent r="3" t="85" w="19" /><ent r="3" t="86" w="12" /><ent r="3" t="87" w="16" /><ent r="3" t="93" w="25" /><ent r="3" t="94" w="31" /><ent r="3" t="99" w="238" /><ent r="3" t="100" w="10" /><ent r="3" t="105" w="43" /><ent r="4" t="107" w="106" /><ent r="3" t="107" w="204" /><ent r="3" t="113" w="24" /><ent r="3" t="113" w="134" /><ent r="3" t="114" w="38" /><ent r="8" t="115" w="427" /><ent r="3" t="115" w="642" /><ent r="3" t="120" w="40" /><ent r="3" t="120" w="71" /><ent r="3" t="120" w="92" /><ent r="3" t="124" w="18" /><ent r="3" t="126" w="29" /><ent r="3" t="131" w="443" /><ent r="3" t="131" w="586" /><ent r="3" t="136" w="186" /><ent r="3" t="142" w="225" /><ent r="3" t="143" w="199" /><ent r="3" t="146" w="29" /><ent r="3" t="146" w="294" /><ent r="3" t="149" w="22" /><ent r="5" t="156" w="313" /><ent r="3" t="156" w="399" /><ent r="3" t="166" w="1536" /><ent r="4" t="166" w="1684" /><ent r="3" t="166" w="1794" /><ent r="4" t="168" w="532" /><ent r="3" t="168" w="731" /><ent r="3" t="172" w="91" /><ent r="4" t="172" w="122" /><ent r="4" t="172" w="146" /><ent r="3" t="172" w="1101" /><ent r="3" t="173" w="83" /><ent r="3" t="204" w="20" /><ent r="6" t="211" w="224" /><ent r="6" t="211" w="509" /></phr><phr n="Allow"><ent r="7" t="8" w="179" /><ent r="5" t="132" w="215" /></phr><phr n="allowing"><ent r="3" t="19" w="168" /></phr><phr n="allow"><ent r="3" t="31" w="16" /><ent r="3" t="38" w="14" /><ent r="3" t="39" w="14" /><ent r="3" t="42" w="47" /><ent r="4" t="51" w="54" /><ent r="4" t="51" w="92" /><ent r="3" t="82" w="113" /><ent r="3" t="105" w="151" /><ent r="3" t="115" w="617" /><ent r="4" t="141" w="263" /><ent r="4" t="159" w="180" /><ent r="3" t="166" w="729" /><ent r="4" t="168" w="1184" /><ent r="3" t="173" w="902" /><ent r="4" t="173" w="1355" /><ent r="3" t="179" w="109" /><ent r="3" t="210" w="16" /></phr><phr n="allowed"><ent r="3" t="73" w="230" /></phr></stem><stem n="link"><phr n="link"><ent r="7" t="6" w="121" /><ent r="3" t="31" w="70" /><ent r="100" t="42" w="6" /><ent r="100" t="42" w="9" /><ent r="3" t="42" w="24" /><ent r="3" t="42" w="50" /><ent r="3" t="42" w="73" /><ent r="3" t="42" w="181" /><ent r="3" t="42" w="198" /><ent r="4" t="42" w="211" /><ent r="3" t="42" w="240" /><ent r="4" t="42" w="304" /><ent r="3" t="167" w="67" /><ent r="100" t="167" w="112" /><ent r="3" t="167" w="331" /><ent r="3" t="173" w="86" /></phr><phr n="Link"><ent r="68" t="6" w="128" /><ent r="1000" t="42" w="1" /><ent r="102" t="42" w="14" /><ent r="3" t="42" w="18" /><ent r="3" t="42" w="45" /><ent r="5" t="42" w="93" /><ent r="3" t="42" w="107" /><ent r="4" t="42" w="113" /><ent r="4" t="167" w="115" /><ent r="4" t="167" w="325" /><ent r="4" t="167" w="2208" /><ent r="4" t="167" w="2221" /><ent r="4" t="167" w="2248" /><ent r="4" t="167" w="2293" /><ent r="4" t="167" w="2369" /></phr><phr n="linking"><ent r="4" t="42" w="308" /><ent r="4" t="167" w="2303" /><ent r="4" t="167" w="2313" /></phr><phr n="links"><ent r="3" t="165" w="313" /><ent r="3" t="181" w="119" /></phr><phr n="Linking"><ent r="64" t="165" w="332" /><ent r="102" t="167" w="26" /><ent r="92" t="167" w="2150" /><ent r="4" t="167" w="2323" /></phr><phr n="Links"><ent r="4" t="167" w="2256" /></phr><phr n="linked"><ent r="4" t="167" w="2285" /></phr></stem><stem n="anoth"><phr n="another"><ent r="7" t="6" w="126" /><ent r="3" t="21" w="96" /><ent r="3" t="44" w="54" /><ent r="3" t="100" w="418" /><ent r="3" t="118" w="34" /><ent r="3" t="158" w="119" /><ent r="4" t="159" w="228" /><ent r="3" t="167" w="1360" /><ent r="4" t="167" w="1753" /><ent r="4" t="167" w="2287" /><ent r="3" t="167" w="2473" /><ent r="4" t="168" w="860" /><ent r="4" t="168" w="885" /><ent r="4" t="168" w="1246" /><ent r="3" t="168" w="1476" /><ent r="4" t="171" w="948" /><ent r="3" t="218" w="484" /></phr><phr n="Another"><ent r="3" t="170" w="345" /><ent r="3" t="171" w="332" /></phr></stem><stem n="/unlink"><phr n="/Unlink"><ent r="68" t="6" w="129" /><ent r="1000" t="42" w="2" /><ent r="102" t="42" w="15" /><ent r="3" t="42" w="19" /><ent r="3" t="42" w="46" /><ent r="3" t="42" w="108" /><ent r="4" t="42" w="114" /><ent r="4" t="167" w="2209" /><ent r="4" t="167" w="2222" /><ent r="4" t="167" w="2249" /><ent r="4" t="167" w="2370" /></phr></stem><stem n="link/unlink"><phr n="Link/Unlink"><ent r="68" t="6" w="129" /><ent r="68" t="6" w="128" /><ent r="1000" t="42" w="2" /><ent r="1000" t="42" w="1" /><ent r="102" t="42" w="15" /><ent r="102" t="42" w="14" /><ent r="3" t="42" w="19" /><ent r="3" t="42" w="18" /><ent r="3" t="42" w="46" /><ent r="3" t="42" w="45" /><ent r="5" t="42" w="94" /><ent r="5" t="42" w="93" /><ent r="3" t="42" w="108" /><ent r="3" t="42" w="107" /><ent r="4" t="42" w="114" /><ent r="4" t="42" w="113" /><ent r="4" t="167" w="2209" /><ent r="4" t="167" w="2208" /><ent r="4" t="167" w="2222" /><ent r="4" t="167" w="2221" /><ent r="4" t="167" w="2249" /><ent r="4" t="167" w="2248" /><ent r="4" t="167" w="2370" /><ent r="4" t="167" w="2369" /></phr></stem><stem n="unlink"><phr n="Unlink"><ent r="68" t="6" w="129" /><ent r="1000" t="42" w="2" /><ent r="102" t="42" w="15" /><ent r="3" t="42" w="19" /><ent r="3" t="42" w="46" /><ent r="5" t="42" w="94" /><ent r="3" t="42" w="108" /><ent r="4" t="42" w="114" /><ent r="5" t="42" w="230" /><ent r="4" t="167" w="2209" /><ent r="4" t="167" w="2222" /><ent r="4" t="167" w="2249" /><ent r="4" t="167" w="2370" /></phr><phr n="unlink"><ent r="100" t="42" w="12" /></phr></stem><stem n="edit"><phr n="Edit"><ent r="5" t="6" w="131" /><ent r="68" t="8" w="241" /><ent r="68" t="9" w="62" /><ent r="68" t="10" w="79" /><ent r="64" t="41" w="217" /><ent r="64" t="55" w="144" /><ent r="65" t="58" w="246" /><ent r="65" t="58" w="288" /><ent r="65" t="60" w="230" /><ent r="4" t="66" w="149" /><ent r="64" t="87" w="276" /><ent r="1000" t="88" w="2" /><ent r="102" t="88" w="7" /><ent r="5" t="88" w="105" /><ent r="64" t="88" w="177" /><ent r="64" t="96" w="203" /><ent r="65" t="98" w="455" /><ent r="4" t="101" w="108" /><ent r="4" t="105" w="190" /><ent r="68" t="106" w="220" /><ent r="64" t="115" w="284" /><ent r="1000" t="116" w="2" /><ent r="102" t="116" w="25" /><ent r="4" t="116" w="392" /><ent r="5" t="117" w="47" /><ent r="64" t="120" w="128" /><ent r="64" t="121" w="226" /><ent r="64" t="122" w="119" /><ent r="1000" t="124" w="1" /><ent r="102" t="124" w="9" /><ent r="3" t="124" w="14" /><ent r="5" t="124" w="81" /><ent r="4" t="131" w="219" /><ent r="4" t="131" w="236" /><ent r="64" t="136" w="161" /><ent r="64" t="137" w="197" /><ent r="64" t="142" w="200" /><ent r="64" t="143" w="174" /><ent r="64" t="146" w="267" /><ent r="64" t="147" w="158" /><ent r="64" t="148" w="222" /><ent r="64" t="150" w="230" /><ent r="64" t="153" w="171" /><ent r="4" t="171" w="920" /><ent r="4" t="172" w="57" /><ent r="5" t="172" w="715" /><ent r="82" t="172" w="757" /><ent r="5" t="172" w="862" /><ent r="4" t="172" w="1076" /><ent r="1000" t="175" w="1" /><ent r="102" t="175" w="10" /><ent r="5" t="207" w="136" /><ent r="6" t="211" w="25" /><ent r="67" t="211" w="190" /><ent r="67" t="211" w="359" /><ent r="67" t="211" w="570" /><ent r="92" t="212" w="170" /><ent r="5" t="212" w="206" /><ent r="3" t="212" w="211" /><ent r="4" t="212" w="219" /><ent r="92" t="213" w="116" /><ent r="4" t="213" w="141" /><ent r="4" t="213" w="145" /><ent r="1000" t="219" w="3" /><ent r="100" t="219" w="18" /><ent r="100" t="219" w="25" /><ent r="102" t="219" w="30" /><ent r="3" t="219" w="41" /><ent r="3" t="221" w="41" /><ent r="7" t="221" w="86" /><ent r="68" t="221" w="107" /><ent r="6" t="223" w="32" /><ent r="6" t="223" w="35" /></phr><phr n="edit"><ent r="5" t="6" w="137" /><ent r="7" t="10" w="117" /><ent r="6" t="13" w="214" /><ent r="3" t="18" w="173" /><ent r="4" t="21" w="319" /><ent r="3" t="27" w="102" /><ent r="3" t="66" w="39" /><ent r="3" t="66" w="93" /><ent r="4" t="66" w="107" /><ent r="4" t="66" w="165" /><ent r="3" t="75" w="36" /><ent r="3" t="75" w="198" /><ent r="4" t="75" w="210" /><ent r="7" t="82" w="230" /><ent r="5" t="83" w="152" /><ent r="3" t="87" w="268" /><ent r="3" t="88" w="22" /><ent r="100" t="88" w="42" /><ent r="100" t="88" w="48" /><ent r="3" t="88" w="171" /><ent r="3" t="101" w="92" /><ent r="3" t="105" w="47" /><ent r="3" t="105" w="157" /><ent r="3" t="108" w="23" /><ent r="100" t="116" w="10" /><ent r="3" t="116" w="368" /><ent r="4" t="116" w="410" /><ent r="3" t="120" w="95" /><ent r="100" t="124" w="5" /><ent r="3" t="124" w="21" /><ent r="3" t="124" w="51" /><ent r="3" t="131" w="93" /><ent r="4" t="131" w="248" /><ent r="3" t="145" w="49" /><ent r="3" t="145" w="292" /><ent r="3" t="145" w="308" /><ent r="3" t="146" w="297" /><ent r="3" t="146" w="344" /><ent r="4" t="147" w="117" /><ent r="3" t="151" w="134" /><ent r="3" t="152" w="225" /><ent r="4" t="172" w="149" /><ent r="4" t="172" w="723" /><ent r="4" t="172" w="875" /><ent r="100" t="175" w="5" /><ent r="100" t="175" w="7" /><ent r="3" t="191" w="116" /><ent r="3" t="191" w="132" /><ent r="3" t="193" w="25" /><ent r="3" t="208" w="159" /><ent r="6" t="211" w="137" /><ent r="6" t="211" w="512" /><ent r="6" t="211" w="591" /><ent r="3" t="212" w="22" /><ent r="3" t="212" w="238" /><ent r="3" t="213" w="10" /><ent r="6" t="223" w="42" /><ent r="6" t="223" w="55" /><ent r="6" t="223" w="67" /><ent r="6" t="223" w="80" /><ent r="6" t="223" w="92" /><ent r="6" t="223" w="105" /><ent r="6" t="223" w="117" /><ent r="6" t="223" w="130" /><ent r="5" t="223" w="143" /><ent r="5" t="223" w="155" /><ent r="5" t="223" w="167" /><ent r="5" t="223" w="180" /><ent r="6" t="223" w="192" /><ent r="6" t="223" w="204" /><ent r="6" t="223" w="227" /><ent r="6" t="223" w="236" /><ent r="6" t="223" w="376" /><ent r="6" t="223" w="395" /><ent r="6" t="223" w="413" /><ent r="6" t="223" w="432" /><ent r="6" t="223" w="450" /><ent r="6" t="223" w="469" /><ent r="6" t="223" w="487" /><ent r="6" t="223" w="506" /><ent r="5" t="223" w="525" /><ent r="5" t="223" w="543" /><ent r="5" t="223" w="561" /><ent r="5" t="223" w="580" /><ent r="6" t="223" w="598" /><ent r="6" t="223" w="616" /><ent r="6" t="223" w="634" /><ent r="6" t="223" w="652" /><ent r="6" t="223" w="667" /></phr><phr n="editing"><ent r="64" t="73" w="197" /><ent r="3" t="88" w="184" /><ent r="3" t="105" w="126" /><ent r="4" t="156" w="994" /><ent r="3" t="171" w="822" /><ent r="3" t="193" w="37" /><ent r="3" t="218" w="245" /></phr><phr n="Edits"><ent r="7" t="106" w="212" /></phr><phr n="edited"><ent r="3" t="153" w="52" /><ent r="3" t="155" w="40" /><ent r="4" t="172" w="709" /><ent r="3" t="191" w="114" /><ent r="3" t="191" w="138" /></phr><phr n="Edition"><ent r="5" t="182" w="67" /></phr><phr n="edits"><ent r="4" t="196" w="336" /></phr></stem><stem n="mode"><phr n="mode"><ent r="5" t="6" w="132" /><ent r="5" t="6" w="138" /><ent r="6" t="7" w="252" /><ent r="6" t="13" w="211" /><ent r="6" t="13" w="215" /><ent r="7" t="14" w="102" /><ent r="7" t="14" w="111" /><ent r="7" t="14" w="121" /><ent r="7" t="14" w="145" /><ent r="100" t="36" w="5" /><ent r="3" t="36" w="30" /><ent r="4" t="36" w="53" /><ent r="100" t="37" w="7" /><ent r="100" t="37" w="10" /><ent r="3" t="37" w="31" /><ent r="3" t="37" w="34" /><ent r="3" t="37" w="62" /><ent r="3" t="37" w="102" /><ent r="3" t="37" w="137" /><ent r="3" t="37" w="152" /><ent r="3" t="37" w="175" /><ent r="3" t="51" w="284" /><ent r="3" t="73" w="615" /><ent r="3" t="79" w="177" /><ent r="6" t="82" w="272" /><ent r="100" t="83" w="7" /><ent r="100" t="83" w="98" /><ent r="5" t="83" w="147" /><ent r="3" t="87" w="40" /><ent r="3" t="98" w="257" /><ent r="3" t="105" w="484" /><ent r="3" t="105" w="541" /><ent r="4" t="107" w="146" /><ent r="4" t="107" w="153" /><ent r="4" t="107" w="174" /><ent r="100" t="112" w="7" /><ent r="5" t="112" w="25" /><ent r="4" t="112" w="28" /><ent r="4" t="112" w="51" /><ent r="5" t="112" w="63" /><ent r="100" t="112" w="66" /><ent r="4" t="112" w="70" /><ent r="4" t="112" w="80" /><ent r="3" t="112" w="105" /><ent r="3" t="112" w="117" /><ent r="3" t="112" w="136" /><ent r="3" t="112" w="146" /><ent r="3" t="112" w="162" /><ent r="3" t="112" w="172" /><ent r="3" t="112" w="195" /><ent r="4" t="112" w="221" /><ent r="100" t="115" w="5" /><ent r="100" t="115" w="103" /><ent r="3" t="115" w="121" /><ent r="100" t="115" w="730" /><ent r="5" t="115" w="734" /><ent r="100" t="115" w="737" /><ent r="4" t="115" w="740" /><ent r="4" t="115" w="764" /><ent r="100" t="115" w="775" /><ent r="5" t="115" w="779" /><ent r="100" t="115" w="782" /><ent r="4" t="115" w="785" /><ent r="3" t="115" w="807" /><ent r="3" t="115" w="818" /><ent r="3" t="115" w="830" /><ent r="3" t="115" w="839" /><ent r="3" t="115" w="853" /><ent r="3" t="115" w="863" /><ent r="3" t="115" w="874" /><ent r="3" t="115" w="884" /><ent r="4" t="116" w="223" /><ent r="3" t="118" w="183" /><ent r="3" t="118" w="190" /><ent r="3" t="118" w="212" /><ent r="3" t="118" w="221" /><ent r="3" t="118" w="227" /><ent r="100" t="119" w="7" /><ent r="100" t="119" w="10" /><ent r="100" t="119" w="15" /><ent r="100" t="119" w="24" /><ent r="5" t="119" w="40" /><ent r="4" t="119" w="43" /><ent r="4" t="119" w="67" /><ent r="5" t="119" w="79" /><ent r="4" t="119" w="82" /><ent r="3" t="119" w="95" /><ent r="3" t="119" w="107" /><ent r="3" t="119" w="126" /><ent r="3" t="119" w="136" /><ent r="3" t="119" w="152" /><ent r="3" t="119" w="162" /><ent r="3" t="119" w="165" /><ent r="3" t="119" w="213" /><ent r="3" t="119" w="224" /><ent r="3" t="119" w="227" /><ent r="3" t="119" w="239" /><ent r="3" t="119" w="255" /><ent r="3" t="119" w="267" /><ent r="3" t="119" w="270" /><ent r="3" t="119" w="311" /><ent r="3" t="119" w="320" /><ent r="3" t="119" w="328" /><ent r="3" t="119" w="342" /><ent r="3" t="119" w="390" /><ent r="3" t="119" w="408" /><ent r="4" t="119" w="444" /><ent r="3" t="127" w="29" /><ent r="3" t="127" w="94" /><ent r="3" t="145" w="213" /><ent r="4" t="166" w="1134" /><ent r="3" t="166" w="1220" /><ent r="3" t="166" w="1242" /><ent r="3" t="166" w="1766" /><ent r="3" t="171" w="711" /><ent r="100" t="172" w="6" /><ent r="4" t="172" w="724" /><ent r="4" t="172" w="876" /><ent r="3" t="173" w="598" /><ent r="100" t="174" w="10" /><ent r="3" t="174" w="42" /><ent r="5" t="174" w="179" /><ent r="4" t="174" w="528" /><ent r="3" t="191" w="56" /><ent r="3" t="191" w="164" /><ent r="5" t="207" w="286" /><ent r="5" t="207" w="306" /></phr><phr n="Mode"><ent r="7" t="8" w="59" /><ent r="7" t="8" w="64" /><ent r="7" t="8" w="69" /><ent r="64" t="11" w="63" /><ent r="5" t="13" w="64" /><ent r="64" t="35" w="59" /><ent r="64" t="35" w="63" /><ent r="1000" t="36" w="2" /><ent r="102" t="36" w="8" /><ent r="3" t="36" w="12" /><ent r="5" t="36" w="48" /><ent r="64" t="36" w="98" /><ent r="1000" t="37" w="3" /><ent r="102" t="37" w="15" /><ent r="5" t="43" w="241" /><ent r="100" t="51" w="235" /><ent r="4" t="51" w="242" /><ent r="64" t="51" w="294" /><ent r="7" t="82" w="176" /><ent r="68" t="82" w="192" /><ent r="1000" t="83" w="4" /><ent r="102" t="83" w="14" /><ent r="5" t="83" w="65" /><ent r="4" t="83" w="92" /><ent r="64" t="105" w="503" /><ent r="4" t="107" w="160" /><ent r="65" t="107" w="188" /><ent r="1000" t="112" w="3" /><ent r="102" t="112" w="11" /><ent r="64" t="112" w="178" /><ent r="92" t="112" w="187" /><ent r="4" t="112" w="209" /><ent r="3" t="114" w="23" /><ent r="82" t="115" w="717" /><ent r="64" t="115" w="892" /><ent r="64" t="118" w="201" /><ent r="64" t="118" w="239" /><ent r="1000" t="119" w="2" /><ent r="102" t="119" w="18" /><ent r="92" t="119" w="295" /><ent r="5" t="119" w="372" /><ent r="92" t="119" w="384" /><ent r="5" t="119" w="438" /><ent r="64" t="119" w="463" /><ent r="5" t="149" w="134" /><ent r="5" t="154" w="201" /><ent r="64" t="165" w="375" /><ent r="64" t="165" w="383" /><ent r="4" t="166" w="1152" /><ent r="5" t="166" w="1557" /><ent r="4" t="166" w="1617" /><ent r="5" t="166" w="1676" /><ent r="3" t="166" w="1750" /><ent r="4" t="167" w="1106" /><ent r="4" t="167" w="1716" /><ent r="4" t="168" w="708" /><ent r="4" t="171" w="921" /><ent r="1000" t="172" w="3" /><ent r="103" t="172" w="12" /><ent r="4" t="172" w="1077" /><ent r="5" t="173" w="553" /><ent r="1000" t="174" w="7" /><ent r="103" t="174" w="20" /><ent r="4" t="174" w="108" /><ent r="5" t="174" w="516" /><ent r="4" t="174" w="1487" /><ent r="92" t="174" w="1532" /></phr><phr n="modes"><ent r="3" t="36" w="61" /><ent r="3" t="37" w="160" /><ent r="4" t="107" w="183" /><ent r="3" t="112" w="22" /><ent r="3" t="115" w="728" /><ent r="3" t="119" w="37" /><ent r="3" t="119" w="185" /></phr></stem></index>