<?xml version="1.0" encoding="utf-8"?><index><stem n="reappli"><phr n="Reapplies"><ent r="6" t="12" w="88" /></phr></stem><stem n=":measur"><phr n=":Measurement"><ent r="100" t="13" w="8" /><ent r="100" t="56" w="10" /></phr></stem><stem n="distanc"><phr n="distances"><ent r="3" t="13" w="19" /><ent r="7" t="13" w="188" /><ent r="3" t="211" w="192" /><ent r="3" t="211" w="215" /><ent r="3" t="249" w="30" /></phr><phr n="Distance"><ent r="5" t="13" w="117" /><ent r="5" t="13" w="123" /><ent r="7" t="13" w="174" /><ent r="68" t="13" w="199" /><ent r="4" t="56" w="161" /><ent r="3" t="63" w="112" /><ent r="3" t="186" w="250" /><ent r="3" t="211" w="58" /><ent r="4" t="211" w="2007" /><ent r="3" t="225" w="168" /><ent r="3" t="225" w="187" /><ent r="1000" t="249" w="1" /><ent r="100" t="249" w="4" /><ent r="102" t="249" w="7" /><ent r="3" t="249" w="18" /><ent r="7" t="249" w="45" /><ent r="3" t="253" w="15" /><ent r="3" t="253" w="114" /></phr></stem><stem n="bear"><phr n="bearing"><ent r="3" t="13" w="21" /><ent r="5" t="13" w="100" /><ent r="5" t="13" w="107" /></phr></stem><stem n="unit"><phr n="units"><ent r="3" t="13" w="40" /><ent r="7" t="13" w="149" /><ent r="68" t="13" w="171" /><ent r="7" t="13" w="175" /><ent r="7" t="13" w="184" /><ent r="68" t="13" w="200" /><ent r="3" t="20" w="69" /><ent r="3" t="20" w="74" /><ent r="3" t="20" w="106" /><ent r="3" t="25" w="120" /><ent r="82" t="25" w="128" /><ent r="3" t="25" w="137" /><ent r="3" t="25" w="212" /><ent r="4" t="29" w="616" /><ent r="4" t="34" w="251" /><ent r="4" t="34" w="272" /><ent r="4" t="56" w="162" /><ent r="4" t="58" w="332" /><ent r="5" t="58" w="334" /><ent r="4" t="58" w="345" /><ent r="4" t="58" w="348" /><ent r="4" t="58" w="362" /><ent r="5" t="58" w="389" /><ent r="4" t="58" w="767" /><ent r="5" t="58" w="769" /><ent r="4" t="58" w="780" /><ent r="4" t="58" w="783" /><ent r="4" t="58" w="797" /><ent r="5" t="58" w="824" /><ent r="4" t="59" w="371" /><ent r="4" t="59" w="390" /><ent r="100" t="92" w="8" /><ent r="100" t="92" w="13" /><ent r="3" t="92" w="39" /><ent r="3" t="92" w="64" /><ent r="3" t="92" w="69" /><ent r="4" t="92" w="120" /><ent r="7" t="122" w="472" /><ent r="6" t="122" w="476" /><ent r="6" t="122" w="490" /><ent r="67" t="122" w="497" /><ent r="6" t="139" w="123" /><ent r="5" t="139" w="130" /><ent r="5" t="139" w="147" /><ent r="3" t="180" w="225" /><ent r="3" t="180" w="230" /><ent r="5" t="188" w="395" /><ent r="4" t="188" w="399" /><ent r="5" t="188" w="426" /><ent r="4" t="189" w="260" /><ent r="4" t="189" w="279" /><ent r="3" t="211" w="225" /><ent r="5" t="223" w="275" /><ent r="7" t="228" w="611" /><ent r="7" t="228" w="637" /><ent r="5" t="246" w="612" /><ent r="1000" t="249" w="2" /><ent r="100" t="249" w="5" /><ent r="102" t="249" w="8" /><ent r="3" t="249" w="19" /><ent r="3" t="249" w="26" /><ent r="1000" t="250" w="2" /><ent r="100" t="250" w="5" /><ent r="102" t="250" w="8" /><ent r="3" t="250" w="19" /><ent r="1000" t="251" w="2" /><ent r="102" t="251" w="5" /><ent r="100" t="251" w="8" /><ent r="4" t="251" w="24" /><ent r="3" t="252" w="428" /><ent r="3" t="254" w="300" /><ent r="82" t="254" w="308" /><ent r="3" t="254" w="317" /><ent r="3" t="254" w="392" /><ent r="4" t="254" w="538" /><ent r="3" t="254" w="547" /></phr><phr n="Unit"><ent r="1000" t="92" w="4" /><ent r="102" t="92" w="19" /><ent r="5" t="92" w="106" /><ent r="4" t="92" w="111" /><ent r="3" t="211" w="203" /><ent r="4" t="211" w="2008" /><ent r="3" t="214" w="238" /><ent r="3" t="215" w="228" /><ent r="66" t="223" w="287" /><ent r="5" t="246" w="604" /><ent r="7" t="249" w="41" /><ent r="7" t="250" w="38" /><ent r="3" t="251" w="12" /></phr></stem><stem n="(left"><phr n="(left"><ent r="5" t="13" w="57" /><ent r="3" t="210" w="1334" /></phr></stem><stem n="end"><phr n="end"><ent r="5" t="13" w="58" /><ent r="7" t="13" w="132" /><ent r="7" t="13" w="140" /><ent r="6" t="13" w="204" /><ent r="4" t="23" w="84" /><ent r="4" t="37" w="225" /><ent r="4" t="37" w="242" /><ent r="4" t="37" w="311" /><ent r="4" t="47" w="318" /><ent r="7" t="75" w="312" /><ent r="7" t="75" w="328" /><ent r="6" t="75" w="395" /><ent r="7" t="85" w="126" /><ent r="7" t="85" w="189" /><ent r="4" t="114" w="273" /><ent r="5" t="124" w="267" /><ent r="3" t="178" w="47" /><ent r="3" t="178" w="60" /><ent r="3" t="180" w="907" /><ent r="4" t="191" w="177" /><ent r="4" t="191" w="187" /><ent r="5" t="192" w="259" /><ent r="5" t="192" w="536" /><ent r="5" t="193" w="246" /><ent r="5" t="194" w="247" /><ent r="5" t="194" w="523" /><ent r="4" t="206" w="181" /><ent r="4" t="213" w="1596" /><ent r="3" t="216" w="51" /><ent r="4" t="216" w="82" /><ent r="3" t="216" w="148" /><ent r="4" t="216" w="332" /><ent r="3" t="216" w="357" /><ent r="3" t="216" w="400" /><ent r="4" t="216" w="571" /><ent r="3" t="218" w="1547" /><ent r="3" t="218" w="1590" /><ent r="7" t="223" w="106" /><ent r="7" t="223" w="142" /><ent r="4" t="229" w="157" /><ent r="4" t="229" w="174" /><ent r="4" t="229" w="243" /><ent r="4" t="230" w="88" /><ent r="4" t="230" w="105" /><ent r="4" t="230" w="174" /><ent r="4" t="231" w="47" /><ent r="4" t="231" w="64" /><ent r="4" t="231" w="133" /><ent r="4" t="233" w="86" /><ent r="4" t="233" w="103" /><ent r="4" t="233" w="172" /><ent r="3" t="254" w="142" /><ent r="3" t="255" w="23" /><ent r="3" t="255" w="243" /><ent r="3" t="255" w="271" /></phr><phr n="ends"><ent r="4" t="163" w="147" /><ent r="7" t="223" w="158" /></phr><phr n="ending"><ent r="7" t="223" w="171" /><ent r="7" t="228" w="390" /><ent r="4" t="255" w="135" /><ent r="4" t="255" w="210" /></phr></stem><stem n="within"><phr n="within"><ent r="5" t="13" w="74" /><ent r="3" t="30" w="357" /><ent r="5" t="58" w="458" /><ent r="5" t="58" w="893" /><ent r="4" t="59" w="433" /><ent r="4" t="66" w="197" /><ent r="4" t="84" w="60" /><ent r="3" t="107" w="16" /><ent r="3" t="107" w="75" /><ent r="3" t="143" w="18" /><ent r="3" t="144" w="22" /><ent r="3" t="144" w="117" /><ent r="5" t="151" w="206" /><ent r="5" t="188" w="495" /><ent r="4" t="189" w="322" /><ent r="3" t="200" w="21" /><ent r="3" t="210" w="116" /><ent r="3" t="210" w="747" /><ent r="3" t="210" w="842" /><ent r="3" t="210" w="1007" /><ent r="4" t="210" w="1563" /><ent r="4" t="210" w="1632" /><ent r="3" t="211" w="295" /><ent r="4" t="211" w="2452" /><ent r="3" t="211" w="3272" /><ent r="3" t="212" w="80" /><ent r="4" t="212" w="971" /><ent r="3" t="218" w="257" /><ent r="4" t="221" w="57" /><ent r="3" t="243" w="526" /><ent r="4" t="251" w="93" /><ent r="3" t="252" w="227" /><ent r="3" t="252" w="259" /><ent r="3" t="252" w="451" /><ent r="3" t="255" w="235" /><ent r="7" t="256" w="135" /></phr></stem><stem n="exist"><phr n="existing"><ent r="5" t="13" w="82" /><ent r="3" t="37" w="36" /><ent r="3" t="37" w="46" /><ent r="4" t="37" w="176" /><ent r="4" t="37" w="607" /><ent r="4" t="79" w="172" /><ent r="3" t="84" w="134" /><ent r="4" t="86" w="133" /><ent r="65" t="98" w="64" /><ent r="3" t="109" w="123" /><ent r="4" t="111" w="80" /><ent r="3" t="114" w="40" /><ent r="3" t="114" w="288" /><ent r="3" t="128" w="24" /><ent r="3" t="147" w="22" /><ent r="3" t="148" w="321" /><ent r="7" t="151" w="58" /><ent r="100" t="153" w="13" /><ent r="3" t="153" w="19" /><ent r="4" t="158" w="56" /><ent r="4" t="158" w="327" /><ent r="3" t="168" w="21" /><ent r="3" t="170" w="40" /><ent r="4" t="180" w="1026" /><ent r="3" t="195" w="237" /><ent r="5" t="195" w="318" /><ent r="3" t="195" w="998" /><ent r="4" t="218" w="1463" /><ent r="3" t="218" w="1635" /><ent r="3" t="218" w="1684" /><ent r="3" t="229" w="23" /><ent r="3" t="234" w="220" /><ent r="3" t="234" w="261" /><ent r="3" t="234" w="273" /><ent r="3" t="234" w="680" /><ent r="4" t="234" w="776" /><ent r="6" t="246" w="659" /><ent r="3" t="252" w="247" /><ent r="3" t="255" w="287" /><ent r="100" t="258" w="115" /><ent r="7" t="258" w="120" /></phr><phr n="exist"><ent r="4" t="29" w="375" /><ent r="3" t="70" w="60" /><ent r="3" t="158" w="487" /><ent r="4" t="212" w="1289" /><ent r="3" t="214" w="138" /><ent r="3" t="215" w="128" /></phr><phr n="exists"><ent r="3" t="195" w="993" /><ent r="3" t="212" w="1128" /><ent r="4" t="212" w="1340" /></phr><phr n="existed"><ent r="3" t="234" w="307" /></phr></stem><stem n="/hide"><phr n="/Hide"><ent r="7" t="13" w="86" /><ent r="5" t="13" w="99" /><ent r="5" t="13" w="116" /><ent r="7" t="13" w="131" /><ent r="64" t="79" w="259" /><ent r="64" t="80" w="102" /><ent r="1000" t="83" w="2" /><ent r="102" t="83" w="6" /></phr></stem><stem n="next"><phr n="next"><ent r="5" t="13" w="109" /><ent r="5" t="13" w="124" /><ent r="3" t="18" w="193" /><ent r="3" t="20" w="125" /><ent r="3" t="28" w="31" /><ent r="3" t="28" w="108" /><ent r="3" t="28" w="127" /><ent r="4" t="48" w="72" /><ent r="4" t="50" w="112" /><ent r="4" t="52" w="111" /><ent r="4" t="53" w="111" /><ent r="4" t="54" w="125" /><ent r="4" t="55" w="120" /><ent r="4" t="56" w="113" /><ent r="4" t="57" w="111" /><ent r="4" t="58" w="107" /><ent r="4" t="59" w="108" /><ent r="4" t="60" w="118" /><ent r="4" t="70" w="396" /><ent r="3" t="126" w="146" /><ent r="3" t="126" w="155" /><ent r="3" t="128" w="191" /><ent r="4" t="138" w="160" /><ent r="4" t="140" w="111" /><ent r="4" t="140" w="127" /><ent r="4" t="141" w="112" /><ent r="4" t="141" w="128" /><ent r="3" t="158" w="99" /><ent r="4" t="158" w="295" /><ent r="4" t="158" w="416" /><ent r="4" t="158" w="573" /><ent r="3" t="160" w="582" /><ent r="3" t="160" w="658" /><ent r="4" t="178" w="107" /><ent r="4" t="178" w="151" /><ent r="4" t="178" w="369" /><ent r="3" t="178" w="488" /><ent r="3" t="178" w="588" /><ent r="3" t="178" w="662" /><ent r="3" t="201" w="65" /><ent r="4" t="203" w="295" /><ent r="3" t="204" w="67" /><ent r="5" t="204" w="142" /><ent r="4" t="211" w="1941" /><ent r="4" t="211" w="2525" /><ent r="4" t="213" w="1113" /><ent r="3" t="218" w="908" /><ent r="3" t="218" w="1028" /><ent r="3" t="219" w="847" /><ent r="3" t="219" w="1049" /><ent r="4" t="221" w="93" /><ent r="4" t="241" w="126" /><ent r="4" t="241" w="143" /><ent r="5" t="242" w="240" /></phr></stem><stem n="endpoint"><phr n="endpoints"><ent r="7" t="13" w="159" /><ent r="7" t="85" w="139" /><ent r="7" t="223" w="66" /><ent r="3" t="250" w="27" /></phr><phr n="endpoint"><ent r="7" t="223" w="172" /></phr></stem><stem n="affect"><phr n="affects"><ent r="7" t="13" w="161" /><ent r="7" t="13" w="190" /><ent r="4" t="210" w="894" /><ent r="3" t="231" w="253" /></phr><phr n="affect"><ent r="6" t="46" w="62" /><ent r="6" t="50" w="49" /><ent r="6" t="52" w="49" /><ent r="6" t="53" w="49" /><ent r="6" t="54" w="49" /><ent r="6" t="55" w="56" /><ent r="6" t="56" w="52" /><ent r="6" t="57" w="48" /><ent r="6" t="58" w="45" /><ent r="6" t="59" w="45" /><ent r="6" t="60" w="55" /><ent r="3" t="125" w="54" /><ent r="6" t="138" w="55" /><ent r="6" t="140" w="48" /><ent r="6" t="141" w="49" /><ent r="4" t="210" w="2045" /><ent r="3" t="211" w="356" /><ent r="3" t="214" w="1090" /></phr><phr n="affected"><ent r="4" t="210" w="1987" /></phr></stem><stem n="(right"><phr n="(right"><ent r="6" t="13" w="203" /><ent r="3" t="210" w="1338" /></phr></stem><stem n="time"><phr n="time"><ent r="6" t="13" w="221" /><ent r="6" t="14" w="369" /><ent r="7" t="14" w="430" /><ent r="6" t="14" w="492" /><ent r="4" t="20" w="471" /><ent r="6" t="29" w="546" /><ent r="6" t="29" w="558" /><ent r="3" t="43" w="78" /><ent r="4" t="58" w="215" /><ent r="3" t="72" w="33" /><ent r="3" t="74" w="325" /><ent r="4" t="84" w="112" /><ent r="3" t="103" w="357" /><ent r="3" t="107" w="56" /><ent r="3" t="111" w="41" /><ent r="3" t="134" w="124" /><ent r="3" t="142" w="263" /><ent r="3" t="143" w="48" /><ent r="3" t="145" w="45" /><ent r="3" t="150" w="66" /><ent r="3" t="158" w="100" /><ent r="4" t="158" w="296" /><ent r="4" t="158" w="417" /><ent r="4" t="158" w="574" /><ent r="3" t="160" w="190" /><ent r="7" t="172" w="305" /><ent r="6" t="172" w="309" /><ent r="6" t="172" w="316" /><ent r="7" t="172" w="328" /><ent r="6" t="172" w="332" /><ent r="4" t="175" w="112" /><ent r="3" t="175" w="128" /><ent r="3" t="175" w="135" /><ent r="6" t="175" w="137" /><ent r="6" t="175" w="148" /><ent r="6" t="175" w="154" /><ent r="6" t="175" w="162" /><ent r="6" t="175" w="168" /><ent r="6" t="175" w="178" /><ent r="6" t="175" w="184" /><ent r="3" t="178" w="31" /><ent r="3" t="178" w="573" /><ent r="3" t="191" w="91" /><ent r="3" t="195" w="41" /><ent r="4" t="202" w="272" /><ent r="3" t="211" w="1465" /><ent r="3" t="213" w="820" /><ent r="4" t="213" w="1836" /><ent r="5" t="220" w="143" /><ent r="4" t="220" w="153" /><ent r="4" t="220" w="164" /><ent r="7" t="228" w="483" /><ent r="3" t="234" w="330" /><ent r="3" t="243" w="240" /></phr><phr n="times"><ent r="3" t="74" w="44" /><ent r="5" t="211" w="1497" /><ent r="4" t="211" w="1672" /><ent r="4" t="215" w="1002" /><ent r="5" t="219" w="159" /><ent r="3" t="225" w="77" /></phr></stem><stem n=":anim"><phr n=":Animation"><ent r="100" t="14" w="13" /><ent r="100" t="172" w="8" /><ent r="100" t="174" w="11" /></phr></stem><stem n="how"><phr n="how"><ent r="3" t="14" w="27" /><ent r="3" t="30" w="414" /><ent r="3" t="47" w="57" /><ent r="3" t="48" w="737" /><ent r="4" t="52" w="149" /><ent r="4" t="56" w="151" /><ent r="5" t="58" w="180" /><ent r="5" t="58" w="520" /><ent r="5" t="58" w="955" /><ent r="4" t="59" w="494" /><ent r="4" t="73" w="252" /><ent r="3" t="128" w="197" /><ent r="3" t="136" w="91" /><ent r="3" t="138" w="212" /><ent r="3" t="141" w="238" /><ent r="3" t="141" w="326" /><ent r="3" t="148" w="454" /><ent r="3" t="175" w="17" /><ent r="3" t="183" w="122" /><ent r="3" t="183" w="181" /><ent r="3" t="188" w="239" /><ent r="5" t="188" w="557" /><ent r="4" t="189" w="381" /><ent r="4" t="208" w="67" /><ent r="4" t="208" w="114" /><ent r="3" t="210" w="856" /><ent r="4" t="211" w="2696" /><ent r="4" t="212" w="1388" /><ent r="3" t="214" w="1132" /><ent r="3" t="218" w="290" /><ent r="3" t="218" w="1572" /><ent r="3" t="230" w="245" /><ent r="3" t="231" w="210" /><ent r="3" t="234" w="25" /><ent r="6" t="244" w="109" /><ent r="4" t="251" w="155" /></phr></stem><stem n="plai"><phr n="played"><ent r="3" t="14" w="32" /><ent r="3" t="212" w="1532" /></phr><phr n="play"><ent r="7" t="14" w="98" /><ent r="7" t="14" w="107" /><ent r="7" t="14" w="121" /><ent r="6" t="14" w="125" /><ent r="64" t="108" w="326" /><ent r="3" t="172" w="106" /><ent r="64" t="172" w="417" /><ent r="1000" t="173" w="1" /><ent r="102" t="173" w="4" /><ent r="100" t="173" w="8" /><ent r="100" t="173" w="10" /><ent r="3" t="173" w="28" /><ent r="4" t="173" w="59" /><ent r="64" t="174" w="71" /><ent r="3" t="176" w="21" /><ent r="64" t="176" w="134" /><ent r="64" t="177" w="101" /><ent r="7" t="222" w="32" /><ent r="6" t="222" w="48" /><ent r="5" t="242" w="73" /></phr><phr n="Plays"><ent r="7" t="14" w="128" /><ent r="6" t="14" w="326" /><ent r="3" t="177" w="35" /><ent r="6" t="222" w="37" /><ent r="6" t="222" w="55" /><ent r="6" t="222" w="61" /></phr><phr n="playing"><ent r="7" t="14" w="153" /><ent r="5" t="223" w="210" /></phr></stem><stem n="/control"><phr n="/Control"><ent r="6" t="14" w="78" /></phr></stem><stem n="stop"><phr n="Stop"><ent r="6" t="14" w="82" /><ent r="4" t="47" w="154" /><ent r="64" t="47" w="185" /><ent r="4" t="52" w="206" /><ent r="3" t="75" w="255" /><ent r="3" t="75" w="260" /><ent r="3" t="110" w="27" /><ent r="3" t="136" w="34" /><ent r="3" t="136" w="168" /><ent r="4" t="136" w="208" /><ent r="3" t="172" w="98" /><ent r="3" t="172" w="135" /><ent r="64" t="173" w="130" /><ent r="1000" t="176" w="3" /><ent r="102" t="176" w="7" /><ent r="100" t="176" w="11" /><ent r="3" t="176" w="36" /><ent r="4" t="176" w="67" /><ent r="5" t="176" w="101" /><ent r="3" t="176" w="113" /><ent r="3" t="176" w="123" /><ent r="3" t="178" w="26" /><ent r="5" t="178" w="423" /><ent r="4" t="178" w="432" /><ent r="5" t="206" w="178" /><ent r="5" t="206" w="225" /><ent r="4" t="206" w="346" /><ent r="4" t="235" w="157" /><ent r="3" t="235" w="183" /><ent r="4" t="239" w="162" /><ent r="3" t="239" w="188" /><ent r="6" t="246" w="634" /></phr><phr n="Stops"><ent r="7" t="14" w="84" /><ent r="4" t="47" w="147" /><ent r="3" t="47" w="172" /></phr></stem><stem n="frame"><phr n="frame"><ent r="7" t="14" w="91" /><ent r="7" t="14" w="95" /><ent r="7" t="14" w="104" /><ent r="6" t="14" w="163" /><ent r="6" t="14" w="173" /><ent r="6" t="14" w="181" /><ent r="6" t="14" w="188" /><ent r="7" t="14" w="192" /><ent r="6" t="14" w="203" /><ent r="67" t="14" w="210" /><ent r="5" t="14" w="238" /><ent r="5" t="14" w="245" /><ent r="6" t="14" w="272" /><ent r="6" t="14" w="345" /><ent r="6" t="14" w="366" /><ent r="7" t="14" w="375" /><ent r="6" t="14" w="380" /><ent r="7" t="14" w="393" /><ent r="6" t="14" w="401" /><ent r="6" t="14" w="410" /><ent r="6" t="14" w="417" /><ent r="6" t="14" w="422" /><ent r="5" t="46" w="169" /><ent r="3" t="47" w="25" /><ent r="3" t="47" w="47" /><ent r="3" t="47" w="51" /><ent r="4" t="47" w="143" /><ent r="3" t="47" w="169" /><ent r="3" t="47" w="273" /><ent r="3" t="47" w="278" /><ent r="3" t="47" w="288" /><ent r="3" t="47" w="302" /><ent r="3" t="47" w="342" /><ent r="3" t="143" w="57" /><ent r="3" t="172" w="100" /><ent r="3" t="172" w="118" /><ent r="6" t="172" w="283" /><ent r="6" t="172" w="314" /><ent r="6" t="172" w="339" /><ent r="4" t="173" w="68" /><ent r="1000" t="175" w="1" /><ent r="102" t="175" w="4" /><ent r="100" t="175" w="7" /><ent r="3" t="175" w="11" /><ent r="3" t="175" w="33" /><ent r="4" t="175" w="51" /><ent r="3" t="175" w="55" /><ent r="3" t="175" w="64" /><ent r="3" t="175" w="71" /><ent r="6" t="175" w="77" /><ent r="6" t="175" w="92" /><ent r="6" t="175" w="100" /><ent r="3" t="175" w="116" /><ent r="3" t="175" w="202" /><ent r="3" t="176" w="34" /><ent r="3" t="176" w="40" /><ent r="3" t="176" w="127" /><ent r="3" t="177" w="24" /><ent r="3" t="178" w="27" /><ent r="3" t="178" w="30" /><ent r="3" t="178" w="40" /><ent r="3" t="178" w="48" /><ent r="4" t="178" w="84" /><ent r="5" t="178" w="121" /><ent r="4" t="178" w="130" /><ent r="5" t="178" w="167" /><ent r="3" t="178" w="189" /><ent r="5" t="178" w="230" /><ent r="4" t="178" w="239" /><ent r="5" t="178" w="268" /><ent r="4" t="178" w="307" /><ent r="4" t="178" w="314" /><ent r="5" t="178" w="419" /><ent r="5" t="178" w="424" /><ent r="3" t="222" w="23" /><ent r="6" t="222" w="44" /><ent r="6" t="222" w="70" /><ent r="6" t="222" w="85" /><ent r="5" t="223" w="191" /><ent r="5" t="223" w="204" /><ent r="3" t="235" w="139" /><ent r="4" t="235" w="153" /><ent r="4" t="235" w="158" /><ent r="3" t="235" w="181" /><ent r="3" t="235" w="184" /><ent r="3" t="235" w="197" /><ent r="3" t="239" w="144" /><ent r="4" t="239" w="158" /><ent r="4" t="239" w="163" /><ent r="3" t="239" w="186" /><ent r="3" t="239" w="189" /><ent r="3" t="239" w="202" /></phr><phr n="frames"><ent r="3" t="47" w="65" /><ent r="4" t="47" w="125" /><ent r="4" t="47" w="132" /><ent r="3" t="143" w="65" /><ent r="3" t="172" w="139" /><ent r="3" t="172" w="146" /><ent r="64" t="173" w="134" /><ent r="3" t="175" w="25" /><ent r="3" t="175" w="41" /><ent r="6" t="175" w="85" /><ent r="64" t="175" w="193" /><ent r="3" t="175" w="212" /><ent r="1000" t="177" w="3" /><ent r="102" t="177" w="7" /><ent r="3" t="177" w="12" /><ent r="3" t="177" w="19" /><ent r="3" t="177" w="29" /><ent r="3" t="177" w="37" /><ent r="5" t="177" w="78" /><ent r="3" t="177" w="96" /><ent r="3" t="178" w="61" /><ent r="4" t="178" w="433" /><ent r="3" t="178" w="474" /><ent r="3" t="178" w="531" /><ent r="3" t="178" w="646" /><ent r="4" t="213" w="1567" /><ent r="4" t="235" w="63" /><ent r="3" t="235" w="171" /><ent r="4" t="239" w="68" /><ent r="3" t="239" w="176" /></phr></stem><stem n="first"><phr n="first"><ent r="7" t="14" w="94" /><ent r="5" t="37" w="388" /><ent r="5" t="37" w="451" /><ent r="5" t="37" w="492" /><ent r="3" t="43" w="77" /><ent r="4" t="59" w="299" /><ent r="4" t="59" w="319" /><ent r="4" t="59" w="338" /><ent r="4" t="59" w="358" /><ent r="3" t="59" w="378" /><ent r="4" t="59" w="534" /><ent r="4" t="74" w="151" /><ent r="3" t="75" w="79" /><ent r="4" t="76" w="162" /><ent r="3" t="108" w="375" /><ent r="3" t="133" w="43" /><ent r="3" t="154" w="128" /><ent r="3" t="160" w="934" /><ent r="3" t="172" w="143" /><ent r="3" t="176" w="33" /><ent r="3" t="178" w="471" /><ent r="3" t="178" w="528" /><ent r="4" t="189" w="188" /><ent r="4" t="189" w="208" /><ent r="4" t="189" w="227" /><ent r="4" t="189" w="247" /><ent r="3" t="189" w="267" /><ent r="4" t="189" w="419" /><ent r="3" t="195" w="425" /><ent r="3" t="198" w="177" /><ent r="4" t="198" w="353" /><ent r="4" t="201" w="129" /><ent r="3" t="202" w="36" /><ent r="3" t="211" w="693" /><ent r="3" t="212" w="502" /><ent r="4" t="212" w="1483" /><ent r="3" t="218" w="1295" /><ent r="3" t="218" w="1472" /><ent r="7" t="219" w="967" /><ent r="3" t="219" w="1146" /><ent r="6" t="222" w="43" /><ent r="6" t="222" w="84" /><ent r="4" t="225" w="130" /><ent r="7" t="228" w="352" /><ent r="7" t="228" w="368" /><ent r="3" t="252" w="309" /><ent r="4" t="255" w="70" /><ent r="4" t="255" w="120" /><ent r="4" t="255" w="162" /><ent r="3" t="255" w="251" /></phr></stem><stem n="forward"><phr n="forward"><ent r="7" t="14" w="99" /><ent r="7" t="14" w="166" /><ent r="6" t="14" w="171" /><ent r="4" t="173" w="64" /><ent r="3" t="173" w="76" /><ent r="4" t="173" w="114" /></phr></stem><stem n="last"><phr n="last"><ent r="7" t="14" w="103" /><ent r="6" t="14" w="421" /><ent r="3" t="156" w="85" /><ent r="3" t="172" w="145" /><ent r="3" t="176" w="39" /><ent r="3" t="176" w="126" /><ent r="3" t="178" w="473" /><ent r="3" t="178" w="530" /><ent r="3" t="198" w="181" /><ent r="4" t="198" w="355" /><ent r="3" t="199" w="290" /><ent r="4" t="215" w="1010" /><ent r="7" t="218" w="1165" /><ent r="5" t="218" w="1180" /><ent r="3" t="218" w="1556" /></phr></stem><stem n="backward"><phr n="backward"><ent r="7" t="14" w="108" /><ent r="7" t="14" w="156" /><ent r="3" t="173" w="82" /><ent r="4" t="173" w="119" /></phr></stem><stem n="remain"><phr n="remains"><ent r="7" t="14" w="112" /><ent r="7" t="14" w="135" /><ent r="3" t="136" w="107" /><ent r="6" t="141" w="632" /><ent r="5" t="179" w="973" /><ent r="5" t="238" w="156" /></phr><phr n="remain"><ent r="3" t="106" w="67" /></phr><phr n="remaining"><ent r="3" t="247" w="89" /></phr></stem><stem n="depress"><phr n="depressed"><ent r="7" t="14" w="113" /><ent r="7" t="14" w="136" /></phr></stem><stem n="indic"><phr n="indicate"><ent r="7" t="14" w="115" /><ent r="7" t="14" w="138" /><ent r="4" t="75" w="176" /><ent r="4" t="75" w="226" /><ent r="4" t="211" w="2242" /><ent r="3" t="211" w="2305" /><ent r="3" t="218" w="1393" /><ent r="3" t="228" w="31" /><ent r="7" t="228" w="510" /><ent r="3" t="234" w="1058" /></phr><phr n="indicating"><ent r="6" t="14" w="364" /><ent r="3" t="119" w="83" /><ent r="4" t="141" w="533" /><ent r="3" t="143" w="233" /><ent r="3" t="160" w="612" /><ent r="3" t="164" w="286" /><ent r="7" t="228" w="494" /></phr><phr n="indicates"><ent r="5" t="58" w="537" /><ent r="5" t="58" w="551" /><ent r="5" t="58" w="972" /><ent r="5" t="58" w="986" /><ent r="4" t="59" w="511" /><ent r="4" t="59" w="524" /><ent r="4" t="80" w="75" /><ent r="4" t="98" w="128" /><ent r="3" t="108" w="163" /><ent r="3" t="113" w="13" /><ent r="3" t="136" w="90" /><ent r="4" t="157" w="29" /><ent r="4" t="160" w="746" /><ent r="4" t="164" w="44" /><ent r="4" t="179" w="889" /><ent r="4" t="179" w="1004" /><ent r="3" t="184" w="148" /><ent r="5" t="188" w="574" /><ent r="5" t="188" w="588" /><ent r="4" t="189" w="396" /><ent r="4" t="189" w="409" /><ent r="3" t="218" w="565" /><ent r="4" t="218" w="1455" /><ent r="4" t="218" w="1461" /><ent r="3" t="218" w="1558" /><ent r="7" t="228" w="460" /><ent r="7" t="228" w="547" /><ent r="4" t="238" w="107" /><ent r="4" t="238" w="116" /><ent r="4" t="251" w="172" /><ent r="4" t="251" w="186" /></phr><phr n="indication"><ent r="3" t="226" w="97" /></phr></stem><stem n="(play)"><phr n="(Play)"><ent r="7" t="14" w="122" /></phr></stem><stem n="paus"><phr n="Pause"><ent r="6" t="14" w="123" /><ent r="6" t="14" w="126" /><ent r="7" t="14" w="147" /><ent r="5" t="242" w="74" /></phr><phr n="pauses"><ent r="7" t="14" w="130" /></phr></stem><stem n="(pause)"><phr n="(Pause)"><ent r="6" t="14" w="124" /></phr></stem><stem n="/pause."><phr n="/Pause."><ent r="6" t="14" w="127" /></phr></stem><stem n="switch"><phr n="switches"><ent r="7" t="14" w="144" /><ent r="3" t="100" w="269" /><ent r="3" t="215" w="787" /></phr><phr n="switch"><ent r="3" t="63" w="158" /><ent r="3" t="63" w="168" /><ent r="3" t="70" w="78" /><ent r="5" t="122" w="163" /><ent r="3" t="234" w="211" /><ent r="3" t="234" w="250" /></phr><phr n="Switching"><ent r="3" t="164" w="184" /></phr></stem><stem n="step"><phr n="Step"><ent r="7" t="14" w="155" /><ent r="7" t="14" w="165" /><ent r="6" t="122" w="353" /><ent r="3" t="125" w="24" /><ent r="4" t="125" w="142" /><ent r="3" t="134" w="104" /><ent r="3" t="134" w="112" /><ent r="3" t="160" w="659" /><ent r="3" t="173" w="75" /><ent r="3" t="173" w="81" /><ent r="4" t="173" w="113" /><ent r="4" t="173" w="118" /><ent r="4" t="202" w="202" /><ent r="4" t="202" w="210" /><ent r="5" t="202" w="224" /><ent r="3" t="202" w="236" /><ent r="3" t="202" w="257" /><ent r="4" t="202" w="270" /><ent r="4" t="202" w="303" /><ent r="3" t="202" w="319" /><ent r="3" t="202" w="337" /><ent r="3" t="203" w="32" /><ent r="4" t="203" w="296" /><ent r="3" t="204" w="68" /><ent r="4" t="211" w="2469" /><ent r="4" t="211" w="2500" /><ent r="4" t="211" w="2627" /><ent r="4" t="213" w="739" /><ent r="4" t="213" w="743" /><ent r="4" t="213" w="756" /><ent r="3" t="213" w="773" /><ent r="3" t="213" w="818" /><ent r="3" t="213" w="844" /><ent r="4" t="213" w="856" /><ent r="3" t="252" w="192" /></phr><phr n="Steps"><ent r="6" t="14" w="158" /><ent r="6" t="14" w="168" /><ent r="4" t="30" w="509" /><ent r="3" t="41" w="18" /><ent r="3" t="109" w="17" /><ent r="3" t="110" w="25" /><ent r="3" t="111" w="17" /><ent r="3" t="116" w="17" /><ent r="3" t="117" w="17" /><ent r="4" t="128" w="146" /><ent r="3" t="128" w="157" /><ent r="3" t="134" w="52" /><ent r="3" t="134" w="56" /><ent r="3" t="134" w="64" /><ent r="3" t="134" w="69" /><ent r="3" t="134" w="85" /><ent r="3" t="134" w="119" /><ent r="3" t="134" w="133" /><ent r="3" t="158" w="168" /><ent r="3" t="158" w="335" /><ent r="3" t="212" w="847" /><ent r="4" t="215" w="1000" /><ent r="3" t="218" w="150" /></phr></stem></index>