﻿<?xml version="1.0" encoding="utf-8"?><index><stem n="pointer"><phr n="pointer"><ent r="4" t="1" w="322" /><ent r="4" t="4" w="177" /><ent r="4" t="165" w="388" /><ent r="4" t="165" w="913" /><ent r="4" t="165" w="921" /><ent r="4" t="166" w="538" /><ent r="4" t="167" w="250" /><ent r="4" t="167" w="1352" /><ent r="4" t="168" w="210" /><ent r="4" t="169" w="488" /><ent r="4" t="170" w="473" /><ent r="4" t="171" w="364" /><ent r="4" t="172" w="378" /><ent r="3" t="172" w="1029" /><ent r="3" t="172" w="1118" /><ent r="4" t="173" w="275" /><ent r="3" t="173" w="876" /></phr></stem><stem n="-click"><phr n="-click"><ent r="4" t="1" w="331" /><ent r="4" t="1" w="331" /><ent r="4" t="4" w="188" /><ent r="4" t="4" w="188" /><ent r="3" t="14" w="67" /><ent r="3" t="14" w="67" /><ent r="4" t="24" w="38" /><ent r="4" t="24" w="38" /><ent r="4" t="26" w="101" /><ent r="4" t="26" w="101" /><ent r="3" t="27" w="37" /><ent r="3" t="27" w="37" /><ent r="3" t="27" w="47" /><ent r="3" t="27" w="47" /><ent r="4" t="29" w="38" /><ent r="4" t="29" w="38" /><ent r="3" t="41" w="86" /><ent r="3" t="41" w="86" /><ent r="3" t="41" w="98" /><ent r="3" t="41" w="98" /><ent r="3" t="41" w="173" /><ent r="3" t="41" w="173" /><ent r="3" t="41" w="193" /><ent r="3" t="41" w="193" /><ent r="4" t="41" w="223" /><ent r="4" t="41" w="223" /><ent r="4" t="41" w="288" /><ent r="4" t="41" w="288" /><ent r="4" t="44" w="147" /><ent r="4" t="44" w="147" /><ent r="4" t="44" w="201" /><ent r="4" t="44" w="201" /><ent r="3" t="47" w="30" /><ent r="3" t="47" w="30" /><ent r="4" t="49" w="50" /><ent r="4" t="49" w="50" /><ent r="3" t="50" w="71" /><ent r="3" t="50" w="71" /><ent r="4" t="51" w="170" /><ent r="4" t="51" w="170" /><ent r="4" t="62" w="77" /><ent r="4" t="62" w="77" /><ent r="4" t="62" w="254" /><ent r="4" t="62" w="254" /><ent r="3" t="69" w="307" /><ent r="3" t="69" w="307" /><ent r="4" t="73" w="145" /><ent r="4" t="73" w="145" /><ent r="4" t="77" w="75" /><ent r="4" t="77" w="75" /><ent r="4" t="77" w="113" /><ent r="4" t="77" w="113" /><ent r="4" t="77" w="159" /><ent r="4" t="77" w="159" /><ent r="4" t="77" w="197" /><ent r="4" t="77" w="197" /><ent r="4" t="77" w="261" /><ent r="4" t="77" w="261" /><ent r="4" t="78" w="54" /><ent r="4" t="78" w="54" /><ent r="3" t="78" w="92" /><ent r="3" t="78" w="92" /><ent r="4" t="81" w="120" /><ent r="4" t="81" w="120" /><ent r="3" t="82" w="78" /><ent r="3" t="82" w="78" /><ent r="4" t="83" w="39" /><ent r="4" t="83" w="39" /><ent r="4" t="84" w="60" /><ent r="4" t="84" w="60" /><ent r="3" t="84" w="100" /><ent r="3" t="84" w="100" /><ent r="4" t="85" w="70" /><ent r="4" t="85" w="70" /><ent r="3" t="85" w="104" /><ent r="3" t="85" w="104" /><ent r="4" t="86" w="44" /><ent r="4" t="86" w="44" /><ent r="3" t="86" w="94" /><ent r="3" t="86" w="94" /><ent r="5" t="87" w="65" /><ent r="5" t="87" w="65" /><ent r="3" t="87" w="81" /><ent r="3" t="87" w="81" /><ent r="5" t="87" w="189" /><ent r="5" t="87" w="189" /><ent r="3" t="87" w="206" /><ent r="3" t="87" w="206" /><ent r="5" t="88" w="66" /><ent r="5" t="88" w="66" /><ent r="3" t="88" w="83" /><ent r="3" t="88" w="83" /><ent r="4" t="89" w="43" /><ent r="4" t="89" w="43" /><ent r="3" t="90" w="119" /><ent r="3" t="90" w="119" /><ent r="4" t="91" w="92" /><ent r="4" t="91" w="92" /><ent r="3" t="91" w="122" /><ent r="3" t="91" w="122" /><ent r="3" t="92" w="208" /><ent r="3" t="92" w="208" /><ent r="3" t="93" w="142" /><ent r="3" t="93" w="142" /><ent r="3" t="94" w="141" /><ent r="3" t="94" w="141" /><ent r="4" t="116" w="180" /><ent r="4" t="116" w="180" /><ent r="3" t="116" w="291" /><ent r="3" t="116" w="291" /><ent r="3" t="118" w="330" /><ent r="3" t="118" w="330" /><ent r="3" t="118" w="396" /><ent r="3" t="118" w="396" /><ent r="4" t="120" w="136" /><ent r="4" t="120" w="136" /><ent r="4" t="129" w="212" /><ent r="4" t="129" w="212" /><ent r="4" t="129" w="251" /><ent r="4" t="129" w="251" /><ent r="3" t="129" w="493" /><ent r="3" t="129" w="493" /><ent r="3" t="129" w="588" /><ent r="3" t="129" w="588" /><ent r="3" t="129" w="657" /><ent r="3" t="129" w="657" /><ent r="3" t="130" w="148" /><ent r="3" t="130" w="148" /><ent r="3" t="130" w="183" /><ent r="3" t="130" w="183" /><ent r="3" t="143" w="106" /><ent r="3" t="143" w="106" /><ent r="3" t="143" w="116" /><ent r="3" t="143" w="116" /><ent r="4" t="145" w="96" /><ent r="4" t="145" w="96" /><ent r="3" t="145" w="124" /><ent r="3" t="145" w="124" /><ent r="4" t="145" w="334" /><ent r="4" t="145" w="334" /><ent r="4" t="147" w="42" /><ent r="4" t="147" w="42" /><ent r="4" t="154" w="141" /><ent r="4" t="154" w="141" /><ent r="4" t="165" w="399" /><ent r="4" t="165" w="399" /><ent r="4" t="165" w="1458" /><ent r="4" t="165" w="1458" /><ent r="4" t="166" w="549" /><ent r="4" t="166" w="549" /><ent r="4" t="166" w="1261" /><ent r="4" t="166" w="1261" /><ent r="3" t="166" w="1277" /><ent r="3" t="166" w="1277" /><ent r="4" t="166" w="1303" /><ent r="4" t="166" w="1303" /><ent r="4" t="166" w="1453" /><ent r="4" t="166" w="1453" /><ent r="4" t="166" w="1697" /><ent r="4" t="166" w="1697" /><ent r="3" t="166" w="1888" /><ent r="3" t="166" w="1888" /><ent r="3" t="166" w="1918" /><ent r="3" t="166" w="1918" /><ent r="3" t="166" w="1952" /><ent r="3" t="166" w="1952" /><ent r="3" t="166" w="1965" /><ent r="3" t="166" w="1965" /><ent r="4" t="166" w="2536" /><ent r="4" t="166" w="2536" /><ent r="4" t="166" w="2818" /><ent r="4" t="166" w="2818" /><ent r="4" t="166" w="2889" /><ent r="4" t="166" w="2889" /><ent r="4" t="167" w="261" /><ent r="4" t="167" w="261" /><ent r="4" t="167" w="685" /><ent r="4" t="167" w="685" /><ent r="4" t="167" w="759" /><ent r="4" t="167" w="759" /><ent r="4" t="167" w="778" /><ent r="4" t="167" w="778" /><ent r="4" t="167" w="850" /><ent r="4" t="167" w="850" /><ent r="5" t="167" w="905" /><ent r="5" t="167" w="905" /><ent r="4" t="167" w="973" /><ent r="4" t="167" w="973" /><ent r="4" t="168" w="221" /><ent r="4" t="168" w="221" /><ent r="4" t="168" w="1024" /><ent r="4" t="168" w="1024" /><ent r="4" t="169" w="499" /><ent r="4" t="169" w="499" /><ent r="4" t="169" w="683" /><ent r="4" t="169" w="683" /><ent r="4" t="169" w="766" /><ent r="4" t="169" w="766" /><ent r="3" t="169" w="1007" /><ent r="3" t="169" w="1007" /><ent r="4" t="170" w="484" /><ent r="4" t="170" w="484" /><ent r="4" t="170" w="836" /><ent r="4" t="170" w="836" /><ent r="4" t="170" w="890" /><ent r="4" t="170" w="890" /><ent r="4" t="170" w="964" /><ent r="4" t="170" w="964" /><ent r="6" t="170" w="993" /><ent r="6" t="170" w="993" /><ent r="4" t="171" w="375" /><ent r="4" t="171" w="375" /><ent r="4" t="171" w="557" /><ent r="4" t="171" w="557" /><ent r="4" t="171" w="805" /><ent r="4" t="171" w="805" /><ent r="4" t="172" w="389" /><ent r="4" t="172" w="389" /><ent r="4" t="173" w="286" /><ent r="4" t="173" w="286" /><ent r="3" t="190" w="119" /><ent r="3" t="190" w="119" /></phr><phr n="-clicking"><ent r="3" t="69" w="281" /><ent r="3" t="69" w="281" /><ent r="4" t="166" w="737" /><ent r="4" t="166" w="737" /><ent r="4" t="166" w="2806" /><ent r="4" t="166" w="2806" /><ent r="4" t="171" w="780" /><ent r="4" t="171" w="780" /></phr></stem><stem n="right"><phr n="Right"><ent r="4" t="1" w="331" /><ent r="6" t="3" w="65" /><ent r="4" t="4" w="188" /><ent r="4" t="24" w="38" /><ent r="3" t="27" w="37" /><ent r="3" t="27" w="47" /><ent r="7" t="38" w="87" /><ent r="3" t="41" w="173" /><ent r="3" t="41" w="193" /><ent r="4" t="41" w="223" /><ent r="4" t="41" w="288" /><ent r="4" t="44" w="147" /><ent r="4" t="44" w="201" /><ent r="3" t="47" w="30" /><ent r="4" t="48" w="40" /><ent r="4" t="49" w="50" /><ent r="3" t="50" w="71" /><ent r="4" t="51" w="170" /><ent r="4" t="55" w="58" /><ent r="3" t="57" w="150" /><ent r="3" t="57" w="178" /><ent r="4" t="59" w="86" /><ent r="3" t="61" w="51" /><ent r="4" t="77" w="75" /><ent r="4" t="77" w="113" /><ent r="4" t="77" w="159" /><ent r="4" t="77" w="197" /><ent r="4" t="77" w="261" /><ent r="4" t="78" w="54" /><ent r="3" t="81" w="151" /><ent r="3" t="82" w="78" /><ent r="4" t="83" w="39" /><ent r="4" t="84" w="60" /><ent r="3" t="85" w="104" /><ent r="4" t="86" w="44" /><ent r="5" t="87" w="65" /><ent r="5" t="87" w="189" /><ent r="5" t="88" w="66" /><ent r="4" t="89" w="43" /><ent r="3" t="90" w="119" /><ent r="3" t="91" w="122" /><ent r="3" t="92" w="208" /><ent r="3" t="93" w="142" /><ent r="3" t="94" w="141" /><ent r="3" t="118" w="330" /><ent r="3" t="118" w="396" /><ent r="5" t="129" w="153" /><ent r="5" t="129" w="256" /><ent r="4" t="129" w="302" /><ent r="3" t="130" w="183" /><ent r="3" t="143" w="106" /><ent r="3" t="143" w="116" /><ent r="4" t="145" w="96" /><ent r="3" t="145" w="124" /><ent r="4" t="145" w="334" /><ent r="4" t="146" w="75" /><ent r="4" t="147" w="42" /><ent r="4" t="148" w="55" /><ent r="4" t="149" w="91" /><ent r="4" t="150" w="80" /><ent r="4" t="151" w="72" /><ent r="4" t="152" w="88" /><ent r="4" t="153" w="154" /><ent r="4" t="154" w="141" /><ent r="3" t="157" w="36" /><ent r="4" t="163" w="120" /><ent r="4" t="163" w="329" /><ent r="4" t="165" w="399" /><ent r="4" t="165" w="1458" /><ent r="4" t="166" w="549" /><ent r="4" t="166" w="2536" /><ent r="4" t="166" w="2818" /><ent r="4" t="166" w="2889" /><ent r="4" t="167" w="261" /><ent r="4" t="167" w="685" /><ent r="4" t="167" w="759" /><ent r="4" t="167" w="778" /><ent r="4" t="167" w="850" /><ent r="5" t="167" w="905" /><ent r="4" t="167" w="973" /><ent r="4" t="168" w="221" /><ent r="4" t="168" w="1024" /><ent r="4" t="169" w="499" /><ent r="3" t="169" w="1007" /><ent r="4" t="170" w="484" /><ent r="4" t="170" w="836" /><ent r="4" t="171" w="375" /><ent r="4" t="171" w="557" /><ent r="4" t="171" w="805" /><ent r="4" t="172" w="389" /><ent r="4" t="173" w="286" /></phr><phr n="right"><ent r="3" t="2" w="101" /><ent r="6" t="7" w="165" /><ent r="6" t="13" w="164" /><ent r="3" t="14" w="67" /><ent r="4" t="26" w="101" /><ent r="4" t="29" w="38" /><ent r="7" t="38" w="109" /><ent r="3" t="43" w="342" /><ent r="3" t="46" w="84" /><ent r="7" t="52" w="113" /><ent r="7" t="52" w="175" /><ent r="4" t="62" w="77" /><ent r="4" t="62" w="254" /><ent r="3" t="69" w="281" /><ent r="3" t="69" w="307" /><ent r="3" t="78" w="92" /><ent r="4" t="80" w="49" /><ent r="4" t="81" w="120" /><ent r="3" t="82" w="52" /><ent r="3" t="83" w="82" /><ent r="3" t="84" w="100" /><ent r="4" t="85" w="70" /><ent r="3" t="86" w="94" /><ent r="3" t="87" w="81" /><ent r="3" t="87" w="206" /><ent r="3" t="88" w="83" /><ent r="3" t="88" w="169" /><ent r="4" t="90" w="89" /><ent r="4" t="91" w="92" /><ent r="3" t="99" w="177" /><ent r="3" t="105" w="362" /><ent r="3" t="115" w="531" /><ent r="4" t="120" w="134" /><ent r="4" t="120" w="163" /><ent r="3" t="127" w="56" /><ent r="3" t="127" w="111" /><ent r="4" t="128" w="39" /><ent r="3" t="129" w="43" /><ent r="4" t="129" w="133" /><ent r="4" t="129" w="212" /><ent r="4" t="129" w="238" /><ent r="4" t="129" w="251" /><ent r="3" t="129" w="379" /><ent r="3" t="129" w="493" /><ent r="3" t="129" w="588" /><ent r="3" t="129" w="617" /><ent r="3" t="129" w="657" /><ent r="3" t="129" w="674" /><ent r="3" t="130" w="148" /><ent r="4" t="130" w="332" /><ent r="4" t="144" w="102" /><ent r="3" t="156" w="105" /><ent r="4" t="165" w="751" /><ent r="3" t="165" w="1300" /><ent r="3" t="165" w="1626" /><ent r="4" t="165" w="1679" /><ent r="4" t="165" w="1904" /><ent r="4" t="165" w="2060" /><ent r="4" t="166" w="737" /><ent r="3" t="166" w="961" /><ent r="4" t="166" w="1697" /><ent r="4" t="166" w="2806" /><ent r="4" t="167" w="522" /><ent r="4" t="167" w="619" /><ent r="4" t="169" w="683" /><ent r="4" t="169" w="766" /><ent r="4" t="170" w="890" /><ent r="6" t="170" w="993" /><ent r="4" t="171" w="780" /><ent r="4" t="171" w="1280" /><ent r="3" t="172" w="1009" /><ent r="4" t="172" w="1286" /><ent r="3" t="173" w="953" /><ent r="7" t="175" w="109" /><ent r="7" t="175" w="144" /><ent r="5" t="206" w="104" /><ent r="6" t="210" w="133" /></phr></stem><stem n="right-click"><phr n="Right-click"><ent r="4" t="1" w="331" /><ent r="4" t="4" w="188" /><ent r="4" t="24" w="38" /><ent r="3" t="27" w="37" /><ent r="3" t="27" w="47" /><ent r="3" t="41" w="173" /><ent r="3" t="41" w="193" /><ent r="4" t="41" w="223" /><ent r="4" t="41" w="288" /><ent r="4" t="44" w="147" /><ent r="4" t="44" w="201" /><ent r="3" t="47" w="30" /><ent r="4" t="48" w="40" /><ent r="4" t="49" w="50" /><ent r="3" t="50" w="71" /><ent r="4" t="51" w="170" /><ent r="4" t="77" w="75" /><ent r="4" t="77" w="113" /><ent r="4" t="77" w="159" /><ent r="4" t="77" w="197" /><ent r="4" t="77" w="261" /><ent r="4" t="78" w="54" /><ent r="3" t="81" w="151" /><ent r="3" t="82" w="78" /><ent r="4" t="83" w="39" /><ent r="4" t="84" w="60" /><ent r="3" t="85" w="104" /><ent r="4" t="86" w="44" /><ent r="5" t="87" w="65" /><ent r="5" t="87" w="189" /><ent r="5" t="88" w="66" /><ent r="4" t="89" w="43" /><ent r="3" t="90" w="119" /><ent r="3" t="91" w="122" /><ent r="3" t="92" w="208" /><ent r="3" t="93" w="142" /><ent r="3" t="94" w="141" /><ent r="3" t="118" w="330" /><ent r="3" t="118" w="396" /><ent r="3" t="130" w="183" /><ent r="3" t="143" w="106" /><ent r="3" t="143" w="116" /><ent r="4" t="145" w="96" /><ent r="3" t="145" w="124" /><ent r="4" t="145" w="334" /><ent r="4" t="146" w="75" /><ent r="4" t="147" w="42" /><ent r="4" t="154" w="141" /><ent r="4" t="165" w="399" /><ent r="4" t="165" w="1458" /><ent r="4" t="166" w="549" /><ent r="4" t="166" w="2536" /><ent r="4" t="166" w="2818" /><ent r="4" t="166" w="2889" /><ent r="4" t="167" w="261" /><ent r="4" t="167" w="685" /><ent r="4" t="167" w="759" /><ent r="4" t="167" w="778" /><ent r="4" t="167" w="850" /><ent r="5" t="167" w="905" /><ent r="4" t="167" w="973" /><ent r="4" t="168" w="221" /><ent r="4" t="168" w="1024" /><ent r="4" t="169" w="499" /><ent r="3" t="169" w="1007" /><ent r="4" t="170" w="484" /><ent r="4" t="170" w="836" /><ent r="4" t="171" w="375" /><ent r="4" t="171" w="557" /><ent r="4" t="171" w="805" /><ent r="4" t="172" w="389" /><ent r="4" t="173" w="286" /></phr><phr n="right-click"><ent r="3" t="14" w="67" /><ent r="4" t="26" w="101" /><ent r="4" t="29" w="38" /><ent r="4" t="62" w="77" /><ent r="4" t="62" w="254" /><ent r="3" t="69" w="307" /><ent r="3" t="78" w="92" /><ent r="4" t="80" w="49" /><ent r="4" t="81" w="120" /><ent r="3" t="82" w="52" /><ent r="3" t="83" w="82" /><ent r="3" t="84" w="100" /><ent r="4" t="85" w="70" /><ent r="3" t="86" w="94" /><ent r="3" t="87" w="81" /><ent r="3" t="87" w="206" /><ent r="3" t="88" w="83" /><ent r="4" t="91" w="92" /><ent r="3" t="127" w="56" /><ent r="3" t="127" w="111" /><ent r="4" t="128" w="39" /><ent r="4" t="129" w="212" /><ent r="4" t="129" w="251" /><ent r="3" t="129" w="493" /><ent r="3" t="129" w="588" /><ent r="3" t="129" w="657" /><ent r="3" t="130" w="148" /><ent r="4" t="144" w="102" /><ent r="4" t="166" w="1697" /><ent r="4" t="169" w="683" /><ent r="4" t="169" w="766" /><ent r="4" t="170" w="890" /><ent r="6" t="170" w="993" /></phr><phr n="right-clicking"><ent r="3" t="69" w="281" /><ent r="4" t="166" w="737" /><ent r="4" t="166" w="2806" /><ent r="4" t="171" w="780" /></phr></stem><stem n="click"><phr n="click"><ent r="4" t="1" w="332" /><ent r="4" t="4" w="189" /><ent r="7" t="5" w="187" /><ent r="7" t="5" w="236" /><ent r="6" t="7" w="39" /><ent r="6" t="7" w="54" /><ent r="6" t="7" w="194" /><ent r="7" t="13" w="68" /><ent r="3" t="14" w="68" /><ent r="6" t="14" w="334" /><ent r="6" t="14" w="341" /><ent r="3" t="18" w="59" /><ent r="3" t="18" w="166" /><ent r="3" t="19" w="187" /><ent r="4" t="21" w="267" /><ent r="4" t="21" w="423" /><ent r="4" t="21" w="434" /><ent r="3" t="23" w="107" /><ent r="4" t="24" w="39" /><ent r="3" t="24" w="95" /><ent r="4" t="26" w="102" /><ent r="4" t="26" w="268" /><ent r="4" t="26" w="355" /><ent r="3" t="27" w="38" /><ent r="3" t="27" w="48" /><ent r="3" t="27" w="106" /><ent r="4" t="29" w="39" /><ent r="3" t="30" w="80" /><ent r="3" t="32" w="123" /><ent r="3" t="35" w="49" /><ent r="3" t="41" w="62" /><ent r="3" t="41" w="87" /><ent r="3" t="41" w="99" /><ent r="3" t="41" w="174" /><ent r="3" t="41" w="194" /><ent r="4" t="41" w="224" /><ent r="3" t="41" w="277" /><ent r="4" t="41" w="289" /><ent r="3" t="41" w="329" /><ent r="3" t="42" w="105" /><ent r="4" t="42" w="311" /><ent r="3" t="43" w="152" /><ent r="4" t="44" w="148" /><ent r="4" t="44" w="202" /><ent r="4" t="44" w="257" /><ent r="3" t="45" w="34" /><ent r="4" t="45" w="110" /><ent r="3" t="46" w="68" /><ent r="3" t="47" w="31" /><ent r="4" t="48" w="41" /><ent r="4" t="49" w="51" /><ent r="3" t="50" w="72" /><ent r="4" t="51" w="171" /><ent r="7" t="52" w="95" /><ent r="7" t="52" w="111" /><ent r="7" t="52" w="157" /><ent r="7" t="52" w="173" /><ent r="4" t="53" w="36" /><ent r="4" t="55" w="59" /><ent r="3" t="55" w="129" /><ent r="4" t="55" w="193" /><ent r="3" t="55" w="211" /><ent r="3" t="55" w="227" /><ent r="3" t="57" w="69" /><ent r="3" t="57" w="101" /><ent r="4" t="59" w="87" /><ent r="4" t="60" w="54" /><ent r="4" t="60" w="99" /><ent r="4" t="60" w="314" /><ent r="3" t="61" w="52" /><ent r="4" t="62" w="78" /><ent r="4" t="62" w="85" /><ent r="4" t="62" w="117" /><ent r="4" t="62" w="157" /><ent r="4" t="62" w="187" /><ent r="4" t="62" w="255" /><ent r="4" t="64" w="114" /><ent r="3" t="66" w="78" /><ent r="4" t="69" w="69" /><ent r="3" t="69" w="308" /><ent r="4" t="70" w="89" /><ent r="4" t="73" w="106" /><ent r="4" t="73" w="146" /><ent r="4" t="73" w="167" /><ent r="4" t="73" w="174" /><ent r="3" t="73" w="192" /><ent r="3" t="75" w="108" /><ent r="4" t="77" w="76" /><ent r="4" t="77" w="114" /><ent r="4" t="77" w="160" /><ent r="4" t="77" w="198" /><ent r="4" t="77" w="262" /><ent r="4" t="78" w="55" /><ent r="3" t="78" w="93" /><ent r="3" t="79" w="82" /><ent r="4" t="80" w="50" /><ent r="4" t="81" w="121" /><ent r="3" t="81" w="152" /><ent r="3" t="82" w="53" /><ent r="3" t="82" w="79" /><ent r="7" t="82" w="185" /><ent r="4" t="83" w="40" /><ent r="3" t="83" w="83" /><ent r="4" t="84" w="61" /><ent r="3" t="84" w="101" /><ent r="4" t="85" w="71" /><ent r="3" t="85" w="105" /><ent r="4" t="86" w="45" /><ent r="3" t="86" w="95" /><ent r="5" t="87" w="66" /><ent r="3" t="87" w="82" /><ent r="4" t="87" w="134" /><ent r="5" t="87" w="190" /><ent r="3" t="87" w="207" /><ent r="4" t="87" w="258" /><ent r="5" t="88" w="67" /><ent r="3" t="88" w="84" /><ent r="3" t="88" w="163" /><ent r="3" t="88" w="205" /><ent r="4" t="88" w="238" /><ent r="3" t="88" w="254" /><ent r="3" t="88" w="266" /><ent r="3" t="88" w="308" /><ent r="3" t="88" w="320" /><ent r="4" t="89" w="44" /><ent r="3" t="90" w="46" /><ent r="4" t="90" w="90" /><ent r="3" t="90" w="120" /><ent r="4" t="90" w="180" /><ent r="4" t="91" w="93" /><ent r="3" t="91" w="123" /><ent r="4" t="91" w="187" /><ent r="3" t="92" w="134" /><ent r="3" t="92" w="183" /><ent r="3" t="92" w="209" /><ent r="3" t="93" w="143" /><ent r="3" t="94" w="142" /><ent r="4" t="96" w="154" /><ent r="4" t="97" w="96" /><ent r="4" t="98" w="109" /><ent r="4" t="99" w="110" /><ent r="4" t="100" w="294" /><ent r="3" t="105" w="179" /><ent r="3" t="105" w="193" /><ent r="3" t="105" w="207" /><ent r="3" t="105" w="221" /><ent r="3" t="108" w="97" /><ent r="3" t="110" w="58" /><ent r="3" t="115" w="598" /><ent r="4" t="116" w="181" /><ent r="4" t="116" w="283" /><ent r="3" t="116" w="292" /><ent r="3" t="117" w="172" /><ent r="3" t="118" w="331" /><ent r="3" t="118" w="397" /><ent r="4" t="120" w="137" /><ent r="4" t="120" w="156" /><ent r="4" t="122" w="70" /><ent r="3" t="127" w="57" /><ent r="3" t="127" w="112" /><ent r="4" t="128" w="40" /><ent r="4" t="129" w="103" /><ent r="4" t="129" w="142" /><ent r="4" t="129" w="213" /><ent r="4" t="129" w="252" /><ent r="3" t="129" w="325" /><ent r="3" t="129" w="380" /><ent r="3" t="129" w="494" /><ent r="3" t="129" w="589" /><ent r="3" t="129" w="658" /><ent r="3" t="130" w="149" /><ent r="3" t="130" w="184" /><ent r="3" t="130" w="608" /><ent r="3" t="130" w="664" /><ent r="4" t="131" w="271" /><ent r="3" t="131" w="293" /><ent r="4" t="132" w="66" /><ent r="4" t="132" w="99" /><ent r="4" t="134" w="105" /><ent r="3" t="134" w="238" /><ent r="4" t="135" w="105" /><ent r="4" t="136" w="119" /><ent r="4" t="137" w="114" /><ent r="4" t="138" w="100" /><ent r="3" t="138" w="193" /><ent r="4" t="139" w="105" /><ent r="4" t="140" w="101" /><ent r="4" t="140" w="148" /><ent r="4" t="141" w="102" /><ent r="4" t="142" w="112" /><ent r="3" t="143" w="87" /><ent r="3" t="143" w="107" /><ent r="3" t="143" w="117" /><ent r="4" t="144" w="103" /><ent r="5" t="144" w="133" /><ent r="3" t="144" w="152" /><ent r="3" t="144" w="168" /><ent r="4" t="145" w="97" /><ent r="3" t="145" w="125" /><ent r="4" t="145" w="168" /><ent r="3" t="145" w="186" /><ent r="3" t="145" w="202" /><ent r="4" t="145" w="335" /><ent r="4" t="146" w="76" /><ent r="5" t="146" w="172" /><ent r="3" t="146" w="190" /><ent r="3" t="146" w="206" /><ent r="4" t="147" w="43" /><ent r="6" t="147" w="70" /><ent r="3" t="147" w="89" /><ent r="3" t="147" w="105" /><ent r="3" t="147" w="204" /><ent r="3" t="147" w="241" /><ent r="4" t="148" w="56" /><ent r="4" t="148" w="89" /><ent r="3" t="148" w="107" /><ent r="3" t="148" w="123" /><ent r="4" t="149" w="92" /><ent r="3" t="149" w="210" /><ent r="4" t="149" w="244" /><ent r="3" t="149" w="262" /><ent r="3" t="149" w="278" /><ent r="4" t="150" w="81" /><ent r="3" t="150" w="173" /><ent r="3" t="150" w="191" /><ent r="3" t="150" w="207" /><ent r="4" t="151" w="73" /><ent r="4" t="151" w="107" /><ent r="3" t="151" w="125" /><ent r="3" t="151" w="141" /><ent r="4" t="152" w="89" /><ent r="3" t="152" w="151" /><ent r="4" t="152" w="203" /><ent r="3" t="152" w="221" /><ent r="3" t="152" w="237" /><ent r="4" t="153" w="155" /><ent r="4" t="153" w="188" /><ent r="3" t="153" w="206" /><ent r="3" t="153" w="222" /><ent r="4" t="154" w="142" /><ent r="3" t="155" w="838" /><ent r="3" t="156" w="39" /><ent r="3" t="156" w="192" /><ent r="3" t="156" w="282" /><ent r="3" t="156" w="295" /><ent r="3" t="156" w="309" /><ent r="3" t="157" w="37" /><ent r="4" t="160" w="184" /><ent r="4" t="160" w="238" /><ent r="3" t="161" w="104" /><ent r="4" t="163" w="121" /><ent r="4" t="165" w="400" /><ent r="4" t="165" w="584" /><ent r="3" t="165" w="633" /><ent r="3" t="165" w="1261" /><ent r="4" t="165" w="1371" /><ent r="4" t="165" w="1459" /><ent r="4" t="165" w="2312" /><ent r="4" t="165" w="2327" /><ent r="4" t="166" w="550" /><ent r="4" t="166" w="927" /><ent r="4" t="166" w="1250" /><ent r="4" t="166" w="1262" /><ent r="3" t="166" w="1278" /><ent r="4" t="166" w="1304" /><ent r="4" t="166" w="1454" /><ent r="3" t="166" w="1497" /><ent r="4" t="166" w="1648" /><ent r="4" t="166" w="1698" /><ent r="3" t="166" w="1889" /><ent r="3" t="166" w="1919" /><ent r="3" t="166" w="1953" /><ent r="3" t="166" w="1966" /><ent r="3" t="166" w="2127" /><ent r="3" t="166" w="2136" /><ent r="4" t="166" w="2186" /><ent r="4" t="166" w="2537" /><ent r="3" t="166" w="2711" /><ent r="4" t="166" w="2819" /><ent r="4" t="166" w="2890" /><ent r="4" t="166" w="2932" /><ent r="4" t="167" w="262" /><ent r="4" t="167" w="447" /><ent r="4" t="167" w="466" /><ent r="4" t="167" w="552" /><ent r="4" t="167" w="597" /><ent r="4" t="167" w="686" /><ent r="4" t="167" w="760" /><ent r="4" t="167" w="779" /><ent r="4" t="167" w="813" /><ent r="4" t="167" w="851" /><ent r="4" t="167" w="881" /><ent r="5" t="167" w="906" /><ent r="4" t="167" w="974" /><ent r="4" t="167" w="987" /><ent r="4" t="167" w="996" /><ent r="4" t="167" w="1434" /><ent r="4" t="167" w="1454" /><ent r="4" t="168" w="222" /><ent r="3" t="168" w="899" /><ent r="4" t="168" w="952" /><ent r="4" t="168" w="1025" /><ent r="4" t="168" w="1341" /><ent r="4" t="169" w="500" /><ent r="4" t="169" w="684" /><ent r="4" t="169" w="716" /><ent r="3" t="169" w="726" /><ent r="4" t="169" w="767" /><ent r="4" t="169" w="810" /><ent r="4" t="169" w="887" /><ent r="4" t="169" w="900" /><ent r="3" t="169" w="1008" /><ent r="4" t="169" w="1053" /><ent r="4" t="170" w="485" /><ent r="4" t="170" w="742" /><ent r="4" t="170" w="837" /><ent r="4" t="170" w="891" /><ent r="4" t="170" w="965" /><ent r="6" t="170" w="994" /><ent r="4" t="170" w="1101" /><ent r="4" t="170" w="1118" /><ent r="4" t="171" w="376" /><ent r="4" t="171" w="558" /><ent r="3" t="171" w="575" /><ent r="3" t="171" w="604" /><ent r="4" t="171" w="734" /><ent r="4" t="171" w="806" /><ent r="3" t="171" w="1123" /><ent r="4" t="171" w="1216" /><ent r="3" t="171" w="1248" /><ent r="4" t="172" w="390" /><ent r="4" t="172" w="547" /><ent r="4" t="172" w="613" /><ent r="4" t="172" w="769" /><ent r="4" t="172" w="875" /><ent r="3" t="172" w="1212" /><ent r="4" t="173" w="287" /><ent r="4" t="173" w="487" /><ent r="4" t="173" w="508" /><ent r="4" t="173" w="671" /><ent r="3" t="173" w="1173" /><ent r="4" t="173" w="1336" /><ent r="4" t="173" w="1573" /><ent r="4" t="174" w="147" /><ent r="7" t="175" w="91" /><ent r="7" t="175" w="107" /><ent r="7" t="175" w="126" /><ent r="7" t="175" w="142" /><ent r="4" t="180" w="280" /><ent r="3" t="190" w="120" /><ent r="3" t="190" w="152" /><ent r="3" t="193" w="42" /><ent r="3" t="194" w="64" /><ent r="3" t="194" w="84" /><ent r="3" t="195" w="121" /><ent r="4" t="195" w="201" /><ent r="4" t="195" w="288" /><ent r="3" t="196" w="52" /><ent r="4" t="196" w="132" /><ent r="4" t="196" w="219" /><ent r="4" t="197" w="91" /><ent r="4" t="197" w="178" /><ent r="3" t="198" w="50" /><ent r="4" t="198" w="130" /><ent r="4" t="198" w="217" /><ent r="4" t="199" w="48" /><ent r="3" t="199" w="136" /><ent r="4" t="199" w="184" /><ent r="4" t="199" w="264" /><ent r="3" t="200" w="83" /><ent r="4" t="201" w="50" /><ent r="3" t="202" w="88" /><ent r="4" t="203" w="68" /><ent r="4" t="204" w="79" /><ent r="4" t="205" w="53" /><ent r="3" t="206" w="33" /><ent r="4" t="207" w="107" /><ent r="4" t="208" w="120" /><ent r="4" t="209" w="106" /><ent r="4" t="211" w="50" /><ent r="4" t="211" w="162" /><ent r="4" t="211" w="223" /><ent r="4" t="211" w="291" /></phr><phr n="Click"><ent r="4" t="1" w="402" /><ent r="4" t="18" w="183" /><ent r="4" t="20" w="297" /><ent r="4" t="21" w="478" /><ent r="4" t="21" w="517" /><ent r="4" t="24" w="122" /><ent r="4" t="26" w="178" /><ent r="4" t="26" w="597" /><ent r="4" t="27" w="146" /><ent r="4" t="29" w="93" /><ent r="4" t="29" w="110" /><ent r="4" t="30" w="87" /><ent r="4" t="32" w="185" /><ent r="4" t="37" w="64" /><ent r="3" t="37" w="139" /><ent r="3" t="38" w="56" /><ent r="3" t="39" w="68" /><ent r="3" t="40" w="57" /><ent r="4" t="42" w="131" /><ent r="3" t="42" w="261" /><ent r="4" t="42" w="283" /><ent r="4" t="43" w="417" /><ent r="4" t="44" w="270" /><ent r="3" t="46" w="77" /><ent r="4" t="53" w="149" /><ent r="3" t="57" w="80" /><ent r="4" t="60" w="74" /><ent r="4" t="62" w="102" /><ent r="4" t="62" w="166" /><ent r="4" t="62" w="208" /><ent r="4" t="62" w="287" /><ent r="3" t="63" w="94" /><ent r="3" t="63" w="108" /><ent r="4" t="66" w="109" /><ent r="4" t="66" w="121" /><ent r="4" t="66" w="134" /><ent r="4" t="66" w="167" /><ent r="4" t="66" w="190" /><ent r="4" t="66" w="210" /><ent r="3" t="66" w="302" /><ent r="3" t="69" w="92" /><ent r="4" t="72" w="141" /><ent r="4" t="72" w="218" /><ent r="4" t="72" w="237" /><ent r="3" t="73" w="115" /><ent r="4" t="75" w="203" /><ent r="4" t="75" w="224" /><ent r="4" t="75" w="248" /><ent r="4" t="75" w="259" /><ent r="4" t="75" w="292" /><ent r="4" t="75" w="307" /><ent r="4" t="84" w="195" /><ent r="4" t="85" w="150" /><ent r="4" t="89" w="94" /><ent r="3" t="92" w="223" /><ent r="3" t="92" w="240" /><ent r="4" t="94" w="201" /><ent r="4" t="94" w="248" /><ent r="4" t="96" w="170" /><ent r="4" t="96" w="248" /><ent r="3" t="96" w="258" /><ent r="4" t="97" w="112" /><ent r="4" t="97" w="126" /><ent r="3" t="97" w="136" /><ent r="4" t="98" w="125" /><ent r="4" t="98" w="135" /><ent r="4" t="98" w="145" /><ent r="3" t="98" w="155" /><ent r="4" t="99" w="126" /><ent r="4" t="99" w="136" /><ent r="4" t="99" w="145" /><ent r="3" t="99" w="155" /><ent r="3" t="100" w="413" /><ent r="4" t="100" w="461" /><ent r="3" t="101" w="113" /><ent r="4" t="108" w="115" /><ent r="4" t="109" w="100" /><ent r="4" t="110" w="132" /><ent r="4" t="116" w="147" /><ent r="4" t="116" w="246" /><ent r="4" t="116" w="309" /><ent r="4" t="117" w="59" /><ent r="4" t="117" w="134" /><ent r="4" t="124" w="71" /><ent r="4" t="125" w="81" /><ent r="4" t="129" w="357" /><ent r="4" t="129" w="439" /><ent r="3" t="129" w="471" /><ent r="3" t="129" w="566" /><ent r="3" t="129" w="635" /><ent r="4" t="130" w="254" /><ent r="4" t="130" w="260" /><ent r="3" t="130" w="347" /><ent r="4" t="130" w="375" /><ent r="4" t="130" w="395" /><ent r="4" t="130" w="431" /><ent r="4" t="130" w="572" /><ent r="3" t="132" w="109" /><ent r="4" t="134" w="119" /><ent r="3" t="134" w="248" /><ent r="4" t="135" w="119" /><ent r="4" t="135" w="220" /><ent r="3" t="135" w="230" /><ent r="4" t="136" w="133" /><ent r="4" t="136" w="200" /><ent r="3" t="136" w="210" /><ent r="4" t="137" w="130" /><ent r="4" t="137" w="191" /><ent r="3" t="137" w="201" /><ent r="4" t="138" w="114" /><ent r="3" t="138" w="203" /><ent r="4" t="139" w="121" /><ent r="4" t="139" w="150" /><ent r="3" t="139" w="160" /><ent r="4" t="140" w="115" /><ent r="3" t="140" w="158" /><ent r="4" t="141" w="118" /><ent r="4" t="141" w="140" /><ent r="3" t="141" w="150" /><ent r="4" t="142" w="126" /><ent r="4" t="142" w="257" /><ent r="3" t="142" w="267" /><ent r="3" t="143" w="148" /><ent r="4" t="143" w="332" /><ent r="3" t="143" w="346" /><ent r="3" t="143" w="361" /><ent r="4" t="149" w="112" /><ent r="4" t="155" w="700" /><ent r="3" t="155" w="795" /><ent r="3" t="155" w="827" /><ent r="4" t="155" w="946" /><ent r="4" t="155" w="1038" /><ent r="4" t="156" w="267" /><ent r="4" t="157" w="224" /><ent r="4" t="157" w="239" /><ent r="4" t="157" w="257" /><ent r="4" t="157" w="286" /><ent r="4" t="157" w="304" /><ent r="4" t="157" w="333" /><ent r="4" t="159" w="135" /><ent r="4" t="159" w="305" /><ent r="4" t="160" w="133" /><ent r="4" t="160" w="285" /><ent r="4" t="161" w="144" /><ent r="4" t="162" w="300" /><ent r="4" t="162" w="326" /><ent r="4" t="163" w="163" /><ent r="4" t="163" w="175" /><ent r="4" t="163" w="228" /><ent r="4" t="163" w="241" /><ent r="4" t="163" w="264" /><ent r="4" t="163" w="299" /><ent r="3" t="164" w="310" /><ent r="4" t="165" w="445" /><ent r="4" t="165" w="449" /><ent r="4" t="165" w="572" /><ent r="3" t="165" w="616" /><ent r="3" t="165" w="1151" /><ent r="3" t="165" w="1604" /><ent r="4" t="165" w="1668" /><ent r="4" t="165" w="1897" /><ent r="3" t="165" w="1972" /><ent r="3" t="165" w="2093" /><ent r="4" t="165" w="2124" /><ent r="3" t="165" w="2150" /><ent r="4" t="165" w="2223" /><ent r="4" t="165" w="2242" /><ent r="4" t="165" w="2276" /><ent r="4" t="165" w="2297" /><ent r="4" t="165" w="2356" /><ent r="4" t="166" w="595" /><ent r="4" t="166" w="599" /><ent r="3" t="166" w="1001" /><ent r="3" t="166" w="1172" /><ent r="3" t="166" w="1179" /><ent r="5" t="166" w="1187" /><ent r="3" t="166" w="1225" /><ent r="4" t="166" w="1583" /><ent r="4" t="166" w="1589" /><ent r="4" t="166" w="1742" /><ent r="4" t="166" w="1883" /><ent r="4" t="166" w="1912" /><ent r="4" t="166" w="1934" /><ent r="4" t="166" w="1940" /><ent r="4" t="166" w="1945" /><ent r="4" t="166" w="1959" /><ent r="4" t="166" w="1987" /><ent r="4" t="166" w="2206" /><ent r="4" t="166" w="2237" /><ent r="3" t="166" w="2357" /><ent r="4" t="166" w="2385" /><ent r="4" t="166" w="2592" /><ent r="3" t="166" w="2869" /><ent r="4" t="167" w="307" /><ent r="4" t="167" w="311" /><ent r="3" t="167" w="421" /><ent r="4" t="167" w="485" /><ent r="4" t="167" w="503" /><ent r="4" t="167" w="510" /><ent r="4" t="167" w="585" /><ent r="4" t="167" w="741" /><ent r="3" t="167" w="894" /><ent r="4" t="167" w="920" /><ent r="4" t="167" w="1029" /><ent r="4" t="167" w="1241" /><ent r="4" t="168" w="267" /><ent r="4" t="168" w="271" /><ent r="4" t="168" w="382" /><ent r="4" t="168" w="689" /><ent r="4" t="168" w="832" /><ent r="4" t="168" w="1085" /><ent r="4" t="168" w="1127" /><ent r="4" t="168" w="1166" /><ent r="4" t="168" w="1302" /><ent r="4" t="168" w="1316" /><ent r="4" t="168" w="1359" /><ent r="3" t="168" w="1376" /><ent r="3" t="168" w="1415" /><ent r="4" t="169" w="545" /><ent r="4" t="169" w="549" /><ent r="4" t="169" w="652" /><ent r="4" t="169" w="827" /><ent r="4" t="169" w="840" /><ent r="4" t="169" w="877" /><ent r="4" t="170" w="530" /><ent r="4" t="170" w="534" /><ent r="4" t="170" w="648" /><ent r="3" t="170" w="677" /><ent r="4" t="170" w="1023" /><ent r="3" t="170" w="1079" /><ent r="4" t="170" w="1132" /><ent r="4" t="170" w="1139" /><ent r="4" t="171" w="421" /><ent r="4" t="171" w="425" /><ent r="4" t="171" w="545" /><ent r="3" t="171" w="587" /><ent r="4" t="171" w="689" /><ent r="4" t="171" w="790" /><ent r="4" t="171" w="824" /><ent r="3" t="171" w="846" /><ent r="4" t="171" w="954" /><ent r="4" t="171" w="1188" /><ent r="4" t="171" w="1202" /><ent r="3" t="171" w="1228" /><ent r="4" t="171" w="1264" /><ent r="4" t="172" w="435" /><ent r="4" t="172" w="439" /><ent r="4" t="172" w="579" /><ent r="4" t="172" w="647" /><ent r="4" t="172" w="679" /><ent r="4" t="172" w="708" /><ent r="4" t="172" w="818" /><ent r="3" t="172" w="850" /><ent r="4" t="172" w="923" /><ent r="4" t="172" w="929" /><ent r="4" t="172" w="1364" /><ent r="4" t="172" w="1495" /><ent r="4" t="172" w="1513" /><ent r="4" t="172" w="1598" /><ent r="4" t="173" w="332" /><ent r="4" t="173" w="336" /><ent r="4" t="173" w="534" /><ent r="4" t="173" w="573" /><ent r="4" t="173" w="587" /><ent r="4" t="173" w="627" /><ent r="4" t="173" w="703" /><ent r="3" t="173" w="759" /><ent r="3" t="173" w="768" /><ent r="3" t="173" w="1041" /><ent r="4" t="173" w="1601" /><ent r="4" t="174" w="71" /><ent r="4" t="174" w="85" /><ent r="3" t="180" w="116" /><ent r="4" t="180" w="259" /><ent r="4" t="180" w="292" /><ent r="4" t="180" w="379" /><ent r="4" t="182" w="116" /><ent r="4" t="199" w="72" /><ent r="4" t="199" w="103" /><ent r="4" t="199" w="245" /><ent r="4" t="199" w="297" /><ent r="4" t="201" w="63" /><ent r="4" t="203" w="113" /><ent r="4" t="204" w="238" /><ent r="4" t="205" w="66" /><ent r="3" t="207" w="133" /><ent r="4" t="207" w="193" /><ent r="4" t="207" w="243" /><ent r="4" t="208" w="139" /><ent r="4" t="208" w="194" /><ent r="4" t="209" w="117" /><ent r="4" t="209" w="149" /><ent r="3" t="209" w="159" /><ent r="3" t="211" w="56" /><ent r="4" t="211" w="65" /><ent r="4" t="211" w="144" /><ent r="4" t="211" w="169" /><ent r="4" t="211" w="182" /><ent r="4" t="211" w="203" /><ent r="4" t="211" w="230" /><ent r="4" t="211" w="249" /><ent r="4" t="211" w="298" /><ent r="4" t="211" w="311" /></phr><phr n="clicking"><ent r="6" t="7" w="227" /><ent r="4" t="66" w="158" /><ent r="3" t="69" w="282" /><ent r="3" t="79" w="165" /><ent r="3" t="81" w="69" /><ent r="4" t="109" w="35" /><ent r="4" t="155" w="1001" /><ent r="4" t="163" w="198" /><ent r="4" t="165" w="743" /><ent r="4" t="165" w="930" /><ent r="4" t="165" w="1827" /><ent r="4" t="166" w="738" /><ent r="4" t="166" w="1103" /><ent r="4" t="166" w="1478" /><ent r="4" t="166" w="1625" /><ent r="4" t="166" w="2098" /><ent r="4" t="166" w="2807" /><ent r="4" t="166" w="2850" /><ent r="4" t="167" w="611" /><ent r="4" t="169" w="1031" /><ent r="4" t="171" w="781" /><ent r="4" t="172" w="1248" /><ent r="4" t="172" w="1306" /><ent r="4" t="172" w="1350" /><ent r="6" t="172" w="1460" /><ent r="6" t="172" w="1465" /><ent r="4" t="172" w="2015" /><ent r="3" t="173" w="914" /><ent r="3" t="173" w="979" /><ent r="3" t="173" w="1029" /><ent r="3" t="173" w="1210" /><ent r="3" t="173" w="1215" /><ent r="4" t="174" w="135" /><ent r="3" t="200" w="156" /><ent r="3" t="202" w="161" /></phr><phr n="Clicking"><ent r="3" t="107" w="239" /><ent r="3" t="172" w="1099" /><ent r="3" t="173" w="856" /></phr></stem></index>