<?xml version="1.0" encoding="utf-8"?><index><stem n="direct"><phr n="Direction"><ent r="5" t="3" w="76" /><ent r="5" t="3" w="104" /><ent r="6" t="14" w="250" /><ent r="5" t="14" w="254" /><ent r="64" t="15" w="29" /><ent r="4" t="63" w="84" /><ent r="1000" t="98" w="3" /><ent r="100" t="98" w="7" /><ent r="102" t="98" w="11" /><ent r="3" t="98" w="15" /><ent r="4" t="98" w="96" /><ent r="4" t="98" w="105" /><ent r="5" t="98" w="118" /><ent r="4" t="98" w="125" /><ent r="3" t="98" w="152" /><ent r="3" t="178" w="53" /><ent r="6" t="222" w="49" /><ent r="6" t="222" w="58" /><ent r="6" t="222" w="65" /><ent r="6" t="222" w="80" /><ent r="4" t="243" w="327" /><ent r="3" t="243" w="331" /><ent r="4" t="243" w="342" /><ent r="4" t="243" w="377" /><ent r="3" t="253" w="24" /></phr><phr n="directed"><ent r="4" t="201" w="264" /></phr><phr n="direct"><ent r="3" t="220" w="11" /></phr><phr n="directions"><ent r="7" t="228" w="520" /><ent r="3" t="252" w="414" /></phr></stem><stem n="+"><phr n="+"><ent r="6" t="3" w="114" /><ent r="5" t="3" w="139" /><ent r="5" t="3" w="154" /><ent r="7" t="5" w="34" /><ent r="7" t="5" w="91" /><ent r="7" t="5" w="127" /><ent r="7" t="5" w="164" /><ent r="7" t="5" w="215" /><ent r="7" t="5" w="261" /><ent r="7" t="7" w="310" /><ent r="3" t="17" w="85" /><ent r="3" t="22" w="170" /><ent r="100" t="22" w="228" /><ent r="65" t="22" w="233" /><ent r="100" t="22" w="342" /><ent r="65" t="22" w="347" /><ent r="92" t="22" w="434" /><ent r="3" t="22" w="441" /><ent r="4" t="22" w="544" /><ent r="3" t="22" w="845" /><ent r="3" t="43" w="163" /><ent r="4" t="48" w="71" /><ent r="3" t="48" w="247" /><ent r="4" t="50" w="111" /><ent r="4" t="52" w="110" /><ent r="4" t="53" w="110" /><ent r="4" t="54" w="124" /><ent r="4" t="55" w="119" /><ent r="4" t="56" w="112" /><ent r="4" t="57" w="110" /><ent r="4" t="58" w="106" /><ent r="4" t="59" w="107" /><ent r="4" t="60" w="117" /><ent r="4" t="70" w="395" /><ent r="3" t="72" w="159" /><ent r="3" t="72" w="172" /><ent r="3" t="72" w="176" /><ent r="3" t="76" w="120" /><ent r="3" t="76" w="124" /><ent r="3" t="77" w="68" /><ent r="4" t="77" w="96" /><ent r="3" t="90" w="233" /><ent r="3" t="132" w="157" /><ent r="3" t="133" w="161" /><ent r="3" t="134" w="138" /><ent r="4" t="138" w="159" /><ent r="4" t="140" w="110" /><ent r="4" t="140" w="126" /><ent r="4" t="141" w="111" /><ent r="4" t="141" w="127" /><ent r="3" t="141" w="176" /><ent r="4" t="141" w="255" /><ent r="4" t="141" w="257" /><ent r="4" t="141" w="270" /><ent r="3" t="153" w="83" /><ent r="3" t="155" w="44" /><ent r="3" t="179" w="305" /><ent r="83" t="179" w="311" /><ent r="3" t="179" w="319" /><ent r="4" t="179" w="422" /><ent r="3" t="179" w="719" /><ent r="3" t="180" w="297" /><ent r="83" t="180" w="303" /><ent r="3" t="180" w="311" /><ent r="4" t="180" w="411" /><ent r="3" t="180" w="708" /><ent r="3" t="181" w="294" /><ent r="83" t="181" w="300" /><ent r="3" t="181" w="308" /><ent r="4" t="181" w="409" /><ent r="3" t="181" w="706" /><ent r="3" t="198" w="155" /><ent r="4" t="241" w="125" /><ent r="3" t="241" w="195" /><ent r="5" t="242" w="87" /><ent r="5" t="242" w="97" /><ent r="5" t="242" w="107" /><ent r="5" t="242" w="117" /><ent r="5" t="242" w="125" /><ent r="5" t="242" w="133" /><ent r="5" t="242" w="142" /><ent r="5" t="242" w="149" /><ent r="5" t="242" w="156" /><ent r="5" t="242" w="166" /><ent r="5" t="242" w="174" /><ent r="5" t="242" w="184" /><ent r="5" t="242" w="193" /><ent r="5" t="242" w="200" /><ent r="5" t="242" w="209" /><ent r="5" t="242" w="315" /><ent r="5" t="242" w="317" /><ent r="5" t="242" w="348" /><ent r="3" t="253" w="117" /><ent r="3" t="253" w="227" /><ent r="7" t="256" w="106" /><ent r="7" t="256" w="107" /><ent r="6" t="256" w="121" /><ent r="7" t="257" w="100" /><ent r="7" t="257" w="136" /><ent r="7" t="257" w="175" /><ent r="7" t="258" w="109" /><ent r="7" t="258" w="145" /><ent r="7" t="258" w="156" /><ent r="6" t="259" w="82" /><ent r="5" t="259" w="126" /></phr></stem><stem n="ctrl"><phr n="Ctrl"><ent r="6" t="3" w="115" /><ent r="5" t="3" w="140" /><ent r="7" t="5" w="33" /><ent r="7" t="7" w="309" /><ent r="4" t="17" w="83" /><ent r="4" t="17" w="125" /><ent r="4" t="22" w="168" /><ent r="4" t="43" w="161" /><ent r="4" t="72" w="157" /><ent r="4" t="72" w="170" /><ent r="4" t="74" w="406" /><ent r="4" t="76" w="118" /><ent r="4" t="77" w="66" /><ent r="4" t="77" w="95" /><ent r="5" t="86" w="62" /><ent r="3" t="90" w="158" /><ent r="4" t="90" w="231" /><ent r="3" t="124" w="230" /><ent r="3" t="124" w="317" /><ent r="4" t="132" w="155" /><ent r="4" t="133" w="159" /><ent r="3" t="141" w="177" /><ent r="4" t="141" w="254" /><ent r="4" t="141" w="269" /><ent r="4" t="153" w="81" /><ent r="4" t="155" w="42" /><ent r="4" t="160" w="199" /><ent r="4" t="161" w="314" /><ent r="3" t="192" w="499" /><ent r="3" t="192" w="586" /><ent r="3" t="193" w="209" /><ent r="3" t="193" w="296" /><ent r="3" t="194" w="486" /><ent r="3" t="194" w="573" /><ent r="4" t="204" w="132" /><ent r="3" t="210" w="1533" /><ent r="5" t="242" w="86" /><ent r="5" t="242" w="96" /><ent r="5" t="242" w="106" /><ent r="5" t="242" w="116" /><ent r="5" t="242" w="124" /><ent r="5" t="242" w="132" /><ent r="5" t="242" w="141" /><ent r="5" t="242" w="148" /><ent r="5" t="242" w="155" /><ent r="5" t="242" w="165" /><ent r="5" t="242" w="173" /><ent r="5" t="242" w="183" /><ent r="5" t="242" w="192" /><ent r="5" t="242" w="199" /><ent r="5" t="242" w="208" /><ent r="5" t="242" w="314" /><ent r="7" t="256" w="105" /><ent r="6" t="256" w="120" /><ent r="7" t="257" w="99" /><ent r="7" t="257" w="135" /><ent r="7" t="257" w="174" /><ent r="7" t="258" w="108" /><ent r="7" t="258" w="144" /><ent r="7" t="258" w="155" /><ent r="6" t="259" w="81" /><ent r="5" t="259" w="125" /></phr></stem><stem n="dynam"><phr n="dynamic"><ent r="6" t="3" w="119" /><ent r="5" t="58" w="202" /><ent r="92" t="141" w="161" /><ent r="3" t="141" w="171" /><ent r="92" t="188" w="751" /><ent r="5" t="188" w="756" /></phr><phr n="dynamically"><ent r="4" t="143" w="204" /><ent r="4" t="188" w="764" /></phr></stem><stem n="inset"><phr n="inset"><ent r="6" t="3" w="120" /><ent r="92" t="141" w="162" /><ent r="3" t="141" w="172" /><ent r="5" t="242" w="337" /><ent r="5" t="242" w="363" /></phr></stem><stem n="(the"><phr n="(the"><ent r="6" t="3" w="121" /><ent r="4" t="34" w="95" /><ent r="3" t="99" w="52" /><ent r="3" t="190" w="171" /><ent r="3" t="195" w="276" /><ent r="3" t="197" w="90" /><ent r="4" t="210" w="1652" /><ent r="3" t="211" w="2302" /><ent r="3" t="211" w="2604" /><ent r="3" t="243" w="460" /><ent r="3" t="254" w="656" /></phr></stem><stem n="zoomed-in"><phr n="zoomed-in"><ent r="6" t="3" w="122" /><ent r="3" t="210" w="729" /><ent r="3" t="210" w="744" /><ent r="3" t="210" w="1722" /></phr></stem><stem n="region"><phr n="region"><ent r="6" t="3" w="124" /><ent r="4" t="52" w="216" /><ent r="4" t="84" w="71" /><ent r="4" t="84" w="87" /><ent r="3" t="115" w="62" /><ent r="4" t="115" w="84" /><ent r="4" t="115" w="105" /><ent r="4" t="127" w="157" /><ent r="5" t="195" w="380" /><ent r="3" t="195" w="420" /><ent r="3" t="204" w="61" /><ent r="4" t="204" w="148" /><ent r="3" t="205" w="35" /><ent r="5" t="205" w="115" /><ent r="3" t="210" w="1525" /><ent r="3" t="210" w="1541" /><ent r="4" t="210" w="1748" /><ent r="3" t="211" w="309" /><ent r="3" t="211" w="317" /><ent r="5" t="212" w="1248" /><ent r="4" t="213" w="1226" /><ent r="4" t="213" w="1261" /><ent r="4" t="213" w="1265" /></phr><phr n="regions"><ent r="3" t="115" w="28" /></phr></stem><stem n="scene"><phr n="scene"><ent r="6" t="3" w="127" /><ent r="6" t="11" w="148" /><ent r="3" t="75" w="537" /><ent r="4" t="84" w="62" /><ent r="4" t="84" w="74" /><ent r="4" t="84" w="107" /><ent r="4" t="101" w="50" /><ent r="4" t="114" w="161" /><ent r="4" t="114" w="174" /><ent r="3" t="115" w="37" /><ent r="3" t="115" w="45" /><ent r="3" t="115" w="55" /><ent r="4" t="179" w="788" /><ent r="4" t="210" w="1025" /><ent r="4" t="210" w="1060" /><ent r="3" t="211" w="297" /><ent r="4" t="211" w="1162" /><ent r="3" t="211" w="2114" /><ent r="4" t="214" w="1018" /><ent r="4" t="214" w="1028" /><ent r="3" t="252" w="515" /></phr><phr n="scenes"><ent r="3" t="113" w="19" /><ent r="3" t="113" w="44" /><ent r="3" t="187" w="60" /><ent r="4" t="203" w="120" /><ent r="3" t="211" w="421" /><ent r="4" t="211" w="2566" /><ent r="4" t="211" w="2576" /><ent r="4" t="213" w="1272" /></phr></stem><stem n=".)"><phr n=".)"><ent r="6" t="3" w="128" /><ent r="3" t="4" w="113" /><ent r="7" t="10" w="110" /><ent r="4" t="34" w="104" /><ent r="3" t="66" w="32" /><ent r="4" t="76" w="166" /><ent r="4" t="76" w="221" /><ent r="4" t="80" w="64" /><ent r="4" t="96" w="132" /><ent r="3" t="99" w="71" /><ent r="4" t="119" w="71" /><ent r="3" t="124" w="232" /><ent r="3" t="124" w="319" /><ent r="3" t="126" w="165" /><ent r="3" t="128" w="186" /><ent r="4" t="140" w="237" /><ent r="4" t="141" w="594" /><ent r="4" t="143" w="172" /><ent r="3" t="150" w="411" /><ent r="4" t="161" w="245" /><ent r="4" t="179" w="935" /><ent r="3" t="184" w="66" /><ent r="3" t="192" w="501" /><ent r="3" t="192" w="588" /><ent r="4" t="193" w="72" /><ent r="3" t="193" w="211" /><ent r="3" t="193" w="298" /><ent r="3" t="194" w="488" /><ent r="3" t="194" w="575" /><ent r="3" t="197" w="96" /><ent r="3" t="211" w="983" /><ent r="3" t="211" w="1030" /><ent r="4" t="211" w="1071" /><ent r="4" t="211" w="1189" /><ent r="3" t="211" w="1475" /><ent r="4" t="211" w="1927" /><ent r="4" t="212" w="613" /><ent r="3" t="212" w="937" /><ent r="3" t="212" w="1538" /><ent r="4" t="213" w="1087" /><ent r="7" t="218" w="1153" /><ent r="3" t="218" w="1751" /><ent r="6" t="219" w="1335" /><ent r="4" t="221" w="61" /><ent r="3" t="242" w="48" /><ent r="6" t="246" w="443" /><ent r="3" t="248" w="307" /></phr></stem><stem n="context"><phr n="context"><ent r="5" t="3" w="134" /><ent r="3" t="18" w="207" /><ent r="4" t="37" w="122" /><ent r="4" t="172" w="245" /><ent r="4" t="176" w="95" /><ent r="4" t="177" w="72" /><ent r="4" t="193" w="82" /><ent r="4" t="194" w="78" /><ent r="3" t="213" w="802" /><ent r="3" t="214" w="132" /><ent r="3" t="215" w="122" /></phr></stem><stem n="copi"><phr n="Copies"><ent r="6" t="3" w="142" /><ent r="7" t="5" w="100" /><ent r="5" t="22" w="781" /><ent r="4" t="79" w="220" /><ent r="5" t="122" w="638" /><ent r="7" t="151" w="115" /><ent r="5" t="179" w="660" /><ent r="5" t="180" w="649" /><ent r="5" t="181" w="647" /><ent r="7" t="257" w="105" /></phr><phr n="copied"><ent r="7" t="5" w="113" /><ent r="3" t="199" w="51" /><ent r="3" t="204" w="87" /><ent r="4" t="205" w="238" /></phr><phr n="copy"><ent r="7" t="5" w="138" /><ent r="4" t="20" w="567" /><ent r="4" t="20" w="582" /><ent r="4" t="20" w="626" /><ent r="4" t="20" w="637" /><ent r="3" t="20" w="714" /><ent r="5" t="22" w="773" /><ent r="3" t="48" w="179" /><ent r="3" t="48" w="367" /><ent r="3" t="48" w="537" /><ent r="3" t="48" w="680" /><ent r="4" t="74" w="211" /><ent r="1000" t="76" w="1" /><ent r="102" t="76" w="4" /><ent r="100" t="76" w="8" /><ent r="100" t="76" w="10" /><ent r="3" t="76" w="36" /><ent r="5" t="76" w="154" /><ent r="4" t="76" w="163" /><ent r="4" t="76" w="177" /><ent r="5" t="76" w="209" /><ent r="4" t="76" w="218" /><ent r="3" t="76" w="223" /><ent r="4" t="76" w="231" /><ent r="4" t="76" w="249" /><ent r="5" t="79" w="132" /><ent r="4" t="79" w="144" /><ent r="5" t="79" w="217" /><ent r="5" t="122" w="635" /><ent r="92" t="140" w="308" /><ent r="4" t="140" w="360" /><ent r="5" t="179" w="652" /><ent r="5" t="180" w="641" /><ent r="5" t="181" w="639" /><ent r="100" t="204" w="7" /><ent r="4" t="205" w="200" /><ent r="5" t="242" w="138" /><ent r="100" t="257" w="10" /><ent r="7" t="257" w="103" /></phr><phr n="Copying"><ent r="64" t="202" w="324" /><ent r="65" t="203" w="298" /><ent r="64" t="203" w="305" /><ent r="1000" t="204" w="1" /><ent r="100" t="204" w="5" /><ent r="102" t="204" w="10" /><ent r="3" t="217" w="961" /></phr></stem><stem n="shift"><phr n="Shift"><ent r="5" t="3" w="155" /><ent r="4" t="17" w="121" /><ent r="3" t="17" w="219" /><ent r="4" t="72" w="174" /><ent r="4" t="74" w="402" /><ent r="4" t="75" w="543" /><ent r="4" t="76" w="122" /><ent r="5" t="86" w="66" /><ent r="4" t="90" w="97" /><ent r="3" t="124" w="228" /><ent r="3" t="124" w="315" /><ent r="4" t="143" w="163" /><ent r="4" t="160" w="195" /><ent r="3" t="192" w="497" /><ent r="3" t="192" w="584" /><ent r="3" t="193" w="207" /><ent r="3" t="193" w="294" /><ent r="3" t="194" w="484" /><ent r="3" t="194" w="571" /><ent r="4" t="204" w="130" /><ent r="3" t="210" w="1517" /><ent r="4" t="211" w="1294" /><ent r="3" t="213" w="1693" /><ent r="3" t="213" w="1712" /><ent r="3" t="213" w="1720" /><ent r="5" t="242" w="316" /><ent r="5" t="242" w="347" /></phr><phr n="shifts"><ent r="3" t="213" w="1723" /></phr></stem><stem n="extend"><phr n="Extends"><ent r="6" t="3" w="157" /><ent r="6" t="196" w="215" /></phr><phr n="extend"><ent r="6" t="196" w="212" /></phr></stem><stem n="/shrink"><phr n="/shrinks"><ent r="6" t="3" w="158" /></phr></stem><stem n="shrink"><phr n="shrinks"><ent r="6" t="3" w="158" /></phr><phr n="shrink"><ent r="4" t="207" w="116" /></phr></stem><stem n="/unselect"><phr n="/unselecting"><ent r="6" t="3" w="164" /></phr></stem><stem n="unselect"><phr n="unselecting"><ent r="6" t="3" w="164" /></phr><phr n="unselected"><ent r="5" t="13" w="79" /></phr></stem><stem n="featur"><phr n="feature"><ent r="6" t="3" w="167" /><ent r="5" t="29" w="335" /><ent r="4" t="76" w="16" /><ent r="3" t="113" w="15" /><ent r="3" t="113" w="32" /><ent r="3" t="145" w="127" /><ent r="3" t="145" w="131" /><ent r="3" t="146" w="63" /><ent r="3" t="147" w="47" /><ent r="3" t="203" w="40" /><ent r="3" t="206" w="157" /><ent r="4" t="206" w="189" /><ent r="3" t="206" w="213" /><ent r="3" t="213" w="1561" /><ent r="3" t="213" w="1604" /><ent r="3" t="214" w="206" /><ent r="3" t="214" w="1095" /><ent r="3" t="214" w="1099" /><ent r="3" t="215" w="196" /><ent r="4" t="215" w="1152" /><ent r="3" t="215" w="1213" /><ent r="3" t="227" w="18" /><ent r="3" t="234" w="198" /><ent r="3" t="234" w="339" /><ent r="92" t="234" w="351" /><ent r="3" t="234" w="357" /><ent r="3" t="234" w="377" /><ent r="3" t="234" w="442" /><ent r="3" t="234" w="487" /><ent r="5" t="234" w="499" /><ent r="3" t="234" w="520" /><ent r="4" t="234" w="528" /><ent r="92" t="234" w="542" /><ent r="3" t="234" w="547" /><ent r="4" t="234" w="557" /><ent r="5" t="234" w="573" /><ent r="4" t="234" w="589" /><ent r="3" t="234" w="593" /><ent r="3" t="234" w="863" /><ent r="3" t="234" w="942" /><ent r="3" t="234" w="948" /><ent r="3" t="234" w="966" /><ent r="3" t="234" w="994" /><ent r="3" t="234" w="1010" /><ent r="3" t="234" w="1035" /></phr><phr n="Features"><ent r="64" t="4" w="259" /><ent r="1000" t="16" w="2" /><ent r="102" t="16" w="6" /><ent r="100" t="16" w="10" /><ent r="64" t="16" w="21" /><ent r="3" t="30" w="35" /><ent r="3" t="30" w="39" /><ent r="65" t="30" w="474" /><ent r="5" t="30" w="484" /><ent r="4" t="34" w="178" /><ent r="4" t="40" w="127" /><ent r="65" t="40" w="134" /><ent r="5" t="58" w="639" /><ent r="5" t="58" w="674" /><ent r="5" t="58" w="1074" /><ent r="5" t="58" w="1109" /><ent r="5" t="120" w="165" /><ent r="5" t="120" w="196" /><ent r="1000" t="145" w="2" /><ent r="102" t="145" w="5" /><ent r="6" t="145" w="11" /><ent r="100" t="145" w="22" /><ent r="3" t="145" w="25" /><ent r="3" t="145" w="79" /><ent r="4" t="145" w="84" /><ent r="3" t="145" w="100" /><ent r="4" t="145" w="105" /><ent r="3" t="145" w="123" /><ent r="92" t="145" w="168" /><ent r="3" t="145" w="175" /><ent r="3" t="145" w="182" /><ent r="4" t="145" w="188" /><ent r="4" t="145" w="190" /><ent r="3" t="145" w="199" /><ent r="64" t="145" w="206" /><ent r="1000" t="146" w="2" /><ent r="102" t="146" w="6" /><ent r="100" t="146" w="10" /><ent r="3" t="146" w="17" /><ent r="3" t="146" w="24" /><ent r="4" t="146" w="30" /><ent r="4" t="146" w="32" /><ent r="3" t="146" w="41" /><ent r="64" t="146" w="122" /><ent r="3" t="148" w="85" /><ent r="5" t="188" w="673" /><ent r="5" t="188" w="701" /><ent r="3" t="201" w="68" /><ent r="3" t="201" w="81" /><ent r="3" t="214" w="105" /><ent r="3" t="214" w="109" /><ent r="3" t="214" w="125" /><ent r="3" t="214" w="181" /><ent r="3" t="214" w="213" /><ent r="3" t="214" w="216" /><ent r="3" t="214" w="260" /><ent r="3" t="214" w="282" /><ent r="64" t="214" w="392" /><ent r="4" t="214" w="779" /><ent r="5" t="214" w="791" /><ent r="4" t="214" w="797" /><ent r="5" t="214" w="804" /><ent r="4" t="214" w="923" /><ent r="4" t="214" w="960" /><ent r="3" t="214" w="1117" /><ent r="3" t="215" w="95" /><ent r="3" t="215" w="99" /><ent r="3" t="215" w="115" /><ent r="3" t="215" w="171" /><ent r="3" t="215" w="203" /><ent r="3" t="215" w="206" /><ent r="3" t="215" w="250" /><ent r="3" t="215" w="272" /><ent r="3" t="215" w="822" /><ent r="3" t="215" w="1184" /><ent r="3" t="215" w="1286" /><ent r="1000" t="227" w="2" /><ent r="102" t="227" w="6" /><ent r="3" t="232" w="22" /><ent r="3" t="234" w="221" /><ent r="3" t="234" w="234" /><ent r="3" t="234" w="262" /><ent r="3" t="234" w="274" /><ent r="3" t="234" w="278" /><ent r="3" t="234" w="295" /><ent r="3" t="234" w="297" /><ent r="3" t="234" w="321" /><ent r="3" t="234" w="447" /><ent r="3" t="234" w="509" /><ent r="4" t="234" w="515" /><ent r="4" t="234" w="530" /><ent r="4" t="234" w="559" /><ent r="4" t="234" w="566" /><ent r="3" t="234" w="583" /><ent r="3" t="234" w="595" /><ent r="92" t="234" w="603" /><ent r="3" t="234" w="608" /><ent r="3" t="234" w="611" /><ent r="3" t="234" w="624" /><ent r="4" t="234" w="630" /><ent r="3" t="234" w="641" /><ent r="3" t="234" w="653" /><ent r="3" t="234" w="681" /><ent r="4" t="234" w="698" /><ent r="4" t="234" w="777" /><ent r="4" t="234" w="883" /></phr></stem><stem n="load"><phr n="load"><ent r="3" t="4" w="73" /><ent r="4" t="20" w="385" /><ent r="4" t="20" w="559" /><ent r="4" t="20" w="635" /><ent r="3" t="20" w="707" /><ent r="3" t="23" w="23" /><ent r="82" t="25" w="163" /><ent r="3" t="25" w="166" /><ent r="92" t="28" w="24" /><ent r="3" t="28" w="51" /><ent r="3" t="29" w="11" /><ent r="4" t="29" w="108" /><ent r="4" t="29" w="120" /><ent r="4" t="29" w="290" /><ent r="4" t="29" w="350" /><ent r="4" t="29" w="379" /><ent r="4" t="29" w="399" /><ent r="4" t="29" w="421" /><ent r="4" t="29" w="566" /><ent r="3" t="30" w="461" /><ent r="3" t="31" w="64" /><ent r="3" t="31" w="91" /><ent r="3" t="32" w="16" /><ent r="3" t="36" w="18" /><ent r="3" t="43" w="15" /><ent r="3" t="43" w="36" /><ent r="3" t="44" w="68" /><ent r="6" t="46" w="55" /><ent r="3" t="48" w="780" /><ent r="6" t="50" w="42" /><ent r="6" t="52" w="42" /><ent r="6" t="53" w="42" /><ent r="6" t="54" w="42" /><ent r="6" t="55" w="49" /><ent r="6" t="56" w="45" /><ent r="6" t="57" w="41" /><ent r="6" t="58" w="38" /><ent r="6" t="59" w="38" /><ent r="6" t="60" w="48" /><ent r="3" t="109" w="61" /><ent r="3" t="113" w="42" /><ent r="100" t="127" w="4" /><ent r="3" t="127" w="45" /><ent r="5" t="127" w="101" /><ent r="4" t="127" w="131" /><ent r="3" t="128" w="303" /><ent r="4" t="128" w="311" /><ent r="6" t="138" w="48" /><ent r="6" t="140" w="41" /><ent r="6" t="141" w="42" /><ent r="3" t="145" w="40" /><ent r="3" t="145" w="50" /><ent r="3" t="159" w="55" /><ent r="64" t="165" w="120" /><ent r="64" t="166" w="218" /><ent r="64" t="167" w="111" /><ent r="1000" t="168" w="1" /><ent r="100" t="168" w="6" /><ent r="100" t="168" w="8" /><ent r="102" t="168" w="11" /><ent r="3" t="168" w="17" /><ent r="5" t="168" w="46" /><ent r="4" t="168" w="52" /><ent r="4" t="168" w="64" /><ent r="64" t="169" w="102" /><ent r="64" t="170" w="83" /><ent r="3" t="180" w="801" /><ent r="4" t="180" w="1031" /><ent r="3" t="180" w="1040" /><ent r="3" t="180" w="1059" /><ent r="6" t="195" w="308" /><ent r="5" t="195" w="316" /><ent r="92" t="196" w="259" /><ent r="3" t="196" w="265" /><ent r="5" t="196" w="302" /><ent r="4" t="198" w="364" /><ent r="4" t="198" w="382" /><ent r="3" t="198" w="548" /><ent r="3" t="202" w="37" /><ent r="4" t="210" w="2410" /><ent r="3" t="211" w="928" /><ent r="3" t="212" w="149" /><ent r="4" t="212" w="597" /><ent r="4" t="212" w="1097" /><ent r="4" t="212" w="1103" /><ent r="4" t="213" w="86" /><ent r="4" t="215" w="68" /><ent r="92" t="215" w="1140" /><ent r="4" t="215" w="1153" /><ent r="3" t="227" w="67" /><ent r="7" t="228" w="466" /><ent r="3" t="230" w="288" /><ent r="3" t="231" w="280" /><ent r="3" t="254" w="38" /><ent r="82" t="254" w="343" /><ent r="3" t="254" w="346" /><ent r="5" t="254" w="506" /><ent r="3" t="255" w="286" /></phr><phr n="loading"><ent r="3" t="17" w="173" /><ent r="3" t="96" w="35" /><ent r="3" t="102" w="136" /><ent r="6" t="122" w="435" /><ent r="3" t="127" w="30" /><ent r="5" t="188" w="199" /><ent r="3" t="195" w="551" /><ent r="4" t="212" w="612" /><ent r="3" t="214" w="327" /><ent r="3" t="214" w="334" /><ent r="3" t="215" w="317" /><ent r="3" t="215" w="324" /></phr><phr n="loaded"><ent r="3" t="20" w="244" /><ent r="3" t="20" w="283" /><ent r="4" t="20" w="499" /><ent r="4" t="20" w="653" /><ent r="3" t="26" w="174" /><ent r="92" t="28" w="100" /><ent r="3" t="28" w="116" /><ent r="3" t="28" w="135" /><ent r="4" t="29" w="595" /><ent r="3" t="29" w="661" /><ent r="3" t="30" w="64" /><ent r="4" t="34" w="99" /><ent r="6" t="46" w="68" /><ent r="6" t="50" w="55" /><ent r="6" t="52" w="55" /><ent r="6" t="53" w="55" /><ent r="6" t="54" w="55" /><ent r="6" t="55" w="62" /><ent r="6" t="56" w="58" /><ent r="6" t="57" w="54" /><ent r="6" t="58" w="51" /><ent r="6" t="59" w="51" /><ent r="6" t="60" w="61" /><ent r="3" t="73" w="24" /><ent r="4" t="94" w="68" /><ent r="3" t="95" w="112" /><ent r="4" t="96" w="178" /><ent r="3" t="108" w="198" /><ent r="3" t="108" w="345" /><ent r="3" t="108" w="368" /><ent r="3" t="109" w="142" /><ent r="4" t="127" w="111" /><ent r="6" t="138" w="61" /><ent r="6" t="140" w="54" /><ent r="6" t="141" w="55" /><ent r="3" t="142" w="454" /><ent r="3" t="143" w="84" /><ent r="4" t="143" w="127" /><ent r="4" t="143" w="146" /><ent r="6" t="145" w="17" /><ent r="3" t="146" w="66" /><ent r="3" t="148" w="41" /><ent r="3" t="150" w="115" /><ent r="3" t="180" w="814" /><ent r="3" t="180" w="1142" /><ent r="3" t="184" w="58" /><ent r="3" t="195" w="451" /><ent r="3" t="195" w="537" /><ent r="4" t="210" w="2135" /><ent r="4" t="212" w="449" /><ent r="4" t="212" w="1189" /><ent r="4" t="213" w="611" /><ent r="4" t="214" w="957" /><ent r="4" t="214" w="972" /><ent r="3" t="216" w="133" /><ent r="4" t="217" w="184" /><ent r="3" t="217" w="966" /><ent r="3" t="217" w="977" /><ent r="3" t="254" w="51" /><ent r="83" t="254" w="402" /><ent r="4" t="254" w="530" /><ent r="3" t="254" w="543" /><ent r="3" t="255" w="297" /></phr><phr n="loads"><ent r="3" t="25" w="168" /><ent r="4" t="29" w="94" /><ent r="4" t="29" w="172" /><ent r="4" t="29" w="310" /><ent r="4" t="29" w="622" /><ent r="3" t="44" w="31" /><ent r="3" t="166" w="28" /><ent r="3" t="167" w="24" /><ent r="3" t="254" w="348" /><ent r="3" t="255" w="19" /></phr></stem><stem n="follow"><phr n="following"><ent r="3" t="4" w="87" /><ent r="3" t="29" w="45" /><ent r="4" t="29" w="501" /><ent r="3" t="30" w="136" /><ent r="3" t="31" w="17" /><ent r="3" t="31" w="99" /><ent r="3" t="31" w="124" /><ent r="3" t="34" w="18" /><ent r="3" t="35" w="14" /><ent r="4" t="35" w="101" /><ent r="3" t="39" w="18" /><ent r="3" t="69" w="82" /><ent r="4" t="79" w="50" /><ent r="4" t="81" w="83" /><ent r="4" t="97" w="76" /><ent r="5" t="112" w="75" /><ent r="3" t="114" w="144" /><ent r="3" t="116" w="23" /><ent r="6" t="122" w="542" /><ent r="3" t="137" w="11" /><ent r="3" t="157" w="21" /><ent r="3" t="160" w="732" /><ent r="3" t="164" w="36" /><ent r="5" t="178" w="288" /><ent r="3" t="199" w="40" /><ent r="3" t="206" w="96" /><ent r="4" t="206" w="312" /><ent r="3" t="209" w="215" /><ent r="3" t="210" w="53" /><ent r="3" t="211" w="93" /><ent r="4" t="211" w="1688" /><ent r="4" t="211" w="1802" /><ent r="3" t="212" w="89" /><ent r="3" t="212" w="846" /><ent r="3" t="212" w="1545" /><ent r="3" t="213" w="72" /><ent r="4" t="213" w="382" /><ent r="4" t="213" w="465" /><ent r="3" t="214" w="58" /><ent r="4" t="214" w="621" /><ent r="3" t="214" w="857" /><ent r="3" t="215" w="50" /><ent r="4" t="215" w="610" /><ent r="3" t="216" w="61" /><ent r="3" t="217" w="50" /><ent r="3" t="218" w="1479" /><ent r="3" t="219" w="142" /><ent r="4" t="219" w="639" /><ent r="4" t="219" w="1240" /><ent r="3" t="220" w="37" /><ent r="3" t="232" w="66" /><ent r="3" t="234" w="945" /><ent r="5" t="244" w="74" /><ent r="3" t="255" w="33" /><ent r="3" t="256" w="22" /><ent r="3" t="257" w="34" /><ent r="3" t="258" w="37" /><ent r="3" t="259" w="34" /></phr><phr n="Follow"><ent r="3" t="41" w="16" /><ent r="3" t="109" w="15" /><ent r="3" t="110" w="23" /><ent r="3" t="111" w="15" /><ent r="3" t="116" w="15" /><ent r="3" t="117" w="15" /><ent r="3" t="158" w="166" /><ent r="3" t="158" w="333" /><ent r="3" t="217" w="1096" /><ent r="3" t="218" w="1510" /></phr><phr n="follows"><ent r="4" t="69" w="115" /><ent r="4" t="158" w="251" /><ent r="3" t="158" w="309" /><ent r="4" t="158" w="392" /><ent r="3" t="158" w="441" /><ent r="4" t="158" w="531" /><ent r="3" t="158" w="587" /><ent r="3" t="160" w="354" /><ent r="3" t="198" w="418" /><ent r="3" t="211" w="2117" /><ent r="4" t="215" w="754" /><ent r="3" t="218" w="1368" /><ent r="3" t="225" w="28" /><ent r="3" t="234" w="59" /></phr><phr n="followed"><ent r="4" t="101" w="62" /><ent r="4" t="207" w="34" /><ent r="4" t="207" w="137" /></phr></stem><stem n="aoi"><phr n="AOI"><ent r="3" t="4" w="98" /><ent r="64" t="4" w="232" /><ent r="1000" t="8" w="1" /><ent r="100" t="8" w="4" /><ent r="100" t="8" w="8" /><ent r="102" t="8" w="10" /><ent r="3" t="8" w="14" /><ent r="3" t="8" w="25" /><ent r="3" t="8" w="30" /><ent r="7" t="8" w="57" /><ent r="7" t="8" w="62" /><ent r="7" t="8" w="67" /><ent r="7" t="8" w="73" /><ent r="7" t="8" w="78" /><ent r="7" t="8" w="85" /><ent r="7" t="8" w="98" /><ent r="7" t="8" w="115" /><ent r="7" t="8" w="124" /><ent r="7" t="8" w="131" /><ent r="7" t="8" w="140" /><ent r="7" t="8" w="150" /><ent r="68" t="8" w="160" /><ent r="7" t="8" w="167" /><ent r="7" t="8" w="173" /><ent r="7" t="8" w="188" /><ent r="7" t="8" w="196" /><ent r="68" t="8" w="201" /><ent r="7" t="8" w="205" /><ent r="7" t="8" w="213" /><ent r="64" t="15" w="41" /><ent r="4" t="31" w="203" /><ent r="4" t="31" w="204" /><ent r="5" t="35" w="111" /><ent r="64" t="51" w="242" /><ent r="1000" t="53" w="1" /><ent r="102" t="53" w="5" /><ent r="100" t="53" w="9" /><ent r="100" t="53" w="14" /><ent r="3" t="53" w="18" /><ent r="4" t="53" w="71" /><ent r="5" t="53" w="122" /><ent r="3" t="53" w="200" /><ent r="4" t="53" w="244" /><ent r="65" t="53" w="272" /><ent r="3" t="63" w="171" /><ent r="3" t="74" w="67" /><ent r="4" t="74" w="185" /><ent r="4" t="79" w="125" /><ent r="4" t="81" w="89" /><ent r="1000" t="84" w="1" /><ent r="100" t="84" w="4" /><ent r="100" t="84" w="7" /><ent r="100" t="84" w="9" /><ent r="102" t="84" w="11" /><ent r="3" t="84" w="21" /><ent r="100" t="84" w="116" /><ent r="3" t="84" w="129" /><ent r="3" t="84" w="146" /><ent r="4" t="84" w="166" /><ent r="5" t="84" w="186" /><ent r="4" t="84" w="201" /><ent r="4" t="84" w="204" /><ent r="4" t="84" w="211" /><ent r="4" t="84" w="223" /><ent r="65" t="84" w="229" /><ent r="100" t="84" w="232" /><ent r="4" t="84" w="239" /><ent r="4" t="84" w="254" /><ent r="64" t="84" w="304" /><ent r="64" t="84" w="308" /><ent r="1000" t="85" w="1" /><ent r="100" t="85" w="10" /><ent r="102" t="85" w="15" /><ent r="3" t="85" w="21" /><ent r="3" t="85" w="33" /><ent r="64" t="85" w="46" /><ent r="3" t="85" w="54" /><ent r="64" t="85" w="62" /><ent r="3" t="85" w="72" /><ent r="100" t="86" w="7" /><ent r="65" t="86" w="33" /><ent r="3" t="86" w="43" /><ent r="5" t="86" w="126" /><ent r="4" t="86" w="134" /><ent r="1000" t="87" w="2" /><ent r="100" t="87" w="6" /><ent r="102" t="87" w="12" /><ent r="3" t="87" w="22" /><ent r="65" t="87" w="29" /><ent r="4" t="87" w="34" /><ent r="1000" t="88" w="1" /><ent r="100" t="88" w="5" /><ent r="100" t="88" w="10" /><ent r="102" t="88" w="13" /><ent r="3" t="88" w="19" /><ent r="4" t="88" w="36" /><ent r="4" t="88" w="53" /><ent r="3" t="88" w="69" /><ent r="3" t="88" w="161" /><ent r="64" t="130" w="80" /><ent r="1000" t="131" w="1" /><ent r="102" t="131" w="4" /><ent r="100" t="131" w="12" /><ent r="3" t="131" w="20" /><ent r="65" t="131" w="24" /><ent r="3" t="131" w="158" /><ent r="3" t="141" w="294" /><ent r="65" t="144" w="55" /><ent r="4" t="144" w="86" /><ent r="4" t="144" w="93" /><ent r="3" t="144" w="119" /><ent r="64" t="195" w="433" /><ent r="4" t="195" w="815" /><ent r="4" t="195" w="849" /><ent r="3" t="195" w="859" /><ent r="4" t="197" w="111" /><ent r="4" t="197" w="125" /><ent r="4" t="200" w="61" /><ent r="4" t="205" w="92" /><ent r="65" t="205" w="101" /><ent r="1000" t="207" w="1" /><ent r="102" t="207" w="4" /><ent r="100" t="207" w="7" /><ent r="3" t="207" w="13" /><ent r="3" t="207" w="166" /><ent r="5" t="207" w="181" /><ent r="3" t="208" w="29" /><ent r="64" t="209" w="348" /><ent r="1000" t="212" w="3" /><ent r="100" t="212" w="9" /><ent r="102" t="212" w="20" /><ent r="3" t="212" w="57" /><ent r="3" t="212" w="75" /><ent r="3" t="212" w="82" /><ent r="4" t="212" w="111" /><ent r="3" t="212" w="135" /><ent r="3" t="212" w="144" /><ent r="64" t="212" w="187" /><ent r="92" t="212" w="670" /><ent r="4" t="212" w="675" /><ent r="5" t="212" w="708" /><ent r="4" t="212" w="714" /><ent r="4" t="212" w="720" /><ent r="4" t="212" w="727" /><ent r="3" t="212" w="735" /><ent r="3" t="212" w="753" /><ent r="4" t="212" w="764" /><ent r="4" t="212" w="765" /><ent r="4" t="212" w="777" /><ent r="4" t="212" w="796" /><ent r="92" t="212" w="843" /><ent r="3" t="212" w="856" /><ent r="5" t="212" w="874" /><ent r="4" t="212" w="879" /><ent r="4" t="212" w="883" /><ent r="4" t="212" w="889" /><ent r="4" t="212" w="904" /><ent r="4" t="212" w="907" /><ent r="5" t="212" w="925" /><ent r="4" t="212" w="940" /><ent r="4" t="212" w="947" /><ent r="4" t="212" w="977" /><ent r="4" t="212" w="983" /><ent r="5" t="212" w="1261" /><ent r="64" t="213" w="149" /><ent r="4" t="213" w="1107" /><ent r="4" t="213" w="1123" /><ent r="92" t="213" w="1147" /><ent r="3" t="213" w="1162" /><ent r="3" t="213" w="1170" /><ent r="4" t="213" w="1222" /><ent r="4" t="213" w="1242" /><ent r="4" t="213" w="1246" /><ent r="4" t="213" w="1342" /><ent r="4" t="215" w="61" /><ent r="64" t="215" w="378" /><ent r="92" t="215" w="817" /><ent r="3" t="215" w="843" /><ent r="3" t="215" w="850" /><ent r="5" t="215" w="886" /><ent r="4" t="215" w="891" /><ent r="4" t="215" w="897" /><ent r="4" t="215" w="937" /><ent r="4" t="215" w="947" /><ent r="4" t="215" w="957" /><ent r="3" t="215" w="1272" /><ent r="3" t="234" w="56" /><ent r="3" t="234" w="127" /><ent r="3" t="234" w="137" /><ent r="3" t="234" w="157" /><ent r="3" t="234" w="206" /><ent r="3" t="234" w="246" /><ent r="3" t="234" w="282" /><ent r="3" t="234" w="301" /><ent r="3" t="234" w="368" /><ent r="3" t="234" w="381" /><ent r="3" t="234" w="400" /><ent r="3" t="234" w="410" /><ent r="3" t="234" w="432" /><ent r="3" t="234" w="459" /><ent r="3" t="234" w="473" /><ent r="3" t="234" w="1076" /></phr><phr n="AOIs"><ent r="7" t="8" w="178" /><ent r="7" t="8" w="183" /><ent r="68" t="8" w="186" /><ent r="3" t="53" w="30" /><ent r="64" t="63" w="43" /><ent r="3" t="84" w="122" /><ent r="3" t="84" w="277" /><ent r="1000" t="86" w="2" /><ent r="100" t="86" w="5" /><ent r="102" t="86" w="11" /><ent r="4" t="86" w="15" /><ent r="4" t="86" w="24" /><ent r="3" t="86" w="28" /><ent r="4" t="86" w="39" /><ent r="4" t="86" w="53" /><ent r="4" t="86" w="72" /><ent r="3" t="86" w="103" /><ent r="3" t="86" w="120" /><ent r="3" t="134" w="38" /><ent r="4" t="197" w="113" /><ent r="4" t="197" w="130" /><ent r="3" t="207" w="23" /><ent r="3" t="212" w="118" /><ent r="3" t="212" w="129" /><ent r="3" t="212" w="147" /><ent r="3" t="212" w="151" /><ent r="3" t="212" w="1571" /><ent r="3" t="215" w="820" /><ent r="3" t="215" w="831" /><ent r="3" t="215" w="1238" /><ent r="3" t="215" w="1259" /><ent r="4" t="217" w="206" /></phr></stem></index>