﻿<?xml version="1.0" encoding="utf-8"?><index PreMerged="False"><stem n="line"><phr n="lines"><ent r="1" t="1" w="231" /><ent r="1" t="4" w="44" /><ent r="1" t="56" w="36" /><ent r="1" t="135" w="115" /><ent r="1" t="135" w="123" /><ent r="1" t="135" w="152" /><ent r="1" t="156" w="240" /><ent r="1" t="157" w="223" /><ent r="1" t="157" w="751" /><ent r="1" t="159" w="275" /><ent r="1" t="159" w="303" /><ent r="51" t="169" w="101" /><ent r="51" t="169" w="105" /><ent r="1" t="169" w="725" /><ent r="51" t="199" w="293" /><ent r="51" t="199" w="312" /><ent r="51" t="199" w="330" /><ent r="51" t="199" w="349" /><ent r="51" t="199" w="367" /><ent r="51" t="199" w="386" /><ent r="51" t="199" w="404" /><ent r="51" t="199" w="423" /><ent r="51" t="199" w="441" /><ent r="51" t="199" w="459" /><ent r="51" t="199" w="477" /><ent r="51" t="199" w="492" /><ent r="51" t="199" w="516" /></phr><phr n="line"><ent r="51" t="11" w="261" /><ent r="51" t="11" w="275" /><ent r="1" t="19" w="45" /><ent r="51" t="52" w="110" /><ent r="51" t="52" w="118" /><ent r="51" t="52" w="123" /><ent r="51" t="52" w="147" /><ent r="51" t="52" w="173" /><ent r="51" t="52" w="184" /><ent r="1" t="58" w="181" /><ent r="1" t="58" w="197" /><ent r="1" t="58" w="203" /><ent r="1" t="58" w="209" /><ent r="1" t="86" w="34" /><ent r="1" t="107" w="139" /><ent r="1" t="107" w="198" /><ent r="1" t="107" w="218" /><ent r="1" t="107" w="250" /><ent r="1" t="107" w="263" /><ent r="1" t="123" w="147" /><ent r="1" t="135" w="133" /><ent r="1" t="153" w="1852" /><ent r="1" t="153" w="1877" /><ent r="1" t="153" w="2585" /><ent r="1" t="153" w="2601" /><ent r="1" t="155" w="1353" /><ent r="1" t="156" w="1057" /><ent r="1" t="156" w="1086" /><ent r="1" t="159" w="1425" /><ent r="1" t="160" w="1252" /><ent r="51" t="162" w="60" /><ent r="51" t="162" w="87" /><ent r="51" t="162" w="160" /><ent r="51" t="169" w="96" /><ent r="51" t="169" w="320" /><ent r="51" t="169" w="408" /><ent r="51" t="185" w="280" /><ent r="51" t="185" w="342" /><ent r="51" t="185" w="392" /><ent r="51" t="185" w="434" /><ent r="51" t="185" w="473" /><ent r="51" t="199" w="280" /><ent r="51" t="199" w="299" /><ent r="51" t="199" w="317" /><ent r="51" t="199" w="336" /><ent r="51" t="199" w="354" /><ent r="51" t="199" w="373" /><ent r="51" t="199" w="391" /><ent r="51" t="199" w="410" /><ent r="51" t="199" w="428" /><ent r="51" t="199" w="446" /><ent r="51" t="199" w="464" /><ent r="51" t="199" w="482" /><ent r="51" t="199" w="497" /></phr><phr n="Line"><ent r="90" t="19" w="36" /><ent r="1" t="58" w="225" /><ent r="1" t="133" w="350" /><ent r="1" t="153" w="2590" /><ent r="1" t="153" w="2607" /><ent r="51" t="156" w="813" /><ent r="51" t="185" w="141" /><ent r="51" t="185" w="334" /><ent r="51" t="185" w="363" /><ent r="51" t="185" w="382" /><ent r="51" t="185" w="384" /><ent r="51" t="185" w="418" /><ent r="51" t="185" w="420" /><ent r="51" t="185" w="444" /><ent r="51" t="185" w="459" /><ent r="51" t="185" w="461" /><ent r="51" t="185" w="479" /><ent r="51" t="185" w="498" /><ent r="51" t="185" w="525" /></phr></stem><stem n="text"><phr n="text"><ent r="1" t="1" w="233" /><ent r="1" t="4" w="46" /><ent r="51" t="8" w="233" /><ent r="51" t="11" w="184" /><ent r="51" t="11" w="198" /><ent r="51" t="11" w="210" /><ent r="51" t="11" w="221" /><ent r="51" t="11" w="232" /><ent r="51" t="11" w="246" /><ent r="51" t="13" w="96" /><ent r="51" t="14" w="259" /><ent r="1" t="14" w="279" /><ent r="1" t="14" w="316" /><ent r="1" t="22" w="379" /><ent r="51" t="27" w="80" /><ent r="1" t="33" w="69" /><ent r="1" t="56" w="38" /><ent r="1" t="58" w="143" /><ent r="1" t="59" w="17" /><ent r="1" t="59" w="63" /><ent r="1" t="59" w="76" /><ent r="1" t="59" w="82" /><ent r="1" t="59" w="89" /><ent r="1" t="59" w="99" /><ent r="1" t="59" w="104" /><ent r="1" t="59" w="120" /><ent r="1" t="59" w="158" /><ent r="1" t="59" w="163" /><ent r="1" t="59" w="171" /><ent r="1" t="59" w="182" /><ent r="1" t="59" w="204" /><ent r="1" t="59" w="251" /><ent r="1" t="59" w="288" /><ent r="1" t="59" w="297" /><ent r="1" t="78" w="170" /><ent r="1" t="78" w="188" /><ent r="1" t="84" w="31" /><ent r="1" t="103" w="276" /><ent r="1" t="119" w="548" /><ent r="1" t="123" w="180" /><ent r="1" t="133" w="296" /><ent r="1" t="133" w="344" /><ent r="1" t="133" w="359" /><ent r="1" t="135" w="174" /><ent r="1" t="152" w="1450" /><ent r="1" t="153" w="2636" /><ent r="1" t="153" w="2645" /><ent r="1" t="153" w="2659" /><ent r="1" t="153" w="2667" /><ent r="1" t="153" w="2680" /><ent r="1" t="153" w="2701" /><ent r="1" t="156" w="1062" /><ent r="1" t="157" w="1008" /><ent r="1" t="158" w="574" /><ent r="1" t="158" w="615" /><ent r="1" t="158" w="758" /><ent r="1" t="158" w="1202" /><ent r="1" t="158" w="1218" /><ent r="1" t="161" w="22" /><ent r="51" t="162" w="175" /><ent r="1" t="162" w="256" /><ent r="1" t="169" w="25" /><ent r="51" t="169" w="497" /><ent r="1" t="179" w="44" /><ent r="51" t="185" w="257" /><ent r="51" t="185" w="556" /><ent r="51" t="185" w="589" /><ent r="51" t="185" w="592" /><ent r="51" t="199" w="37" /><ent r="51" t="199" w="50" /><ent r="51" t="199" w="62" /><ent r="51" t="199" w="75" /><ent r="51" t="199" w="87" /><ent r="51" t="199" w="100" /><ent r="51" t="199" w="112" /><ent r="51" t="199" w="125" /><ent r="51" t="199" w="137" /><ent r="51" t="199" w="149" /><ent r="51" t="199" w="172" /><ent r="51" t="199" w="181" /><ent r="51" t="199" w="281" /><ent r="51" t="199" w="300" /><ent r="51" t="199" w="318" /><ent r="51" t="199" w="337" /><ent r="51" t="199" w="355" /><ent r="51" t="199" w="374" /><ent r="51" t="199" w="392" /><ent r="51" t="199" w="411" /><ent r="51" t="199" w="429" /><ent r="51" t="199" w="447" /><ent r="51" t="199" w="465" /><ent r="51" t="199" w="471" /><ent r="51" t="199" w="483" /><ent r="51" t="199" w="498" /></phr><phr n="Text"><ent r="51" t="11" w="61" /><ent r="51" t="11" w="190" /><ent r="51" t="11" w="205" /><ent r="51" t="11" w="216" /><ent r="51" t="11" w="227" /><ent r="51" t="11" w="237" /><ent r="51" t="11" w="252" /><ent r="51" t="56" w="95" /><ent r="51" t="58" w="296" /><ent r="1000" t="59" w="4" /><ent r="100" t="59" w="10" /><ent r="1" t="59" w="37" /><ent r="1" t="59" w="263" /><ent r="1" t="64" w="122" /><ent r="1" t="64" w="140" /><ent r="51" t="123" w="172" /><ent r="1" t="133" w="323" /><ent r="1" t="133" w="352" /><ent r="90" t="135" w="162" /><ent r="1" t="135" w="166" /><ent r="90" t="135" w="179" /><ent r="1" t="153" w="2620" /><ent r="1" t="153" w="2692" /><ent r="1" t="158" w="547" /><ent r="1" t="158" w="557" /><ent r="1" t="158" w="608" /><ent r="1" t="158" w="772" /><ent r="1" t="158" w="796" /><ent r="1" t="158" w="1188" /><ent r="51" t="162" w="182" /><ent r="51" t="185" w="147" /><ent r="51" t="185" w="197" /><ent r="51" t="185" w="239" /><ent r="51" t="185" w="267" /><ent r="51" t="185" w="270" /><ent r="51" t="185" w="301" /><ent r="51" t="185" w="369" /><ent r="51" t="185" w="411" /><ent r="51" t="185" w="450" /><ent r="51" t="185" w="485" /><ent r="51" t="185" w="531" /><ent r="51" t="185" w="548" /><ent r="51" t="185" w="570" /><ent r="51" t="185" w="579" /><ent r="51" t="185" w="581" /><ent r="51" t="185" w="595" /><ent r="51" t="185" w="598" /><ent r="51" t="199" w="175" /><ent r="51" t="199" w="187" /><ent r="51" t="199" w="200" /><ent r="51" t="199" w="486" /><ent r="51" t="199" w="504" /></phr></stem><stem n="s"><phr n="s"><ent r="1" t="1" w="237" /><ent r="1" t="2" w="198" /><ent r="1" t="4" w="50" /><ent r="1" t="20" w="26" /><ent r="1" t="72" w="83" /><ent r="1" t="72" w="167" /><ent r="1" t="72" w="269" /><ent r="1" t="87" w="172" /><ent r="1" t="87" w="220" /><ent r="1" t="92" w="436" /><ent r="51" t="95" w="82" /><ent r="51" t="95" w="121" /><ent r="51" t="95" w="155" /><ent r="51" t="95" w="245" /><ent r="1" t="96" w="103" /><ent r="1" t="96" w="113" /><ent r="1" t="96" w="259" /><ent r="1" t="98" w="179" /><ent r="1" t="102" w="340" /><ent r="1" t="103" w="598" /><ent r="1" t="103" w="849" /><ent r="1" t="107" w="51" /><ent r="90" t="107" w="64" /><ent r="1" t="108" w="263" /><ent r="1" t="119" w="149" /><ent r="1" t="119" w="590" /><ent r="1" t="153" w="281" /><ent r="51" t="153" w="1370" /><ent r="1" t="153" w="2226" /><ent r="1" t="153" w="2434" /><ent r="1" t="153" w="2710" /><ent r="1" t="155" w="886" /><ent r="1" t="156" w="151" /><ent r="1" t="156" w="1074" /><ent r="1" t="156" w="1078" /><ent r="1" t="157" w="135" /><ent r="51" t="157" w="595" /><ent r="1" t="159" w="1286" /><ent r="1" t="159" w="1537" /><ent r="1" t="159" w="1558" /><ent r="1" t="160" w="1040" /><ent r="1" t="160" w="1333" /><ent r="1" t="160" w="1354" /><ent r="51" t="169" w="56" /><ent r="51" t="169" w="489" /><ent r="51" t="185" w="82" /><ent r="51" t="185" w="113" /><ent r="51" t="185" w="323" /><ent r="1" t="191" w="123" /><ent r="1" t="194" w="363" /><ent r="51" t="196" w="48" /><ent r="51" t="196" w="87" /><ent r="51" t="196" w="122" /><ent r="51" t="198" w="129" /></phr><phr n="S"><ent r="51" t="14" w="185" /><ent r="51" t="29" w="19" /><ent r="51" t="84" w="139" /><ent r="51" t="99" w="40" /><ent r="51" t="197" w="128" /></phr></stem><stem n="layer"><phr n="layer"><ent r="1" t="1" w="239" /><ent r="51" t="2" w="479" /><ent r="1" t="4" w="52" /><ent r="1" t="4" w="77" /><ent r="1" t="4" w="93" /><ent r="51" t="5" w="78" /><ent r="51" t="5" w="114" /><ent r="51" t="5" w="142" /><ent r="51" t="5" w="151" /><ent r="51" t="5" w="171" /><ent r="51" t="5" w="186" /><ent r="51" t="6" w="140" /><ent r="1" t="8" w="20" /><ent r="1" t="8" w="25" /><ent r="51" t="8" w="126" /><ent r="51" t="8" w="135" /><ent r="1" t="9" w="44" /><ent r="51" t="10" w="14" /><ent r="51" t="10" w="36" /><ent r="51" t="10" w="113" /><ent r="51" t="11" w="20" /><ent r="51" t="11" w="25" /><ent r="1" t="11" w="93" /><ent r="1" t="11" w="100" /><ent r="51" t="12" w="49" /><ent r="51" t="12" w="71" /><ent r="1" t="20" w="136" /><ent r="1" t="21" w="293" /><ent r="1" t="21" w="303" /><ent r="1" t="42" w="139" /><ent r="1" t="42" w="141" /><ent r="1" t="42" w="154" /><ent r="1" t="42" w="158" /><ent r="1" t="47" w="29" /><ent r="1" t="47" w="53" /><ent r="1" t="47" w="60" /><ent r="1" t="47" w="65" /><ent r="1" t="47" w="70" /><ent r="1" t="47" w="86" /><ent r="1" t="47" w="94" /><ent r="1" t="47" w="103" /><ent r="1" t="47" w="107" /><ent r="1" t="47" w="112" /><ent r="1" t="47" w="119" /><ent r="1" t="47" w="126" /><ent r="1" t="47" w="152" /><ent r="1" t="47" w="161" /><ent r="1" t="47" w="170" /><ent r="1" t="47" w="176" /><ent r="1" t="48" w="12" /><ent r="1" t="48" w="27" /><ent r="1" t="48" w="50" /><ent r="1" t="48" w="57" /><ent r="1" t="48" w="59" /><ent r="1" t="48" w="75" /><ent r="1" t="49" w="15" /><ent r="1" t="49" w="39" /><ent r="1" t="49" w="63" /><ent r="1" t="49" w="88" /><ent r="1" t="49" w="95" /><ent r="1" t="49" w="99" /><ent r="1" t="49" w="113" /><ent r="1" t="50" w="14" /><ent r="1" t="50" w="26" /><ent r="1" t="50" w="39" /><ent r="1" t="50" w="46" /><ent r="1" t="50" w="64" /><ent r="1" t="51" w="115" /><ent r="1" t="51" w="120" /><ent r="1" t="51" w="132" /><ent r="1" t="51" w="153" /><ent r="1" t="51" w="178" /><ent r="1" t="51" w="205" /><ent r="1" t="55" w="47" /><ent r="1" t="55" w="149" /><ent r="1" t="55" w="154" /><ent r="1" t="56" w="9" /><ent r="1" t="56" w="49" /><ent r="1" t="56" w="54" /><ent r="1" t="56" w="70" /><ent r="1" t="57" w="25" /><ent r="51" t="57" w="36" /><ent r="51" t="58" w="20" /><ent r="1" t="59" w="23" /><ent r="1" t="64" w="137" /><ent r="1" t="64" w="150" /><ent r="1" t="64" w="205" /><ent r="1" t="70" w="23" /><ent r="1" t="73" w="56" /><ent r="1" t="73" w="69" /><ent r="1" t="74" w="89" /><ent r="1" t="74" w="139" /><ent r="1" t="74" w="155" /><ent r="1" t="74" w="211" /><ent r="1" t="76" w="27" /><ent r="1" t="76" w="43" /><ent r="1" t="76" w="95" /><ent r="1" t="76" w="135" /><ent r="1" t="76" w="270" /><ent r="1" t="77" w="79" /><ent r="1" t="77" w="92" /><ent r="51" t="77" w="256" /><ent r="1" t="78" w="38" /><ent r="1" t="79" w="57" /><ent r="1" t="79" w="70" /><ent r="1" t="80" w="101" /><ent r="1" t="80" w="114" /><ent r="1" t="81" w="45" /><ent r="1" t="81" w="58" /><ent r="1" t="82" w="20" /><ent r="51" t="82" w="57" /><ent r="1" t="82" w="136" /><ent r="51" t="82" w="181" /><ent r="1" t="84" w="63" /><ent r="1" t="84" w="65" /><ent r="1" t="92" w="351" /><ent r="51" t="92" w="368" /><ent r="1" t="92" w="386" /><ent r="1" t="92" w="405" /><ent r="1" t="109" w="59" /><ent r="1" t="109" w="63" /><ent r="1" t="109" w="67" /><ent r="1" t="109" w="88" /><ent r="1" t="112" w="21" /><ent r="1" t="113" w="20" /><ent r="1" t="113" w="34" /><ent r="1" t="113" w="49" /><ent r="1" t="114" w="22" /><ent r="1" t="119" w="182" /><ent r="51" t="123" w="64" /><ent r="51" t="124" w="64" /><ent r="1" t="124" w="169" /><ent r="1" t="124" w="193" /><ent r="1" t="124" w="208" /><ent r="51" t="125" w="77" /><ent r="1" t="126" w="29" /><ent r="51" t="126" w="75" /><ent r="1" t="127" w="25" /><ent r="51" t="127" w="67" /><ent r="1" t="128" w="22" /><ent r="51" t="128" w="64" /><ent r="1" t="128" w="417" /><ent r="1" t="128" w="834" /><ent r="1" t="129" w="22" /><ent r="51" t="129" w="64" /><ent r="1" t="129" w="212" /><ent r="1" t="129" w="235" /><ent r="1" t="129" w="250" /><ent r="51" t="130" w="69" /><ent r="1" t="130" w="180" /><ent r="1" t="130" w="205" /><ent r="1" t="130" w="220" /><ent r="1" t="133" w="57" /><ent r="1" t="133" w="61" /><ent r="1" t="133" w="379" /><ent r="1" t="133" w="392" /><ent r="1" t="136" w="44" /><ent r="1" t="136" w="544" /><ent r="1" t="137" w="25" /><ent r="1" t="137" w="80" /><ent r="1" t="137" w="151" /><ent r="1" t="138" w="24" /><ent r="1" t="138" w="69" /><ent r="1" t="139" w="28" /><ent r="1" t="139" w="59" /><ent r="1" t="139" w="73" /><ent r="1" t="139" w="247" /><ent r="1" t="140" w="75" /><ent r="1" t="141" w="15" /><ent r="1" t="141" w="51" /><ent r="1" t="141" w="61" /><ent r="1" t="141" w="65" /><ent r="1" t="141" w="81" /><ent r="1" t="141" w="683" /><ent r="1" t="144" w="243" /><ent r="1" t="148" w="74" /><ent r="1" t="148" w="83" /><ent r="1" t="149" w="87" /><ent r="1" t="152" w="1191" /><ent r="1" t="152" w="1196" /><ent r="1" t="152" w="1210" /><ent r="1" t="153" w="99" /><ent r="1" t="153" w="375" /><ent r="1" t="153" w="2413" /><ent r="1" t="153" w="2421" /><ent r="1" t="153" w="2429" /><ent r="1" t="153" w="2433" /><ent r="1" t="153" w="2511" /><ent r="1" t="153" w="2762" /><ent r="1" t="154" w="724" /><ent r="1" t="154" w="822" /><ent r="1" t="154" w="937" /><ent r="1" t="156" w="700" /><ent r="1" t="156" w="980" /><ent r="1" t="157" w="711" /><ent r="1" t="157" w="855" /><ent r="1" t="157" w="865" /><ent r="1" t="157" w="1208" /><ent r="1" t="157" w="1219" /><ent r="51" t="158" w="107" /><ent r="51" t="158" w="111" /><ent r="51" t="158" w="114" /><ent r="51" t="158" w="126" /><ent r="51" t="158" w="138" /><ent r="1" t="158" w="669" /><ent r="51" t="191" w="40" /><ent r="1" t="192" w="41" /><ent r="1" t="192" w="54" /></phr><phr n="Layer"><ent r="51" t="4" w="106" /><ent r="51" t="5" w="87" /><ent r="51" t="5" w="123" /><ent r="51" t="5" w="160" /><ent r="1" t="6" w="129" /><ent r="51" t="8" w="33" /><ent r="51" t="8" w="39" /><ent r="51" t="8" w="110" /><ent r="51" t="11" w="33" /><ent r="51" t="11" w="39" /><ent r="51" t="13" w="76" /><ent r="51" t="13" w="85" /><ent r="51" t="20" w="322" /><ent r="51" t="20" w="369" /><ent r="51" t="21" w="285" /><ent r="1" t="47" w="37" /><ent r="51" t="47" w="41" /><ent r="51" t="47" w="75" /><ent r="51" t="47" w="191" /><ent r="1000" t="48" w="3" /><ent r="100" t="48" w="7" /><ent r="1" t="48" w="37" /><ent r="51" t="48" w="93" /><ent r="1000" t="49" w="4" /><ent r="100" t="49" w="9" /><ent r="51" t="49" w="51" /><ent r="1" t="49" w="56" /><ent r="51" t="49" w="129" /><ent r="51" t="51" w="125" /><ent r="51" t="51" w="164" /><ent r="51" t="51" w="269" /><ent r="51" t="51" w="273" /><ent r="1000" t="55" w="2" /><ent r="100" t="55" w="6" /><ent r="1" t="55" w="12" /><ent r="51" t="55" w="29" /><ent r="1" t="55" w="54" /><ent r="1000" t="56" w="2" /><ent r="100" t="56" w="5" /><ent r="51" t="56" w="59" /><ent r="51" t="56" w="80" /><ent r="51" t="56" w="103" /><ent r="51" t="56" w="107" /><ent r="51" t="57" w="43" /><ent r="1" t="57" w="212" /><ent r="1" t="57" w="233" /><ent r="51" t="57" w="238" /><ent r="51" t="58" w="27" /><ent r="51" t="59" w="30" /><ent r="51" t="60" w="66" /><ent r="51" t="61" w="307" /><ent r="1" t="76" w="147" /><ent r="1" t="79" w="156" /><ent r="51" t="92" w="393" /><ent r="51" t="109" w="80" /><ent r="1" t="110" w="196" /><ent r="51" t="122" w="23" /><ent r="51" t="122" w="27" /><ent r="51" t="122" w="31" /><ent r="51" t="122" w="36" /><ent r="51" t="122" w="40" /><ent r="51" t="122" w="44" /><ent r="51" t="122" w="48" /><ent r="51" t="122" w="53" /><ent r="1000" t="123" w="2" /><ent r="100" t="123" w="6" /><ent r="1" t="123" w="11" /><ent r="1000" t="124" w="2" /><ent r="100" t="124" w="6" /><ent r="1" t="124" w="11" /><ent r="1000" t="125" w="2" /><ent r="100" t="125" w="6" /><ent r="1" t="125" w="11" /><ent r="1000" t="126" w="3" /><ent r="100" t="126" w="8" /><ent r="1" t="126" w="14" /><ent r="1000" t="127" w="2" /><ent r="100" t="127" w="6" /><ent r="1" t="127" w="11" /><ent r="1000" t="128" w="2" /><ent r="100" t="128" w="6" /><ent r="1" t="128" w="12" /><ent r="1000" t="129" w="2" /><ent r="100" t="129" w="6" /><ent r="1" t="129" w="12" /><ent r="1000" t="130" w="3" /><ent r="100" t="130" w="8" /><ent r="1" t="130" w="14" /><ent r="1" t="130" w="231" /><ent r="1" t="133" w="47" /><ent r="1" t="133" w="50" /><ent r="90" t="133" w="281" /><ent r="1" t="133" w="285" /><ent r="51" t="133" w="303" /><ent r="90" t="133" w="366" /><ent r="1" t="133" w="370" /><ent r="51" t="133" w="396" /><ent r="1" t="133" w="404" /><ent r="51" t="133" w="414" /><ent r="1000" t="136" w="2" /><ent r="100" t="136" w="6" /><ent r="1" t="136" w="11" /><ent r="51" t="136" w="29" /><ent r="1" t="136" w="51" /><ent r="1000" t="137" w="2" /><ent r="100" t="137" w="6" /><ent r="1" t="137" w="12" /><ent r="51" t="137" w="63" /><ent r="1" t="137" w="87" /><ent r="1000" t="138" w="2" /><ent r="100" t="138" w="6" /><ent r="1" t="138" w="11" /><ent r="1" t="138" w="33" /><ent r="1" t="138" w="45" /><ent r="51" t="138" w="52" /><ent r="1" t="138" w="76" /><ent r="1000" t="139" w="3" /><ent r="100" t="139" w="8" /><ent r="51" t="139" w="41" /><ent r="1" t="139" w="66" /><ent r="1000" t="140" w="3" /><ent r="100" t="140" w="8" /><ent r="1" t="140" w="15" /><ent r="51" t="140" w="57" /><ent r="1" t="140" w="82" /><ent r="1000" t="141" w="2" /><ent r="100" t="141" w="6" /><ent r="100" t="141" w="10" /><ent r="1" t="141" w="115" /><ent r="51" t="151" w="269" /><ent r="100" t="153" w="16" /><ent r="51" t="153" w="340" /><ent r="1" t="153" w="1058" /><ent r="51" t="153" w="2503" /><ent r="51" t="154" w="653" /><ent r="1" t="155" w="991" /><ent r="51" t="157" w="801" /><ent r="1" t="157" w="878" /><ent r="51" t="158" w="530" /><ent r="1" t="158" w="1038" /></phr><phr n="layers"><ent r="1" t="11" w="109" /><ent r="1" t="42" w="60" /><ent r="1" t="47" w="20" /><ent r="1" t="47" w="139" /><ent r="1" t="49" w="76" /><ent r="1" t="64" w="194" /><ent r="1" t="64" w="342" /><ent r="1" t="74" w="120" /><ent r="1" t="76" w="54" /><ent r="1" t="80" w="49" /><ent r="1" t="89" w="165" /><ent r="1" t="90" w="106" /><ent r="1" t="91" w="121" /><ent r="1" t="92" w="122" /><ent r="1" t="92" w="289" /><ent r="1" t="92" w="291" /><ent r="1" t="92" w="294" /><ent r="1" t="92" w="508" /><ent r="1" t="120" w="183" /><ent r="1" t="121" w="73" /><ent r="1" t="122" w="20" /><ent r="1" t="123" w="110" /><ent r="1" t="124" w="110" /><ent r="1" t="124" w="187" /><ent r="1" t="125" w="124" /><ent r="1" t="126" w="124" /><ent r="1" t="127" w="116" /><ent r="1" t="128" w="110" /><ent r="1" t="129" w="113" /><ent r="1" t="129" w="229" /><ent r="1" t="130" w="115" /><ent r="1" t="130" w="199" /><ent r="1" t="133" w="44" /><ent r="1" t="148" w="21" /><ent r="1" t="148" w="24" /><ent r="1" t="148" w="43" /><ent r="1" t="148" w="52" /><ent r="1" t="148" w="76" /><ent r="1" t="148" w="96" /><ent r="1" t="148" w="111" /><ent r="1" t="148" w="122" /><ent r="1" t="148" w="136" /><ent r="51" t="149" w="22" /><ent r="1" t="152" w="1202" /><ent r="1" t="153" w="349" /><ent r="1" t="153" w="358" /><ent r="1" t="153" w="360" /><ent r="1" t="153" w="365" /><ent r="1" t="153" w="368" /><ent r="1" t="153" w="383" /><ent r="1" t="156" w="1096" /><ent r="51" t="158" w="104" /><ent r="51" t="158" w="203" /></phr><phr n="Layers"><ent r="51" t="42" w="129" /><ent r="1" t="42" w="147" /><ent r="1000" t="47" w="3" /><ent r="100" t="47" w="7" /><ent r="51" t="47" w="195" /><ent r="51" t="48" w="88" /><ent r="51" t="48" w="97" /><ent r="51" t="49" w="125" /><ent r="1000" t="50" w="3" /><ent r="100" t="50" w="7" /><ent r="51" t="51" w="266" /><ent r="51" t="56" w="100" /><ent r="1" t="92" w="500" /><ent r="51" t="120" w="170" /><ent r="1000" t="122" w="1" /><ent r="100" t="122" w="4" /><ent r="1" t="122" w="8" /><ent r="1" t="123" w="104" /><ent r="1" t="124" w="104" /><ent r="1" t="125" w="118" /><ent r="51" t="126" w="117" /><ent r="51" t="127" w="109" /><ent r="1" t="128" w="104" /><ent r="51" t="129" w="106" /><ent r="1" t="130" w="109" /><ent r="51" t="146" w="317" /><ent r="51" t="147" w="291" /><ent r="51" t="147" w="298" /><ent r="1000" t="148" w="2" /><ent r="100" t="148" w="5" /><ent r="1" t="148" w="116" /></phr></stem><stem n="toggl"><phr n="toggled"><ent r="1" t="1" w="244" /><ent r="1" t="4" w="57" /></phr><phr n="toggle"><ent r="1" t="1" w="292" /><ent r="1" t="1" w="340" /><ent r="1" t="4" w="159" /><ent r="1" t="4" w="209" /><ent r="51" t="6" w="23" /><ent r="51" t="6" w="36" /><ent r="51" t="6" w="49" /><ent r="51" t="6" w="74" /><ent r="51" t="6" w="86" /><ent r="51" t="8" w="113" /><ent r="1" t="73" w="17" /><ent r="1" t="73" w="29" /><ent r="51" t="77" w="159" /><ent r="1" t="152" w="358" /><ent r="1" t="152" w="408" /><ent r="1" t="153" w="502" /><ent r="1" t="153" w="552" /><ent r="1" t="153" w="2411" /><ent r="1" t="153" w="2778" /><ent r="1" t="154" w="227" /><ent r="1" t="154" w="277" /><ent r="1" t="155" w="186" /><ent r="1" t="155" w="236" /><ent r="1" t="155" w="1317" /><ent r="1" t="156" w="470" /><ent r="1" t="156" w="520" /><ent r="1" t="157" w="449" /><ent r="1" t="157" w="499" /><ent r="1" t="158" w="344" /><ent r="1" t="158" w="394" /><ent r="1" t="158" w="683" /><ent r="1" t="159" w="358" /><ent r="1" t="159" w="408" /><ent r="1" t="160" w="255" /><ent r="1" t="160" w="305" /></phr><phr n="Toggles"><ent r="51" t="7" w="260" /><ent r="51" t="13" w="78" /><ent r="51" t="13" w="89" /><ent r="1" t="47" w="51" /><ent r="51" t="185" w="387" /></phr><phr n="Toggle"><ent r="51" t="8" w="62" /><ent r="51" t="8" w="165" /><ent r="51" t="13" w="88" /><ent r="51" t="150" w="228" /><ent r="51" t="155" w="1313" /></phr><phr n="toggles"><ent r="51" t="8" w="75" /><ent r="51" t="8" w="97" /><ent r="51" t="10" w="78" /><ent r="1" t="50" w="37" /><ent r="1" t="55" w="167" /><ent r="1" t="136" w="572" /><ent r="1" t="141" w="711" /></phr></stem><stem n="off"><phr n="off"><ent r="1" t="1" w="247" /><ent r="1" t="1" w="296" /><ent r="1" t="1" w="344" /><ent r="1" t="4" w="60" /><ent r="1" t="4" w="163" /><ent r="1" t="4" w="213" /><ent r="1" t="6" w="126" /><ent r="51" t="8" w="131" /><ent r="51" t="10" w="93" /><ent r="1" t="43" w="373" /><ent r="1" t="50" w="43" /><ent r="1" t="73" w="133" /><ent r="1" t="73" w="139" /><ent r="1" t="92" w="373" /><ent r="1" t="94" w="246" /><ent r="1" t="94" w="255" /><ent r="51" t="103" w="441" /><ent r="1" t="140" w="37" /><ent r="1" t="140" w="172" /><ent r="1" t="152" w="362" /><ent r="1" t="152" w="412" /><ent r="1" t="153" w="352" /><ent r="1" t="153" w="506" /><ent r="1" t="153" w="556" /><ent r="1" t="153" w="2416" /><ent r="1" t="153" w="2779" /><ent r="1" t="154" w="231" /><ent r="1" t="154" w="281" /><ent r="1" t="155" w="190" /><ent r="1" t="155" w="240" /><ent r="1" t="156" w="474" /><ent r="1" t="156" w="524" /><ent r="1" t="157" w="453" /><ent r="1" t="157" w="503" /><ent r="1" t="158" w="348" /><ent r="1" t="158" w="398" /><ent r="1" t="159" w="362" /><ent r="1" t="159" w="412" /><ent r="1" t="159" w="652" /><ent r="1" t="159" w="823" /><ent r="1" t="159" w="902" /><ent r="1" t="160" w="259" /><ent r="1" t="160" w="309" /></phr></stem><stem n="two"><phr n="two"><ent r="1" t="1" w="251" /><ent r="1" t="4" w="118" /><ent r="1" t="13" w="17" /><ent r="1" t="22" w="177" /><ent r="1" t="22" w="215" /><ent r="1" t="22" w="251" /><ent r="1" t="22" w="314" /><ent r="1" t="42" w="17" /><ent r="1" t="42" w="32" /><ent r="1" t="51" w="22" /><ent r="51" t="52" w="112" /><ent r="51" t="53" w="15" /><ent r="1" t="60" w="14" /><ent r="1" t="62" w="24" /><ent r="1" t="69" w="15" /><ent r="1" t="69" w="40" /><ent r="1" t="70" w="179" /><ent r="1" t="84" w="27" /><ent r="1" t="93" w="26" /><ent r="1" t="98" w="11" /><ent r="1" t="107" w="40" /><ent r="1" t="128" w="340" /><ent r="1" t="128" w="757" /><ent r="1" t="131" w="139" /><ent r="1" t="132" w="314" /><ent r="1" t="133" w="42" /><ent r="1" t="133" w="135" /><ent r="1" t="134" w="91" /><ent r="1" t="136" w="467" /><ent r="1" t="141" w="606" /><ent r="1" t="143" w="212" /><ent r="1" t="145" w="105" /><ent r="1" t="146" w="43" /><ent r="1" t="146" w="238" /><ent r="1" t="147" w="38" /><ent r="1" t="147" w="169" /><ent r="1" t="149" w="345" /><ent r="1" t="150" w="18" /><ent r="1" t="150" w="300" /><ent r="1" t="152" w="317" /><ent r="51" t="152" w="1034" /><ent r="1" t="153" w="51" /><ent r="1" t="153" w="312" /><ent r="1" t="153" w="461" /><ent r="1" t="153" w="667" /><ent r="1" t="153" w="840" /><ent r="1" t="153" w="1454" /><ent r="1" t="153" w="1479" /><ent r="1" t="153" w="2107" /><ent r="1" t="154" w="186" /><ent r="1" t="154" w="1023" /><ent r="1" t="155" w="145" /><ent r="1" t="155" w="704" /><ent r="1" t="155" w="854" /><ent r="1" t="155" w="1117" /><ent r="1" t="155" w="1356" /><ent r="1" t="156" w="429" /><ent r="1" t="157" w="408" /><ent r="51" t="158" w="103" /><ent r="51" t="158" w="156" /><ent r="51" t="158" w="258" /><ent r="1" t="158" w="303" /><ent r="1" t="159" w="317" /><ent r="1" t="159" w="1034" /><ent r="1" t="159" w="1198" /><ent r="1" t="159" w="2024" /><ent r="1" t="160" w="214" /><ent r="1" t="160" w="869" /><ent r="1" t="160" w="1021" /><ent r="51" t="162" w="62" /><ent r="1" t="194" w="159" /><ent r="1" t="194" w="185" /></phr><phr n="Two"><ent r="51" t="42" w="225" /><ent r="51" t="153" w="2283" /></phr></stem><stem n="wai"><phr n="ways"><ent r="1" t="1" w="252" /><ent r="1" t="4" w="119" /><ent r="51" t="20" w="78" /><ent r="1" t="62" w="25" /><ent r="1" t="77" w="22" /><ent r="1" t="98" w="12" /><ent r="51" t="103" w="459" /><ent r="1" t="107" w="41" /><ent r="1" t="107" w="232" /><ent r="1" t="152" w="318" /><ent r="1" t="153" w="462" /><ent r="1" t="153" w="668" /><ent r="1" t="154" w="187" /><ent r="1" t="155" w="146" /><ent r="1" t="156" w="430" /><ent r="1" t="157" w="409" /><ent r="1" t="158" w="304" /><ent r="1" t="159" w="318" /><ent r="1" t="159" w="1199" /><ent r="1" t="160" w="215" /><ent r="1" t="170" w="46" /></phr><phr n="Way"><ent r="51" t="42" w="226" /><ent r="51" t="153" w="2284" /></phr><phr n="way"><ent r="1" t="88" w="20" /><ent r="1" t="89" w="14" /><ent r="1" t="157" w="1157" /><ent r="1" t="159" w="1645" /></phr></stem></index>