﻿<?xml version="1.0" encoding="utf-8"?><index><stem n="icon"><phr n="icon"><ent r="3" t="19" w="125" /><ent r="4" t="172" w="678" /><ent r="4" t="172" w="685" /><ent r="4" t="172" w="689" /><ent r="4" t="172" w="697" /><ent r="4" t="172" w="704" /><ent r="3" t="172" w="849" /><ent r="3" t="172" w="856" /><ent r="3" t="172" w="860" /><ent r="3" t="172" w="868" /><ent r="4" t="172" w="935" /><ent r="4" t="172" w="939" /><ent r="4" t="172" w="947" /><ent r="3" t="172" w="988" /><ent r="3" t="172" w="1013" /><ent r="4" t="172" w="1294" /><ent r="3" t="173" w="822" /></phr><phr n="Icon"><ent r="3" t="167" w="724" /><ent r="6" t="176" w="27" /></phr><phr n="icons"><ent r="3" t="172" w="965" /><ent r="4" t="172" w="1309" /><ent r="4" t="172" w="1313" /><ent r="4" t="173" w="803" /></phr></stem><stem n="call"><phr n="calls"><ent r="3" t="19" w="151" /></phr><phr n="called"><ent r="3" t="113" w="189" /><ent r="3" t="149" w="35" /><ent r="3" t="166" w="277" /><ent r="5" t="167" w="1073" /><ent r="3" t="170" w="1234" /><ent r="3" t="215" w="352" /></phr></stem><stem n="auto"><phr n="Auto"><ent r="3" t="19" w="153" /><ent r="5" t="20" w="88" /><ent r="4" t="21" w="280" /><ent r="3" t="66" w="317" /><ent r="3" t="66" w="322" /><ent r="5" t="73" w="524" /><ent r="4" t="73" w="545" /><ent r="4" t="135" w="166" /><ent r="4" t="141" w="205" /><ent r="4" t="142" w="179" /><ent r="5" t="165" w="556" /><ent r="5" t="171" w="534" /><ent r="5" t="171" w="943" /></phr><phr n="auto"><ent r="3" t="135" w="208" /><ent r="3" t="141" w="246" /><ent r="3" t="142" w="222" /></phr></stem><stem n="specifi"><phr n="specified"><ent r="3" t="19" w="179" /><ent r="3" t="120" w="36" /><ent r="3" t="121" w="29" /><ent r="3" t="121" w="52" /><ent r="3" t="132" w="191" /><ent r="3" t="132" w="294" /><ent r="3" t="132" w="498" /><ent r="3" t="132" w="662" /><ent r="4" t="160" w="261" /><ent r="3" t="166" w="222" /><ent r="3" t="166" w="1431" /><ent r="4" t="173" w="1722" /><ent r="4" t="190" w="359" /></phr><phr n="specify"><ent r="3" t="21" w="411" /><ent r="3" t="26" w="200" /><ent r="3" t="26" w="371" /><ent r="3" t="40" w="133" /><ent r="4" t="98" w="467" /><ent r="4" t="107" w="109" /><ent r="3" t="120" w="64" /><ent r="3" t="120" w="76" /><ent r="4" t="120" w="91" /><ent r="3" t="130" w="446" /><ent r="3" t="132" w="18" /><ent r="4" t="172" w="1702" /><ent r="3" t="172" w="1874" /><ent r="3" t="195" w="137" /><ent r="3" t="196" w="68" /><ent r="3" t="197" w="21" /><ent r="3" t="198" w="66" /><ent r="3" t="215" w="38" /></phr><phr n="specifying"><ent r="3" t="26" w="207" /><ent r="3" t="193" w="32" /></phr><phr n="specifies"><ent r="3" t="172" w="1736" /><ent r="3" t="190" w="202" /></phr></stem><stem n="valid"><phr n="valid"><ent r="3" t="19" w="184" /><ent r="3" t="172" w="1111" /><ent r="3" t="172" w="1132" /><ent r="3" t="173" w="869" /><ent r="3" t="173" w="890" /></phr><phr n="Valid"><ent r="3" t="181" w="74" /><ent r="6" t="210" w="88" /><ent r="6" t="210" w="640" /></phr></stem><stem n="cancel"><phr n="Cancel"><ent r="3" t="19" w="188" /><ent r="4" t="55" w="230" /><ent r="4" t="73" w="117" /><ent r="4" t="96" w="260" /><ent r="4" t="97" w="138" /><ent r="4" t="98" w="157" /><ent r="4" t="99" w="157" /><ent r="5" t="130" w="262" /><ent r="4" t="131" w="296" /><ent r="4" t="132" w="111" /><ent r="3" t="134" w="249" /><ent r="4" t="135" w="232" /><ent r="4" t="136" w="212" /><ent r="4" t="137" w="203" /><ent r="4" t="138" w="205" /><ent r="4" t="139" w="162" /><ent r="3" t="140" w="159" /><ent r="4" t="141" w="152" /><ent r="4" t="142" w="269" /><ent r="3" t="143" w="363" /><ent r="4" t="144" w="171" /><ent r="4" t="145" w="205" /><ent r="4" t="146" w="209" /><ent r="4" t="147" w="108" /><ent r="4" t="148" w="126" /><ent r="4" t="149" w="281" /><ent r="4" t="150" w="210" /><ent r="4" t="151" w="144" /><ent r="4" t="152" w="240" /><ent r="4" t="153" w="225" /><ent r="3" t="155" w="840" /><ent r="3" t="155" w="852" /><ent r="3" t="156" w="311" /><ent r="4" t="209" w="161" /></phr><phr n="cancel"><ent r="3" t="55" w="219" /><ent r="3" t="63" w="113" /><ent r="3" t="73" w="120" /><ent r="3" t="96" w="263" /><ent r="3" t="97" w="141" /><ent r="3" t="98" w="160" /><ent r="3" t="99" w="160" /><ent r="4" t="130" w="265" /><ent r="3" t="131" w="290" /><ent r="3" t="132" w="114" /><ent r="3" t="134" w="251" /><ent r="3" t="135" w="235" /><ent r="3" t="136" w="215" /><ent r="3" t="137" w="206" /><ent r="3" t="138" w="208" /><ent r="3" t="139" w="165" /><ent r="3" t="140" w="161" /><ent r="3" t="141" w="155" /><ent r="3" t="142" w="272" /><ent r="3" t="143" w="366" /><ent r="3" t="144" w="160" /><ent r="3" t="145" w="194" /><ent r="3" t="146" w="198" /><ent r="3" t="147" w="97" /><ent r="3" t="148" w="115" /><ent r="3" t="149" w="270" /><ent r="3" t="150" w="199" /><ent r="3" t="151" w="133" /><ent r="3" t="152" w="229" /><ent r="3" t="153" w="214" /><ent r="3" t="155" w="856" /><ent r="3" t="156" w="301" /><ent r="3" t="209" w="164" /></phr></stem><stem n="recogn"><phr n="recognized"><ent r="3" t="20" w="29" /><ent r="4" t="28" w="211" /><ent r="3" t="181" w="13" /></phr><phr n="recognizes"><ent r="3" t="33" w="48" /></phr><phr n="recognize"><ent r="3" t="93" w="55" /></phr></stem><stem n="format"><phr n="format"><ent r="3" t="20" w="30" /><ent r="4" t="20" w="150" /><ent r="4" t="20" w="176" /><ent r="4" t="20" w="278" /><ent r="4" t="20" w="391" /><ent r="4" t="20" w="470" /><ent r="3" t="23" w="20" /><ent r="4" t="23" w="27" /><ent r="4" t="25" w="92" /><ent r="4" t="25" w="98" /><ent r="4" t="25" w="135" /><ent r="4" t="25" w="145" /><ent r="4" t="25" w="178" /><ent r="4" t="28" w="69" /><ent r="4" t="28" w="166" /><ent r="4" t="28" w="208" /><ent r="4" t="28" w="275" /><ent r="3" t="32" w="31" /><ent r="3" t="33" w="88" /><ent r="3" t="66" w="232" /><ent r="3" t="66" w="265" /><ent r="3" t="66" w="276" /><ent r="4" t="99" w="372" /><ent r="4" t="113" w="247" /><ent r="4" t="113" w="390" /><ent r="4" t="113" w="529" /><ent r="3" t="124" w="21" /><ent r="3" t="137" w="166" /><ent r="3" t="151" w="29" /><ent r="4" t="151" w="172" /><ent r="3" t="155" w="887" /><ent r="3" t="165" w="232" /><ent r="3" t="165" w="258" /><ent r="3" t="169" w="167" /><ent r="3" t="169" w="186" /><ent r="3" t="170" w="157" /><ent r="3" t="170" w="176" /><ent r="4" t="173" w="1736" /><ent r="3" t="181" w="37" /></phr><phr n="Format"><ent r="6" t="20" w="333" /><ent r="64" t="32" w="84" /><ent r="3" t="66" w="221" /><ent r="3" t="66" w="226" /><ent r="3" t="165" w="285" /><ent r="4" t="165" w="2285" /><ent r="1000" t="181" w="3" /><ent r="102" t="181" w="9" /><ent r="92" t="190" w="183" /><ent r="4" t="190" w="189" /><ent r="4" t="190" w="510" /><ent r="3" t="190" w="629" /></phr><phr n="formats"><ent r="3" t="22" w="23" /><ent r="3" t="22" w="31" /><ent r="3" t="66" w="234" /><ent r="7" t="181" w="175" /><ent r="6" t="220" w="272" /></phr><phr n="formatted"><ent r="3" t="147" w="184" /><ent r="3" t="165" w="243" /><ent r="3" t="172" w="1687" /></phr></stem><stem n="par"><phr n="PAR"><ent r="5" t="20" w="57" /><ent r="5" t="20" w="65" /><ent r="3" t="180" w="24" /><ent r="3" t="180" w="164" /><ent r="3" t="182" w="30" /><ent r="3" t="182" w="38" /></phr></stem><stem n="offici"><phr n="official"><ent r="5" t="20" w="62" /><ent r="3" t="182" w="35" /></phr></stem><stem n="deviat"><phr n="deviate"><ent r="5" t="20" w="72" /><ent r="3" t="182" w="45" /></phr><phr n="Deviation"><ent r="5" t="140" w="612" /><ent r="5" t="140" w="1013" /><ent r="5" t="141" w="486" /><ent r="6" t="148" w="382" /><ent r="6" t="153" w="535" /><ent r="5" t="214" w="145" /></phr><phr n="deviations"><ent r="4" t="140" w="625" /><ent r="4" t="140" w="1026" /><ent r="4" t="141" w="498" /><ent r="5" t="148" w="395" /><ent r="5" t="153" w="548" /><ent r="4" t="214" w="158" /></phr></stem><stem n="certain"><phr n="certain"><ent r="5" t="20" w="77" /><ent r="3" t="115" w="316" /><ent r="4" t="167" w="437" /><ent r="3" t="168" w="593" /><ent r="7" t="181" w="173" /><ent r="3" t="182" w="50" /></phr><phr n="Certain"><ent r="3" t="99" w="293" /></phr></stem><stem n="-defin"><phr n="-defined"><ent r="5" t="20" w="78" /><ent r="5" t="20" w="78" /><ent r="4" t="26" w="88" /><ent r="4" t="26" w="88" /><ent r="7" t="181" w="167" /><ent r="7" t="181" w="167" /><ent r="3" t="182" w="51" /><ent r="3" t="182" w="51" /></phr></stem><stem n="well-defin"><phr n="well-defined"><ent r="5" t="20" w="78" /><ent r="3" t="182" w="51" /></phr></stem><stem n="defin"><phr n="defined"><ent r="5" t="20" w="79" /><ent r="4" t="26" w="89" /><ent r="3" t="92" w="57" /><ent r="3" t="115" w="245" /><ent r="7" t="181" w="168" /><ent r="3" t="182" w="52" /><ent r="6" t="210" w="126" /></phr><phr n="definable"><ent r="4" t="25" w="139" /></phr><phr n="define"><ent r="3" t="56" w="26" /><ent r="3" t="168" w="984" /></phr><phr n="defines"><ent r="3" t="67" w="13" /><ent r="3" t="100" w="151" /><ent r="3" t="178" w="21" /><ent r="3" t="215" w="69" /><ent r="3" t="215" w="212" /></phr><phr n="Defines"><ent r="7" t="82" w="178" /></phr></stem><stem n="without"><phr n="without"><ent r="4" t="20" w="98" /><ent r="4" t="20" w="275" /><ent r="3" t="43" w="78" /><ent r="3" t="73" w="394" /><ent r="4" t="101" w="55" /><ent r="4" t="112" w="73" /><ent r="3" t="113" w="144" /><ent r="4" t="115" w="684" /><ent r="4" t="118" w="85" /><ent r="3" t="135" w="196" /><ent r="4" t="140" w="269" /><ent r="3" t="141" w="234" /><ent r="3" t="142" w="210" /><ent r="3" t="161" w="52" /><ent r="4" t="162" w="293" /><ent r="4" t="162" w="354" /><ent r="4" t="168" w="1139" /><ent r="4" t="168" w="1161" /><ent r="3" t="172" w="741" /><ent r="5" t="173" w="180" /><ent r="4" t="173" w="529" /><ent r="4" t="173" w="1710" /><ent r="4" t="190" w="564" /></phr></stem><stem n="know"><phr n="knowing"><ent r="4" t="20" w="99" /><ent r="4" t="20" w="276" /><ent r="4" t="67" w="41" /><ent r="3" t="164" w="150" /></phr><phr n="know"><ent r="4" t="140" w="231" /><ent r="4" t="160" w="111" /></phr><phr n="Knowing"><ent r="3" t="164" w="121" /></phr></stem><stem n="base"><phr n="Based"><ent r="4" t="20" w="104" /></phr><phr n="based"><ent r="4" t="43" w="206" /><ent r="3" t="64" w="25" /><ent r="3" t="73" w="346" /><ent r="4" t="73" w="536" /><ent r="4" t="99" w="374" /><ent r="3" t="100" w="20" /><ent r="3" t="105" w="282" /><ent r="3" t="105" w="404" /><ent r="3" t="118" w="252" /><ent r="3" t="121" w="64" /><ent r="3" t="130" w="22" /><ent r="3" t="141" w="282" /><ent r="3" t="151" w="266" /><ent r="3" t="153" w="52" /><ent r="3" t="155" w="82" /><ent r="4" t="165" w="906" /><ent r="3" t="166" w="146" /><ent r="4" t="166" w="2302" /><ent r="3" t="169" w="185" /><ent r="3" t="170" w="175" /><ent r="6" t="176" w="45" /><ent r="3" t="177" w="61" /><ent r="3" t="177" w="122" /><ent r="3" t="178" w="71" /><ent r="3" t="198" w="231" /><ent r="3" t="215" w="394" /></phr><phr n="Base"><ent r="4" t="170" w="1047" /></phr></stem><stem n="’t"><phr n="’t"><ent r="4" t="20" w="118" /><ent r="3" t="66" w="329" /><ent r="3" t="105" w="375" /><ent r="3" t="120" w="75" /><ent r="3" t="166" w="847" /><ent r="5" t="167" w="1284" /><ent r="3" t="169" w="367" /><ent r="3" t="170" w="354" /></phr></stem><stem n="t"><phr n="t"><ent r="4" t="20" w="118" /><ent r="3" t="37" w="155" /><ent r="3" t="37" w="165" /><ent r="4" t="41" w="313" /><ent r="3" t="66" w="329" /><ent r="3" t="73" w="363" /><ent r="3" t="96" w="235" /><ent r="4" t="98" w="507" /><ent r="4" t="98" w="511" /><ent r="4" t="99" w="404" /><ent r="4" t="99" w="547" /><ent r="4" t="99" w="562" /><ent r="3" t="105" w="375" /><ent r="3" t="120" w="75" /><ent r="3" t="143" w="50" /><ent r="3" t="157" w="73" /><ent r="3" t="161" w="97" /><ent r="3" t="166" w="847" /><ent r="4" t="166" w="2308" /><ent r="5" t="167" w="1284" /><ent r="3" t="167" w="1472" /><ent r="3" t="169" w="367" /><ent r="3" t="170" w="354" /><ent r="3" t="170" w="703" /><ent r="3" t="172" w="1192" /><ent r="6" t="173" w="1453" /><ent r="92" t="194" w="98" /><ent r="3" t="204" w="186" /><ent r="5" t="220" w="139" /><ent r="5" t="220" w="176" /></phr><phr n="T"><ent r="6" t="166" w="1595" /><ent r="5" t="206" w="308" /></phr></stem><stem n="find"><phr n="find"><ent r="4" t="20" w="119" /><ent r="3" t="75" w="219" /><ent r="4" t="166" w="1755" /><ent r="3" t="166" w="2963" /><ent r="3" t="168" w="621" /></phr></stem><stem n="cgm"><phr n="CGM"><ent r="5" t="20" w="129" /><ent r="4" t="20" w="133" /><ent r="4" t="22" w="145" /></phr><phr n="cgm"><ent r="4" t="22" w="146" /></phr></stem><stem n="dted"><phr n="DTED"><ent r="5" t="20" w="140" /><ent r="4" t="20" w="149" /><ent r="4" t="22" w="103" /></phr></stem><stem n="envi"><phr n="ENVI"><ent r="5" t="20" w="152" /><ent r="6" t="20" w="169" /><ent r="65" t="20" w="182" /><ent r="5" t="20" w="186" /><ent r="4" t="20" w="191" /><ent r="4" t="20" w="207" /><ent r="65" t="20" w="229" /><ent r="4" t="22" w="93" /><ent r="67" t="24" w="106" /><ent r="5" t="25" w="31" /><ent r="6" t="25" w="41" /><ent r="4" t="25" w="64" /><ent r="65" t="25" w="75" /><ent r="1000" t="32" w="1" /><ent r="100" t="32" w="4" /><ent r="102" t="32" w="6" /><ent r="3" t="32" w="10" /><ent r="3" t="32" w="29" /><ent r="3" t="32" w="34" /><ent r="3" t="32" w="61" /><ent r="3" t="32" w="63" /><ent r="3" t="32" w="78" /><ent r="64" t="32" w="82" /><ent r="3" t="32" w="93" /><ent r="4" t="32" w="158" /><ent r="4" t="32" w="165" /><ent r="4" t="32" w="173" /><ent r="1000" t="33" w="1" /><ent r="100" t="33" w="5" /><ent r="102" t="33" w="7" /><ent r="3" t="33" w="12" /><ent r="3" t="33" w="28" /><ent r="3" t="33" w="55" /><ent r="3" t="33" w="78" /><ent r="1000" t="34" w="1" /><ent r="100" t="34" w="5" /><ent r="102" t="34" w="7" /><ent r="3" t="34" w="12" /><ent r="3" t="34" w="17" /><ent r="1000" t="181" w="1" /><ent r="100" t="181" w="5" /><ent r="102" t="181" w="7" /><ent r="3" t="181" w="15" /><ent r="3" t="181" w="29" /><ent r="5" t="181" w="56" /><ent r="5" t="181" w="61" /><ent r="7" t="181" w="156" /><ent r="7" t="181" w="167" /><ent r="92" t="181" w="694" /><ent r="3" t="181" w="698" /><ent r="3" t="181" w="734" /><ent r="1000" t="195" w="1" /><ent r="102" t="195" w="5" /><ent r="100" t="195" w="9" /><ent r="3" t="195" w="14" /><ent r="3" t="195" w="18" /><ent r="3" t="195" w="34" /><ent r="3" t="195" w="39" /><ent r="3" t="195" w="70" /><ent r="3" t="195" w="91" /><ent r="92" t="195" w="293" /><ent r="3" t="195" w="305" /></phr></stem><stem n="spectral"><phr n="spectral"><ent r="4" t="20" w="159" /><ent r="4" t="20" w="219" /><ent r="3" t="32" w="16" /><ent r="3" t="33" w="40" /><ent r="3" t="34" w="34" /><ent r="3" t="100" w="17" /><ent r="3" t="100" w="203" /><ent r="4" t="140" w="494" /><ent r="4" t="140" w="895" /><ent r="5" t="148" w="264" /><ent r="3" t="153" w="97" /><ent r="3" t="153" w="107" /><ent r="5" t="153" w="417" /><ent r="3" t="155" w="21" /><ent r="3" t="155" w="26" /><ent r="3" t="155" w="62" /><ent r="3" t="155" w="88" /><ent r="4" t="165" w="1575" /><ent r="3" t="166" w="291" /><ent r="5" t="167" w="1164" /><ent r="4" t="214" w="27" /></phr><phr n="Spectral"><ent r="4" t="20" w="317" /><ent r="64" t="164" w="342" /><ent r="102" t="167" w="12" /><ent r="3" t="167" w="175" /></phr><phr n="spectrally"><ent r="3" t="167" w="51" /></phr></stem><stem n="header"><phr n="header"><ent r="4" t="20" w="165" /><ent r="4" t="25" w="48" /><ent r="4" t="25" w="65" /><ent r="3" t="32" w="22" /><ent r="3" t="32" w="35" /><ent r="3" t="32" w="47" /><ent r="3" t="32" w="64" /><ent r="3" t="32" w="79" /><ent r="3" t="33" w="79" /><ent r="3" t="34" w="18" /><ent r="3" t="130" w="29" /><ent r="3" t="165" w="260" /><ent r="3" t="166" w="810" /><ent r="4" t="180" w="262" /><ent r="3" t="181" w="20" /><ent r="3" t="181" w="36" /><ent r="7" t="181" w="123" /><ent r="7" t="181" w="134" /><ent r="3" t="181" w="728" /><ent r="3" t="195" w="19" /><ent r="3" t="195" w="35" /><ent r="3" t="195" w="107" /><ent r="3" t="195" w="112" /><ent r="4" t="195" w="313" /><ent r="4" t="195" w="322" /><ent r="4" t="195" w="331" /></phr><phr n="Header"><ent r="64" t="32" w="83" /><ent r="4" t="32" w="166" /><ent r="1000" t="181" w="2" /><ent r="102" t="181" w="8" /><ent r="92" t="181" w="695" /></phr></stem><stem n="environ"><phr n="ENvironment"><ent r="6" t="20" w="171" /><ent r="6" t="25" w="43" /><ent r="3" t="32" w="25" /></phr><phr n="environment"><ent r="4" t="112" w="87" /></phr><phr n="environments"><ent r="4" t="158" w="308" /></phr></stem><stem n="visual"><phr n="Visualizing"><ent r="6" t="20" w="173" /><ent r="6" t="25" w="45" /><ent r="3" t="32" w="27" /></phr><phr n="visual"><ent r="4" t="159" w="96" /></phr></stem><stem n="librari"><phr n="Library"><ent r="5" t="20" w="187" /><ent r="4" t="20" w="192" /><ent r="65" t="20" w="230" /><ent r="4" t="20" w="245" /><ent r="1000" t="33" w="2" /><ent r="102" t="33" w="8" /><ent r="3" t="33" w="13" /><ent r="3" t="33" w="56" /><ent r="1000" t="34" w="2" /><ent r="102" t="34" w="8" /><ent r="3" t="34" w="13" /></phr><phr n="library"><ent r="4" t="20" w="220" /><ent r="3" t="33" w="41" /><ent r="3" t="34" w="24" /><ent r="3" t="34" w="35" /><ent r="3" t="34" w="50" /><ent r="3" t="181" w="46" /></phr></stem><stem n="similar"><phr n="similar"><ent r="4" t="20" w="204" /><ent r="4" t="23" w="79" /><ent r="3" t="33" w="25" /><ent r="3" t="55" w="158" /><ent r="3" t="93" w="14" /><ent r="3" t="94" w="68" /><ent r="3" t="155" w="16" /><ent r="3" t="165" w="1743" /></phr></stem><stem n="part"><phr n="part"><ent r="4" t="20" w="216" /><ent r="3" t="33" w="37" /><ent r="3" t="33" w="69" /><ent r="3" t="37" w="52" /><ent r="3" t="113" w="349" /><ent r="3" t="164" w="231" /><ent r="4" t="167" w="877" /><ent r="3" t="169" w="308" /><ent r="3" t="170" w="295" /><ent r="3" t="172" w="242" /><ent r="4" t="172" w="2026" /><ent r="5" t="204" w="150" /></phr><phr n="Part"><ent r="92" t="167" w="823" /></phr></stem><stem n="instead"><phr n="instead"><ent r="4" t="20" w="221" /><ent r="4" t="26" w="562" /><ent r="3" t="33" w="42" /><ent r="4" t="42" w="225" /><ent r="3" t="172" w="149" /></phr></stem><stem n="gdal"><phr n="GDAL"><ent r="5" t="20" w="235" /><ent r="4" t="20" w="246" /><ent r="4" t="20" w="252" /></phr><phr n="gdal"><ent r="65" t="20" w="256" /></phr></stem><stem n="geospati"><phr n="Geospatial"><ent r="4" t="20" w="242" /></phr></stem><stem n="abstract"><phr n="Abstraction"><ent r="4" t="20" w="244" /></phr></stem><stem n="(gdal)"><phr n="(GDAL)"><ent r="4" t="20" w="247" /></phr></stem><stem n="www"><phr n="www"><ent r="65" t="20" w="255" /></phr></stem><stem n="www.gdal"><phr n="www.gdal"><ent r="65" t="20" w="256" /><ent r="65" t="20" w="255" /></phr></stem><stem n=".gdal.org"><phr n=".gdal.org"><ent r="65" t="20" w="257" /></phr></stem><stem n="www.gdal.org"><phr n="www.gdal.org"><ent r="65" t="20" w="257" /><ent r="65" t="20" w="255" /></phr></stem><stem n="org"><phr n="org"><ent r="65" t="20" w="257" /></phr></stem><stem n="hdf5"><phr n="HDF5"><ent r="5" t="20" w="261" /><ent r="4" t="22" w="101" /><ent r="4" t="22" w="134" /><ent r="4" t="197" w="238" /></phr></stem><stem n="appropri"><phr n="appropriate"><ent r="4" t="20" w="313" /><ent r="3" t="31" w="69" /><ent r="3" t="38" w="58" /><ent r="3" t="39" w="70" /><ent r="3" t="79" w="175" /><ent r="4" t="132" w="97" /><ent r="4" t="160" w="147" /><ent r="4" t="168" w="858" /></phr></stem><stem n="cube"><phr n="Cube"><ent r="4" t="20" w="318" /><ent r="64" t="35" w="68" /><ent r="65" t="39" w="233" /><ent r="64" t="40" w="147" /><ent r="65" t="95" w="75" /><ent r="1000" t="99" w="4" /><ent r="102" t="99" w="9" /><ent r="3" t="99" w="19" /><ent r="5" t="99" w="138" /><ent r="3" t="99" w="512" /><ent r="64" t="126" w="184" /><ent r="1000" t="148" w="1" /><ent r="100" t="148" w="10" /><ent r="102" t="148" w="13" /><ent r="3" t="148" w="18" /><ent r="4" t="148" w="36" /><ent r="1000" t="153" w="5" /><ent r="102" t="153" w="21" /><ent r="100" t="153" w="76" /><ent r="100" t="153" w="82" /><ent r="5" t="156" w="88" /><ent r="5" t="156" w="93" /><ent r="3" t="156" w="100" /><ent r="3" t="156" w="122" /><ent r="3" t="171" w="1055" /><ent r="4" t="171" w="1067" /><ent r="3" t="171" w="1107" /><ent r="3" t="171" w="1167" /><ent r="3" t="171" w="1181" /><ent r="4" t="171" w="1201" /></phr><phr n="cube"><ent r="4" t="25" w="140" /><ent r="7" t="52" w="188" /><ent r="7" t="52" w="199" /><ent r="4" t="95" w="85" /><ent r="100" t="99" w="14" /><ent r="3" t="99" w="29" /><ent r="4" t="99" w="472" /><ent r="3" t="99" w="522" /><ent r="4" t="140" w="501" /><ent r="4" t="140" w="579" /><ent r="4" t="140" w="635" /><ent r="4" t="140" w="902" /><ent r="4" t="140" w="980" /><ent r="4" t="140" w="1036" /><ent r="4" t="141" w="453" /><ent r="100" t="148" w="5" /><ent r="4" t="148" w="51" /><ent r="5" t="148" w="271" /><ent r="5" t="148" w="349" /><ent r="5" t="148" w="405" /><ent r="3" t="153" w="98" /><ent r="3" t="153" w="111" /><ent r="5" t="153" w="424" /><ent r="5" t="153" w="502" /><ent r="5" t="153" w="558" /><ent r="3" t="155" w="112" /><ent r="3" t="155" w="127" /><ent r="3" t="155" w="137" /><ent r="3" t="156" w="29" /><ent r="3" t="156" w="116" /><ent r="3" t="156" w="141" /><ent r="3" t="156" w="166" /><ent r="3" t="156" w="180" /><ent r="4" t="156" w="220" /><ent r="3" t="156" w="250" /><ent r="3" t="156" w="261" /><ent r="4" t="165" w="79" /><ent r="3" t="165" w="245" /><ent r="3" t="165" w="765" /><ent r="4" t="165" w="1074" /><ent r="3" t="166" w="244" /><ent r="3" t="166" w="261" /><ent r="3" t="166" w="268" /><ent r="4" t="166" w="1599" /><ent r="3" t="166" w="2040" /><ent r="4" t="166" w="2281" /><ent r="4" t="166" w="2438" /><ent r="4" t="167" w="98" /><ent r="5" t="167" w="1105" /><ent r="5" t="167" w="1169" /><ent r="4" t="167" w="1384" /><ent r="3" t="171" w="1026" /><ent r="4" t="190" w="347" /><ent r="4" t="190" w="353" /><ent r="4" t="190" w="374" /><ent r="4" t="190" w="382" /><ent r="4" t="190" w="455" /><ent r="4" t="190" w="616" /><ent r="4" t="214" w="34" /><ent r="4" t="214" w="112" /><ent r="4" t="214" w="168" /></phr><phr n="cubes"><ent r="3" t="156" w="26" /><ent r="3" t="156" w="54" /><ent r="3" t="156" w="128" /><ent r="4" t="156" w="152" /><ent r="4" t="168" w="1498" /><ent r="3" t="171" w="1058" /></phr></stem><stem n="geotiff"><phr n="GeoTIFF"><ent r="5" t="20" w="321" /><ent r="4" t="20" w="336" /><ent r="4" t="20" w="350" /><ent r="4" t="20" w="359" /><ent r="4" t="20" w="364" /><ent r="4" t="22" w="96" /><ent r="4" t="22" w="125" /><ent r="67" t="24" w="110" /><ent r="5" t="25" w="80" /><ent r="4" t="25" w="91" /><ent r="4" t="25" w="103" /><ent r="65" t="25" w="113" /><ent r="67" t="27" w="121" /><ent r="5" t="28" w="97" /><ent r="65" t="28" w="133" /><ent r="5" t="131" w="189" /><ent r="3" t="132" w="23" /><ent r="4" t="132" w="86" /><ent r="92" t="132" w="221" /><ent r="3" t="158" w="90" /><ent r="4" t="158" w="254" /><ent r="5" t="165" w="562" /><ent r="5" t="171" w="542" /><ent r="5" t="171" w="924" /><ent r="5" t="171" w="951" /><ent r="5" t="173" w="621" /><ent r="7" t="173" w="1138" /><ent r="3" t="173" w="1408" /><ent r="4" t="173" w="1718" /><ent r="4" t="173" w="1725" /><ent r="1000" t="196" w="1" /><ent r="102" t="196" w="5" /><ent r="100" t="196" w="9" /><ent r="3" t="196" w="14" /><ent r="3" t="196" w="35" /><ent r="92" t="196" w="224" /><ent r="3" t="196" w="230" /><ent r="1000" t="203" w="1" /><ent r="102" t="203" w="6" /><ent r="100" t="203" w="11" /><ent r="3" t="203" w="17" /></phr><phr n="GeoTiff"><ent r="3" t="173" w="635" /></phr></stem><stem n="tag"><phr n="Tagged"><ent r="6" t="20" w="330" /></phr><phr n="tags"><ent r="4" t="20" w="365" /></phr></stem><stem n="geocoordin"><phr n="geocoordinates"><ent r="4" t="20" w="340" /><ent r="4" t="25" w="95" /></phr></stem><stem n="latitud"><phr n="latitude"><ent r="4" t="20" w="341" /><ent r="4" t="26" w="542" /><ent r="4" t="42" w="215" /><ent r="3" t="65" w="24" /><ent r="3" t="65" w="85" /><ent r="4" t="67" w="43" /><ent r="4" t="67" w="66" /><ent r="3" t="100" w="68" /><ent r="3" t="100" w="254" /><ent r="100" t="137" w="11" /><ent r="3" t="137" w="31" /><ent r="3" t="151" w="309" /><ent r="4" t="160" w="113" /><ent r="3" t="166" w="138" /><ent r="3" t="166" w="166" /><ent r="3" t="166" w="1654" /><ent r="3" t="166" w="2142" /><ent r="4" t="169" w="667" /><ent r="5" t="175" w="256" /><ent r="3" t="178" w="33" /><ent r="7" t="213" w="46" /><ent r="7" t="213" w="56" /><ent r="7" t="213" w="69" /><ent r="3" t="215" w="87" /><ent r="3" t="215" w="111" /><ent r="3" t="215" w="172" /><ent r="3" t="215" w="205" /><ent r="3" t="215" w="324" /><ent r="3" t="215" w="376" /><ent r="3" t="215" w="389" /><ent r="3" t="215" w="440" /><ent r="3" t="215" w="461" /></phr><phr n="Latitude"><ent r="5" t="42" w="205" /><ent r="5" t="66" w="237" /><ent r="1000" t="137" w="1" /><ent r="1000" t="151" w="1" /><ent r="100" t="151" w="6" /><ent r="100" t="151" w="12" /><ent r="102" t="151" w="16" /><ent r="5" t="151" w="157" /><ent r="3" t="151" w="281" /><ent r="3" t="151" w="302" /><ent r="4" t="166" w="875" /><ent r="3" t="166" w="932" /><ent r="4" t="166" w="1307" /><ent r="7" t="166" w="1543" /><ent r="3" t="166" w="2773" /><ent r="6" t="210" w="154" /><ent r="6" t="210" w="207" /><ent r="6" t="210" w="249" /><ent r="6" t="210" w="311" /><ent r="6" t="210" w="379" /><ent r="6" t="210" w="460" /><ent r="6" t="210" w="495" /><ent r="6" t="210" w="576" /></phr></stem><stem n="latitude/longitud"><phr n="latitude/longitude"><ent r="4" t="20" w="342" /><ent r="4" t="20" w="341" /><ent r="4" t="26" w="543" /><ent r="4" t="26" w="542" /><ent r="4" t="42" w="216" /><ent r="4" t="42" w="215" /><ent r="3" t="65" w="25" /><ent r="3" t="65" w="24" /><ent r="3" t="65" w="86" /><ent r="3" t="65" w="85" /><ent r="4" t="67" w="44" /><ent r="4" t="67" w="43" /><ent r="4" t="67" w="67" /><ent r="4" t="67" w="66" /><ent r="3" t="100" w="69" /><ent r="3" t="100" w="68" /><ent r="3" t="100" w="255" /><ent r="3" t="100" w="254" /><ent r="100" t="137" w="12" /><ent r="100" t="137" w="11" /><ent r="3" t="166" w="167" /><ent r="3" t="166" w="166" /><ent r="3" t="166" w="1655" /><ent r="3" t="166" w="1654" /><ent r="3" t="166" w="2143" /><ent r="3" t="166" w="2142" /><ent r="4" t="169" w="668" /><ent r="4" t="169" w="667" /><ent r="3" t="178" w="34" /><ent r="3" t="178" w="33" /><ent r="3" t="215" w="88" /><ent r="3" t="215" w="87" /><ent r="3" t="215" w="112" /><ent r="3" t="215" w="111" /><ent r="3" t="215" w="173" /><ent r="3" t="215" w="172" /><ent r="3" t="215" w="206" /><ent r="3" t="215" w="205" /><ent r="3" t="215" w="325" /><ent r="3" t="215" w="324" /><ent r="3" t="215" w="377" /><ent r="3" t="215" w="376" /><ent r="3" t="215" w="390" /><ent r="3" t="215" w="389" /><ent r="3" t="215" w="441" /><ent r="3" t="215" w="440" /><ent r="3" t="215" w="462" /><ent r="3" t="215" w="461" /></phr><phr n="Latitude/Longitude"><ent r="5" t="42" w="206" /><ent r="5" t="42" w="205" /><ent r="5" t="66" w="238" /><ent r="5" t="66" w="237" /><ent r="1000" t="137" w="2" /><ent r="1000" t="137" w="1" /><ent r="1000" t="151" w="2" /><ent r="1000" t="151" w="1" /><ent r="100" t="151" w="7" /><ent r="100" t="151" w="6" /><ent r="100" t="151" w="13" /><ent r="100" t="151" w="12" /><ent r="102" t="151" w="17" /><ent r="102" t="151" w="16" /><ent r="5" t="151" w="158" /><ent r="5" t="151" w="157" /><ent r="4" t="166" w="876" /><ent r="4" t="166" w="875" /><ent r="3" t="166" w="933" /><ent r="3" t="166" w="932" /><ent r="3" t="166" w="2774" /><ent r="3" t="166" w="2773" /><ent r="6" t="210" w="155" /><ent r="6" t="210" w="154" /><ent r="6" t="210" w="208" /><ent r="6" t="210" w="207" /><ent r="6" t="210" w="250" /><ent r="6" t="210" w="249" /><ent r="6" t="210" w="312" /><ent r="6" t="210" w="311" /><ent r="6" t="210" w="380" /><ent r="6" t="210" w="379" /><ent r="6" t="210" w="461" /><ent r="6" t="210" w="460" /><ent r="6" t="210" w="496" /><ent r="6" t="210" w="495" /><ent r="6" t="210" w="577" /><ent r="6" t="210" w="576" /></phr></stem></index>