﻿<?xml version="1.0" encoding="utf-8"?><index PreMerged="False"><stem n="fuse"><phr n="fuses"><ent r="1" t="145" w="27" /></phr><phr n="fusing"><ent r="1" t="145" w="103" /><ent r="1" t="146" w="83" /><ent r="1" t="155" w="456" /></phr><phr n="fused"><ent r="1" t="145" w="123" /><ent r="1" t="145" w="138" /><ent r="1" t="145" w="192" /><ent r="1" t="148" w="36" /><ent r="1" t="149" w="35" /><ent r="1" t="149" w="164" /><ent r="1" t="150" w="358" /><ent r="1" t="155" w="88" /><ent r="1" t="155" w="948" /><ent r="1" t="155" w="1081" /></phr><phr n="fuse"><ent r="1" t="145" w="207" /><ent r="1" t="155" w="109" /><ent r="1" t="155" w="1025" /></phr><phr n="Fused"><ent r="51" t="149" w="357" /><ent r="1000" t="150" w="2" /><ent r="100" t="150" w="6" /></phr></stem><stem n="eo"><phr n="EO"><ent r="1" t="145" w="34" /><ent r="1" t="146" w="89" /></phr></stem><stem n="thermal"><phr n="Thermal"><ent r="1" t="145" w="36" /></phr></stem><stem n="ir"><phr n="IR"><ent r="1" t="145" w="37" /><ent r="1" t="153" w="294" /></phr><phr n="ir"><ent r="51" t="155" w="318" /><ent r="51" t="155" w="326" /><ent r="51" t="155" w="392" /><ent r="51" t="155" w="409" /></phr></stem><stem n="skew"><phr n="skewed"><ent r="1" t="145" w="46" /><ent r="1" t="155" w="122" /></phr></stem><stem n="translat"><phr n="translated"><ent r="1" t="145" w="49" /><ent r="1" t="155" w="125" /></phr><phr n="translation"><ent r="1" t="150" w="58" /><ent r="1" t="155" w="1205" /></phr></stem><stem n="next-gener"><phr n="next-generation"><ent r="1" t="145" w="51" /></phr></stem><stem n="faster"><phr n="faster"><ent r="1" t="145" w="55" /><ent r="1" t="154" w="1290" /></phr></stem><stem n="better"><phr n="better"><ent r="1" t="145" w="58" /><ent r="1" t="146" w="80" /><ent r="1" t="153" w="797" /><ent r="1" t="155" w="453" /><ent r="1" t="180" w="386" /></phr></stem><stem n="design"><phr n="designed"><ent r="1" t="145" w="72" /><ent r="1" t="152" w="87" /></phr><phr n="designated"><ent r="1" t="151" w="47" /></phr><phr n="Designate"><ent r="90" t="154" w="782" /><ent r="1" t="155" w="82" /></phr><phr n="designate"><ent r="1" t="154" w="794" /></phr><phr n="designates"><ent r="1" t="156" w="288" /><ent r="1" t="157" w="271" /></phr></stem><stem n="restrict"><phr n="restrictions"><ent r="1" t="145" w="111" /><ent r="1" t="180" w="562" /></phr><phr n="Restrictions"><ent r="51" t="199" w="32" /></phr></stem><stem n="secondari"><phr n="Secondary"><ent r="1" t="145" w="119" /><ent r="1" t="146" w="67" /><ent r="1" t="146" w="107" /><ent r="1" t="146" w="176" /><ent r="51" t="149" w="222" /><ent r="1" t="155" w="419" /><ent r="1" t="155" w="438" /><ent r="1" t="155" w="478" /><ent r="1" t="155" w="1302" /></phr><phr n="secondary"><ent r="1" t="146" w="36" /><ent r="1" t="147" w="99" /><ent r="1" t="149" w="204" /><ent r="1" t="150" w="61" /><ent r="1" t="150" w="274" /><ent r="1" t="155" w="788" /><ent r="1" t="155" w="807" /><ent r="1" t="155" w="1208" /><ent r="1" t="155" w="1381" /><ent r="1" t="155" w="1447" /></phr></stem><stem n="dataset"><phr n="Datasets"><ent r="1" t="145" w="139" /></phr><phr n="dataset"><ent r="1" t="153" w="887" /><ent r="1" t="157" w="639" /></phr></stem><stem n="lack"><phr n="lacking"><ent r="1" t="145" w="140" /></phr></stem><stem n="accur"><phr n="accurately"><ent r="1" t="145" w="186" /></phr><phr n="accurate"><ent r="1" t="146" w="242" /><ent r="1" t="153" w="789" /><ent r="1" t="155" w="562" /></phr></stem><stem n="side-bi"><phr n="side-by"><ent r="1" t="145" w="194" /><ent r="1" t="145" w="209" /><ent r="1" t="149" w="235" /><ent r="1" t="150" w="28" /><ent r="1" t="150" w="291" /><ent r="1" t="150" w="301" /><ent r="1" t="150" w="378" /><ent r="1" t="150" w="398" /><ent r="1" t="153" w="2109" /><ent r="1" t="155" w="1421" /><ent r="1" t="155" w="1465" /><ent r="1" t="155" w="1496" /><ent r="1" t="158" w="950" /></phr><phr n="Side-by"><ent r="1" t="149" w="44" /><ent r="51" t="149" w="137" /><ent r="90" t="150" w="283" /><ent r="1" t="155" w="959" /><ent r="90" t="155" w="1413" /></phr></stem><stem n="side-by-sid"><phr n="side-by-side"><ent r="1" t="145" w="194" /><ent r="1" t="145" w="209" /><ent r="1" t="149" w="235" /><ent r="1" t="150" w="28" /><ent r="1" t="150" w="291" /><ent r="1" t="150" w="301" /><ent r="1" t="150" w="378" /><ent r="1" t="150" w="398" /><ent r="1" t="153" w="2109" /><ent r="1" t="155" w="1421" /><ent r="1" t="155" w="1465" /><ent r="1" t="155" w="1496" /><ent r="1" t="158" w="950" /></phr><phr n="Side-by-Side"><ent r="1" t="149" w="44" /><ent r="51" t="149" w="137" /><ent r="90" t="150" w="283" /><ent r="1" t="155" w="959" /><ent r="90" t="155" w="1413" /></phr></stem><stem n="by-sid"><phr n="by-side"><ent r="1" t="145" w="195" /><ent r="1" t="145" w="210" /><ent r="1" t="149" w="236" /><ent r="1" t="150" w="29" /><ent r="1" t="150" w="292" /><ent r="1" t="150" w="302" /><ent r="1" t="150" w="379" /><ent r="1" t="150" w="399" /><ent r="1" t="153" w="2110" /><ent r="1" t="155" w="1422" /><ent r="1" t="155" w="1466" /><ent r="1" t="155" w="1497" /><ent r="1" t="158" w="951" /></phr><phr n="by-Side"><ent r="1" t="149" w="45" /><ent r="51" t="149" w="138" /><ent r="90" t="150" w="284" /><ent r="1" t="155" w="960" /><ent r="90" t="155" w="1414" /></phr></stem><stem n="why"><phr n="why"><ent r="1" t="145" w="204" /></phr></stem><stem n="fall"><phr n="fall"><ent r="1" t="145" w="227" /></phr></stem><stem n="categori"><phr n="category"><ent r="1" t="145" w="230" /></phr></stem><stem n="geoloc"><phr n="geolocation"><ent r="1" t="145" w="236" /><ent r="1" t="147" w="52" /><ent r="1" t="155" w="718" /></phr></stem><stem n="problem"><phr n="problems"><ent r="1" t="145" w="244" /></phr></stem><stem n="desk"><phr n="Desk"><ent r="1" t="145" w="255" /></phr></stem><stem n="dodii"><phr n="DODIIS"><ent r="1" t="145" w="285" /></phr></stem><stem n="certifi"><phr n="certified"><ent r="1" t="145" w="286" /></phr></stem><stem n="properli"><phr n="properly"><ent r="1" t="146" w="53" /></phr></stem><stem n="recommend"><phr n="recommend"><ent r="1" t="146" w="56" /><ent r="1" t="155" w="427" /><ent r="1" t="155" w="542" /><ent r="1" t="159" w="1906" /></phr></stem><stem n="produc"><phr n="produce"><ent r="1" t="146" w="78" /><ent r="1" t="152" w="222" /><ent r="1" t="155" w="451" /><ent r="1" t="158" w="976" /><ent r="1" t="163" w="112" /></phr></stem><stem n="notic"><phr n="notice"><ent r="1" t="146" w="93" /><ent r="1" t="152" w="1748" /><ent r="1" t="155" w="464" /><ent r="51" t="171" w="132" /></phr><phr n="Notice"><ent r="1" t="152" w="1344" /><ent r="1" t="153" w="763" /><ent r="1" t="153" w="896" /><ent r="1" t="153" w="1036" /><ent r="1" t="153" w="2364" /><ent r="1" t="158" w="704" /><ent r="1" t="159" w="1467" /></phr><phr n="noticeable"><ent r="1" t="195" w="25" /></phr></stem><stem n="agre"><phr n="agree"><ent r="1" t="146" w="231" /></phr></stem><stem n="enough"><phr n="enough"><ent r="1" t="146" w="243" /><ent r="1" t="149" w="254" /><ent r="1" t="156" w="714" /><ent r="1" t="180" w="333" /></phr></stem><stem n="futur"><phr n="future"><ent r="51" t="146" w="280" /><ent r="1" t="155" w="610" /><ent r="51" t="155" w="642" /></phr></stem><stem n="did"><phr n="did"><ent r="1" t="146" w="322" /></phr></stem><stem n="correct"><phr n="correct"><ent r="1" t="147" w="48" /><ent r="1" t="147" w="244" /><ent r="1" t="153" w="1927" /><ent r="1" t="155" w="714" /></phr></stem><stem n="inconsist"><phr n="inconsistencies"><ent r="1" t="147" w="49" /><ent r="1" t="155" w="715" /></phr></stem><stem n="visibl"><phr n="visible"><ent r="1" t="147" w="206" /><ent r="1" t="147" w="261" /><ent r="1" t="153" w="286" /><ent r="1" t="159" w="274" /><ent r="1" t="159" w="302" /></phr></stem><stem n="verifi"><phr n="Verify"><ent r="51" t="147" w="233" /></phr><phr n="verify"><ent r="1" t="147" w="237" /></phr></stem><stem n="cross"><phr n="cross"><ent r="1" t="147" w="258" /><ent r="1" t="147" w="274" /></phr></stem><stem n="cross-hair"><phr n="cross-hair"><ent r="1" t="147" w="258" /><ent r="1" t="147" w="274" /></phr></stem><stem n="hair"><phr n="hair"><ent r="1" t="147" w="259" /><ent r="1" t="147" w="275" /></phr></stem><stem n="transfer"><phr n="transferring"><ent r="1" t="148" w="19" /></phr><phr n="transfer"><ent r="1" t="148" w="126" /></phr></stem><stem n="reapir"><phr n="REAPIR"><ent r="1" t="148" w="31" /></phr></stem><stem n="simpli"><phr n="simply"><ent r="1" t="148" w="97" /><ent r="1" t="154" w="1272" /><ent r="1" t="159" w="1173" /></phr></stem><stem n="flicker"><phr n="Flicker"><ent r="1" t="149" w="41" /><ent r="51" t="149" w="132" /><ent r="51" t="149" w="149" /><ent r="51" t="149" w="178" /><ent r="90" t="150" w="72" /><ent r="51" t="150" w="113" /><ent r="51" t="150" w="125" /><ent r="1" t="150" w="345" /><ent r="1" t="155" w="956" /><ent r="51" t="155" w="1055" /><ent r="51" t="155" w="1063" /></phr><phr n="flicker"><ent r="1" t="149" w="159" /><ent r="1" t="149" w="165" /><ent r="1" t="149" w="170" /><ent r="1" t="149" w="190" /><ent r="1" t="150" w="35" /><ent r="1" t="150" w="39" /><ent r="1" t="150" w="46" /><ent r="1" t="150" w="66" /><ent r="1" t="150" w="68" /><ent r="1" t="150" w="82" /><ent r="1" t="150" w="98" /><ent r="1" t="150" w="132" /><ent r="1" t="150" w="152" /><ent r="1" t="150" w="157" /><ent r="1" t="150" w="170" /><ent r="1" t="150" w="178" /><ent r="1" t="150" w="208" /><ent r="1" t="150" w="213" /><ent r="1" t="150" w="354" /><ent r="1" t="150" w="359" /><ent r="1" t="150" w="366" /><ent r="1" t="150" w="375" /><ent r="1" t="155" w="1076" /><ent r="1" t="155" w="1082" /><ent r="1" t="155" w="1184" /><ent r="1" t="155" w="1189" /><ent r="1" t="155" w="1196" /><ent r="1" t="155" w="1213" /><ent r="1" t="155" w="1215" /><ent r="1" t="155" w="1220" /><ent r="1" t="155" w="1242" /><ent r="1" t="155" w="1247" /><ent r="1" t="155" w="1265" /><ent r="1" t="155" w="1275" /><ent r="1" t="155" w="1281" /><ent r="1" t="155" w="1286" /><ent r="1" t="155" w="1429" /></phr><phr n="flickering"><ent r="1" t="150" w="339" /></phr></stem><stem n="flicker/blend"><phr n="Flicker/Blend"><ent r="1" t="149" w="42" /><ent r="1" t="149" w="41" /><ent r="51" t="149" w="133" /><ent r="51" t="149" w="132" /><ent r="90" t="150" w="73" /><ent r="90" t="150" w="72" /><ent r="1" t="155" w="957" /><ent r="1" t="155" w="956" /><ent r="51" t="155" w="1056" /><ent r="51" t="155" w="1055" /></phr><phr n="flicker/blend"><ent r="1" t="150" w="36" /><ent r="1" t="150" w="35" /><ent r="1" t="150" w="47" /><ent r="1" t="150" w="46" /><ent r="1" t="155" w="1185" /><ent r="1" t="155" w="1184" /><ent r="1" t="155" w="1197" /><ent r="1" t="155" w="1196" /></phr></stem><stem n="blend"><phr n="Blend"><ent r="1" t="149" w="42" /><ent r="51" t="149" w="133" /><ent r="90" t="150" w="73" /><ent r="1" t="155" w="957" /><ent r="51" t="155" w="1056" /></phr><phr n="blend"><ent r="1" t="150" w="36" /><ent r="1" t="150" w="47" /><ent r="1" t="155" w="1185" /><ent r="1" t="155" w="1197" /></phr></stem><stem n="done"><phr n="done"><ent r="51" t="149" w="152" /><ent r="51" t="155" w="1069" /><ent r="1" t="155" w="1491" /></phr></stem><stem n="respect"><phr n="respective"><ent r="1" t="149" w="208" /><ent r="1" t="151" w="100" /></phr></stem><stem n="optim"><phr n="Optimize"><ent r="51" t="149" w="267" /></phr><phr n="optimizations"><ent r="1" t="152" w="255" /></phr></stem><stem n="slower"><phr n="slower"><ent r="1" t="149" w="276" /><ent r="1" t="180" w="482" /></phr></stem><stem n="restart"><phr n="restarting"><ent r="1" t="149" w="287" /><ent r="1" t="149" w="348" /><ent r="1" t="155" w="1120" /></phr><phr n="restart"><ent r="1" t="150" w="352" /></phr></stem><stem n="soon"><phr n="soon"><ent r="1" t="149" w="313" /></phr></stem><stem n="reorient"><phr n="reoriented"><ent r="1" t="150" w="24" /></phr></stem><stem n="automated/manu"><phr n="automated/manual"><ent r="1" t="150" w="65" /><ent r="1" t="150" w="64" /><ent r="1" t="155" w="1212" /><ent r="1" t="155" w="1211" /></phr></stem><stem n="adjust"><phr n="adjust"><ent r="1" t="150" w="166" /><ent r="1" t="152" w="1317" /><ent r="1" t="152" w="1359" /><ent r="1" t="152" w="1707" /><ent r="1" t="152" w="1914" /><ent r="1" t="152" w="1970" /><ent r="1" t="157" w="718" /><ent r="1" t="171" w="71" /></phr><phr n="adjusting"><ent r="1" t="152" w="1695" /><ent r="1" t="152" w="1807" /><ent r="1" t="157" w="730" /></phr><phr n="Adjust"><ent r="1" t="152" w="1737" /><ent r="1" t="152" w="1756" /><ent r="1" t="152" w="1787" /></phr><phr n="adjustments"><ent r="1" t="152" w="1846" /><ent r="1" t="152" w="1898" /><ent r="1" t="155" w="1378" /><ent r="1" t="155" w="1393" /></phr><phr n="adjusted"><ent r="1" t="155" w="1263" /></phr></stem><stem n="de"><phr n="de"><ent r="1" t="150" w="200" /><ent r="51" t="185" w="397" /></phr></stem><stem n="de-select"><phr n="de-selecting"><ent r="1" t="150" w="200" /><ent r="51" t="185" w="397" /></phr></stem><stem n="slide"><phr n="slide"><ent r="1" t="150" w="236" /><ent r="1" t="150" w="244" /><ent r="1" t="150" w="270" /><ent r="1" t="155" w="1325" /><ent r="1" t="155" w="1333" /><ent r="1" t="155" w="1350" /><ent r="1" t="155" w="1376" /><ent r="1" t="191" w="165" /></phr></stem><stem n="x,y"><phr n="x,y"><ent r="1" t="150" w="258" /><ent r="1" t="150" w="257" /></phr></stem><stem n="awai"><phr n="away"><ent r="1" t="150" w="276" /></phr></stem><stem n="shift+z"><phr n="Shift+Z"><ent r="1" t="150" w="313" /></phr></stem><stem n="==&gt;"><phr n="==&gt;"><ent r="1" t="150" w="314" /><ent r="1" t="150" w="322" /><ent r="1" t="150" w="330" /></phr></stem><stem n="shift+right"><phr n="Shift+Right"><ent r="1" t="150" w="321" /></phr></stem><stem n="focu"><phr n="focus"><ent r="1" t="151" w="13" /></phr></stem><stem n="studio"><phr n="Studio"><ent r="1" t="151" w="17" /></phr></stem><stem n="scenario"><phr n="scenarios"><ent r="1" t="151" w="25" /></phr><phr n="scenario"><ent r="1" t="151" w="62" /><ent r="1" t="154" w="1135" /><ent r="1" t="154" w="1271" /></phr></stem><stem n="learn"><phr n="Learning"><ent r="1" t="151" w="49" /><ent r="80" t="151" w="67" /><ent r="51" t="152" w="13" /><ent r="51" t="153" w="23" /><ent r="51" t="154" w="20" /><ent r="51" t="155" w="17" /><ent r="51" t="156" w="13" /><ent r="51" t="157" w="11" /><ent r="51" t="158" w="11" /><ent r="51" t="159" w="9" /><ent r="51" t="160" w="17" /></phr><phr n="learned"><ent r="1" t="159" w="121" /></phr></stem><stem n="intend"><phr n="Intended"><ent r="90" t="151" w="64" /></phr><phr n="intended"><ent r="1" t="151" w="71" /></phr></stem><stem n="audienc"><phr n="audience"><ent r="90" t="151" w="65" /><ent r="1" t="151" w="72" /></phr></stem><stem n="anyon"><phr n="anyone"><ent r="1" t="151" w="77" /></phr></stem><stem n="particularli"><phr n="particularly"><ent r="1" t="151" w="83" /></phr></stem><stem n="users/oper"><phr n="users/operators"><ent r="1" t="151" w="97" /><ent r="1" t="151" w="96" /></phr></stem><stem n="users/operators,"><phr n="users/operators,"><ent r="1" t="151" w="97" /><ent r="1" t="151" w="96" /></phr></stem><stem n="supervisor"><phr n="supervisors"><ent r="1" t="151" w="101" /></phr></stem><stem n="critic"><phr n="criticality"><ent r="80" t="151" w="104" /></phr><phr n="critical"><ent r="1" t="151" w="153" /><ent r="1" t="169" w="30" /></phr></stem><stem n="basi"><phr n="basis"><ent r="1" t="151" w="111" /></phr></stem><stem n="purpos"><phr n="purpose"><ent r="1" t="151" w="121" /><ent r="1" t="152" w="1352" /></phr><phr n="purposes"><ent r="1" t="194" w="539" /></phr></stem><stem n="necessarili"><phr n="necessarily"><ent r="1" t="151" w="129" /></phr></stem><stem n="knowledg"><phr n="knowledge"><ent r="1" t="151" w="141" /><ent r="1" t="151" w="171" /></phr></stem><stem n="prerequisit"><phr n="Prerequisites"><ent r="80" t="151" w="165" /></phr></stem><stem n="fundament"><phr n="fundamental"><ent r="1" t="151" w="170" /></phr></stem><stem n="workstat"><phr n="workstation"><ent r="1" t="151" w="178" /></phr></stem><stem n="train"><phr n="training"><ent r="1" t="151" w="185" /><ent r="1" t="151" w="196" /><ent r="1" t="151" w="206" /><ent r="1" t="194" w="510" /></phr></stem><stem n="expect"><phr n="expected"><ent r="1" t="151" w="202" /></phr></stem><stem n="job"><phr n="job"><ent r="1" t="151" w="205" /></phr></stem><stem n="exercis"><phr n="exercises"><ent r="1" t="151" w="215" /></phr><phr n="exercise"><ent r="1" t="154" w="1097" /><ent r="1" t="194" w="511" /></phr><phr n="Exercise"><ent r="1" t="158" w="565" /><ent r="1" t="158" w="757" /><ent r="1" t="158" w="1209" /></phr></stem><stem n="consid"><phr n="considered"><ent r="1" t="151" w="228" /></phr></stem><stem n="information/annot"><phr n="Information/Annotations"><ent r="51" t="151" w="271" /><ent r="51" t="151" w="270" /><ent r="100" t="153" w="18" /><ent r="100" t="153" w="17" /></phr><phr n="information/annotations"><ent r="1" t="153" w="101" /><ent r="1" t="153" w="100" /></phr></stem><stem n="information/annotations,"><phr n="Information/Annotations,"><ent r="51" t="151" w="271" /><ent r="51" t="151" w="270" /><ent r="100" t="153" w="18" /><ent r="100" t="153" w="17" /></phr></stem><stem n="familiar"><phr n="familiar"><ent r="1" t="152" w="24" /><ent r="1" t="154" w="31" /><ent r="1" t="156" w="24" /><ent r="1" t="157" w="22" /><ent r="1" t="158" w="22" /><ent r="1" t="159" w="20" /><ent r="1" t="159" w="2064" /><ent r="1" t="160" w="28" /><ent r="1" t="160" w="1790" /></phr></stem><stem n="ll"><phr n="ll"><ent r="1" t="152" w="39" /><ent r="1" t="153" w="68" /><ent r="1" t="155" w="58" /><ent r="1" t="160" w="624" /></phr></stem><stem n="brightness/contrast"><phr n="Brightness/contrast"><ent r="1" t="152" w="64" /><ent r="1" t="152" w="63" /></phr><phr n="Brightness/Contrast"><ent r="51" t="152" w="183" /><ent r="51" t="152" w="182" /></phr><phr n="brightness/contrast"><ent r="1" t="152" w="1897" /><ent r="1" t="152" w="1896" /></phr></stem><stem n="lesson"><phr n="Lesson"><ent r="51" t="152" w="82" /><ent r="51" t="153" w="107" /><ent r="51" t="154" w="103" /><ent r="51" t="155" w="91" /><ent r="51" t="156" w="79" /><ent r="51" t="157" w="63" /><ent r="51" t="158" w="68" /><ent r="51" t="159" w="74" /><ent r="51" t="160" w="103" /></phr><phr n="lesson"><ent r="1" t="153" w="252" /><ent r="51" t="158" w="274" /></phr></stem><stem n="graph"><phr n="graph"><ent r="1" t="152" w="125" /><ent r="1" t="154" w="1317" /></phr></stem><stem n="characterist"><phr n="characteristics"><ent r="1" t="152" w="174" /></phr></stem><stem n="format/sc"><phr n="format/scaling"><ent r="1" t="152" w="216" /><ent r="1" t="152" w="215" /></phr></stem><stem n="format/scaling,"><phr n="format/scaling,"><ent r="1" t="152" w="216" /><ent r="1" t="152" w="215" /></phr></stem><stem n="crop"><phr n="cropping"><ent r="1" t="152" w="217" /></phr></stem><stem n="ice-format"><phr n="ICE-formatted"><ent r="1" t="152" w="225" /></phr></stem><stem n="whenev"><phr n="whenever"><ent r="1" t="152" w="235" /></phr></stem><stem n="overwritten"><phr n="overwritten"><ent r="1" t="152" w="262" /></phr></stem><stem n="d"><phr n="D"><ent r="51" t="152" w="301" /><ent r="51" t="168" w="133" /><ent r="1" t="168" w="224" /><ent r="1000" t="174" w="2" /><ent r="100" t="174" w="5" /></phr><phr n="d"><ent r="51" t="153" w="1363" /></phr></stem><stem n="isplai"><phr n="isplay"><ent r="51" t="152" w="303" /></phr></stem><stem n="deliv"><phr n="delivered"><ent r="1" t="152" w="425" /><ent r="1" t="153" w="569" /><ent r="1" t="154" w="294" /><ent r="1" t="155" w="253" /><ent r="1" t="156" w="537" /><ent r="1" t="157" w="516" /><ent r="1" t="158" w="411" /><ent r="1" t="159" w="425" /><ent r="1" t="160" w="322" /></phr></stem><stem n="cd"><phr n="CD"><ent r="1" t="152" w="429" /><ent r="1" t="152" w="446" /><ent r="1" t="153" w="573" /><ent r="1" t="153" w="590" /><ent r="1" t="154" w="298" /><ent r="1" t="154" w="315" /><ent r="1" t="155" w="257" /><ent r="1" t="155" w="274" /><ent r="1" t="156" w="541" /><ent r="1" t="156" w="558" /><ent r="1" t="157" w="520" /><ent r="1" t="157" w="537" /><ent r="1" t="158" w="415" /><ent r="1" t="158" w="432" /><ent r="1" t="159" w="429" /><ent r="1" t="159" w="446" /><ent r="1" t="160" w="326" /><ent r="1" t="160" w="343" /></phr></stem><stem n="landsat6band"><phr n="landsat6band"><ent r="51" t="152" w="501" /><ent r="51" t="152" w="2215" /><ent r="51" t="152" w="2300" /><ent r="51" t="153" w="642" /><ent r="51" t="153" w="2179" /><ent r="51" t="153" w="2347" /><ent r="51" t="158" w="486" /><ent r="51" t="158" w="524" /><ent r="51" t="158" w="733" /><ent r="51" t="158" w="895" /><ent r="51" t="159" w="2002" /><ent r="51" t="160" w="708" /><ent r="51" t="160" w="728" /><ent r="51" t="160" w="752" /></phr><phr n="Landsat6band"><ent r="51" t="153" w="1031" /><ent r="51" t="158" w="1121" /></phr></stem><stem n="landsat6band.tif"><phr n="landsat6band.tif"><ent r="51" t="152" w="502" /><ent r="51" t="152" w="501" /><ent r="51" t="153" w="643" /><ent r="51" t="153" w="642" /><ent r="51" t="153" w="2180" /><ent r="51" t="153" w="2179" /><ent r="51" t="153" w="2348" /><ent r="51" t="153" w="2347" /><ent r="51" t="158" w="487" /><ent r="51" t="158" w="486" /><ent r="51" t="158" w="525" /><ent r="51" t="158" w="524" /><ent r="51" t="158" w="896" /><ent r="51" t="158" w="895" /><ent r="51" t="159" w="2003" /><ent r="51" t="159" w="2002" /><ent r="51" t="160" w="709" /><ent r="51" t="160" w="708" /><ent r="51" t="160" w="729" /><ent r="51" t="160" w="728" /><ent r="51" t="160" w="753" /><ent r="51" t="160" w="752" /></phr><phr n="Landsat6band.tif"><ent r="51" t="153" w="1032" /><ent r="51" t="153" w="1031" /><ent r="51" t="158" w="1122" /><ent r="51" t="158" w="1121" /></phr></stem><stem n="landsat6band.tif."><phr n="landsat6band.tif."><ent r="51" t="152" w="502" /><ent r="51" t="152" w="501" /><ent r="51" t="160" w="729" /><ent r="51" t="160" w="728" /></phr></stem><stem n="smaller"><phr n="smaller"><ent r="1" t="152" w="597" /></phr></stem><stem n="outlin"><phr n="outlining"><ent r="1" t="152" w="646" /></phr><phr n="outline"><ent r="1" t="156" w="837" /></phr><phr n="outlined"><ent r="1" t="159" w="693" /></phr></stem><stem n="full-siz"><phr n="full-size"><ent r="1" t="152" w="668" /></phr></stem><stem n="geo-spati"><phr n="geo-spatial"><ent r="1" t="152" w="686" /></phr></stem><stem n="elect"><phr n="elect"><ent r="1" t="152" w="718" /><ent r="1" t="157" w="597" /></phr></stem><stem n="enlarg"><phr n="enlarge"><ent r="1" t="152" w="879" /><ent r="1" t="154" w="593" /><ent r="1" t="158" w="1171" /></phr></stem><stem n="180"><phr n="180"><ent r="1" t="152" w="943" /></phr></stem><stem n="horizontal-axi"><phr n="horizontal-axis"><ent r="1" t="152" w="947" /></phr></stem><stem n="represent"><phr n="representation"><ent r="51" t="152" w="1036" /><ent r="51" t="169" w="187" /></phr></stem><stem n="windo"><phr n="Windo"><ent r="51" t="152" w="1094" /></phr></stem><stem n="inact"><phr n="inactive"><ent r="1" t="152" w="1201" /></phr></stem><stem n="be"><phr n="being"><ent r="1" t="152" w="1226" /><ent r="1" t="152" w="1253" /><ent r="1" t="154" w="405" /><ent r="1" t="154" w="1130" /><ent r="1" t="159" w="1272" /><ent r="1" t="184" w="41" /></phr></stem><stem n="abov"><phr n="above"><ent r="1" t="152" w="1234" /><ent r="1" t="156" w="1112" /><ent r="1" t="159" w="1922" /></phr></stem><stem n="illustr"><phr n="illustrates"><ent r="1" t="152" w="1235" /></phr></stem><stem n="approxim"><phr n="approximately"><ent r="1" t="152" w="1244" /><ent r="1" t="153" w="1712" /></phr></stem><stem n="8"><phr n="8"><ent r="1" t="152" w="1245" /><ent r="1" t="153" w="1278" /><ent r="1" t="153" w="1292" /><ent r="1" t="160" w="1440" /><ent r="51" t="169" w="191" /></phr></stem><stem n="meet"><phr n="meeting"><ent r="1" t="152" w="1266" /></phr></stem><stem n="criteria"><phr n="criteria"><ent r="1" t="152" w="1268" /></phr></stem><stem n="larg"><phr n="large"><ent r="1" t="152" w="1371" /><ent r="1" t="180" w="332" /></phr></stem><stem n="experi"><phr n="Experiment"><ent r="1" t="152" w="1384" /><ent r="1" t="152" w="1805" /><ent r="1" t="152" w="1870" /></phr></stem><stem n="observ"><phr n="observing"><ent r="1" t="152" w="1394" /></phr><phr n="observe"><ent r="1" t="152" w="1761" /><ent r="1" t="152" w="1795" /></phr></stem><stem n="spreadsheet"><phr n="spreadsheets"><ent r="1" t="152" w="1470" /></phr></stem><stem n="feel"><phr n="feel"><ent r="1" t="152" w="1825" /></phr></stem><stem n="relationship"><phr n="relationship"><ent r="1" t="152" w="1828" /></phr></stem><stem n="1-grai"><phr n="1-Gray"><ent r="1" t="152" w="1861" /></phr></stem><stem n="dark"><phr n="dark"><ent r="1" t="152" w="1941" /><ent r="1" t="153" w="1618" /></phr></stem><stem n="almost"><phr n="almost"><ent r="1" t="152" w="1942" /></phr></stem><stem n="veget"><phr n="vegetative"><ent r="1" t="152" w="1949" /><ent r="1" t="152" w="1996" /><ent r="1" t="153" w="2012" /><ent r="1" t="153" w="2565" /></phr><phr n="vegetation"><ent r="1" t="152" w="1958" /><ent r="1" t="153" w="269" /><ent r="1" t="153" w="280" /></phr><phr n="Vegetation"><ent r="1" t="153" w="261" /><ent r="1" t="153" w="1811" /><ent r="90" t="153" w="2396" /><ent r="51" t="153" w="2655" /></phr></stem><stem n="bed"><phr n="bed"><ent r="1" t="152" w="1954" /></phr></stem><stem n="life"><phr n="life"><ent r="1" t="152" w="1961" /></phr></stem><stem n="life-lik"><phr n="life-like"><ent r="1" t="152" w="1961" /></phr></stem><stem n="89"><phr n="89"><ent r="51" t="152" w="1979" /></phr></stem><stem n="45"><phr n="45"><ent r="51" t="152" w="1990" /></phr></stem><stem n="assum"><phr n="assuming"><ent r="1" t="152" w="2012" /></phr></stem><stem n="true"><phr n="true"><ent r="1" t="152" w="2014" /><ent r="1" t="180" w="158" /><ent r="51" t="199" w="468" /></phr><phr n="True"><ent r="1" t="159" w="247" /><ent r="51" t="159" w="882" /><ent r="1" t="180" w="147" /><ent r="51" t="199" w="164" /></phr></stem><stem n="composit"><phr n="composite"><ent r="1" t="152" w="2016" /></phr></stem><stem n="r3g2b1"><phr n="R3G2B1"><ent r="1" t="152" w="2023" /></phr></stem><stem n="reload"><phr n="Reload"><ent r="90" t="152" w="2282" /><ent r="1" t="160" w="63" /><ent r="90" t="160" w="396" /></phr><phr n="reload"><ent r="1" t="154" w="137" /></phr></stem><stem n="landsat6band.r"><phr n="landsat6band.re"><ent r="51" t="152" w="2301" /><ent r="51" t="152" w="2300" /></phr></stem><stem n="landsat6band.re.ic"><phr n="landsat6band.re.ice"><ent r="51" t="152" w="2302" /><ent r="51" t="152" w="2300" /></phr></stem><stem n="landsat6band.re.ice.h5"><phr n="landsat6band.re.ice.h5"><ent r="51" t="152" w="2303" /><ent r="51" t="152" w="2300" /></phr></stem><stem n="summary/review"><phr n="Summary/Review"><ent r="51" t="152" w="2328" /><ent r="51" t="152" w="2327" /><ent r="51" t="154" w="1532" /><ent r="51" t="154" w="1531" /><ent r="51" t="156" w="1172" /><ent r="51" t="156" w="1171" /><ent r="51" t="157" w="1260" /><ent r="51" t="157" w="1259" /><ent r="51" t="158" w="1249" /><ent r="51" t="158" w="1248" /><ent r="51" t="159" w="2058" /><ent r="51" t="159" w="2057" /></phr></stem><stem n="review"><phr n="Review"><ent r="51" t="152" w="2328" /><ent r="51" t="153" w="2898" /><ent r="51" t="154" w="1532" /><ent r="51" t="156" w="1172" /><ent r="51" t="157" w="1260" /><ent r="51" t="158" w="1249" /><ent r="51" t="159" w="2058" /></phr></stem><stem n="unitless"><phr n="unitless"><ent r="1" t="153" w="176" /></phr></stem><stem n="length"><phr n="lengths"><ent r="1" t="153" w="178" /></phr><phr n="length"><ent r="1" t="153" w="186" /></phr></stem><stem n="equival"><phr n="equivalent"><ent r="1" t="153" w="183" /></phr></stem><stem n="form"><phr n="formed"><ent r="1" t="153" w="250" /></phr></stem><stem n="ratio"><phr n="ratio"><ent r="1" t="153" w="256" /><ent r="1" t="153" w="277" /><ent r="1" t="171" w="62" /><ent r="1" t="171" w="74" /></phr></stem><stem n="index"><phr n="Index"><ent r="1" t="153" w="262" /><ent r="1" t="153" w="1812" /></phr><phr n="index"><ent r="51" t="185" w="32" /></phr></stem><stem n="ndvi"><phr n="NDVI"><ent r="1" t="153" w="263" /><ent r="1" t="153" w="1813" /><ent r="1" t="153" w="2045" /></phr></stem><stem n="classifi"><phr n="classify"><ent r="1" t="153" w="268" /></phr><phr n="classified"><ent r="1" t="179" w="33" /><ent r="1" t="179" w="37" /></phr></stem><stem n="reli"><phr n="relies"><ent r="1" t="153" w="278" /></phr></stem><stem n="low"><phr n="low"><ent r="1" t="153" w="282" /><ent r="1" t="171" w="146" /></phr></stem><stem n="near-ir"><phr n="near-IR"><ent r="1" t="153" w="293" /></phr></stem><stem n="materi"><phr n="materials"><ent r="1" t="153" w="301" /><ent r="1" t="153" w="2915" /></phr></stem><stem n="reus"><phr n="reused"><ent r="1" t="153" w="398" /></phr></stem><stem n="legend"><phr n="legend"><ent r="1" t="153" w="409" /></phr></stem><stem n="target"><phr n="target"><ent r="1" t="153" w="415" /></phr></stem><stem n="callout"><phr n="callouts"><ent r="1" t="153" w="416" /></phr></stem><stem n="five"><phr n="five"><ent r="1" t="153" w="778" /><ent r="1" t="153" w="1114" /></phr></stem><stem n="inaccur"><phr n="inaccurate"><ent r="1" t="153" w="804" /></phr></stem><stem n="48"><phr n="48"><ent r="1" t="153" w="895" /><ent r="51" t="153" w="1517" /><ent r="51" t="158" w="598" /></phr></stem><stem n="came"><phr n="came"><ent r="1" t="153" w="967" /></phr></stem><stem n="reopen"><phr n="Reopen"><ent r="1" t="153" w="1028" /></phr></stem><stem n="reappear"><phr n="reappear"><ent r="1" t="153" w="1043" /></phr></stem><stem n="tell"><phr n="tell"><ent r="1" t="153" w="1236" /></phr></stem><stem n="n0°"><phr n="N0°"><ent r="51" t="153" w="1260" /></phr></stem><stem n="44"><phr n="44"><ent r="1" t="153" w="1266" /></phr></stem><stem n="9"><phr n="9"><ent r="1" t="153" w="1277" /><ent r="1" t="160" w="1446" /><ent r="51" t="160" w="1501" /><ent r="1" t="169" w="238" /></phr></stem><stem n="9'8"><phr n="9'8"><ent r="1" t="153" w="1278" /><ent r="1" t="153" w="1277" /></phr></stem><stem n="9'8.529"><phr n="9'8.529"><ent r="1" t="153" w="1279" /><ent r="1" t="153" w="1277" /></phr></stem></index>