﻿<?xml version="1.0" encoding="utf-8"?><index><stem n="mathemat"><phr n="mathematical"><ent r="3" t="100" w="117" /><ent r="3" t="156" w="16" /><ent r="3" t="166" w="233" /><ent r="3" t="166" w="1850" /><ent r="3" t="178" w="26" /><ent r="3" t="215" w="29" /><ent r="3" t="215" w="365" /></phr></stem><stem n="polynomi"><phr n="polynomial"><ent r="3" t="100" w="118" /><ent r="100" t="178" w="6" /><ent r="3" t="178" w="27" /><ent r="3" t="215" w="30" /></phr><phr n="Polynomial"><ent r="64" t="100" w="504" /><ent r="1000" t="178" w="2" /><ent r="102" t="178" w="10" /><ent r="3" t="181" w="707" /></phr></stem><stem n="equat"><phr n="equation"><ent r="3" t="100" w="120" /><ent r="3" t="178" w="28" /><ent r="3" t="215" w="32" /></phr></stem><stem n="tend"><phr n="tends"><ent r="3" t="100" w="123" /><ent r="3" t="215" w="41" /></phr></stem><stem n="introduc"><phr n="introducing"><ent r="3" t="100" w="133" /><ent r="3" t="215" w="52" /></phr></stem><stem n="root"><phr n="root"><ent r="3" t="100" w="144" /><ent r="3" t="178" w="98" /><ent r="7" t="179" w="24" /><ent r="7" t="181" w="590" /><ent r="3" t="215" w="62" /><ent r="3" t="215" w="353" /></phr></stem><stem n="squar"><phr n="square"><ent r="3" t="100" w="146" /><ent r="4" t="167" w="615" /><ent r="3" t="178" w="100" /><ent r="7" t="181" w="589" /><ent r="3" t="215" w="64" /><ent r="3" t="215" w="355" /></phr><phr n="squares"><ent r="3" t="157" w="131" /><ent r="3" t="171" w="616" /><ent r="4" t="171" w="697" /><ent r="4" t="171" w="1206" /><ent r="4" t="172" w="1317" /><ent r="3" t="173" w="993" /><ent r="3" t="215" w="398" /></phr><phr n="Square"><ent r="7" t="179" w="23" /></phr></stem><stem n="rm"><phr n="RMS"><ent r="3" t="100" w="147" /><ent r="3" t="100" w="161" /><ent r="4" t="166" w="1029" /><ent r="4" t="166" w="1039" /><ent r="3" t="178" w="101" /><ent r="3" t="215" w="65" /><ent r="93" t="215" w="312" /><ent r="100" t="215" w="315" /><ent r="3" t="215" w="356" /><ent r="3" t="215" w="405" /><ent r="3" t="215" w="421" /><ent r="3" t="215" w="433" /><ent r="3" t="215" w="476" /><ent r="3" t="215" w="502" /><ent r="3" t="215" w="528" /></phr></stem><stem n="(rms)"><phr n="(RMS)"><ent r="3" t="100" w="148" /><ent r="3" t="178" w="102" /><ent r="3" t="215" w="66" /><ent r="3" t="215" w="357" /></phr></stem><stem n="accuraci"><phr n="accuracy"><ent r="3" t="100" w="155" /><ent r="3" t="166" w="851" /><ent r="3" t="168" w="581" /><ent r="3" t="178" w="49" /><ent r="3" t="215" w="73" /><ent r="3" t="215" w="463" /><ent r="3" t="215" w="467" /><ent r="3" t="215" w="541" /></phr></stem><stem n="transform"><phr n="transformation"><ent r="3" t="100" w="193" /><ent r="3" t="215" w="82" /><ent r="3" t="215" w="366" /></phr><phr n="transforms"><ent r="3" t="155" w="107" /></phr><phr n="Transform"><ent r="5" t="155" w="171" /><ent r="4" t="155" w="807" /><ent r="5" t="167" w="1064" /><ent r="5" t="167" w="1097" /></phr><phr n="transform"><ent r="5" t="155" w="191" /><ent r="3" t="155" w="253" /><ent r="5" t="155" w="321" /><ent r="5" t="155" w="328" /><ent r="5" t="155" w="346" /><ent r="3" t="155" w="444" /><ent r="3" t="155" w="543" /><ent r="3" t="155" w="553" /><ent r="3" t="155" w="834" /><ent r="3" t="155" w="846" /><ent r="3" t="155" w="865" /><ent r="5" t="167" w="1108" /><ent r="5" t="167" w="1119" /></phr></stem><stem n="interpol"><phr n="interpolated"><ent r="3" t="100" w="200" /><ent r="3" t="215" w="91" /></phr></stem><stem n="precis"><phr n="precise"><ent r="3" t="100" w="221" /><ent r="3" t="215" w="110" /></phr><phr n="precision"><ent r="4" t="138" w="150" /><ent r="7" t="181" w="219" /><ent r="6" t="181" w="232" /><ent r="6" t="181" w="238" /><ent r="6" t="181" w="245" /><ent r="7" t="181" w="351" /></phr></stem><stem n="instal"><phr n="installed"><ent r="4" t="100" w="359" /><ent r="3" t="164" w="238" /></phr><phr n="installation"><ent r="3" t="164" w="243" /><ent r="3" t="173" w="1628" /></phr><phr n="Installation"><ent r="7" t="164" w="264" /><ent r="7" t="165" w="481" /><ent r="7" t="166" w="631" /><ent r="7" t="167" w="343" /><ent r="7" t="168" w="303" /><ent r="7" t="169" w="581" /><ent r="7" t="170" w="566" /><ent r="7" t="171" w="457" /><ent r="7" t="172" w="471" /><ent r="7" t="173" w="368" /></phr></stem><stem n="oper"><phr n="operate"><ent r="4" t="100" w="365" /><ent r="3" t="112" w="16" /><ent r="3" t="115" w="618" /><ent r="3" t="118" w="31" /></phr><phr n="operating"><ent r="4" t="112" w="48" /><ent r="4" t="115" w="657" /><ent r="4" t="118" w="64" /><ent r="3" t="164" w="175" /></phr><phr n="operational"><ent r="3" t="154" w="175" /><ent r="4" t="158" w="307" /></phr><phr n="operators"><ent r="4" t="156" w="148" /><ent r="4" t="156" w="210" /><ent r="3" t="164" w="99" /><ent r="100" t="179" w="7" /></phr><phr n="operator"><ent r="3" t="156" w="190" /></phr><phr n="operations"><ent r="3" t="166" w="1851" /><ent r="3" t="172" w="169" /></phr><phr n="Operators"><ent r="1000" t="179" w="3" /><ent r="102" t="179" w="11" /></phr></stem><stem n="arcgi"><phr n="ArcGIS"><ent r="4" t="101" w="56" /><ent r="4" t="101" w="61" /></phr></stem><stem n="databas"><phr n="database"><ent r="4" t="101" w="68" /><ent r="3" t="101" w="165" /><ent r="3" t="102" w="35" /><ent r="3" t="102" w="55" /><ent r="3" t="102" w="62" /></phr></stem><stem n="test"><phr n="Test"><ent r="3" t="101" w="153" /><ent r="3" t="113" w="265" /><ent r="3" t="113" w="407" /><ent r="3" t="113" w="545" /><ent r="4" t="172" w="2011" /></phr><phr n="test"><ent r="3" t="101" w="159" /><ent r="3" t="107" w="222" /></phr><phr n="tested"><ent r="4" t="158" w="297" /></phr></stem><stem n="instanc"><phr n="instance"><ent r="3" t="102" w="44" /><ent r="3" t="129" w="546" /></phr><phr n="instances"><ent r="3" t="154" w="112" /></phr></stem><stem n="class"><phr n="class"><ent r="3" t="102" w="48" /></phr></stem><stem n="contact"><phr n="contact"><ent r="3" t="102" w="53" /></phr></stem><stem n="administr"><phr n="administrator"><ent r="3" t="102" w="56" /><ent r="3" t="130" w="91" /></phr></stem><stem n="regard"><phr n="regarding"><ent r="3" t="102" w="60" /></phr></stem><stem n="queri"><phr n="query"><ent r="3" t="103" w="16" /><ent r="3" t="103" w="32" /><ent r="3" t="103" w="39" /></phr></stem><stem n="builder"><phr n="Builder"><ent r="1000" t="105" w="4" /><ent r="100" t="105" w="9" /><ent r="100" t="105" w="13" /><ent r="100" t="105" w="17" /><ent r="100" t="105" w="23" /><ent r="100" t="105" w="29" /><ent r="100" t="105" w="32" /><ent r="102" t="105" w="38" /><ent r="3" t="105" w="42" /><ent r="100" t="105" w="73" /><ent r="3" t="105" w="80" /><ent r="100" t="105" w="83" /><ent r="4" t="105" w="103" /><ent r="3" t="105" w="108" /><ent r="3" t="105" w="119" /><ent r="100" t="105" w="129" /><ent r="92" t="105" w="135" /><ent r="100" t="105" w="144" /><ent r="100" t="105" w="227" /><ent r="92" t="105" w="231" /><ent r="3" t="105" w="236" /><ent r="64" t="105" w="258" /><ent r="100" t="105" w="467" /><ent r="1000" t="106" w="2" /><ent r="100" t="106" w="7" /><ent r="100" t="106" w="10" /><ent r="102" t="106" w="14" /><ent r="7" t="106" w="32" /><ent r="7" t="106" w="91" /><ent r="7" t="106" w="127" /><ent r="7" t="106" w="165" /><ent r="5" t="107" w="36" /><ent r="3" t="107" w="41" /><ent r="64" t="107" w="56" /><ent r="3" t="107" w="213" /><ent r="64" t="107" w="262" /><ent r="5" t="108" w="50" /><ent r="4" t="108" w="56" /><ent r="4" t="108" w="62" /><ent r="64" t="108" w="94" /><ent r="4" t="108" w="130" /><ent r="64" t="108" w="139" /><ent r="4" t="109" w="30" /><ent r="92" t="109" w="67" /><ent r="5" t="109" w="86" /><ent r="4" t="109" w="92" /><ent r="64" t="109" w="195" /><ent r="4" t="110" w="23" /><ent r="64" t="110" w="55" /><ent r="4" t="110" w="117" /><ent r="64" t="110" w="150" /><ent r="4" t="112" w="200" /><ent r="64" t="112" w="233" /><ent r="3" t="113" w="23" /><ent r="3" t="113" w="148" /><ent r="4" t="113" w="229" /><ent r="4" t="113" w="372" /><ent r="4" t="113" w="511" /><ent r="3" t="115" w="64" /><ent r="4" t="116" w="43" /><ent r="4" t="116" w="78" /><ent r="4" t="116" w="158" /><ent r="4" t="116" w="257" /><ent r="4" t="116" w="273" /><ent r="65" t="116" w="280" /><ent r="64" t="117" w="169" /><ent r="3" t="118" w="183" /><ent r="64" t="164" w="379" /><ent r="1000" t="172" w="3" /><ent r="100" t="172" w="6" /><ent r="102" t="172" w="12" /><ent r="3" t="172" w="31" /><ent r="4" t="172" w="53" /><ent r="4" t="172" w="86" /><ent r="3" t="172" w="117" /><ent r="3" t="172" w="138" /><ent r="3" t="172" w="161" /><ent r="3" t="172" w="273" /><ent r="64" t="172" w="319" /><ent r="5" t="172" w="528" /><ent r="4" t="172" w="532" /><ent r="4" t="172" w="545" /><ent r="3" t="172" w="599" /><ent r="4" t="172" w="611" /><ent r="4" t="172" w="624" /><ent r="4" t="172" w="668" /><ent r="4" t="172" w="725" /><ent r="4" t="172" w="767" /><ent r="3" t="172" w="839" /><ent r="4" t="172" w="873" /><ent r="3" t="172" w="1068" /><ent r="3" t="172" w="1176" /><ent r="6" t="172" w="1474" /><ent r="4" t="172" w="1502" /><ent r="4" t="172" w="1611" /><ent r="4" t="172" w="2048" /><ent r="3" t="172" w="2109" /><ent r="64" t="173" w="58" /><ent r="3" t="173" w="120" /><ent r="64" t="173" w="216" /><ent r="5" t="173" w="427" /><ent r="4" t="173" w="431" /><ent r="4" t="173" w="438" /><ent r="4" t="173" w="474" /><ent r="65" t="173" w="479" /><ent r="4" t="173" w="500" /><ent r="4" t="173" w="506" /><ent r="4" t="173" w="546" /><ent r="4" t="173" w="600" /><ent r="3" t="173" w="642" /><ent r="4" t="173" w="683" /><ent r="4" t="173" w="807" /><ent r="3" t="173" w="957" /><ent r="3" t="173" w="986" /><ent r="3" t="173" w="1005" /><ent r="3" t="173" w="1225" /><ent r="4" t="173" w="1344" /><ent r="6" t="173" w="1436" /><ent r="4" t="173" w="1540" /><ent r="1000" t="216" w="2" /><ent r="100" t="216" w="8" /><ent r="100" t="216" w="12" /><ent r="100" t="216" w="16" /><ent r="100" t="216" w="21" /><ent r="100" t="216" w="24" /><ent r="102" t="216" w="29" /><ent r="64" t="216" w="47" /><ent r="1000" t="217" w="2" /><ent r="100" t="217" w="8" /><ent r="100" t="217" w="19" /><ent r="100" t="217" w="24" /><ent r="100" t="217" w="27" /><ent r="102" t="217" w="32" /><ent r="64" t="217" w="50" /><ent r="7" t="217" w="84" /><ent r="7" t="217" w="197" /><ent r="1000" t="218" w="2" /><ent r="100" t="218" w="21" /><ent r="100" t="218" w="24" /><ent r="102" t="218" w="29" /><ent r="64" t="218" w="47" /><ent r="1000" t="219" w="2" /><ent r="100" t="219" w="7" /><ent r="100" t="219" w="14" /><ent r="102" t="219" w="17" /><ent r="64" t="219" w="35" /><ent r="7" t="219" w="81" /></phr><phr n="builder"><ent r="4" t="172" w="1290" /><ent r="4" t="172" w="1328" /></phr></stem><stem n=":wizard"><phr n=":Wizard"><ent r="100" t="105" w="12" /><ent r="100" t="105" w="16" /><ent r="100" t="105" w="22" /><ent r="100" t="105" w="26" /><ent r="100" t="105" w="518" /><ent r="100" t="106" w="6" /><ent r="100" t="216" w="7" /><ent r="100" t="216" w="11" /><ent r="100" t="216" w="15" /><ent r="100" t="216" w="20" /><ent r="100" t="217" w="7" /><ent r="100" t="217" w="18" /><ent r="100" t="217" w="23" /><ent r="100" t="218" w="20" /><ent r="100" t="219" w="13" /></phr><phr n=":wizard"><ent r="100" t="107" w="10" /><ent r="100" t="109" w="6" /><ent r="100" t="110" w="6" /><ent r="100" t="113" w="7" /><ent r="100" t="115" w="6" /><ent r="100" t="115" w="10" /><ent r="100" t="115" w="14" /><ent r="100" t="118" w="25" /><ent r="100" t="217" w="12" /><ent r="100" t="217" w="15" /><ent r="100" t="217" w="176" /><ent r="100" t="218" w="133" /></phr><phr n=":wizards"><ent r="100" t="112" w="67" /></phr></stem><stem n=":use"><phr n=":using"><ent r="100" t="105" w="33" /></phr></stem><stem n="autom"><phr n="Automating"><ent r="3" t="105" w="62" /></phr><phr n="automated"><ent r="3" t="163" w="67" /><ent r="3" t="163" w="154" /><ent r="3" t="168" w="1259" /><ent r="3" t="168" w="1290" /><ent r="3" t="172" w="34" /><ent r="3" t="172" w="37" /><ent r="3" t="172" w="2112" /><ent r="3" t="172" w="2115" /></phr><phr n="automate"><ent r="3" t="172" w="108" /></phr></stem><stem n="procedur"><phr n="procedures"><ent r="3" t="105" w="64" /><ent r="3" t="172" w="2105" /><ent r="3" t="173" w="1752" /></phr><phr n="procedure"><ent r="3" t="171" w="1178" /></phr></stem><stem n="potenti"><phr n="potential"><ent r="3" t="105" w="69" /></phr></stem><stem n="untitl"><phr n="untitled"><ent r="3" t="105" w="122" /></phr></stem><stem n="readi"><phr n="ready"><ent r="3" t="105" w="124" /><ent r="3" t="170" w="1313" /></phr></stem><stem n=":drop-down"><phr n=":drop-down"><ent r="100" t="105" w="130" /></phr></stem><stem n="canva"><phr n="canvas"><ent r="100" t="105" w="141" /><ent r="100" t="105" w="145" /><ent r="3" t="105" w="164" /><ent r="3" t="105" w="323" /><ent r="3" t="105" w="349" /><ent r="3" t="105" w="372" /><ent r="3" t="105" w="387" /><ent r="3" t="105" w="396" /><ent r="3" t="105" w="402" /><ent r="3" t="105" w="416" /><ent r="7" t="106" w="74" /><ent r="7" t="106" w="160" /><ent r="3" t="115" w="145" /><ent r="3" t="115" w="182" /><ent r="3" t="115" w="213" /><ent r="3" t="115" w="254" /><ent r="4" t="116" w="73" /><ent r="3" t="116" w="125" /><ent r="4" t="116" w="159" /><ent r="4" t="116" w="179" /><ent r="4" t="116" w="258" /><ent r="4" t="116" w="274" /><ent r="3" t="118" w="236" /><ent r="3" t="118" w="338" /><ent r="4" t="118" w="357" /><ent r="3" t="118" w="404" /><ent r="4" t="118" w="423" /><ent r="4" t="171" w="73" /><ent r="4" t="171" w="231" /><ent r="4" t="171" w="975" /><ent r="4" t="171" w="983" /><ent r="3" t="171" w="1023" /><ent r="3" t="171" w="1037" /><ent r="3" t="171" w="1112" /><ent r="7" t="216" w="151" /><ent r="100" t="217" w="177" /><ent r="7" t="217" w="187" /><ent r="7" t="218" w="79" /></phr><phr n="Canvas"><ent r="92" t="105" w="316" /><ent r="100" t="105" w="319" /><ent r="92" t="171" w="1010" /></phr></stem><stem n=":canva"><phr n=":canvas"><ent r="100" t="105" w="145" /></phr></stem><stem n="here"><phr n="here"><ent r="64" t="105" w="181" /><ent r="64" t="105" w="195" /><ent r="64" t="105" w="209" /><ent r="64" t="105" w="223" /><ent r="3" t="131" w="32" /><ent r="64" t="156" w="194" /><ent r="64" t="206" w="35" /></phr><phr n="Here"><ent r="4" t="131" w="147" /><ent r="3" t="172" w="953" /></phr></stem><stem n=":toolbar"><phr n=":toolbar"><ent r="100" t="105" w="228" /><ent r="100" t="106" w="11" /></phr></stem><stem n="task"><phr n="tasks"><ent r="3" t="105" w="243" /><ent r="3" t="164" w="48" /><ent r="3" t="164" w="56" /><ent r="3" t="172" w="114" /></phr></stem><stem n="organ"><phr n="organized"><ent r="3" t="105" w="279" /><ent r="4" t="154" w="72" /><ent r="3" t="172" w="164" /><ent r="3" t="190" w="670" /></phr></stem><stem n="section"><phr n="sections"><ent r="3" t="105" w="281" /><ent r="3" t="153" w="284" /><ent r="4" t="172" w="1333" /><ent r="3" t="173" w="1010" /><ent r="3" t="182" w="132" /></phr><phr n="section"><ent r="3" t="131" w="92" /><ent r="3" t="132" w="576" /><ent r="3" t="165" w="1600" /><ent r="3" t="166" w="1838" /><ent r="4" t="172" w="1325" /><ent r="4" t="172" w="1346" /><ent r="4" t="172" w="1363" /><ent r="3" t="173" w="1001" /><ent r="3" t="200" w="173" /><ent r="3" t="202" w="178" /></phr></stem><stem n="&quot;all&quot;"><phr n="&quot;All&quot;"><ent r="3" t="105" w="290" /><ent r="3" t="115" w="67" /></phr></stem><stem n="5000"><phr n="5000"><ent r="3" t="105" w="352" /><ent r="3" t="105" w="354" /></phr></stem><stem n="serv"><phr n="serves"><ent r="3" t="105" w="418" /></phr></stem><stem n="flow"><phr n="flow"><ent r="3" t="105" w="422" /><ent r="3" t="105" w="428" /><ent r="3" t="172" w="148" /><ent r="3" t="172" w="152" /></phr></stem><stem n="diagram"><phr n="diagram"><ent r="3" t="105" w="423" /><ent r="3" t="105" w="429" /></phr></stem><stem n="unsav"><phr n="unsaved"><ent r="7" t="106" w="38" /><ent r="7" t="217" w="90" /><ent r="7" t="217" w="126" /><ent r="7" t="217" w="203" /></phr></stem><stem n="ask"><phr n="asking"><ent r="7" t="106" w="47" /><ent r="7" t="217" w="99" /><ent r="7" t="217" w="135" /><ent r="7" t="217" w="212" /></phr><phr n="asks"><ent r="4" t="155" w="727" /><ent r="4" t="173" w="1565" /></phr><phr n="asked"><ent r="4" t="166" w="1072" /></phr></stem><stem n="-select"><phr n="-selected"><ent r="7" t="106" w="108" /><ent r="7" t="106" w="108" /><ent r="7" t="106" w="144" /><ent r="7" t="106" w="144" /><ent r="7" t="106" w="182" /><ent r="7" t="106" w="182" /><ent r="7" t="216" w="92" /><ent r="7" t="216" w="92" /><ent r="7" t="216" w="128" /><ent r="7" t="216" w="128" /><ent r="7" t="216" w="167" /><ent r="7" t="216" w="167" /></phr><phr n="-selecting"><ent r="4" t="163" w="203" /><ent r="4" t="163" w="203" /><ent r="6" t="210" w="401" /><ent r="6" t="210" w="401" /></phr><phr n="-select"><ent r="3" t="194" w="43" /><ent r="3" t="194" w="43" /><ent r="3" t="194" w="73" /><ent r="3" t="194" w="73" /></phr></stem><stem n="non-select"><phr n="non-selected"><ent r="7" t="106" w="108" /><ent r="7" t="106" w="144" /><ent r="7" t="106" w="182" /><ent r="7" t="216" w="92" /><ent r="7" t="216" w="128" /><ent r="7" t="216" w="167" /></phr></stem><stem n="add/edit"><phr n="Add/Edit"><ent r="68" t="106" w="220" /><ent r="68" t="106" w="219" /><ent r="64" t="115" w="284" /><ent r="64" t="115" w="283" /><ent r="1000" t="116" w="2" /><ent r="1000" t="116" w="1" /><ent r="102" t="116" w="25" /><ent r="102" t="116" w="24" /><ent r="68" t="218" w="107" /><ent r="68" t="218" w="106" /></phr></stem><stem n="decreas"><phr n="Decreases"><ent r="7" t="106" w="268" /><ent r="7" t="218" w="174" /></phr><phr n="decreases"><ent r="3" t="165" w="829" /></phr><phr n="decrease"><ent r="3" t="165" w="1423" /><ent r="100" t="218" w="12" /></phr><phr n="Decrease"><ent r="7" t="218" w="171" /></phr></stem><stem n="earlier"><phr n="earlier"><ent r="7" t="106" w="283" /><ent r="3" t="114" w="60" /><ent r="3" t="172" w="1532" /><ent r="7" t="218" w="189" /></phr></stem><stem n="best"><phr n="best"><ent r="4" t="107" w="91" /><ent r="3" t="190" w="245" /><ent r="4" t="190" w="379" /></phr></stem><stem n=":execut"><phr n=":execute"><ent r="100" t="107" w="192" /></phr><phr n=":execution"><ent r="100" t="112" w="6" /><ent r="100" t="115" w="102" /><ent r="100" t="118" w="14" /></phr></stem><stem n="correctli"><phr n="correctly"><ent r="3" t="107" w="238" /><ent r="4" t="168" w="1541" /></phr></stem><stem n=":exist"><phr n=":existing"><ent r="100" t="108" w="13" /><ent r="100" t="217" w="115" /></phr></stem><stem n=":run"><phr n=":run"><ent r="100" t="109" w="9" /></phr></stem><stem n="scan"><phr n="scan"><ent r="3" t="111" w="28" /></phr></stem><stem n="sinc"><phr n="since"><ent r="3" t="111" w="76" /><ent r="3" t="155" w="522" /><ent r="3" t="178" w="107" /><ent r="4" t="190" w="589" /></phr><phr n="Since"><ent r="3" t="115" w="318" /><ent r="3" t="155" w="202" /><ent r="3" t="172" w="1560" /></phr></stem><stem n="wizard'"><phr n="wizard's"><ent r="3" t="112" w="193" /><ent r="3" t="112" w="192" /></phr></stem><stem n=":menu"><phr n=":menu"><ent r="100" t="113" w="10" /></phr></stem><stem n="“my"><phr n="“My"><ent r="3" t="113" w="190" /><ent r="3" t="113" w="262" /></phr></stem><stem n="my"><phr n="My"><ent r="3" t="113" w="190" /><ent r="3" t="113" w="262" /><ent r="3" t="113" w="264" /><ent r="3" t="113" w="406" /><ent r="3" t="113" w="542" /><ent r="3" t="113" w="544" /></phr></stem><stem n="layout"><phr n="Layout"><ent r="3" t="113" w="221" /><ent r="3" t="113" w="405" /><ent r="3" t="119" w="61" /><ent r="3" t="119" w="69" /><ent r="4" t="120" w="43" /><ent r="3" t="120" w="202" /><ent r="3" t="121" w="91" /><ent r="3" t="122" w="26" /><ent r="4" t="122" w="42" /><ent r="3" t="123" w="37" /><ent r="5" t="123" w="76" /><ent r="5" t="124" w="46" /><ent r="4" t="125" w="44" /><ent r="4" t="145" w="57" /><ent r="92" t="145" w="373" /><ent r="3" t="145" w="377" /><ent r="3" t="145" w="411" /><ent r="3" t="150" w="40" /><ent r="4" t="171" w="113" /><ent r="4" t="171" w="120" /><ent r="5" t="171" w="272" /><ent r="5" t="171" w="670" /><ent r="5" t="171" w="714" /><ent r="5" t="171" w="768" /><ent r="5" t="171" w="861" /><ent r="5" t="171" w="963" /></phr><phr n="layout"><ent r="3" t="124" w="27" /><ent r="3" t="145" w="64" /></phr></stem><stem n="\menu"><phr n="\Menu"><ent r="3" t="113" w="257" /><ent r="3" t="113" w="317" /><ent r="3" t="113" w="400" /><ent r="3" t="113" w="449" /></phr></stem><stem n="\my"><phr n="\My"><ent r="3" t="113" w="264" /></phr></stem><stem n="like"><phr n="like"><ent r="3" t="113" w="268" /><ent r="3" t="113" w="410" /><ent r="3" t="113" w="548" /><ent r="4" t="165" w="2012" /><ent r="3" t="166" w="1580" /><ent r="3" t="169" w="154" /><ent r="4" t="169" w="977" /><ent r="3" t="170" w="144" /><ent r="4" t="173" w="810" /><ent r="4" t="173" w="1193" /><ent r="3" t="173" w="1416" /></phr></stem><stem n="otherwis"><phr n="Otherwise"><ent r="4" t="113" w="289" /><ent r="4" t="113" w="569" /></phr></stem><stem n="\sub-menu"><phr n="\Sub-menu"><ent r="3" t="113" w="319" /><ent r="3" t="113" w="451" /><ent r="3" t="113" w="597" /></phr></stem><stem n="put"><phr n="put"><ent r="3" t="113" w="359" /></phr></stem><stem n="ampersand"><phr n="ampersand"><ent r="3" t="113" w="361" /><ent r="4" t="172" w="1713" /></phr></stem><stem n="(&amp;)"><phr n="(&amp;)"><ent r="3" t="113" w="362" /><ent r="4" t="172" w="1714" /></phr></stem><stem n="&amp;drop-down"><phr n="&amp;Drop-down"><ent r="3" t="113" w="396" /><ent r="3" t="113" w="445" /></phr></stem><stem n="“&amp;layout\mi"><phr n="“&amp;Layout\My"><ent r="3" t="113" w="406" /></phr></stem><stem n="enclos"><phr n="enclose"><ent r="3" t="113" w="501" /></phr></stem><stem n="bracket"><phr n="brackets"><ent r="3" t="113" w="506" /></phr><phr n="Bracket"><ent r="4" t="172" w="1700" /></phr></stem><stem n="[toolbar"><phr n="[Toolbar"><ent r="3" t="113" w="535" /><ent r="3" t="113" w="593" /></phr></stem><stem n="]\menu"><phr n="]\Menu"><ent r="3" t="113" w="537" /><ent r="3" t="113" w="595" /></phr></stem><stem n="“[my"><phr n="“[My"><ent r="3" t="113" w="542" /></phr></stem><stem n="]\my"><phr n="]\My"><ent r="3" t="113" w="544" /></phr></stem><stem n="would"><phr n="would"><ent r="3" t="113" w="613" /><ent r="3" t="165" w="1339" /><ent r="3" t="165" w="1350" /><ent r="3" t="165" w="1362" /><ent r="3" t="169" w="296" /><ent r="3" t="172" w="1177" /><ent r="3" t="215" w="537" /></phr></stem><stem n="(befor"><phr n="(before"><ent r="3" t="114" w="64" /></phr></stem><stem n="4.3"><phr n="4.3"><ent r="3" t="114" w="67" /><ent r="3" t="114" w="66" /></phr></stem><stem n="4.3.2"><phr n="4.3.2"><ent r="3" t="114" w="68" /><ent r="3" t="114" w="66" /></phr></stem><stem n=".3.2),"><phr n=".3.2),"><ent r="3" t="114" w="69" /></phr></stem><stem n="basic"><phr n="basic"><ent r="3" t="115" w="28" /><ent r="3" t="126" w="158" /><ent r="3" t="144" w="182" /><ent r="3" t="165" w="35" /><ent r="3" t="165" w="112" /><ent r="4" t="168" w="1521" /><ent r="3" t="190" w="21" /></phr><phr n="basically"><ent r="3" t="155" w="105" /></phr></stem><stem n="node"><phr n="nodes"><ent r="100" t="115" w="94" /><ent r="3" t="115" w="118" /><ent r="3" t="115" w="468" /><ent r="3" t="115" w="475" /><ent r="3" t="115" w="490" /><ent r="3" t="115" w="500" /><ent r="3" t="115" w="515" /><ent r="3" t="115" w="525" /><ent r="3" t="115" w="539" /><ent r="3" t="115" w="564" /><ent r="3" t="115" w="570" /><ent r="3" t="117" w="37" /><ent r="3" t="117" w="98" /><ent r="3" t="118" w="179" /><ent r="3" t="118" w="208" /><ent r="3" t="118" w="280" /><ent r="3" t="172" w="1210" /></phr><phr n="Nodes"><ent r="82" t="115" w="454" /></phr><phr n="node"><ent r="3" t="115" w="480" /><ent r="3" t="115" w="546" /><ent r="3" t="115" w="556" /><ent r="3" t="115" w="592" /><ent r="3" t="115" w="604" /><ent r="3" t="116" w="168" /><ent r="4" t="116" w="184" /><ent r="3" t="117" w="25" /><ent r="3" t="117" w="32" /><ent r="4" t="117" w="53" /><ent r="4" t="117" w="57" /><ent r="4" t="117" w="73" /><ent r="4" t="117" w="77" /><ent r="3" t="172" w="1220" /><ent r="3" t="172" w="1232" /><ent r="3" t="173" w="1164" /></phr></stem><stem n=":name"><phr n=":name"><ent r="100" t="115" w="98" /></phr></stem><stem n="simpli"><phr n="simply"><ent r="3" t="115" w="171" /><ent r="3" t="161" w="103" /><ent r="4" t="167" w="1312" /><ent r="3" t="172" w="1211" /></phr></stem><stem n="anatomi"><phr n="Anatomy"><ent r="92" t="115" w="215" /></phr></stem><stem n="beneath"><phr n="beneath"><ent r="3" t="115" w="233" /></phr></stem><stem n="-defined."><phr n="-defined."><ent r="3" t="115" w="246" /><ent r="3" t="115" w="246" /></phr></stem><stem n="typic"><phr n="typically"><ent r="3" t="115" w="310" /><ent r="3" t="167" w="117" /><ent r="3" t="168" w="604" /><ent r="5" t="175" w="193" /><ent r="7" t="181" w="678" /><ent r="4" t="190" w="377" /><ent r="4" t="190" w="470" /></phr><phr n="Typically"><ent r="3" t="129" w="33" /></phr><phr n="typical"><ent r="92" t="181" w="693" /></phr></stem><stem n="sequenc"><phr n="sequence"><ent r="3" t="115" w="317" /><ent r="3" t="115" w="815" /><ent r="3" t="165" w="54" /><ent r="3" t="169" w="59" /><ent r="3" t="170" w="51" /><ent r="3" t="171" w="51" /><ent r="5" t="173" w="153" /></phr></stem><stem n="alwai"><phr n="always"><ent r="3" t="115" w="323" /><ent r="3" t="115" w="502" /><ent r="3" t="115" w="527" /><ent r="3" t="166" w="848" /><ent r="3" t="169" w="1178" /><ent r="3" t="172" w="1586" /><ent r="3" t="173" w="1305" /><ent r="3" t="178" w="104" /><ent r="3" t="215" w="51" /></phr></stem><stem n="flexibl"><phr n="flexibility"><ent r="3" t="115" w="338" /></phr></stem><stem n="-code"><phr n="-coded"><ent r="3" t="115" w="351" /><ent r="3" t="115" w="351" /><ent r="3" t="115" w="484" /><ent r="3" t="115" w="484" /></phr></stem><stem n="color-cod"><phr n="color-coded"><ent r="3" t="115" w="351" /><ent r="3" t="115" w="541" /></phr></stem><stem n="code"><phr n="coded"><ent r="3" t="115" w="352" /><ent r="3" t="115" w="485" /><ent r="3" t="115" w="542" /></phr><phr n="code"><ent r="3" t="130" w="78" /></phr></stem><stem n="light"><phr n="Light"><ent r="6" t="115" w="373" /><ent r="6" t="115" w="386" /><ent r="6" t="115" w="402" /><ent r="6" t="115" w="418" /><ent r="6" t="115" w="439" /><ent r="6" t="115" w="448" /></phr></stem><stem n="purpl"><phr n="purple"><ent r="6" t="115" w="387" /></phr></stem><stem n="variou"><phr n="various"><ent r="7" t="115" w="396" /><ent r="3" t="158" w="44" /><ent r="3" t="166" w="232" /><ent r="3" t="168" w="123" /><ent r="3" t="171" w="1302" /></phr></stem><stem n="turquois"><phr n="turquoise"><ent r="6" t="115" w="403" /><ent r="4" t="167" w="948" /></phr></stem><stem n="maroon"><phr n="maroon"><ent r="6" t="115" w="419" /></phr></stem><stem n="thing"><phr n="things"><ent r="8" t="115" w="432" /></phr><phr n="thing"><ent r="3" t="172" w="132" /></phr></stem><stem n="lavend"><phr n="Lavender"><ent r="5" t="115" w="444" /></phr></stem><stem n="yellow"><phr n="yellow"><ent r="6" t="115" w="449" /><ent r="4" t="169" w="843" /><ent r="6" t="169" w="969" /><ent r="4" t="169" w="1138" /><ent r="4" t="171" w="656" /><ent r="4" t="171" w="793" /><ent r="4" t="171" w="827" /></phr></stem><stem n="hard"><phr n="hard"><ent r="3" t="115" w="484" /></phr></stem></index>