<?xml version="1.0" encoding="utf-8"?><index><stem n="sure"><phr n="sure"><ent r="4" t="1" w="370" /><ent r="4" t="1" w="395" /><ent r="4" t="10" w="18" /><ent r="4" t="29" w="272" /><ent r="4" t="30" w="470" /><ent r="4" t="70" w="150" /><ent r="4" t="70" w="213" /><ent r="4" t="70" w="270" /><ent r="3" t="70" w="589" /><ent r="4" t="75" w="114" /><ent r="4" t="76" w="136" /><ent r="4" t="76" w="158" /><ent r="4" t="76" w="191" /><ent r="4" t="76" w="213" /><ent r="3" t="77" w="18" /><ent r="4" t="84" w="237" /><ent r="5" t="90" w="43" /><ent r="4" t="91" w="20" /><ent r="3" t="93" w="28" /><ent r="3" t="98" w="39" /><ent r="4" t="98" w="73" /><ent r="4" t="115" w="65" /><ent r="3" t="122" w="43" /><ent r="3" t="123" w="220" /><ent r="3" t="132" w="30" /><ent r="4" t="143" w="94" /><ent r="3" t="158" w="355" /><ent r="3" t="158" w="497" /><ent r="3" t="166" w="200" /><ent r="4" t="172" w="42" /><ent r="3" t="192" w="124" /><ent r="4" t="202" w="126" /><ent r="4" t="210" w="438" /><ent r="4" t="210" w="553" /><ent r="4" t="210" w="571" /><ent r="4" t="211" w="587" /><ent r="3" t="211" w="890" /><ent r="3" t="211" w="912" /><ent r="4" t="211" w="1303" /><ent r="4" t="211" w="1800" /><ent r="4" t="211" w="1887" /><ent r="4" t="211" w="2005" /><ent r="4" t="211" w="2219" /><ent r="3" t="211" w="2365" /><ent r="4" t="212" w="303" /><ent r="4" t="212" w="477" /><ent r="4" t="212" w="684" /><ent r="4" t="212" w="718" /><ent r="3" t="212" w="733" /><ent r="4" t="213" w="262" /><ent r="4" t="213" w="380" /><ent r="4" t="213" w="432" /><ent r="4" t="213" w="446" /><ent r="4" t="213" w="556" /><ent r="4" t="213" w="1083" /><ent r="4" t="213" w="1233" /><ent r="4" t="213" w="1618" /><ent r="3" t="214" w="359" /><ent r="4" t="214" w="501" /><ent r="4" t="214" w="619" /><ent r="4" t="214" w="671" /><ent r="4" t="214" w="685" /><ent r="3" t="214" w="757" /><ent r="3" t="215" w="349" /><ent r="4" t="215" w="490" /><ent r="4" t="215" w="608" /><ent r="4" t="215" w="660" /><ent r="4" t="215" w="674" /><ent r="4" t="216" w="286" /><ent r="4" t="217" w="414" /><ent r="4" t="217" w="528" /><ent r="4" t="217" w="855" /><ent r="4" t="218" w="531" /><ent r="4" t="218" w="637" /><ent r="4" t="218" w="722" /><ent r="7" t="218" w="1144" /><ent r="3" t="218" w="1363" /><ent r="4" t="219" w="323" /><ent r="4" t="219" w="1233" /><ent r="3" t="241" w="37" /><ent r="4" t="245" w="121" /><ent r="3" t="245" w="169" /><ent r="4" t="245" w="199" /><ent r="4" t="248" w="39" /><ent r="4" t="248" w="174" /><ent r="4" t="248" w="256" /><ent r="4" t="248" w="324" /></phr></stem><stem n="tab"><phr n="tab"><ent r="4" t="1" w="373" /><ent r="3" t="19" w="65" /><ent r="65" t="19" w="72" /><ent r="65" t="19" w="75" /><ent r="65" t="19" w="78" /><ent r="65" t="19" w="81" /><ent r="65" t="19" w="84" /><ent r="65" t="19" w="87" /><ent r="65" t="19" w="90" /><ent r="65" t="19" w="93" /><ent r="1000" t="20" w="2" /><ent r="102" t="20" w="5" /><ent r="100" t="20" w="10" /><ent r="100" t="20" w="13" /><ent r="3" t="20" w="19" /><ent r="3" t="20" w="81" /><ent r="4" t="20" w="549" /><ent r="4" t="20" w="554" /><ent r="3" t="20" w="668" /><ent r="3" t="20" w="678" /><ent r="64" t="20" w="736" /><ent r="64" t="20" w="739" /><ent r="64" t="20" w="742" /><ent r="64" t="20" w="745" /><ent r="64" t="20" w="748" /><ent r="64" t="20" w="751" /><ent r="64" t="20" w="754" /><ent r="1000" t="21" w="2" /><ent r="102" t="21" w="5" /><ent r="100" t="21" w="8" /><ent r="100" t="21" w="13" /><ent r="3" t="21" w="17" /><ent r="3" t="21" w="44" /><ent r="64" t="21" w="55" /><ent r="64" t="21" w="58" /><ent r="64" t="21" w="61" /><ent r="64" t="21" w="64" /><ent r="64" t="21" w="67" /><ent r="64" t="21" w="70" /><ent r="64" t="21" w="73" /><ent r="1000" t="22" w="2" /><ent r="100" t="22" w="5" /><ent r="100" t="22" w="10" /><ent r="102" t="22" w="13" /><ent r="4" t="22" w="207" /><ent r="100" t="22" w="230" /><ent r="65" t="22" w="235" /><ent r="65" t="22" w="245" /><ent r="4" t="22" w="295" /><ent r="4" t="22" w="303" /><ent r="4" t="22" w="321" /><ent r="100" t="22" w="344" /><ent r="65" t="22" w="349" /><ent r="65" t="22" w="359" /><ent r="92" t="22" w="436" /><ent r="3" t="22" w="443" /><ent r="4" t="22" w="496" /><ent r="4" t="22" w="513" /><ent r="92" t="22" w="610" /><ent r="3" t="22" w="613" /><ent r="3" t="22" w="797" /><ent r="3" t="22" w="847" /><ent r="64" t="22" w="887" /><ent r="64" t="22" w="890" /><ent r="64" t="22" w="893" /><ent r="64" t="22" w="896" /><ent r="64" t="22" w="899" /><ent r="64" t="22" w="902" /><ent r="64" t="22" w="905" /><ent r="1000" t="23" w="2" /><ent r="102" t="23" w="5" /><ent r="100" t="23" w="10" /><ent r="100" t="23" w="13" /><ent r="3" t="23" w="19" /><ent r="64" t="23" w="128" /><ent r="64" t="23" w="131" /><ent r="64" t="23" w="134" /><ent r="64" t="23" w="137" /><ent r="64" t="23" w="140" /><ent r="64" t="23" w="143" /><ent r="64" t="23" w="146" /><ent r="1000" t="24" w="2" /><ent r="102" t="24" w="5" /><ent r="100" t="24" w="8" /><ent r="100" t="24" w="13" /><ent r="3" t="24" w="17" /><ent r="64" t="24" w="60" /><ent r="64" t="24" w="63" /><ent r="64" t="24" w="66" /><ent r="64" t="24" w="69" /><ent r="64" t="24" w="72" /><ent r="64" t="24" w="75" /><ent r="64" t="24" w="78" /><ent r="1000" t="25" w="2" /><ent r="100" t="25" w="7" /><ent r="100" t="25" w="10" /><ent r="100" t="25" w="17" /><ent r="102" t="25" w="20" /><ent r="3" t="25" w="26" /><ent r="3" t="25" w="50" /><ent r="64" t="25" w="224" /><ent r="64" t="25" w="234" /><ent r="64" t="25" w="237" /><ent r="64" t="25" w="240" /><ent r="64" t="25" w="243" /><ent r="64" t="25" w="246" /><ent r="64" t="25" w="249" /><ent r="64" t="25" w="252" /><ent r="1000" t="26" w="2" /><ent r="102" t="26" w="5" /><ent r="100" t="26" w="8" /><ent r="100" t="26" w="13" /><ent r="3" t="26" w="17" /><ent r="64" t="26" w="219" /><ent r="64" t="26" w="222" /><ent r="64" t="26" w="225" /><ent r="64" t="26" w="228" /><ent r="64" t="26" w="231" /><ent r="64" t="26" w="234" /><ent r="64" t="26" w="237" /><ent r="1000" t="27" w="2" /><ent r="102" t="27" w="5" /><ent r="100" t="27" w="8" /><ent r="100" t="27" w="13" /><ent r="3" t="27" w="17" /><ent r="3" t="27" w="45" /><ent r="3" t="27" w="53" /><ent r="3" t="27" w="70" /><ent r="64" t="27" w="83" /><ent r="64" t="27" w="86" /><ent r="64" t="27" w="89" /><ent r="64" t="27" w="92" /><ent r="64" t="27" w="95" /><ent r="64" t="27" w="98" /><ent r="64" t="27" w="101" /><ent r="4" t="29" w="282" /><ent r="4" t="30" w="276" /><ent r="4" t="30" w="282" /><ent r="4" t="30" w="320" /><ent r="4" t="30" w="325" /><ent r="4" t="30" w="401" /><ent r="4" t="30" w="406" /><ent r="3" t="30" w="409" /><ent r="4" t="30" w="506" /><ent r="3" t="32" w="122" /><ent r="64" t="32" w="141" /><ent r="3" t="36" w="336" /><ent r="4" t="37" w="112" /><ent r="92" t="37" w="193" /><ent r="3" t="37" w="198" /><ent r="92" t="37" w="363" /><ent r="3" t="37" w="369" /><ent r="4" t="40" w="38" /><ent r="4" t="42" w="128" /><ent r="4" t="69" w="51" /><ent r="4" t="69" w="73" /><ent r="4" t="70" w="153" /><ent r="4" t="70" w="218" /><ent r="4" t="70" w="273" /><ent r="4" t="76" w="141" /><ent r="4" t="76" w="196" /><ent r="4" t="103" w="94" /><ent r="4" t="103" w="218" /><ent r="4" t="103" w="293" /><ent r="4" t="103" w="401" /><ent r="4" t="104" w="71" /><ent r="4" t="105" w="66" /><ent r="4" t="106" w="102" /><ent r="3" t="108" w="97" /><ent r="3" t="108" w="109" /><ent r="92" t="108" w="172" /><ent r="3" t="108" w="176" /><ent r="92" t="108" w="310" /><ent r="3" t="108" w="321" /><ent r="92" t="108" w="335" /><ent r="3" t="108" w="339" /><ent r="92" t="108" w="353" /><ent r="3" t="108" w="358" /><ent r="3" t="118" w="113" /><ent r="3" t="120" w="16" /><ent r="4" t="120" w="72" /><ent r="7" t="122" w="465" /><ent r="3" t="126" w="76" /><ent r="3" t="126" w="172" /><ent r="4" t="131" w="74" /><ent r="3" t="131" w="145" /><ent r="3" t="132" w="50" /><ent r="64" t="145" w="144" /><ent r="64" t="145" w="147" /><ent r="64" t="145" w="150" /><ent r="3" t="146" w="77" /><ent r="1000" t="147" w="2" /><ent r="102" t="147" w="5" /><ent r="100" t="147" w="8" /><ent r="3" t="147" w="12" /><ent r="1000" t="148" w="2" /><ent r="102" t="148" w="5" /><ent r="100" t="148" w="8" /><ent r="3" t="148" w="12" /><ent r="64" t="148" w="57" /><ent r="3" t="148" w="67" /><ent r="3" t="148" w="163" /><ent r="3" t="148" w="184" /><ent r="3" t="148" w="256" /><ent r="1000" t="149" w="2" /><ent r="102" t="149" w="5" /><ent r="100" t="149" w="8" /><ent r="3" t="149" w="12" /><ent r="3" t="160" w="67" /><ent r="4" t="161" w="58" /><ent r="4" t="161" w="285" /><ent r="4" t="161" w="295" /><ent r="4" t="172" w="235" /><ent r="4" t="172" w="373" /><ent r="3" t="173" w="47" /><ent r="3" t="173" w="101" /><ent r="5" t="174" w="31" /><ent r="4" t="176" w="82" /><ent r="4" t="177" w="60" /><ent r="4" t="178" w="177" /><ent r="4" t="178" w="209" /><ent r="3" t="178" w="387" /><ent r="3" t="178" w="506" /><ent r="3" t="178" w="606" /><ent r="3" t="178" w="680" /><ent r="3" t="179" w="150" /><ent r="3" t="179" w="155" /><ent r="92" t="179" w="212" /><ent r="3" t="179" w="219" /><ent r="92" t="179" w="278" /><ent r="3" t="179" w="283" /><ent r="3" t="179" w="299" /><ent r="83" t="179" w="314" /><ent r="3" t="179" w="321" /><ent r="4" t="179" w="374" /><ent r="4" t="179" w="391" /><ent r="83" t="179" w="489" /><ent r="3" t="179" w="492" /><ent r="3" t="179" w="671" /><ent r="3" t="179" w="721" /><ent r="92" t="179" w="760" /><ent r="3" t="179" w="767" /><ent r="4" t="180" w="87" /><ent r="92" t="180" w="175" /><ent r="3" t="180" w="179" /><ent r="3" t="180" w="237" /><ent r="92" t="180" w="243" /><ent r="3" t="180" w="247" /><ent r="3" t="180" w="268" /><ent r="92" t="180" w="274" /><ent r="3" t="180" w="279" /><ent r="3" t="180" w="291" /><ent r="83" t="180" w="306" /><ent r="3" t="180" w="313" /><ent r="4" t="180" w="366" /><ent r="4" t="180" w="383" /><ent r="83" t="180" w="478" /><ent r="3" t="180" w="481" /><ent r="3" t="180" w="660" /><ent r="3" t="180" w="710" /><ent r="92" t="180" w="747" /><ent r="3" t="180" w="751" /><ent r="92" t="180" w="792" /><ent r="3" t="180" w="796" /><ent r="3" t="180" w="820" /><ent r="3" t="180" w="863" /><ent r="3" t="180" w="881" /><ent r="3" t="180" w="914" /><ent r="64" t="180" w="925" /><ent r="92" t="180" w="928" /><ent r="3" t="180" w="981" /><ent r="3" t="180" w="1157" /><ent r="3" t="180" w="1202" /><ent r="3" t="180" w="1215" /><ent r="82" t="181" w="210" /><ent r="82" t="181" w="272" /><ent r="3" t="181" w="277" /><ent r="3" t="181" w="288" /><ent r="83" t="181" w="303" /><ent r="3" t="181" w="310" /><ent r="4" t="181" w="364" /><ent r="4" t="181" w="381" /><ent r="83" t="181" w="476" /><ent r="3" t="181" w="479" /><ent r="3" t="181" w="658" /><ent r="3" t="181" w="708" /><ent r="82" t="181" w="746" /><ent r="3" t="181" w="749" /><ent r="4" t="182" w="112" /><ent r="3" t="182" w="166" /><ent r="4" t="190" w="58" /><ent r="4" t="190" w="63" /><ent r="3" t="192" w="41" /><ent r="3" t="192" w="127" /><ent r="3" t="192" w="139" /><ent r="3" t="192" w="149" /><ent r="4" t="192" w="352" /><ent r="4" t="194" w="86" /><ent r="4" t="194" w="340" /><ent r="64" t="209" w="375" /><ent r="4" t="210" w="441" /><ent r="3" t="210" w="1268" /><ent r="3" t="210" w="1288" /><ent r="3" t="210" w="1302" /><ent r="4" t="211" w="590" /><ent r="4" t="211" w="2791" /><ent r="4" t="212" w="306" /><ent r="6" t="212" w="457" /><ent r="4" t="212" w="687" /><ent r="4" t="213" w="265" /><ent r="4" t="214" w="504" /><ent r="3" t="214" w="879" /><ent r="4" t="214" w="886" /><ent r="4" t="215" w="493" /><ent r="6" t="215" w="1040" /><ent r="1000" t="216" w="5" /><ent r="100" t="216" w="11" /><ent r="102" t="216" w="20" /><ent r="3" t="216" w="41" /><ent r="4" t="216" w="76" /><ent r="3" t="216" w="124" /><ent r="4" t="216" w="309" /><ent r="64" t="216" w="393" /><ent r="5" t="216" w="544" /><ent r="4" t="216" w="566" /><ent r="3" t="216" w="595" /><ent r="4" t="217" w="417" /><ent r="4" t="219" w="326" /><ent r="3" t="229" w="79" /><ent r="3" t="229" w="93" /><ent r="92" t="229" w="129" /><ent r="3" t="229" w="134" /><ent r="92" t="229" w="295" /><ent r="3" t="230" w="23" /><ent r="3" t="230" w="37" /><ent r="92" t="230" w="60" /><ent r="3" t="230" w="65" /><ent r="92" t="230" w="226" /><ent r="3" t="230" w="232" /><ent r="92" t="231" w="34" /><ent r="92" t="231" w="185" /><ent r="3" t="231" w="191" /><ent r="3" t="233" w="23" /><ent r="3" t="233" w="36" /><ent r="92" t="233" w="58" /><ent r="3" t="233" w="63" /><ent r="92" t="233" w="223" /><ent r="3" t="233" w="229" /><ent r="3" t="245" w="33" /><ent r="4" t="248" w="42" /><ent r="4" t="248" w="49" /><ent r="4" t="248" w="177" /><ent r="4" t="248" w="259" /><ent r="4" t="248" w="327" /><ent r="1000" t="253" w="2" /><ent r="102" t="253" w="7" /><ent r="64" t="253" w="110" /><ent r="1000" t="254" w="2" /><ent r="100" t="254" w="7" /><ent r="100" t="254" w="10" /><ent r="100" t="254" w="16" /><ent r="102" t="254" w="19" /><ent r="3" t="254" w="25" /><ent r="3" t="254" w="57" /><ent r="3" t="254" w="100" /><ent r="3" t="254" w="118" /><ent r="3" t="254" w="149" /><ent r="92" t="254" w="157" /><ent r="3" t="254" w="161" /><ent r="3" t="254" w="191" /><ent r="4" t="254" w="419" /><ent r="4" t="254" w="440" /><ent r="4" t="254" w="498" /><ent r="64" t="254" w="786" /></phr><phr n="tabs"><ent r="3" t="108" w="87" /><ent r="3" t="145" w="141" /><ent r="3" t="160" w="77" /><ent r="3" t="179" w="141" /><ent r="3" t="179" w="303" /><ent r="3" t="180" w="113" /><ent r="3" t="180" w="295" /><ent r="3" t="180" w="1193" /><ent r="3" t="181" w="143" /><ent r="3" t="181" w="292" /><ent r="3" t="182" w="100" /><ent r="3" t="210" w="1293" /><ent r="3" t="210" w="1489" /><ent r="3" t="229" w="76" /><ent r="3" t="230" w="20" /><ent r="3" t="233" w="20" /><ent r="3" t="243" w="525" /></phr></stem><stem n="checkbox"><phr n="checkbox"><ent r="4" t="1" w="381" /><ent r="4" t="1" w="401" /><ent r="4" t="37" w="583" /><ent r="4" t="37" w="600" /><ent r="3" t="47" w="134" /><ent r="3" t="47" w="156" /><ent r="3" t="47" w="159" /><ent r="3" t="47" w="208" /><ent r="3" t="47" w="211" /><ent r="3" t="48" w="131" /><ent r="3" t="48" w="157" /><ent r="3" t="48" w="319" /><ent r="3" t="48" w="345" /><ent r="3" t="48" w="489" /><ent r="3" t="48" w="515" /><ent r="3" t="48" w="613" /><ent r="3" t="48" w="632" /><ent r="3" t="48" w="658" /><ent r="3" t="49" w="111" /><ent r="3" t="49" w="121" /><ent r="3" t="49" w="143" /><ent r="4" t="51" w="73" /><ent r="4" t="51" w="116" /><ent r="4" t="51" w="129" /><ent r="4" t="51" w="144" /><ent r="3" t="51" w="203" /><ent r="3" t="60" w="249" /><ent r="4" t="74" w="180" /><ent r="4" t="74" w="204" /><ent r="3" t="74" w="218" /><ent r="3" t="74" w="304" /><ent r="4" t="83" w="42" /><ent r="3" t="88" w="179" /><ent r="4" t="96" w="194" /><ent r="3" t="100" w="324" /><ent r="4" t="124" w="358" /><ent r="3" t="134" w="213" /><ent r="5" t="139" w="131" /><ent r="3" t="140" w="318" /><ent r="3" t="140" w="336" /><ent r="4" t="141" w="445" /><ent r="4" t="141" w="486" /><ent r="4" t="141" w="506" /><ent r="4" t="141" w="516" /><ent r="4" t="141" w="551" /><ent r="4" t="141" w="560" /><ent r="4" t="141" w="591" /><ent r="4" t="143" w="179" /><ent r="4" t="143" w="194" /><ent r="4" t="152" w="161" /><ent r="4" t="179" w="845" /><ent r="4" t="179" w="932" /><ent r="3" t="181" w="247" /><ent r="3" t="187" w="191" /><ent r="4" t="193" w="337" /><ent r="4" t="195" w="385" /><ent r="4" t="202" w="226" /><ent r="3" t="202" w="237" /><ent r="4" t="202" w="291" /><ent r="4" t="202" w="293" /><ent r="3" t="202" w="320" /><ent r="3" t="202" w="338" /><ent r="4" t="205" w="277" /><ent r="4" t="210" w="451" /><ent r="4" t="211" w="600" /><ent r="4" t="211" w="753" /><ent r="4" t="211" w="1040" /><ent r="4" t="211" w="1889" /><ent r="3" t="211" w="2367" /><ent r="4" t="212" w="316" /><ent r="4" t="213" w="275" /><ent r="3" t="213" w="415" /><ent r="4" t="213" w="426" /><ent r="4" t="213" w="757" /><ent r="3" t="213" w="835" /><ent r="3" t="213" w="837" /><ent r="3" t="213" w="858" /><ent r="3" t="213" w="865" /><ent r="4" t="214" w="514" /><ent r="3" t="214" w="654" /><ent r="4" t="214" w="665" /><ent r="3" t="214" w="875" /><ent r="4" t="215" w="503" /><ent r="3" t="215" w="643" /><ent r="4" t="215" w="654" /><ent r="4" t="217" w="427" /><ent r="4" t="219" w="336" /><ent r="4" t="230" w="351" /><ent r="4" t="230" w="364" /><ent r="4" t="237" w="106" /><ent r="3" t="243" w="304" /><ent r="3" t="245" w="29" /><ent r="6" t="246" w="406" /><ent r="3" t="248" w="83" /></phr><phr n="checkboxes"><ent r="4" t="50" w="129" /><ent r="4" t="50" w="140" /><ent r="4" t="139" w="102" /><ent r="4" t="142" w="496" /><ent r="4" t="211" w="1803" /><ent r="4" t="213" w="383" /><ent r="4" t="214" w="622" /><ent r="4" t="215" w="611" /><ent r="3" t="245" w="74" /></phr></stem><stem n="want"><phr n="want"><ent r="4" t="1" w="391" /><ent r="4" t="17" w="109" /><ent r="3" t="17" w="136" /><ent r="3" t="18" w="63" /><ent r="3" t="20" w="130" /><ent r="4" t="20" w="485" /><ent r="4" t="22" w="193" /><ent r="3" t="23" w="120" /><ent r="3" t="28" w="49" /><ent r="4" t="30" w="253" /><ent r="4" t="32" w="68" /><ent r="4" t="37" w="161" /><ent r="4" t="37" w="259" /><ent r="4" t="37" w="264" /><ent r="4" t="37" w="347" /><ent r="3" t="37" w="376" /><ent r="4" t="40" w="74" /><ent r="4" t="40" w="142" /><ent r="4" t="40" w="178" /><ent r="4" t="42" w="68" /><ent r="4" t="42" w="103" /><ent r="4" t="42" w="150" /><ent r="4" t="43" w="205" /><ent r="3" t="48" w="237" /><ent r="3" t="48" w="427" /><ent r="4" t="50" w="135" /><ent r="4" t="50" w="146" /><ent r="4" t="52" w="130" /><ent r="4" t="53" w="143" /><ent r="4" t="54" w="152" /><ent r="4" t="55" w="150" /><ent r="4" t="56" w="132" /><ent r="4" t="57" w="147" /><ent r="4" t="58" w="126" /><ent r="6" t="59" w="135" /><ent r="3" t="59" w="175" /><ent r="3" t="69" w="130" /><ent r="4" t="70" w="521" /><ent r="4" t="70" w="661" /><ent r="3" t="73" w="278" /><ent r="4" t="74" w="93" /><ent r="4" t="74" w="209" /><ent r="4" t="74" w="565" /><ent r="3" t="75" w="281" /><ent r="5" t="75" w="431" /><ent r="3" t="75" w="505" /><ent r="4" t="76" w="247" /><ent r="3" t="77" w="22" /><ent r="4" t="78" w="37" /><ent r="3" t="79" w="35" /><ent r="4" t="80" w="35" /><ent r="4" t="81" w="42" /><ent r="4" t="81" w="76" /><ent r="4" t="84" w="162" /><ent r="4" t="86" w="55" /><ent r="3" t="88" w="95" /><ent r="3" t="88" w="114" /><ent r="4" t="91" w="118" /><ent r="4" t="93" w="105" /><ent r="4" t="96" w="260" /><ent r="3" t="96" w="274" /><ent r="3" t="97" w="55" /><ent r="4" t="98" w="99" /><ent r="4" t="100" w="105" /><ent r="4" t="100" w="163" /><ent r="4" t="100" w="186" /><ent r="4" t="111" w="195" /><ent r="4" t="114" w="208" /><ent r="4" t="114" w="303" /><ent r="4" t="115" w="87" /><ent r="4" t="117" w="59" /><ent r="4" t="117" w="112" /><ent r="4" t="119" w="39" /><ent r="4" t="120" w="77" /><ent r="3" t="122" w="84" /><ent r="4" t="123" w="194" /><ent r="3" t="123" w="264" /><ent r="4" t="123" w="301" /><ent r="4" t="124" w="65" /><ent r="3" t="125" w="109" /><ent r="4" t="125" w="145" /><ent r="4" t="126" w="49" /><ent r="4" t="127" w="129" /><ent r="4" t="127" w="252" /><ent r="3" t="128" w="284" /><ent r="4" t="129" w="48" /><ent r="3" t="132" w="34" /><ent r="3" t="132" w="125" /><ent r="3" t="133" w="129" /><ent r="4" t="143" w="157" /><ent r="4" t="144" w="61" /><ent r="4" t="144" w="95" /><ent r="3" t="147" w="64" /><ent r="7" t="151" w="50" /><ent r="4" t="153" w="112" /><ent r="4" t="161" w="65" /><ent r="4" t="161" w="302" /><ent r="4" t="168" w="62" /><ent r="4" t="178" w="87" /><ent r="4" t="178" w="133" /><ent r="3" t="178" w="192" /><ent r="4" t="178" w="242" /><ent r="3" t="184" w="134" /><ent r="3" t="184" w="199" /><ent r="3" t="187" w="139" /><ent r="3" t="189" w="103" /><ent r="3" t="189" w="122" /><ent r="4" t="192" w="108" /><ent r="3" t="195" w="371" /><ent r="3" t="197" w="84" /><ent r="4" t="202" w="264" /><ent r="3" t="204" w="93" /><ent r="4" t="204" w="125" /><ent r="4" t="205" w="307" /><ent r="4" t="210" w="458" /><ent r="4" t="210" w="960" /><ent r="4" t="211" w="607" /><ent r="3" t="211" w="1450" /><ent r="4" t="212" w="323" /><ent r="4" t="213" w="282" /><ent r="3" t="213" w="957" /><ent r="4" t="214" w="521" /><ent r="4" t="215" w="510" /><ent r="4" t="216" w="444" /><ent r="4" t="217" w="434" /><ent r="3" t="217" w="1050" /><ent r="3" t="218" w="781" /><ent r="4" t="219" w="343" /><ent r="3" t="219" w="661" /><ent r="3" t="219" w="1369" /><ent r="4" t="219" w="1450" /><ent r="4" t="221" w="75" /><ent r="3" t="229" w="142" /><ent r="4" t="229" w="191" /><ent r="4" t="229" w="196" /><ent r="4" t="229" w="279" /><ent r="3" t="230" w="73" /><ent r="4" t="230" w="122" /><ent r="4" t="230" w="127" /><ent r="4" t="230" w="210" /><ent r="3" t="231" w="26" /><ent r="4" t="231" w="81" /><ent r="4" t="231" w="86" /><ent r="4" t="231" w="169" /><ent r="3" t="233" w="71" /><ent r="4" t="233" w="120" /><ent r="4" t="233" w="125" /><ent r="4" t="233" w="208" /><ent r="3" t="234" w="27" /><ent r="4" t="234" w="532" /><ent r="4" t="234" w="561" /><ent r="4" t="234" w="904" /><ent r="3" t="235" w="164" /><ent r="3" t="239" w="169" /><ent r="4" t="241" w="162" /><ent r="4" t="245" w="105" /><ent r="3" t="248" w="67" /><ent r="4" t="254" w="736" /><ent r="7" t="258" w="102" /><ent r="7" t="258" w="138" /><ent r="7" t="258" w="215" /></phr><phr n="wanted"><ent r="3" t="218" w="963" /></phr></stem><stem n="around"><phr n="around"><ent r="3" t="1" w="407" /><ent r="3" t="1" w="516" /><ent r="6" t="7" w="130" /><ent r="3" t="61" w="14" /><ent r="4" t="63" w="75" /><ent r="4" t="66" w="95" /><ent r="4" t="66" w="120" /><ent r="3" t="73" w="115" /><ent r="3" t="75" w="535" /><ent r="3" t="84" w="286" /><ent r="4" t="123" w="68" /><ent r="3" t="150" w="400" /><ent r="4" t="161" w="326" /><ent r="3" t="191" w="60" /><ent r="4" t="208" w="71" /><ent r="3" t="210" w="127" /><ent r="4" t="210" w="1047" /><ent r="4" t="210" w="1061" /><ent r="4" t="210" w="2245" /><ent r="4" t="211" w="2926" /><ent r="4" t="212" w="566" /><ent r="4" t="214" w="1033" /><ent r="4" t="215" w="1020" /><ent r="3" t="217" w="618" /></phr></stem><stem n="along"><phr n="along"><ent r="3" t="1" w="414" /><ent r="4" t="207" w="87" /><ent r="4" t="207" w="117" /><ent r="4" t="215" w="986" /><ent r="4" t="215" w="1017" /><ent r="3" t="218" w="949" /></phr></stem><stem n="ani"><phr n="any"><ent r="3" t="1" w="415" /><ent r="3" t="13" w="39" /><ent r="4" t="22" w="297" /><ent r="3" t="24" w="19" /><ent r="3" t="27" w="42" /><ent r="3" t="28" w="110" /><ent r="3" t="28" w="129" /><ent r="3" t="31" w="47" /><ent r="4" t="34" w="93" /><ent r="4" t="37" w="586" /><ent r="4" t="39" w="79" /><ent r="4" t="39" w="121" /><ent r="4" t="39" w="176" /><ent r="4" t="39" w="298" /><ent r="4" t="50" w="131" /><ent r="4" t="50" w="142" /><ent r="3" t="63" w="140" /><ent r="3" t="70" w="682" /><ent r="3" t="74" w="466" /><ent r="3" t="110" w="114" /><ent r="4" t="123" w="155" /><ent r="3" t="135" w="73" /><ent r="4" t="136" w="185" /><ent r="4" t="136" w="233" /><ent r="3" t="141" w="710" /><ent r="4" t="141" w="725" /><ent r="4" t="141" w="740" /><ent r="3" t="148" w="167" /><ent r="3" t="156" w="67" /><ent r="3" t="168" w="20" /><ent r="3" t="179" w="19" /><ent r="3" t="180" w="753" /><ent r="3" t="180" w="870" /><ent r="4" t="191" w="125" /><ent r="4" t="191" w="143" /><ent r="4" t="191" w="162" /><ent r="4" t="191" w="197" /><ent r="3" t="191" w="215" /><ent r="3" t="191" w="318" /><ent r="5" t="192" w="271" /><ent r="3" t="194" w="109" /><ent r="5" t="194" w="259" /><ent r="3" t="198" w="101" /><ent r="3" t="198" w="226" /><ent r="3" t="199" w="177" /><ent r="3" t="201" w="95" /><ent r="3" t="201" w="118" /><ent r="4" t="201" w="257" /><ent r="3" t="204" w="96" /><ent r="3" t="209" w="116" /><ent r="3" t="209" w="157" /><ent r="3" t="210" w="1351" /><ent r="4" t="213" w="1134" /><ent r="3" t="215" w="860" /><ent r="4" t="217" w="203" /><ent r="3" t="225" w="192" /><ent r="3" t="227" w="56" /><ent r="3" t="227" w="60" /><ent r="3" t="227" w="68" /><ent r="4" t="229" w="335" /><ent r="3" t="234" w="125" /><ent r="3" t="234" w="185" /><ent r="3" t="237" w="41" /><ent r="3" t="243" w="239" /><ent r="3" t="243" w="498" /><ent r="3" t="254" w="107" /><ent r="3" t="254" w="226" /><ent r="3" t="255" w="222" /></phr></stem><stem n="side"><phr n="side"><ent r="3" t="1" w="416" /><ent r="4" t="22" w="493" /><ent r="4" t="22" w="510" /><ent r="4" t="47" w="103" /><ent r="4" t="48" w="62" /><ent r="4" t="49" w="60" /><ent r="4" t="50" w="102" /><ent r="4" t="52" w="101" /><ent r="4" t="53" w="101" /><ent r="4" t="54" w="115" /><ent r="4" t="55" w="110" /><ent r="4" t="56" w="103" /><ent r="4" t="57" w="101" /><ent r="4" t="58" w="97" /><ent r="4" t="59" w="98" /><ent r="4" t="60" w="108" /><ent r="4" t="70" w="386" /><ent r="4" t="91" w="105" /><ent r="4" t="138" w="150" /><ent r="4" t="139" w="80" /><ent r="4" t="140" w="101" /><ent r="4" t="141" w="102" /><ent r="3" t="160" w="60" /><ent r="3" t="160" w="512" /><ent r="3" t="160" w="537" /><ent r="4" t="179" w="371" /><ent r="4" t="179" w="388" /><ent r="4" t="180" w="363" /><ent r="4" t="180" w="380" /><ent r="4" t="181" w="361" /><ent r="4" t="181" w="378" /><ent r="3" t="199" w="106" /><ent r="4" t="201" w="208" /><ent r="4" t="201" w="210" /><ent r="4" t="201" w="223" /><ent r="4" t="201" w="225" /><ent r="3" t="205" w="51" /><ent r="3" t="205" w="53" /><ent r="5" t="205" w="143" /><ent r="5" t="205" w="145" /><ent r="4" t="205" w="241" /><ent r="4" t="205" w="243" /><ent r="3" t="206" w="31" /><ent r="3" t="206" w="33" /><ent r="92" t="206" w="287" /><ent r="92" t="206" w="289" /><ent r="3" t="206" w="295" /><ent r="3" t="206" w="297" /><ent r="4" t="206" w="305" /><ent r="4" t="206" w="307" /><ent r="4" t="206" w="382" /><ent r="4" t="206" w="384" /><ent r="4" t="206" w="402" /><ent r="4" t="206" w="404" /><ent r="4" t="210" w="1415" /><ent r="4" t="210" w="1424" /><ent r="4" t="211" w="730" /><ent r="4" t="211" w="1977" /><ent r="4" t="211" w="2409" /><ent r="4" t="211" w="2411" /><ent r="4" t="213" w="369" /><ent r="4" t="213" w="973" /><ent r="3" t="213" w="1177" /><ent r="3" t="213" w="1179" /><ent r="92" t="213" w="1788" /><ent r="92" t="213" w="1790" /><ent r="3" t="213" w="1796" /><ent r="3" t="213" w="1798" /><ent r="4" t="213" w="1839" /><ent r="4" t="213" w="1841" /><ent r="3" t="213" w="1871" /><ent r="3" t="213" w="1873" /><ent r="4" t="214" w="608" /><ent r="4" t="215" w="597" /><ent r="4" t="217" w="904" /><ent r="4" t="217" w="906" /><ent r="3" t="218" w="823" /></phr><phr n="sides"><ent r="3" t="150" w="381" /></phr></stem></index>